timestamp,method,dataset,missing_rate,trial,seed,n_neighbors,accuracy,tuning_time_sec,train_time_sec,predict_time_sec,total_time_sec
2026-07-14T14:49:44,KNN-IC,Micromass,0.1,0,0,2,0.8472222222222222,2.3971167919808067,0.4565937499864958,0.13817374999052845,2.991890874982346
2026-07-14T14:49:45,KNN-Direct,Micromass,0.1,0,0,4,0.8194444444444444,1.2314854580035899,0.0,0.37557695899158716,1.6070664580038283
2026-07-14T14:49:47,KNN-Direct-Weighted,Micromass,0.1,0,0,3,0.8472222222222222,1.354138915980002,0.0,0.4236262080084998,1.7777690000075381
2026-07-14T14:49:49,KNN-Direct-Manhattan,Micromass,0.1,0,0,5,0.8611111111111112,1.2140334589930717,0.0,0.3749883339914959,1.5890257920254953
2026-07-14T14:49:52,KNN-IC,Micromass,0.1,1,1,1,0.9027777777777778,2.327735916012898,0.3704464999900665,0.13510425001732074,2.8332924999995157
2026-07-14T14:49:53,KNN-Direct,Micromass,0.1,1,1,1,0.8194444444444444,1.2146033330063801,0.0,0.3783585420169402,1.5929646249860525
2026-07-14T14:49:55,KNN-Direct-Weighted,Micromass,0.1,1,1,4,0.8055555555555556,1.3649229170114268,0.0,0.42381741700228304,1.7887436670134775
2026-07-14T14:49:56,KNN-Direct-Manhattan,Micromass,0.1,1,1,1,0.8194444444444444,1.2189751249970868,0.0,0.3789914590015542,1.5979703339980915
2026-07-14T14:49:59,KNN-IC,Micromass,0.1,2,2,2,0.8888888888888888,2.3885612080048304,0.38961275000474416,0.13621066699852236,2.914391375001287
2026-07-14T14:50:01,KNN-Direct,Micromass,0.1,2,2,5,0.7916666666666666,1.2432350000017323,0.0,0.3773327080125455,1.6205706670007203
2026-07-14T14:50:03,KNN-Direct-Weighted,Micromass,0.1,2,2,1,0.8472222222222222,1.3634738750115503,0.0,0.4270106249896344,1.7904878749977797
2026-07-14T14:50:04,KNN-Direct-Manhattan,Micromass,0.1,2,2,4,0.8194444444444444,1.2199076669930946,0.0,0.37779270799364895,1.5977046249900013
2026-07-14T14:50:08,KNN-IC,Micromass,0.1,3,3,4,0.7916666666666666,2.5331177079933695,0.4872452080016956,0.1349249589839019,3.1552939169923775
2026-07-14T14:50:09,KNN-Direct,Micromass,0.1,3,3,1,0.8611111111111112,1.2090285000158474,0.0,0.37428591700154357,1.5833173749851994
2026-07-14T14:50:11,KNN-Direct-Weighted,Micromass,0.1,3,3,1,0.875,1.3784290420007892,0.0,0.4325286670064088,1.8109617500158492
2026-07-14T14:50:13,KNN-Direct-Manhattan,Micromass,0.1,3,3,4,0.8194444444444444,1.212905458000023,0.0,0.37634133402025327,1.5892500419868156
2026-07-14T14:50:15,KNN-IC,Micromass,0.1,4,4,2,0.8194444444444444,2.282376374991145,0.3842189589922782,0.1349478329939302,2.8015491669939365
2026-07-14T14:50:17,KNN-Direct,Micromass,0.1,4,4,4,0.7916666666666666,1.207144000014523,0.0,0.3752317499893252,1.5823787090193946
2026-07-14T14:50:19,KNN-Direct-Weighted,Micromass,0.1,4,4,5,0.8055555555555556,1.3547448329918552,0.0,0.42049283397500403,1.7752409999957308
2026-07-14T14:50:20,KNN-Direct-Manhattan,Micromass,0.1,4,4,1,0.8055555555555556,1.205449333996512,0.0,0.37590479099890217,1.581357583985664
2026-07-14T14:50:24,KNN-IC,Micromass,0.1,5,5,1,0.8472222222222222,2.809864042006666,0.3665532919985708,0.13543566700536758,3.3118585420015734
2026-07-14T14:50:25,KNN-Direct,Micromass,0.1,5,5,4,0.8055555555555556,1.202454417012632,0.0,0.373364707978908,1.575821582984645
2026-07-14T14:50:27,KNN-Direct-Weighted,Micromass,0.1,5,5,4,0.8055555555555556,1.3480283750104718,0.0,0.4206826669978909,1.7687148339755367
2026-07-14T14:50:29,KNN-Direct-Manhattan,Micromass,0.1,5,5,4,0.8055555555555556,1.2053271670010872,0.0,0.3740819999948144,1.5794131660077255
2026-07-14T14:50:31,KNN-IC,Micromass,0.1,6,6,4,0.7777777777777778,2.3060559589939658,0.4695071669993922,0.1353081670240499,2.910881125018932
2026-07-14T14:50:33,KNN-Direct,Micromass,0.1,6,6,4,0.7361111111111112,1.2658588330086786,0.0,0.37960479100001976,1.6454666659992654
2026-07-14T14:50:35,KNN-Direct-Weighted,Micromass,0.1,6,6,4,0.7222222222222222,1.3673251250002068,0.0,0.43015083399950527,1.797479624976404
2026-07-14T14:50:37,KNN-Direct-Manhattan,Micromass,0.1,6,6,1,0.75,1.2682389999972656,0.0,0.3886397920141462,1.6568825420108624
2026-07-14T14:50:40,KNN-IC,Micromass,0.1,7,7,1,0.8055555555555556,2.4217614580120426,0.39376041598734446,0.1425002079922706,2.9580281249945983
2026-07-14T14:50:41,KNN-Direct,Micromass,0.1,7,7,3,0.8055555555555556,1.2202289169945288,0.0,0.3770481249957811,1.597280416986905
2026-07-14T14:50:43,KNN-Direct-Weighted,Micromass,0.1,7,7,1,0.7916666666666666,1.3574196670087986,0.0,0.4215838329982944,1.7790070839982945
2026-07-14T14:50:45,KNN-Direct-Manhattan,Micromass,0.1,7,7,1,0.8055555555555556,1.2120380829728674,0.0,0.3768776670040097,1.5889195000054315
2026-07-14T14:50:47,KNN-IC,Micromass,0.1,8,8,1,0.7916666666666666,2.296055124985287,0.37210279097780585,0.13471829201444052,2.8028929580177646
2026-07-14T14:50:49,KNN-Direct,Micromass,0.1,8,8,5,0.8611111111111112,1.2219909580016974,0.0,0.4319197909790091,1.653913999994984
2026-07-14T14:50:51,KNN-Direct-Weighted,Micromass,0.1,8,8,5,0.8472222222222222,1.3776415419997647,0.0,0.4275881249923259,1.8052326670149341
2026-07-14T14:50:53,KNN-Direct-Manhattan,Micromass,0.1,8,8,5,0.8611111111111112,1.3586915000050794,0.0,0.3789157499850262,1.7376107090094592
2026-07-14T14:50:55,KNN-IC,Micromass,0.1,9,9,2,0.8472222222222222,2.356093875016086,0.38826825001160614,0.13509649998741224,2.8794639999978244
2026-07-14T14:50:57,KNN-Direct,Micromass,0.1,9,9,3,0.7638888888888888,1.2098604579805396,0.0,0.37573433300713077,1.5855977500032168
2026-07-14T14:50:59,KNN-Direct-Weighted,Micromass,0.1,9,9,1,0.75,1.3638628750049975,0.0,0.4245932080084458,1.7884599170065485
2026-07-14T14:51:00,KNN-Direct-Manhattan,Micromass,0.1,9,9,5,0.7916666666666666,1.2717897080001421,0.0,0.376257625001017,1.6480512080015615
2026-07-14T14:51:03,KNN-IC,Micromass,0.1,10,10,2,0.875,2.3021560829947703,0.38543475000187755,0.13526466698385775,2.8228608329955023
2026-07-14T14:51:05,KNN-Direct,Micromass,0.1,10,10,5,0.8333333333333334,1.212666374980472,0.0,0.3779030420118943,1.5905728329962585
2026-07-14T14:51:07,KNN-Direct-Weighted,Micromass,0.1,10,10,1,0.8333333333333334,1.43715308298124,0.0,0.43556395801715553,1.872720790997846
2026-07-14T14:51:08,KNN-Direct-Manhattan,Micromass,0.1,10,10,1,0.8333333333333334,1.211146333022043,0.0,0.37717429199256003,1.5883246669836808
2026-07-14T14:51:11,KNN-IC,Micromass,0.1,11,11,3,0.8472222222222222,2.300767625012668,0.39987908297916874,0.135088083014125,2.8357395000057295
2026-07-14T14:51:13,KNN-Direct,Micromass,0.1,11,11,3,0.8611111111111112,1.2633129580062814,0.0,0.37606708297971636,1.639383417001227
2026-07-14T14:51:15,KNN-Direct-Weighted,Micromass,0.1,11,11,3,0.8472222222222222,1.3534045410051476,0.0,0.42203220797819085,1.7754410000052303
2026-07-14T14:51:16,KNN-Direct-Manhattan,Micromass,0.1,11,11,1,0.8055555555555556,1.2120767080050427,0.0,0.3763134590117261,1.5883937499893364
2026-07-14T14:51:19,KNN-IC,Micromass,0.1,12,12,1,0.8888888888888888,2.2859035420115106,0.3709097500250209,0.13501750002615154,2.7918364579963963
2026-07-14T14:51:21,KNN-Direct,Micromass,0.1,12,12,3,0.8055555555555556,1.2075677090033423,0.0,0.37703124998370185,1.5846022500190884
2026-07-14T14:51:22,KNN-Direct-Weighted,Micromass,0.1,12,12,1,0.8611111111111112,1.4561897919920739,0.0,0.4328220000024885,1.8890149999933783
2026-07-14T14:51:24,KNN-Direct-Manhattan,Micromass,0.1,12,12,1,0.8611111111111112,1.2146616670070216,0.0,0.38808458400308155,1.602750374993775
2026-07-14T14:51:27,KNN-IC,Micromass,0.1,13,13,2,0.9027777777777778,2.3299819999956526,0.394568874995457,0.1349758330034092,2.8595320000022184
2026-07-14T14:51:29,KNN-Direct,Micromass,0.1,13,13,4,0.8194444444444444,1.2208949589985423,0.0,0.37521629099501297,1.5961145830224268
2026-07-14T14:51:30,KNN-Direct-Weighted,Micromass,0.1,13,13,1,0.8194444444444444,1.357302249991335,0.0,0.4246310410089791,1.7819367090123706
2026-07-14T14:51:32,KNN-Direct-Manhattan,Micromass,0.1,13,13,3,0.8333333333333334,1.2857182909792755,0.0,0.3820436669921037,1.6677648749900982
2026-07-14T14:51:35,KNN-IC,Micromass,0.1,14,14,3,0.8472222222222222,2.412934124993626,0.5004729159991257,0.13670045899925753,3.0501141250133514
2026-07-14T14:51:37,KNN-Direct,Micromass,0.1,14,14,1,0.8333333333333334,1.3316818340099417,0.0,0.38078966600005515,1.7124749579816125
2026-07-14T14:51:39,KNN-Direct-Weighted,Micromass,0.1,14,14,4,0.8611111111111112,1.4117948329949286,0.0,0.4291545410233084,1.8409529169730376
2026-07-14T14:51:40,KNN-Direct-Manhattan,Micromass,0.1,14,14,4,0.8611111111111112,1.212595708988374,0.0,0.3700441670080181,1.5826439579832368
2026-07-14T14:51:43,KNN-IC,Micromass,0.1,15,15,1,0.8472222222222222,2.261748290999094,0.3685479589912575,0.1348601669888012,2.7651608750165906
2026-07-14T14:51:45,KNN-Direct,Micromass,0.1,15,15,3,0.75,1.245269292005105,0.0,0.3814081250166055,1.626682374975644
2026-07-14T14:51:46,KNN-Direct-Weighted,Micromass,0.1,15,15,1,0.7777777777777778,1.3501492920040619,0.0,0.5600352500041481,1.9101884579868056
2026-07-14T14:51:48,KNN-Direct-Manhattan,Micromass,0.1,15,15,3,0.75,1.2169946669891942,0.0,0.3703715839947108,1.5873701669916045
2026-07-14T14:51:51,KNN-IC,Micromass,0.1,16,16,1,0.9166666666666666,2.2529128750029486,0.36748833299498074,0.1346586669969838,2.755065499979537
2026-07-14T14:51:52,KNN-Direct,Micromass,0.1,16,16,1,0.8333333333333334,1.203114749980159,0.0,0.3727027499990072,1.575820708007086
2026-07-14T14:51:54,KNN-Direct-Weighted,Micromass,0.1,16,16,5,0.8611111111111112,1.3417828750098124,0.0,0.42002358299214393,1.7618105419969652
2026-07-14T14:51:56,KNN-Direct-Manhattan,Micromass,0.1,16,16,3,0.875,1.2043237909965683,0.0,0.3730061670066789,1.5773337919963524
2026-07-14T14:51:59,KNN-IC,Micromass,0.1,17,17,1,0.8333333333333334,2.40326229200582,0.36401437502354383,0.13530466699739918,2.902587374992436
2026-07-14T14:52:00,KNN-Direct,Micromass,0.1,17,17,4,0.8611111111111112,1.1947830419812817,0.0,0.37549191698781215,1.5702783750020899
2026-07-14T14:52:02,KNN-Direct-Weighted,Micromass,0.1,17,17,3,0.875,1.4592129579978064,0.0,0.4247894160216674,1.8840059590002056
2026-07-14T14:52:04,KNN-Direct-Manhattan,Micromass,0.1,17,17,5,0.875,1.2772570829838514,0.0,0.3855233750073239,1.6627844579925295
2026-07-14T14:52:07,KNN-IC,Micromass,0.1,18,18,2,0.875,2.3602225000213366,0.4502191670180764,0.13405741698807105,2.9445052089868113
2026-07-14T14:52:08,KNN-Direct,Micromass,0.1,18,18,1,0.8194444444444444,1.226711791998241,0.0,0.3856161249859724,1.6123311250121333
2026-07-14T14:52:10,KNN-Direct-Weighted,Micromass,0.1,18,18,1,0.8194444444444444,1.39649250000366,0.0,0.4165463749959599,1.8130425410054158
2026-07-14T14:52:12,KNN-Direct-Manhattan,Micromass,0.1,18,18,3,0.7916666666666666,1.1979702499811538,0.0,0.37386220900225453,1.5718362080224324
2026-07-14T14:52:15,KNN-IC,Micromass,0.1,19,19,2,0.7916666666666666,2.2816794169775676,0.3800794999988284,0.13539116599713452,2.7971558749850374
2026-07-14T14:52:16,KNN-Direct,Micromass,0.1,19,19,3,0.75,1.2070653330010828,0.0,0.39674125000601634,1.6038099580036942
2026-07-14T14:52:18,KNN-Direct-Weighted,Micromass,0.1,19,19,4,0.7777777777777778,1.3999832499830518,0.0,0.4930271670164075,1.8930136249982752
2026-07-14T14:52:20,KNN-Direct-Manhattan,Micromass,0.1,19,19,3,0.75,1.2303438330127392,0.0,0.37865937501192093,1.6090065829921514
2026-07-14T14:52:23,KNN-IC,Micromass,0.1,20,20,1,0.8888888888888888,2.378881792013999,0.3703870829776861,0.1348717500222847,2.8841457910020836
2026-07-14T14:52:24,KNN-Direct,Micromass,0.1,20,20,1,0.8611111111111112,1.222667708992958,0.0,0.37893266600440256,1.6016034169879276
2026-07-14T14:52:26,KNN-Direct-Weighted,Micromass,0.1,20,20,3,0.8611111111111112,1.3686158750206232,0.0,0.42654579199734144,1.7951649999886286
2026-07-14T14:52:28,KNN-Direct-Manhattan,Micromass,0.1,20,20,1,0.8611111111111112,1.219030708016362,0.0,0.379378582991194,1.5984129999997094
2026-07-14T14:52:30,KNN-IC,Micromass,0.1,21,21,1,0.9305555555555556,2.284536124992883,0.3739497500064317,0.13504033401841298,2.7935325839789584
2026-07-14T14:52:32,KNN-Direct,Micromass,0.1,21,21,1,0.8611111111111112,1.3520428329939023,0.0,0.4013888330082409,1.7534349169873167
2026-07-14T14:52:34,KNN-Direct-Weighted,Micromass,0.1,21,21,4,0.8055555555555556,1.3591373329982162,0.0,0.42047762498259544,1.7796182919992134
2026-07-14T14:52:35,KNN-Direct-Manhattan,Micromass,0.1,21,21,3,0.8194444444444444,1.2043817080266308,0.0,0.3732655420026276,1.5776506249967497
2026-07-14T14:52:38,KNN-IC,Micromass,0.1,22,22,2,0.9166666666666666,2.3247301669907756,0.38784554100129753,0.13596662500640377,2.8485477910144255
2026-07-14T14:52:40,KNN-Direct,Micromass,0.1,22,22,1,0.8472222222222222,1.2077936249843333,0.0,0.37554725000518374,1.5833440000133123
2026-07-14T14:52:42,KNN-Direct-Weighted,Micromass,0.1,22,22,5,0.8055555555555556,1.3521059170016088,0.0,0.4243702499952633,1.776479541003937
2026-07-14T14:52:43,KNN-Direct-Manhattan,Micromass,0.1,22,22,5,0.8055555555555556,1.216946790984366,0.0,0.37768095900537446,1.594631040992681
2026-07-14T14:52:46,KNN-IC,Micromass,0.1,23,23,4,0.8194444444444444,2.31894349999493,0.488785833993461,0.19517191598424688,3.002909915987402
2026-07-14T14:52:48,KNN-Direct,Micromass,0.1,23,23,3,0.7222222222222222,1.5698326250130776,0.0,0.37425462499959394,1.9440907090029214
2026-07-14T14:52:50,KNN-Direct-Weighted,Micromass,0.1,23,23,1,0.7083333333333334,1.477972332999343,0.0,0.4293035000155214,1.9072879169834778
2026-07-14T14:52:52,KNN-Direct-Manhattan,Micromass,0.1,23,23,5,0.7638888888888888,1.1973550409893505,0.0,0.3722072090022266,1.5695676660106983
2026-07-14T14:52:54,KNN-IC,Micromass,0.1,24,24,3,0.8611111111111112,2.2102599590143654,0.3911633340176195,0.1334716659912374,2.734903000004124
2026-07-14T14:52:56,KNN-Direct,Micromass,0.1,24,24,5,0.8194444444444444,1.2539483339933213,0.0,0.3751020839845296,1.6290544170187786
2026-07-14T14:52:58,KNN-Direct-Weighted,Micromass,0.1,24,24,4,0.8333333333333334,1.358284084009938,0.0,0.42640579098952003,1.7846939580049366
2026-07-14T14:52:59,KNN-Direct-Manhattan,Micromass,0.1,24,24,1,0.8472222222222222,1.2291676670138258,0.0,0.37631887500174344,1.6054908749938477
2026-07-14T14:53:02,KNN-IC,Micromass,0.1,25,25,2,0.8055555555555556,2.263650208013132,0.3826008339819964,0.1332766670093406,2.7795323750178795
2026-07-14T14:53:04,KNN-Direct,Micromass,0.1,25,25,1,0.7361111111111112,1.194061749993125,0.0,0.39980304101482034,1.5938684589928016
2026-07-14T14:53:06,KNN-Direct-Weighted,Micromass,0.1,25,25,3,0.7361111111111112,1.3352432500105351,0.0,0.4153971250052564,1.7506441670120694
2026-07-14T14:53:07,KNN-Direct-Manhattan,Micromass,0.1,25,25,4,0.7222222222222222,1.2071697499777656,0.0,0.3692600000067614,1.5764342499896884
2026-07-14T14:53:10,KNN-IC,Micromass,0.1,26,26,2,0.9027777777777778,2.2889024579781108,0.37725979200331494,0.1330652500037104,2.7992327910033055
2026-07-14T14:53:12,KNN-Direct,Micromass,0.1,26,26,1,0.7777777777777778,1.1960994169930927,0.0,0.3711164169944823,1.5672200830013026
2026-07-14T14:53:13,KNN-Direct-Weighted,Micromass,0.1,26,26,4,0.7777777777777778,1.341978416981874,0.0,0.4163677920005284,1.7583497090090532
2026-07-14T14:53:15,KNN-Direct-Manhattan,Micromass,0.1,26,26,4,0.7777777777777778,1.189573166979244,0.0,0.36987558400142007,1.5594520419836044
2026-07-14T14:53:18,KNN-IC,Micromass,0.1,27,27,1,0.8472222222222222,2.5160909589903895,0.36938212500535883,0.13437795898062177,3.019855791993905
2026-07-14T14:53:19,KNN-Direct,Micromass,0.1,27,27,5,0.75,1.2068315419892315,0.0,0.37645904198870994,1.5832941250118893
2026-07-14T14:53:21,KNN-Direct-Weighted,Micromass,0.1,27,27,1,0.75,1.344931458006613,0.0,0.4252365409920458,1.7701719170145225
2026-07-14T14:53:23,KNN-Direct-Manhattan,Micromass,0.1,27,27,3,0.7361111111111112,1.2049275000172202,0.0,0.3726397920108866,1.5775723329861648
2026-07-14T14:53:26,KNN-IC,Micromass,0.1,28,28,1,0.8472222222222222,2.25412833399605,0.36534708298859186,0.135793207999086,2.7552727080183104
2026-07-14T14:53:27,KNN-Direct,Micromass,0.1,28,28,4,0.7638888888888888,1.1995291249768343,0.0,0.3719820420083124,1.5715149169845972
2026-07-14T14:53:29,KNN-Direct-Weighted,Micromass,0.1,28,28,1,0.7361111111111112,1.3384811249852646,0.0,0.4165692079986911,1.7550537910137791
2026-07-14T14:53:30,KNN-Direct-Manhattan,Micromass,0.1,28,28,5,0.7916666666666666,1.203259917005198,0.0,0.374652458995115,1.5779174999915995
2026-07-14T14:53:34,KNN-IC,Micromass,0.1,29,29,1,0.8472222222222222,2.6864786670194007,0.35846016701543704,0.13288466600351967,3.1778283749881666
2026-07-14T14:53:35,KNN-Direct,Micromass,0.1,29,29,1,0.7916666666666666,1.1913789169921074,0.0,0.36820229099248536,1.559584625007119
2026-07-14T14:53:37,KNN-Direct-Weighted,Micromass,0.1,29,29,4,0.875,1.3361592089931946,0.0,0.4144798749766778,1.7506426250038203
2026-07-14T14:53:39,KNN-Direct-Manhattan,Micromass,0.1,29,29,3,0.8333333333333334,1.1921824589953758,0.0,0.37151633301982656,1.5637034169922117
2026-07-14T14:53:41,KNN-IC,Micromass,0.1,30,30,3,0.8194444444444444,2.2607792089984287,0.39199445900158025,0.1335989579965826,2.786377457989147
2026-07-14T14:53:43,KNN-Direct,Micromass,0.1,30,30,1,0.8055555555555556,1.2013135839952156,0.0,0.3757712079968769,1.5770886660029646
2026-07-14T14:53:45,KNN-Direct-Weighted,Micromass,0.1,30,30,1,0.8055555555555556,1.3410991250129882,0.0,0.41491270798724145,1.7560154999955557
2026-07-14T14:53:46,KNN-Direct-Manhattan,Micromass,0.1,30,30,3,0.7777777777777778,1.186549959005788,0.0,0.37932245901902206,1.5658763750107028
2026-07-14T14:53:49,KNN-IC,Micromass,0.1,31,31,2,0.8611111111111112,2.3755126670002937,0.3741472500259988,0.13413458300055936,2.883799208997516
2026-07-14T14:53:51,KNN-Direct,Micromass,0.1,31,31,3,0.8611111111111112,1.1881663750100415,0.0,0.3705267079931218,1.5586959579959512
2026-07-14T14:53:52,KNN-Direct-Weighted,Micromass,0.1,31,31,3,0.8611111111111112,1.354465458978666,0.0,0.4212263750087004,1.7756952079944313
2026-07-14T14:53:54,KNN-Direct-Manhattan,Micromass,0.1,31,31,3,0.8611111111111112,1.1980854999856092,0.0,0.37389524999889545,1.5719859170203563
2026-07-14T14:53:57,KNN-IC,Micromass,0.1,32,32,2,0.7916666666666666,2.2556162499822676,0.38996837500599213,0.1343485410034191,2.779938249994302
2026-07-14T14:53:58,KNN-Direct,Micromass,0.1,32,32,1,0.7777777777777778,1.1888654999784194,0.0,0.37080795801011845,1.5596776669844985
2026-07-14T14:54:00,KNN-Direct-Weighted,Micromass,0.1,32,32,5,0.75,1.3507675410073716,0.0,0.4143819999881089,1.7651529580180068
2026-07-14T14:54:02,KNN-Direct-Manhattan,Micromass,0.1,32,32,1,0.7777777777777778,1.2336552499909885,0.0,0.5316170000005513,1.765276249992894
2026-07-14T14:54:05,KNN-IC,Micromass,0.1,33,33,1,0.8611111111111112,2.257151750003686,0.36732466699322686,0.13353004198870622,2.7580102079955395
2026-07-14T14:54:06,KNN-Direct,Micromass,0.1,33,33,1,0.7777777777777778,1.1887780420074705,0.0,0.3693274169927463,1.5581086669990327
2026-07-14T14:54:08,KNN-Direct-Weighted,Micromass,0.1,33,33,4,0.7916666666666666,1.343272165977396,0.0,0.41477791700162925,1.7580537920002826
2026-07-14T14:54:10,KNN-Direct-Manhattan,Micromass,0.1,33,33,1,0.7777777777777778,1.192567333986517,0.0,0.37488358397968113,1.5674563329957891
2026-07-14T14:54:12,KNN-IC,Micromass,0.1,34,34,5,0.7083333333333334,2.272780833009165,0.4647117090062238,0.13375995800015517,2.8712573749944568
2026-07-14T14:54:14,KNN-Direct,Micromass,0.1,34,34,3,0.7777777777777778,1.2052790829911828,0.0,0.371652957983315,1.576935457997024
2026-07-14T14:54:16,KNN-Direct-Weighted,Micromass,0.1,34,34,4,0.7638888888888888,1.350879250006983,0.0,0.4226819580071606,1.7735647079825867
2026-07-14T14:54:18,KNN-Direct-Manhattan,Micromass,0.1,34,34,3,0.7777777777777778,1.3660867089929525,0.0,0.3729391249944456,1.739030458003981
2026-07-14T14:54:20,KNN-IC,Micromass,0.1,35,35,1,0.8194444444444444,2.224897875013994,0.36167337498045526,0.13510854198830202,2.72168433299521
2026-07-14T14:54:22,KNN-Direct,Micromass,0.1,35,35,5,0.7361111111111112,1.1874511659843847,0.0,0.37023462500656024,1.5576897090068087
2026-07-14T14:54:24,KNN-Direct-Weighted,Micromass,0.1,35,35,5,0.7361111111111112,1.3391651250130963,0.0,0.41442091698991135,1.7535901669762097
2026-07-14T14:54:25,KNN-Direct-Manhattan,Micromass,0.1,35,35,4,0.75,1.1903816669946536,0.0,0.3708320830191951,1.5612189169914927
2026-07-14T14:54:28,KNN-IC,Micromass,0.1,36,36,1,0.8333333333333334,2.2282338750083,0.3674843329936266,0.13420512501033954,2.729930499976035
2026-07-14T14:54:29,KNN-Direct,Micromass,0.1,36,36,1,0.7916666666666666,1.1849437909841072,0.0,0.36872754199430346,1.5536745419958606
2026-07-14T14:54:31,KNN-Direct-Weighted,Micromass,0.1,36,36,3,0.7638888888888888,1.33166783300112,0.0,0.41439520797575824,1.746066333987983
2026-07-14T14:54:33,KNN-Direct-Manhattan,Micromass,0.1,36,36,1,0.7916666666666666,1.3990793749981094,0.0,0.36712329200236127,1.766206875006901
2026-07-14T14:54:36,KNN-IC,Micromass,0.1,37,37,1,0.8194444444444444,2.274060499999905,0.3578887080075219,0.13334620898240246,2.7652997499972116
2026-07-14T14:54:37,KNN-Direct,Micromass,0.1,37,37,1,0.7361111111111112,1.211960042011924,0.0,0.3741796249814797,1.5861417920095846
2026-07-14T14:54:39,KNN-Direct-Weighted,Micromass,0.1,37,37,1,0.7361111111111112,1.335976957983803,0.0,0.41415708302520216,1.7501369169913232
2026-07-14T14:54:41,KNN-Direct-Manhattan,Micromass,0.1,37,37,1,0.7361111111111112,1.2554724169895053,0.0,0.38095566697302274,1.6364319169952068
2026-07-14T14:54:43,KNN-IC,Micromass,0.1,38,38,1,0.875,2.251957875007065,0.37101545798941515,0.13412854200578295,2.7571078750188462
2026-07-14T14:54:45,KNN-Direct,Micromass,0.1,38,38,5,0.8194444444444444,1.2081648749881424,0.0,0.3775740830169525,1.5857419169915374
2026-07-14T14:54:47,KNN-Direct-Weighted,Micromass,0.1,38,38,5,0.8194444444444444,1.3912163749919273,0.0,0.7936644160072319,2.184885333001148
2026-07-14T14:54:49,KNN-Direct-Manhattan,Micromass,0.1,38,38,3,0.8611111111111112,1.2191401669988409,0.0,0.38923433297895826,1.6083792079880368
2026-07-14T14:54:52,KNN-IC,Micromass,0.1,39,39,2,0.8888888888888888,2.2884602080157492,0.44226158398669213,0.13136987501638941,2.8620964589936193
2026-07-14T14:54:53,KNN-Direct,Micromass,0.1,39,39,1,0.7638888888888888,1.1981446249992587,0.0,0.374559332994977,1.5727072920126375
2026-07-14T14:54:55,KNN-Direct-Weighted,Micromass,0.1,39,39,1,0.7638888888888888,1.3461310419952497,0.0,0.41990487501607276,1.7660405409988016
2026-07-14T14:54:57,KNN-Direct-Manhattan,Micromass,0.1,39,39,1,0.7638888888888888,1.2102136659959797,0.0,0.40260425000451505,1.6128222499974072
2026-07-14T14:55:00,KNN-IC,Micromass,0.2,0,0,2,0.875,2.7878825000079814,0.4805561669927556,0.1354986249934882,3.403945541009307
2026-07-14T14:55:02,KNN-Direct,Micromass,0.2,0,0,1,0.75,1.5393111669982318,0.0,0.48677325001335703,2.0260950830124784
2026-07-14T14:55:04,KNN-Direct-Weighted,Micromass,0.2,0,0,5,0.8055555555555556,1.6623792499885894,0.0,0.5068831669923384,2.169267833000049
2026-07-14T14:55:06,KNN-Direct-Manhattan,Micromass,0.2,0,0,1,0.75,1.4879779590119142,0.0,0.4634285839856602,1.951410624984419
2026-07-14T14:55:09,KNN-IC,Micromass,0.2,1,1,3,0.8194444444444444,2.4921675420191605,0.49791049998020753,0.1340214170049876,3.1241055839927867
2026-07-14T14:55:11,KNN-Direct,Micromass,0.2,1,1,1,0.7361111111111112,1.4881083750224207,0.0,0.46224120797705837,1.9503526659973431
2026-07-14T14:55:13,KNN-Direct-Weighted,Micromass,0.2,1,1,1,0.7361111111111112,1.6275270830083173,0.0,0.505424959002994,2.132956290995935
2026-07-14T14:55:15,KNN-Direct-Manhattan,Micromass,0.2,1,1,3,0.7777777777777778,1.488886042003287,0.0,0.4622243750200141,1.9511143330018967
2026-07-14T14:55:19,KNN-IC,Micromass,0.2,2,2,2,0.8888888888888888,2.749641000002157,0.4206256250035949,0.13352929198299535,3.3038007499999367
2026-07-14T14:55:21,KNN-Direct,Micromass,0.2,2,2,5,0.7777777777777778,1.4844530420086812,0.0,0.46320520801236853,1.9476612910220865
2026-07-14T14:55:23,KNN-Direct-Weighted,Micromass,0.2,2,2,4,0.7638888888888888,1.640381291974336,0.0,0.5114617499930318,2.151847083005123
2026-07-14T14:55:25,KNN-Direct-Manhattan,Micromass,0.2,2,2,1,0.75,1.4898815409978852,0.0,0.46389070799341425,1.953776292008115
2026-07-14T14:55:28,KNN-IC,Micromass,0.2,3,3,2,0.8194444444444444,2.4460687909740955,0.41948104099719785,0.133203749981476,2.998758917005034
2026-07-14T14:55:30,KNN-Direct,Micromass,0.2,3,3,3,0.8333333333333334,1.4887564580130856,0.0,0.46395124998525716,1.9527101250132546
2026-07-14T14:55:32,KNN-Direct-Weighted,Micromass,0.2,3,3,1,0.8472222222222222,1.672182582988171,0.0,0.6186955839802977,2.2908827500068583
2026-07-14T14:55:34,KNN-Direct-Manhattan,Micromass,0.2,3,3,5,0.7777777777777778,1.4929872080101632,0.0,0.46348587502143346,1.9564772919984534
2026-07-14T14:55:37,KNN-IC,Micromass,0.2,4,4,2,0.8055555555555556,2.509273250005208,0.4204427910153754,0.1335167920042295,3.0632385830103885
2026-07-14T14:55:39,KNN-Direct,Micromass,0.2,4,4,1,0.7777777777777778,1.4819231670117006,0.0,0.46061737500713207,1.942544709017966
2026-07-14T14:55:41,KNN-Direct-Weighted,Micromass,0.2,4,4,3,0.8194444444444444,1.6298402920074295,0.0,0.5075587909959722,2.1374030000006314
2026-07-14T14:55:43,KNN-Direct-Manhattan,Micromass,0.2,4,4,3,0.8194444444444444,1.4908217919874005,0.0,0.5192027910088655,2.010028125019744
2026-07-14T14:55:46,KNN-IC,Micromass,0.2,5,5,2,0.8333333333333334,2.451763499993831,0.4265573750017211,0.13408516699564643,3.0124117910163477
2026-07-14T14:55:48,KNN-Direct,Micromass,0.2,5,5,4,0.8472222222222222,1.7845137910044286,0.0,0.45883616598439403,2.2433532919967547
2026-07-14T14:55:51,KNN-Direct-Weighted,Micromass,0.2,5,5,1,0.7916666666666666,1.6442329590208828,0.0,0.5105391670076642,2.1547755829815287
2026-07-14T14:55:53,KNN-Direct-Manhattan,Micromass,0.2,5,5,4,0.8472222222222222,1.5593298750172835,0.0,0.4755980830232147,2.03493141598301
2026-07-14T14:55:56,KNN-IC,Micromass,0.2,6,6,5,0.7638888888888888,2.4505276659911033,0.5779880420013797,0.1355097919877153,3.164030499989167
2026-07-14T14:55:58,KNN-Direct,Micromass,0.2,6,6,1,0.7638888888888888,1.4924483329814393,0.0,0.46204687500721775,1.9544980409846175
2026-07-14T14:56:00,KNN-Direct-Weighted,Micromass,0.2,6,6,5,0.7222222222222222,1.7295611249865033,0.0,0.5150729999877512,2.2446376250009052
2026-07-14T14:56:02,KNN-Direct-Manhattan,Micromass,0.2,6,6,1,0.7638888888888888,1.6347943329892587,0.0,0.48679433300276287,2.121592375013279
2026-07-14T14:56:05,KNN-IC,Micromass,0.2,7,7,1,0.75,2.8278965830104426,0.3889908749843016,0.1334367909876164,3.350329207984032
2026-07-14T14:56:07,KNN-Direct,Micromass,0.2,7,7,1,0.7083333333333334,1.4831161249894649,0.0,0.4626433340017684,1.9457630830002017
2026-07-14T14:56:10,KNN-Direct-Weighted,Micromass,0.2,7,7,3,0.6944444444444444,1.6340597080125008,0.0,0.5087286249909084,2.142793083010474
2026-07-14T14:56:11,KNN-Direct-Manhattan,Micromass,0.2,7,7,5,0.7222222222222222,1.5028617080242839,0.0,0.46747133298777044,1.970336500002304
2026-07-14T14:56:15,KNN-IC,Micromass,0.2,8,8,2,0.8472222222222222,2.4904479580000043,0.6240526249748655,0.13725633401190862,3.2517627500055823
2026-07-14T14:56:17,KNN-Direct,Micromass,0.2,8,8,1,0.7222222222222222,1.4974988339818083,0.0,0.48071016601170413,1.9782123750192113
2026-07-14T14:56:19,KNN-Direct-Weighted,Micromass,0.2,8,8,1,0.75,1.6600417910085525,0.0,0.5196474590047728,2.1796924580121413
2026-07-14T14:56:21,KNN-Direct-Manhattan,Micromass,0.2,8,8,1,0.7222222222222222,1.5000200410140678,0.0,0.46021816600114107,1.9602428749785759
2026-07-14T14:56:24,KNN-IC,Micromass,0.2,9,9,2,0.8194444444444444,2.5192992920055985,0.4351467090018559,0.13302808301523328,3.0874782080063596
2026-07-14T14:56:26,KNN-Direct,Micromass,0.2,9,9,1,0.7777777777777778,1.7911049590038601,0.0,0.5653222080145497,2.3564299999852665
2026-07-14T14:56:29,KNN-Direct-Weighted,Micromass,0.2,9,9,5,0.7638888888888888,1.6858662909944542,0.0,0.5021826250012964,2.1880541249993257
2026-07-14T14:56:31,KNN-Direct-Manhattan,Micromass,0.2,9,9,4,0.7638888888888888,1.4971896249917336,0.0,0.6179988749790937,2.1152023750182707
2026-07-14T14:56:34,KNN-IC,Micromass,0.2,10,10,2,0.8194444444444444,2.8708093329914846,0.41161941600148566,0.13452262501232326,3.416957832989283
2026-07-14T14:56:36,KNN-Direct,Micromass,0.2,10,10,1,0.8472222222222222,1.4731011670082808,0.0,0.4587085829989519,1.931814374984242
2026-07-14T14:56:38,KNN-Direct-Weighted,Micromass,0.2,10,10,1,0.8472222222222222,1.7400892080040649,0.0,0.5043184579990339,2.2444129590003286
2026-07-14T14:56:40,KNN-Direct-Manhattan,Micromass,0.2,10,10,4,0.7916666666666666,1.4797702079813462,0.0,0.4615376669971738,1.9413124999846332
2026-07-14T14:56:43,KNN-IC,Micromass,0.2,11,11,2,0.8888888888888888,2.5448358750145417,0.44011141700320877,0.13484949999838136,3.119803375011543
2026-07-14T14:56:45,KNN-Direct,Micromass,0.2,11,11,3,0.875,1.5195201250026003,0.0,0.4692456249904353,1.9887688340095337
2026-07-14T14:56:48,KNN-Direct-Weighted,Micromass,0.2,11,11,1,0.8194444444444444,1.9845113340124954,0.0,0.5549489579861984,2.5394744999939576
2026-07-14T14:56:50,KNN-Direct-Manhattan,Micromass,0.2,11,11,5,0.875,1.5255945420067292,0.0,0.4665105830063112,1.9921087919792626
2026-07-14T14:56:53,KNN-IC,Micromass,0.2,12,12,1,0.8472222222222222,2.5437559169949964,0.4727576250152197,0.13465329201426357,3.151173124992056
2026-07-14T14:56:55,KNN-Direct,Micromass,0.2,12,12,5,0.8055555555555556,1.5821345419972204,0.0,0.47185162498499267,2.0539890410145745
2026-07-14T14:56:57,KNN-Direct-Weighted,Micromass,0.2,12,12,5,0.8333333333333334,1.7760349170130212,0.0,0.5520644579955842,2.328102624975145
2026-07-14T14:56:59,KNN-Direct-Manhattan,Micromass,0.2,12,12,1,0.8472222222222222,1.5899923329998273,0.0,0.46926166699267924,2.0592584160040133
2026-07-14T14:57:03,KNN-IC,Micromass,0.2,13,13,3,0.8055555555555556,2.582688374997815,0.46428624997497536,0.13417966701672412,3.1811587080010213
2026-07-14T14:57:05,KNN-Direct,Micromass,0.2,13,13,5,0.75,1.5061334169877227,0.0,0.4716282500012312,1.9777654159988742
2026-07-14T14:57:07,KNN-Direct-Weighted,Micromass,0.2,13,13,1,0.7638888888888888,1.7148334170051385,0.0,0.5037461669999175,2.2185847089858726
2026-07-14T14:57:09,KNN-Direct-Manhattan,Micromass,0.2,13,13,3,0.7638888888888888,1.4857927499979269,0.0,0.465958499989938,1.9517559169908054
2026-07-14T14:57:12,KNN-IC,Micromass,0.2,14,14,2,0.8888888888888888,2.549484666000353,0.4192649589967914,0.13307016700855456,3.1018245830200613
2026-07-14T14:57:14,KNN-Direct,Micromass,0.2,14,14,3,0.75,1.509413499996299,0.0,0.46431612499873154,1.9737339169951156
2026-07-14T14:57:16,KNN-Direct-Weighted,Micromass,0.2,14,14,4,0.75,1.631783999997424,0.0,0.5051049169851467,2.1368940000247676
2026-07-14T14:57:18,KNN-Direct-Manhattan,Micromass,0.2,14,14,1,0.7638888888888888,1.5026490410091355,0.0,0.4604321670194622,1.9630866250081453
2026-07-14T14:57:21,KNN-IC,Micromass,0.2,15,15,3,0.8194444444444444,2.4936469579988625,0.441960083990125,0.1386184580042027,3.0742328750202432
2026-07-14T14:57:23,KNN-Direct,Micromass,0.2,15,15,3,0.7916666666666666,1.513215915998444,0.0,0.5225478339998517,2.0357680000015534
2026-07-14T14:57:25,KNN-Direct-Weighted,Micromass,0.2,15,15,3,0.7916666666666666,1.6662706249917392,0.0,0.5284751660074107,2.194750833004946
2026-07-14T14:57:27,KNN-Direct-Manhattan,Micromass,0.2,15,15,5,0.8055555555555556,1.500098499993328,0.0,0.4562755420047324,1.9563794999849051
2026-07-14T14:57:30,KNN-IC,Micromass,0.2,16,16,2,0.9027777777777778,2.6799482079804875,0.4164978339977097,0.13201683398801833,3.228468542016344
2026-07-14T14:57:32,KNN-Direct,Micromass,0.2,16,16,1,0.8611111111111112,1.4764905419724528,0.0,0.4581986659904942,1.9346919170056935
2026-07-14T14:57:35,KNN-Direct-Weighted,Micromass,0.2,16,16,4,0.8472222222222222,1.6370273749926127,0.0,0.5141270830063149,2.1511584160034545
2026-07-14T14:57:37,KNN-Direct-Manhattan,Micromass,0.2,16,16,3,0.8611111111111112,1.719097833003616,0.0,0.4734650000173133,2.1925750829977915
2026-07-14T14:57:40,KNN-IC,Micromass,0.2,17,17,1,0.8055555555555556,2.539155334001407,0.42560662497999147,0.1365086669975426,3.101280749979196
2026-07-14T14:57:42,KNN-Direct,Micromass,0.2,17,17,5,0.875,1.5951956670032814,0.0,0.4685095829772763,2.0637081669992767
2026-07-14T14:57:44,KNN-Direct-Weighted,Micromass,0.2,17,17,4,0.8472222222222222,1.7089045419998001,0.0,0.5161582499858923,2.2250659999845084
2026-07-14T14:57:46,KNN-Direct-Manhattan,Micromass,0.2,17,17,4,0.8472222222222222,1.5182959169906098,0.0,0.46820429200306535,1.9865034160029609
2026-07-14T14:57:50,KNN-IC,Micromass,0.2,18,18,2,0.8055555555555556,3.4471682910225354,0.4181265000079293,0.13492850001784973,4.000231333018746
2026-07-14T14:57:52,KNN-Direct,Micromass,0.2,18,18,1,0.7777777777777778,1.4886478339903988,0.0,0.4621602080005687,1.9508116250217427
2026-07-14T14:57:54,KNN-Direct-Weighted,Micromass,0.2,18,18,3,0.7916666666666666,1.6330214999907184,0.0,0.5162277499912307,2.149253375013359
2026-07-14T14:57:56,KNN-Direct-Manhattan,Micromass,0.2,18,18,1,0.7777777777777778,1.4955747080093715,0.0,0.4997136669990141,1.9952934159955475
2026-07-14T14:57:59,KNN-IC,Micromass,0.2,19,19,2,0.8333333333333334,2.566948167019291,0.43105462499079295,0.13589745899662375,3.133905416005291
2026-07-14T14:58:01,KNN-Direct,Micromass,0.2,19,19,5,0.7083333333333334,1.5166589580185246,0.0,0.47188637501676567,1.988548624998657
2026-07-14T14:58:04,KNN-Direct-Weighted,Micromass,0.2,19,19,5,0.7361111111111112,1.9885932499892078,0.0,0.5162211249989923,2.504820041009225
2026-07-14T14:58:06,KNN-Direct-Manhattan,Micromass,0.2,19,19,3,0.75,1.5124645839969162,0.0,0.4581774589896668,1.970647290989291
2026-07-14T14:58:09,KNN-IC,Micromass,0.2,20,20,1,0.8333333333333334,2.492888500011759,0.39435149999917485,0.13314241598709486,3.020386417018017
2026-07-14T14:58:11,KNN-Direct,Micromass,0.2,20,20,1,0.8194444444444444,1.469298207986867,0.0,0.45740641601150855,1.926707999984501
2026-07-14T14:58:13,KNN-Direct-Weighted,Micromass,0.2,20,20,4,0.8333333333333334,1.6237876669911202,0.0,0.5041039999923669,2.127896625024732
2026-07-14T14:58:15,KNN-Direct-Manhattan,Micromass,0.2,20,20,1,0.8194444444444444,1.4748298750200775,0.0,0.45686570802354254,1.9317009579972364
2026-07-14T14:58:18,KNN-IC,Micromass,0.2,21,21,3,0.8472222222222222,2.5539380419941153,0.43797404199722223,0.13322354198317043,3.125140290998388
2026-07-14T14:58:20,KNN-Direct,Micromass,0.2,21,21,3,0.7916666666666666,1.4720425000123214,0.0,0.4567115000099875,1.9287590830062982
2026-07-14T14:58:22,KNN-Direct-Weighted,Micromass,0.2,21,21,1,0.7916666666666666,1.617878582997946,0.0,0.5010039999906439,2.118889208009932
2026-07-14T14:58:24,KNN-Direct-Manhattan,Micromass,0.2,21,21,4,0.8333333333333334,1.4697657500219066,0.0,0.45654483401449397,1.9263160419941414
2026-07-14T14:58:27,KNN-IC,Micromass,0.2,22,22,2,0.9027777777777778,2.491166834020987,0.41762862500036135,0.13294425001367927,3.0417437499854714
2026-07-14T14:58:29,KNN-Direct,Micromass,0.2,22,22,4,0.7361111111111112,1.4910610410152003,0.0,0.4689656249829568,1.9600312910042703
2026-07-14T14:58:31,KNN-Direct-Weighted,Micromass,0.2,22,22,4,0.7361111111111112,1.6193676249822602,0.0,0.5052731249888893,2.124646082986146
2026-07-14T14:58:33,KNN-Direct-Manhattan,Micromass,0.2,22,22,1,0.75,1.576073208998423,0.0,0.45563708298141137,2.031715290999273
2026-07-14T14:58:36,KNN-IC,Micromass,0.2,23,23,3,0.7916666666666666,2.4787701250170358,0.4435822499799542,0.13363620900781825,3.055992333975155
2026-07-14T14:58:38,KNN-Direct,Micromass,0.2,23,23,5,0.7083333333333334,1.4715564170037396,0.0,0.4670545409899205,1.9386142500152346
2026-07-14T14:58:40,KNN-Direct-Weighted,Micromass,0.2,23,23,4,0.6805555555555556,1.6409664580132812,0.0,0.5074736659880728,2.1484465830144472
2026-07-14T14:58:42,KNN-Direct-Manhattan,Micromass,0.2,23,23,5,0.7083333333333334,1.4709861669980455,0.0,0.45622808299958706,1.9272194580116775
2026-07-14T14:58:49,KNN-IC,Micromass,0.2,24,24,3,0.8194444444444444,5.45753920901916,0.7519622909894679,0.15202379200491123,6.361532833980164
2026-07-14T14:58:51,KNN-Direct,Micromass,0.2,24,24,1,0.75,1.5836169999965932,0.0,0.4593537919863593,2.042974834010238
2026-07-14T14:58:53,KNN-Direct-Weighted,Micromass,0.2,24,24,3,0.7638888888888888,1.627467374986736,0.0,0.5065084170200862,2.133980375016108
2026-07-14T14:58:55,KNN-Direct-Manhattan,Micromass,0.2,24,24,4,0.7777777777777778,1.493489665997913,0.0,0.46603908302495256,1.9595346669957507
2026-07-14T14:58:58,KNN-IC,Micromass,0.2,25,25,2,0.8055555555555556,2.4474731249792967,0.433451791992411,0.13331133301835507,3.014240582997445
2026-07-14T14:59:00,KNN-Direct,Micromass,0.2,25,25,3,0.75,1.586740083002951,0.0,0.4808195829973556,2.067572708998341
2026-07-14T14:59:02,KNN-Direct-Weighted,Micromass,0.2,25,25,3,0.7222222222222222,1.7349628330266569,0.0,0.5875271659751888,2.3224953750032
2026-07-14T14:59:04,KNN-Direct-Manhattan,Micromass,0.2,25,25,3,0.75,1.539968958008103,0.0,0.5475890829984564,2.08756204097881
2026-07-14T14:59:08,KNN-IC,Micromass,0.2,26,26,5,0.625,2.627141750010196,0.6106915409909561,0.14031979101127945,3.378159832995152
2026-07-14T14:59:10,KNN-Direct,Micromass,0.2,26,26,1,0.7777777777777778,1.5898314580263104,0.0,0.46921941702021286,2.059054290992208
2026-07-14T14:59:12,KNN-Direct-Weighted,Micromass,0.2,26,26,5,0.7222222222222222,1.6908949589997064,0.0,0.6077520419785287,2.29865058301948
2026-07-14T14:59:14,KNN-Direct-Manhattan,Micromass,0.2,26,26,1,0.7777777777777778,1.5923422079940792,0.0,0.472457541996846,2.06480449999799
2026-07-14T14:59:19,KNN-IC,Micromass,0.2,27,27,1,0.8194444444444444,3.6638535840029363,0.9551233329984825,0.3171215000038501,4.936112041003071
2026-07-14T14:59:22,KNN-Direct,Micromass,0.2,27,27,1,0.7638888888888888,2.522671375016216,0.0,0.6458245000103489,3.168504458008101
2026-07-14T14:59:25,KNN-Direct-Weighted,Micromass,0.2,27,27,3,0.75,2.505893166991882,0.0,0.652166790998308,3.158068542019464
2026-07-14T14:59:28,KNN-Direct-Manhattan,Micromass,0.2,27,27,1,0.7638888888888888,2.046311375015648,0.0,0.6138301249884535,2.6601484999991953
2026-07-14T14:59:32,KNN-IC,Micromass,0.2,28,28,1,0.8888888888888888,2.7572915829950944,0.5624812919995748,0.23599037498934194,3.5557722079975065
2026-07-14T14:59:35,KNN-Direct,Micromass,0.2,28,28,4,0.75,2.5847576660162304,0.0,0.45891408299212344,3.0436763750039972
2026-07-14T14:59:37,KNN-Direct-Weighted,Micromass,0.2,28,28,4,0.75,1.6241151250142138,0.0,0.5140491249912884,2.138167707977118
2026-07-14T14:59:39,KNN-Direct-Manhattan,Micromass,0.2,28,28,3,0.75,1.491150749992812,0.0,0.4710477089975029,1.9622039170062635
2026-07-14T14:59:42,KNN-IC,Micromass,0.2,29,29,1,0.8055555555555556,2.514455291995546,0.416745208989596,0.13598133399500512,3.067189249995863
2026-07-14T14:59:44,KNN-Direct,Micromass,0.2,29,29,1,0.7638888888888888,1.5007899169868324,0.0,0.4765681669814512,1.9773617920000106
2026-07-14T14:59:46,KNN-Direct-Weighted,Micromass,0.2,29,29,1,0.7638888888888888,1.6633969579997938,0.0,0.5122387080045883,2.1756394999974873
2026-07-14T14:59:48,KNN-Direct-Manhattan,Micromass,0.2,29,29,5,0.7638888888888888,1.5509315829840489,0.0,0.4700683749979362,2.0210040420060977
2026-07-14T14:59:51,KNN-IC,Micromass,0.2,30,30,4,0.7916666666666666,2.5343104999919888,0.5647866659855936,0.1345829160127323,3.2336859590141103
2026-07-14T14:59:53,KNN-Direct,Micromass,0.2,30,30,1,0.7638888888888888,1.601534832996549,0.0,0.5147592500143219,2.1162972079764586
2026-07-14T14:59:56,KNN-Direct-Weighted,Micromass,0.2,30,30,5,0.7777777777777778,1.8298869999998715,0.0,0.5159678329946473,2.345859000022756
2026-07-14T14:59:58,KNN-Direct-Manhattan,Micromass,0.2,30,30,1,0.7638888888888888,1.595425332983723,0.0,0.4716420410259161,2.0670709580008406
2026-07-14T15:00:01,KNN-IC,Micromass,0.2,31,31,2,0.875,2.6351487500069197,0.4313150839880109,0.1364531249855645,3.2029236250091344
2026-07-14T15:00:03,KNN-Direct,Micromass,0.2,31,31,1,0.75,1.7376453749893699,0.0,0.4681107910000719,2.20575925000594
2026-07-14T15:00:05,KNN-Direct-Weighted,Micromass,0.2,31,31,1,0.7361111111111112,1.7227837079844903,0.0,0.5177281659853179,2.2405153330182657
2026-07-14T15:00:07,KNN-Direct-Manhattan,Micromass,0.2,31,31,3,0.75,1.5731094169896096,0.0,0.4732910000020638,2.046404332999373
2026-07-14T15:00:11,KNN-IC,Micromass,0.2,32,32,2,0.7638888888888888,2.6302204999956302,0.4408930000208784,0.1344324170204345,3.205551999999443
2026-07-14T15:00:13,KNN-Direct,Micromass,0.2,32,32,5,0.7777777777777778,1.566613333998248,0.0,0.4721435410028789,2.0387598749948665
2026-07-14T15:00:15,KNN-Direct-Weighted,Micromass,0.2,32,32,1,0.7638888888888888,1.7129056669946294,0.0,0.5232908339821734,2.2361999159911647
2026-07-14T15:00:17,KNN-Direct-Manhattan,Micromass,0.2,32,32,1,0.7777777777777778,1.5696942920039874,0.0,0.48799841600703076,2.0576962500053924
2026-07-14T15:00:20,KNN-IC,Micromass,0.2,33,33,1,0.8194444444444444,2.66007825001725,0.40834424999775365,0.14725787498173304,3.215698291984154
2026-07-14T15:00:22,KNN-Direct,Micromass,0.2,33,33,4,0.7083333333333334,1.608120917022461,0.0,0.4573843330144882,2.065511708991835
2026-07-14T15:00:24,KNN-Direct-Weighted,Micromass,0.2,33,33,4,0.6944444444444444,1.632269166992046,0.0,0.5153993339918088,2.1476797919895034
2026-07-14T15:00:26,KNN-Direct-Manhattan,Micromass,0.2,33,33,3,0.6944444444444444,1.486804750020383,0.0,0.46438720799051225,1.951196375011932
2026-07-14T15:00:29,KNN-IC,Micromass,0.2,34,34,1,0.75,2.4534129580133595,0.38822695799171925,0.1343293329991866,2.9759739590226673
2026-07-14T15:00:31,KNN-Direct,Micromass,0.2,34,34,4,0.7638888888888888,1.4894614160002675,0.0,0.49862845899770036,1.988092375017004
2026-07-14T15:00:34,KNN-Direct-Weighted,Micromass,0.2,34,34,1,0.7222222222222222,1.941587042005267,0.0,0.5001594169880264,2.4417503329750616
2026-07-14T15:00:36,KNN-Direct-Manhattan,Micromass,0.2,34,34,5,0.7083333333333334,1.4985374590032734,0.0,0.46002950001275167,1.9585713750275318
2026-07-14T15:00:39,KNN-IC,Micromass,0.2,35,35,4,0.7222222222222222,2.5034653749899007,0.585110625019297,0.13423920798231848,3.2228198750235606
2026-07-14T15:00:41,KNN-Direct,Micromass,0.2,35,35,5,0.6666666666666666,1.6253150409902446,0.0,0.47096858301665634,2.096287749998737
2026-07-14T15:00:43,KNN-Direct-Weighted,Micromass,0.2,35,35,1,0.8194444444444444,1.6700884590100031,0.0,0.5464742090262007,2.2165668749948964
2026-07-14T15:00:45,KNN-Direct-Manhattan,Micromass,0.2,35,35,3,0.7777777777777778,1.5855001249874476,0.0,0.4975363749836106,2.0830407080065925
2026-07-14T15:00:49,KNN-IC,Micromass,0.2,36,36,1,0.8194444444444444,2.864538124995306,0.4595398330129683,0.13781183297396637,3.4618967499991413
2026-07-14T15:00:51,KNN-Direct,Micromass,0.2,36,36,3,0.7361111111111112,1.588859333016444,0.0,0.48226812499342486,2.0711305829754565
2026-07-14T15:00:53,KNN-Direct-Weighted,Micromass,0.2,36,36,1,0.7638888888888888,1.8243905419949442,0.0,0.5572825410054065,2.381676916993456
2026-07-14T15:00:55,KNN-Direct-Manhattan,Micromass,0.2,36,36,5,0.6944444444444444,1.5100084170117043,0.0,0.4587736249959562,1.9687877919932362
2026-07-14T15:00:58,KNN-IC,Micromass,0.2,37,37,1,0.8055555555555556,2.6554623749980237,0.400392165989615,0.13450062499032356,3.1903623749967664
2026-07-14T15:01:00,KNN-Direct,Micromass,0.2,37,37,3,0.6666666666666666,1.4723995839885902,0.0,0.4544393329997547,1.9268439580046106
2026-07-14T15:01:03,KNN-Direct-Weighted,Micromass,0.2,37,37,3,0.7083333333333334,1.6487700839934405,0.0,0.4996580410224851,2.1484398329921532
2026-07-14T15:01:05,KNN-Direct-Manhattan,Micromass,0.2,37,37,3,0.6666666666666666,1.4670501669752412,0.0,0.4544467919913586,1.9215023750148248
2026-07-14T15:01:08,KNN-IC,Micromass,0.2,38,38,3,0.8888888888888888,2.4464447499776725,0.43554058400331996,0.13322695801616646,3.0152159580029547
2026-07-14T15:01:09,KNN-Direct,Micromass,0.2,38,38,1,0.7083333333333334,1.472788208979182,0.0,0.45666512500611134,1.9294576249958482
2026-07-14T15:01:12,KNN-Direct-Weighted,Micromass,0.2,38,38,1,0.6944444444444444,1.6388246250280645,0.0,0.5162921670125797,2.155121749994578
2026-07-14T15:01:14,KNN-Direct-Manhattan,Micromass,0.2,38,38,1,0.7083333333333334,1.4681136249855626,0.0,0.4538504169904627,1.9219697079970501
2026-07-14T15:01:17,KNN-IC,Micromass,0.2,39,39,2,0.875,2.527783833007561,0.4173506250081118,0.13368587498553097,3.078823916002875
2026-07-14T15:01:19,KNN-Direct,Micromass,0.2,39,39,3,0.8333333333333334,1.613733708014479,0.0,0.45772187499096617,2.0714584999950603
2026-07-14T15:01:21,KNN-Direct-Weighted,Micromass,0.2,39,39,3,0.8194444444444444,1.6153144999989308,0.0,0.5035119589883834,2.1188302090158686
2026-07-14T15:01:23,KNN-Direct-Manhattan,Micromass,0.2,39,39,1,0.8055555555555556,1.4733712080051191,0.0,0.45699495798908174,1.930370457994286
2026-07-14T15:01:26,KNN-IC,Micromass,0.3,0,0,2,0.8611111111111112,2.654033291997621,0.4501975000021048,0.13387691701063886,3.238111749989912
2026-07-14T15:01:28,KNN-Direct,Micromass,0.3,0,0,1,0.7361111111111112,1.5610740830015857,0.0,0.4841312500066124,2.045210042007966
2026-07-14T15:01:30,KNN-Direct-Weighted,Micromass,0.3,0,0,4,0.7916666666666666,1.703397875011433,0.0,0.5330863330163993,2.236488875001669
2026-07-14T15:01:33,KNN-Direct-Manhattan,Micromass,0.3,0,0,1,0.7361111111111112,1.5629397919983603,0.0,0.6793178749794606,2.242261667008279
2026-07-14T15:01:36,KNN-IC,Micromass,0.3,1,1,3,0.8194444444444444,2.6467499999853317,0.4749031249957625,0.1333091249980498,3.2549669590080157
2026-07-14T15:01:38,KNN-Direct,Micromass,0.3,1,1,5,0.7361111111111112,1.5601552089792676,0.0,0.4826001249894034,2.0427595840010326
2026-07-14T15:01:40,KNN-Direct-Weighted,Micromass,0.3,1,1,3,0.7222222222222222,1.6973734999774024,0.0,0.5290757920010947,2.2264542909979355
2026-07-14T15:01:42,KNN-Direct-Manhattan,Micromass,0.3,1,1,4,0.75,1.5603952499805018,0.0,0.4850514999998268,2.04545262499596
2026-07-14T15:01:45,KNN-IC,Micromass,0.3,2,2,2,0.8472222222222222,2.636875541997142,0.4507687090081163,0.13313833298161626,3.220786375022726
2026-07-14T15:01:47,KNN-Direct,Micromass,0.3,2,2,5,0.7222222222222222,1.565893541002879,0.0,0.5781632910075132,2.1440599170164205
2026-07-14T15:01:50,KNN-Direct-Weighted,Micromass,0.3,2,2,3,0.7361111111111112,1.7028749169840012,0.0,0.5302170419890899,2.233096584008308
2026-07-14T15:01:52,KNN-Direct-Manhattan,Micromass,0.3,2,2,1,0.7916666666666666,1.5543712910148315,0.0,0.4839787920063827,2.0383557079767343
2026-07-14T15:01:55,KNN-IC,Micromass,0.3,3,3,1,0.7777777777777778,2.619875292002689,0.41708833299344406,0.13320983399171382,3.1701808340149
2026-07-14T15:01:57,KNN-Direct,Micromass,0.3,3,3,1,0.7222222222222222,1.5841961670084856,0.0,0.4936548339901492,2.077875499991933
2026-07-14T15:01:59,KNN-Direct-Weighted,Micromass,0.3,3,3,3,0.7638888888888888,1.7352972079825122,0.0,0.53594995799358,2.2712519589986186
2026-07-14T15:02:01,KNN-Direct-Manhattan,Micromass,0.3,3,3,5,0.7222222222222222,1.5822248340118676,0.0,0.4929152910190169,2.0751449999806937
2026-07-14T15:02:05,KNN-IC,Micromass,0.3,4,4,1,0.7777777777777778,3.0076950000075158,0.4148931670060847,0.13424387498525903,3.556835958006559
2026-07-14T15:02:07,KNN-Direct,Micromass,0.3,4,4,5,0.8472222222222222,1.5529448750021402,0.0,0.4844264590064995,2.0373754169850145
2026-07-14T15:02:09,KNN-Direct-Weighted,Micromass,0.3,4,4,4,0.8611111111111112,1.7018065419979393,0.0,0.5319426250061952,2.2337536249833647
2026-07-14T15:02:11,KNN-Direct-Manhattan,Micromass,0.3,4,4,3,0.8333333333333334,1.5548919580178335,0.0,0.4839705420017708,2.038867166993441
2026-07-14T15:02:14,KNN-IC,Micromass,0.3,5,5,2,0.7916666666666666,2.6555634579854086,0.45161262500914745,0.13423070800490677,3.2414104999916162
2026-07-14T15:02:17,KNN-Direct,Micromass,0.3,5,5,1,0.8194444444444444,1.5557572079997044,0.0,0.4822994580026716,2.038060457998654
2026-07-14T15:02:19,KNN-Direct-Weighted,Micromass,0.3,5,5,5,0.8333333333333334,1.8059791249979753,0.0,0.5293942079879344,2.335378582996782
2026-07-14T15:02:21,KNN-Direct-Manhattan,Micromass,0.3,5,5,4,0.8055555555555556,1.567153457988752,0.0,0.492047374980757,2.059205750003457
2026-07-14T15:02:24,KNN-IC,Micromass,0.3,6,6,1,0.7638888888888888,2.6631952499737963,0.4203412499919068,0.13590216598822735,3.219442166009685
2026-07-14T15:02:26,KNN-Direct,Micromass,0.3,6,6,1,0.8472222222222222,1.5608328340167645,0.0,0.4875578749924898,2.048393834003946
2026-07-14T15:02:28,KNN-Direct-Weighted,Micromass,0.3,6,6,3,0.7916666666666666,1.7122072920028586,0.0,0.5336262089840602,2.245838124974398
2026-07-14T15:02:31,KNN-Direct-Manhattan,Micromass,0.3,6,6,4,0.8194444444444444,1.561086375004379,0.0,0.4853692500037141,2.0464612920186482
2026-07-14T15:02:34,KNN-IC,Micromass,0.3,7,7,2,0.6944444444444444,2.88226433302043,0.43417533300817013,0.1324999159842264,3.4489440000033937
2026-07-14T15:02:36,KNN-Direct,Micromass,0.3,7,7,5,0.6944444444444444,1.558316750015365,0.0,0.48514391598291695,2.04346445898409
2026-07-14T15:02:38,KNN-Direct-Weighted,Micromass,0.3,7,7,5,0.6805555555555556,1.7028510840027593,0.0,0.530302416998893,2.2331600000034086
2026-07-14T15:02:40,KNN-Direct-Manhattan,Micromass,0.3,7,7,5,0.6944444444444444,1.576145541999722,0.0,0.4874740419909358,2.0636258340091445
2026-07-14T15:02:43,KNN-IC,Micromass,0.3,8,8,1,0.75,2.641963041998679,0.40651570801855996,0.13252962499973364,3.181012582994299
2026-07-14T15:02:46,KNN-Direct,Micromass,0.3,8,8,5,0.7916666666666666,1.5586152499890886,0.0,0.4908027920173481,2.0494216659863014
2026-07-14T15:02:48,KNN-Direct-Weighted,Micromass,0.3,8,8,3,0.7916666666666666,1.8392858750012238,0.0,0.5298847499943804,2.369175041007111
2026-07-14T15:02:50,KNN-Direct-Manhattan,Micromass,0.3,8,8,4,0.7777777777777778,1.5584332080034073,0.0,0.4860869999974966,2.04452433300321
2026-07-14T15:02:53,KNN-IC,Micromass,0.3,9,9,3,0.7916666666666666,2.6563432090042625,0.4671047500160057,0.1331862920196727,3.256638249993557
2026-07-14T15:02:55,KNN-Direct,Micromass,0.3,9,9,3,0.7916666666666666,1.5634685000113677,0.0,0.4949737080023624,2.058445375005249
2026-07-14T15:02:58,KNN-Direct-Weighted,Micromass,0.3,9,9,4,0.8611111111111112,1.709573291009292,0.0,0.5295672499923967,2.239146042003995
2026-07-14T15:03:00,KNN-Direct-Manhattan,Micromass,0.3,9,9,4,0.8472222222222222,1.5663958749792073,0.0,0.48408175000804476,2.0504833750019316
2026-07-14T15:03:03,KNN-IC,Micromass,0.3,10,10,1,0.8055555555555556,2.860590709024109,0.43549516701023094,0.13354804200935178,3.4296387909853365
2026-07-14T15:03:05,KNN-Direct,Micromass,0.3,10,10,3,0.8333333333333334,1.5810010000132024,0.0,0.5063943749992177,2.087398083007429
2026-07-14T15:03:08,KNN-Direct-Weighted,Micromass,0.3,10,10,3,0.8194444444444444,1.7299376660084818,0.0,0.6967008750070818,2.4267274170124438
2026-07-14T15:03:10,KNN-Direct-Manhattan,Micromass,0.3,10,10,3,0.8333333333333334,1.7073869169980753,0.0,0.5550052500038873,2.2623969170090277
2026-07-14T15:03:13,KNN-IC,Micromass,0.3,11,11,1,0.8055555555555556,2.873483584000496,0.4280351669876836,0.1340832920104731,3.4356077080010436
2026-07-14T15:03:15,KNN-Direct,Micromass,0.3,11,11,1,0.7916666666666666,1.6799180420057382,0.0,0.5114542499941308,2.1913752919936087
2026-07-14T15:03:18,KNN-Direct-Weighted,Micromass,0.3,11,11,1,0.7916666666666666,1.870290249993559,0.0,0.5703757919836789,2.4406700000108685
2026-07-14T15:03:20,KNN-Direct-Manhattan,Micromass,0.3,11,11,4,0.7916666666666666,1.5850115409994032,0.0,0.4952397500164807,2.0802548750070855
2026-07-14T15:03:23,KNN-IC,Micromass,0.3,12,12,2,0.875,2.677501124999253,0.4740793749806471,0.13688404200365767,3.288470542000141
2026-07-14T15:03:25,KNN-Direct,Micromass,0.3,12,12,5,0.7777777777777778,1.663771124993218,0.0,0.5151727909978945,2.1789475840050727
2026-07-14T15:03:28,KNN-Direct-Weighted,Micromass,0.3,12,12,3,0.7916666666666666,1.8134682920062914,0.0,0.5470836250169668,2.3605560830037575
2026-07-14T15:03:30,KNN-Direct-Manhattan,Micromass,0.3,12,12,1,0.7916666666666666,1.6602426669851411,0.0,0.4945053330156952,2.1547515830025077
2026-07-14T15:03:33,KNN-IC,Micromass,0.3,13,13,3,0.8055555555555556,2.815332749974914,0.5487503750191536,0.13556104199960828,3.4996494590013754
2026-07-14T15:03:36,KNN-Direct,Micromass,0.3,13,13,1,0.7083333333333334,1.589087959000608,0.0,0.5450473339878954,2.134137916000327
2026-07-14T15:03:38,KNN-Direct-Weighted,Micromass,0.3,13,13,3,0.6666666666666666,1.7363382909970824,0.0,0.5989187920058612,2.335260207997635
2026-07-14T15:03:40,KNN-Direct-Manhattan,Micromass,0.3,13,13,4,0.6944444444444444,1.5809007910138462,0.0,0.4933359590067994,2.074240040994482
2026-07-14T15:03:43,KNN-IC,Micromass,0.3,14,14,2,0.8055555555555556,2.7743419159960467,0.458893667004304,0.1333461669855751,3.3665876669983845
2026-07-14T15:03:46,KNN-Direct,Micromass,0.3,14,14,3,0.8194444444444444,1.651845750020584,0.0,0.5140922919963486,2.1659440829826053
2026-07-14T15:03:48,KNN-Direct-Weighted,Micromass,0.3,14,14,4,0.8055555555555556,1.7988060000061523,0.0,0.6755690839781892,2.474379334016703
2026-07-14T15:03:50,KNN-Direct-Manhattan,Micromass,0.3,14,14,4,0.7777777777777778,1.6843624580069445,0.0,0.4881921249907464,2.172559792001266
2026-07-14T15:03:54,KNN-IC,Micromass,0.3,15,15,4,0.7222222222222222,2.7382960420218296,0.705392000003485,0.13549141699331813,3.5791866249928717
2026-07-14T15:03:56,KNN-Direct,Micromass,0.3,15,15,5,0.8333333333333334,1.6565916249819566,0.0,0.48460691701620817,2.1412015829992015
2026-07-14T15:03:58,KNN-Direct-Weighted,Micromass,0.3,15,15,4,0.7638888888888888,1.7379192920052446,0.0,0.5279653749894351,2.2658880000235513
2026-07-14T15:04:00,KNN-Direct-Manhattan,Micromass,0.3,15,15,1,0.7222222222222222,1.5685318330070004,0.0,0.5049629999848548,2.0735064590116963
2026-07-14T15:04:04,KNN-IC,Micromass,0.3,16,16,4,0.8888888888888888,2.911404875019798,0.6669908329786267,0.13190345899784006,3.710304082982475
2026-07-14T15:04:06,KNN-Direct,Micromass,0.3,16,16,4,0.7777777777777778,1.6679429579817224,0.0,0.49886091699590907,2.166806708002696
2026-07-14T15:04:08,KNN-Direct-Weighted,Micromass,0.3,16,16,1,0.8194444444444444,1.7760796250076964,0.0,0.5314085829886608,2.3074919579958078
2026-07-14T15:04:11,KNN-Direct-Manhattan,Micromass,0.3,16,16,1,0.8194444444444444,1.5925007500045467,0.0,0.49014270899351686,2.082647208007984
2026-07-14T15:04:14,KNN-IC,Micromass,0.3,17,17,1,0.8055555555555556,2.7552933749975637,0.4122726670175325,0.13318016598350368,3.3007501250249334
2026-07-14T15:04:16,KNN-Direct,Micromass,0.3,17,17,5,0.8194444444444444,1.5673500830016565,0.0,0.4866297500266228,2.0539828749897424
2026-07-14T15:04:19,KNN-Direct-Weighted,Micromass,0.3,17,17,4,0.8194444444444444,2.2215844159945846,0.0,0.6038225410156883,2.825410582998302
2026-07-14T15:04:21,KNN-Direct-Manhattan,Micromass,0.3,17,17,3,0.8194444444444444,1.674260375002632,0.0,0.49058791701099835,2.164852832996985
2026-07-14T15:04:24,KNN-IC,Micromass,0.3,18,18,3,0.8055555555555556,2.6583215419959743,0.4784402919758577,0.13427525002043694,3.2710428329883143
2026-07-14T15:04:26,KNN-Direct,Micromass,0.3,18,18,1,0.6805555555555556,1.6021228329918813,0.0,0.4861277499876451,2.088253416994121
2026-07-14T15:04:29,KNN-Direct-Weighted,Micromass,0.3,18,18,3,0.7222222222222222,1.7157192500017118,0.0,0.5326478339848109,2.248370417015394
2026-07-14T15:04:31,KNN-Direct-Manhattan,Micromass,0.3,18,18,3,0.7361111111111112,1.5624990830256138,0.0,0.48407795900129713,2.046580666996306
2026-07-14T15:04:34,KNN-IC,Micromass,0.3,19,19,2,0.7777777777777778,2.7167492090084124,0.44746291599585675,0.13426774999243207,3.2984859589778353
2026-07-14T15:04:36,KNN-Direct,Micromass,0.3,19,19,5,0.8472222222222222,1.5704395420034416,0.0,0.48344529198948294,2.053887709014816
2026-07-14T15:04:38,KNN-Direct-Weighted,Micromass,0.3,19,19,1,0.8055555555555556,1.810619708005106,0.0,0.5429550829867367,2.3535784159903415
2026-07-14T15:04:40,KNN-Direct-Manhattan,Micromass,0.3,19,19,3,0.8472222222222222,1.5716321250074543,0.0,0.4835365840117447,2.055172791995574
2026-07-14T15:04:44,KNN-IC,Micromass,0.3,20,20,4,0.8194444444444444,2.641903707990423,0.5831871250120457,0.13351087499177083,3.3586069580051117
2026-07-14T15:04:46,KNN-Direct,Micromass,0.3,20,20,3,0.8472222222222222,1.5975162500108127,0.0,0.48844979199930094,2.085969915991882
2026-07-14T15:04:48,KNN-Direct-Weighted,Micromass,0.3,20,20,1,0.8055555555555556,1.7475316250056494,0.0,0.5558961250062566,2.303431709005963
2026-07-14T15:04:50,KNN-Direct-Manhattan,Micromass,0.3,20,20,1,0.8055555555555556,1.5873011669900734,0.0,0.4881585839902982,2.0754642079991754
2026-07-14T15:04:54,KNN-IC,Micromass,0.3,21,21,4,0.8472222222222222,2.630326749989763,0.5911218329856638,0.13272404100280255,3.3541780420055147
2026-07-14T15:04:56,KNN-Direct,Micromass,0.3,21,21,4,0.8055555555555556,1.58853716700105,0.0,0.48658904200419784,2.075129292003112
2026-07-14T15:04:58,KNN-Direct-Weighted,Micromass,0.3,21,21,1,0.7916666666666666,1.770600582996849,0.0,0.5340483329782728,2.3046522079966962
2026-07-14T15:05:00,KNN-Direct-Manhattan,Micromass,0.3,21,21,4,0.8055555555555556,1.6261584589956328,0.0,0.487377249985002,2.113539125013631
2026-07-14T15:05:03,KNN-IC,Micromass,0.3,22,22,1,0.8055555555555556,2.766466083994601,0.47460595797747374,0.13519612498930655,3.3762743340048473
2026-07-14T15:05:06,KNN-Direct,Micromass,0.3,22,22,1,0.6944444444444444,1.5742540409846697,0.0,0.5387521249940619,2.113009624998085
2026-07-14T15:05:08,KNN-Direct-Weighted,Micromass,0.3,22,22,4,0.6944444444444444,1.7205227499944158,0.0,0.5855052499973681,2.3060317920171656
2026-07-14T15:05:10,KNN-Direct-Manhattan,Micromass,0.3,22,22,1,0.6944444444444444,1.5825982909882441,0.0,0.48832741600926965,2.070928958011791
2026-07-14T15:05:13,KNN-IC,Micromass,0.3,23,23,1,0.75,2.8023073749791365,0.4153281660110224,0.13436100000399165,3.352002250001533
2026-07-14T15:05:15,KNN-Direct,Micromass,0.3,23,23,3,0.7083333333333334,1.628872000001138,0.0,0.4889614589919802,2.1178368749970105
2026-07-14T15:05:18,KNN-Direct-Weighted,Micromass,0.3,23,23,3,0.7222222222222222,1.7817249579820782,0.0,0.5338037089968566,2.3155331250163727
2026-07-14T15:05:20,KNN-Direct-Manhattan,Micromass,0.3,23,23,5,0.75,1.5804395839804783,0.0,0.565877167013241,2.146319624996977
2026-07-14T15:05:23,KNN-IC,Micromass,0.3,24,24,4,0.8055555555555556,2.709694374992978,0.6669395409990102,0.13357495798845775,3.510214834008366
2026-07-14T15:05:26,KNN-Direct,Micromass,0.3,24,24,3,0.8055555555555556,1.6463150000199676,0.0,0.49119816700113006,2.137516457994934
2026-07-14T15:05:28,KNN-Direct-Weighted,Micromass,0.3,24,24,4,0.8333333333333334,1.8050987499882467,0.0,0.5465444580186158,2.3516462920233607
2026-07-14T15:05:30,KNN-Direct-Manhattan,Micromass,0.3,24,24,1,0.8055555555555556,1.6521711249952205,0.0,0.4901151249941904,2.1422899170138407
2026-07-14T15:05:33,KNN-IC,Micromass,0.3,25,25,2,0.7638888888888888,2.7517055839998648,0.4506254169973545,0.19280591700226068,3.395142375025898
2026-07-14T15:05:35,KNN-Direct,Micromass,0.3,25,25,5,0.7083333333333334,1.5963802920014132,0.0,0.4878451669937931,2.084228207997512
2026-07-14T15:05:38,KNN-Direct-Weighted,Micromass,0.3,25,25,4,0.7222222222222222,1.7725034999893978,0.0,0.5375474160246085,2.310054207977373
2026-07-14T15:05:40,KNN-Direct-Manhattan,Micromass,0.3,25,25,1,0.6805555555555556,1.6347739579796325,0.0,0.4905608750123065,2.1253380840062164
2026-07-14T15:05:43,KNN-IC,Micromass,0.3,26,26,2,0.7916666666666666,2.7752267089963425,0.45539041599840857,0.13189950000378303,3.362527791992761
2026-07-14T15:05:45,KNN-Direct,Micromass,0.3,26,26,3,0.7916666666666666,1.6229136670008302,0.0,0.49180275000981055,2.1147190839983523
2026-07-14T15:05:48,KNN-Direct-Weighted,Micromass,0.3,26,26,1,0.7777777777777778,1.786925666994648,0.0,0.5362183749966789,2.323147249990143
2026-07-14T15:05:50,KNN-Direct-Manhattan,Micromass,0.3,26,26,1,0.7638888888888888,1.575213916017674,0.0,0.5305980419798288,2.1058155419887044
2026-07-14T15:05:53,KNN-IC,Micromass,0.3,27,27,1,0.7361111111111112,2.588538083975436,0.4182272079924587,0.13539395801490173,3.142165166005725
2026-07-14T15:05:55,KNN-Direct,Micromass,0.3,27,27,3,0.7222222222222222,1.6292149579967372,0.0,0.4953646249778103,2.1245825410005637
2026-07-14T15:05:58,KNN-Direct-Weighted,Micromass,0.3,27,27,5,0.6666666666666666,1.8659750419901684,0.0,0.5449222500028554,2.4109004579950124
2026-07-14T15:06:00,KNN-Direct-Manhattan,Micromass,0.3,27,27,1,0.7361111111111112,1.6622435839963146,0.0,0.49783620800008066,2.160084416012978
2026-07-14T15:06:03,KNN-IC,Micromass,0.3,28,28,2,0.8194444444444444,2.8124603329924867,0.46151862500119023,0.19410212500952184,3.468086666020099
2026-07-14T15:06:05,KNN-Direct,Micromass,0.3,28,28,5,0.6944444444444444,1.6013247089867946,0.0,0.5997775830037426,2.2011054579925258
2026-07-14T15:06:08,KNN-Direct-Weighted,Micromass,0.3,28,28,3,0.7083333333333334,1.8302056660177186,0.0,0.6607574579829816,2.4909669580229092
2026-07-14T15:06:10,KNN-Direct-Manhattan,Micromass,0.3,28,28,5,0.6944444444444444,1.6604532909987029,0.0,0.5057295419974253,2.1661871669930406
2026-07-14T15:06:14,KNN-IC,Micromass,0.3,29,29,3,0.8472222222222222,2.801444124983391,0.5346077920112293,0.1346387919911649,3.4706969590042718
2026-07-14T15:06:16,KNN-Direct,Micromass,0.3,29,29,5,0.7916666666666666,1.611365124990698,0.0,0.5491559169895481,2.160524125007214
2026-07-14T15:06:18,KNN-Direct-Weighted,Micromass,0.3,29,29,4,0.7777777777777778,1.9544276669912506,0.0,0.5481442919990513,2.5025752919900697
2026-07-14T15:06:20,KNN-Direct-Manhattan,Micromass,0.3,29,29,3,0.75,1.6554682079877239,0.0,0.4952982079994399,2.1507698750065174
2026-07-14T15:06:24,KNN-IC,Micromass,0.3,30,30,2,0.7638888888888888,2.7002635000098962,0.47962037500110455,0.1365700000023935,3.3164607909857295
2026-07-14T15:06:26,KNN-Direct,Micromass,0.3,30,30,1,0.6944444444444444,1.5825300829892512,0.0,0.4866305000032298,2.0691637919808272
2026-07-14T15:06:28,KNN-Direct-Weighted,Micromass,0.3,30,30,5,0.75,1.8433729170064908,0.0,0.555008541996358,2.3983934999851044
2026-07-14T15:06:30,KNN-Direct-Manhattan,Micromass,0.3,30,30,4,0.7083333333333334,1.5960806250222959,0.0,0.49540195797453634,2.091486166988034
2026-07-14T15:06:33,KNN-IC,Micromass,0.3,31,31,2,0.8611111111111112,2.681858124997234,0.44640704098856077,0.1347555420070421,3.2630247499910183
2026-07-14T15:06:36,KNN-Direct,Micromass,0.3,31,31,4,0.7916666666666666,1.5633897500229068,0.0,0.4889806659775786,2.052373832993908
2026-07-14T15:06:38,KNN-Direct-Weighted,Micromass,0.3,31,31,3,0.7083333333333334,1.7102344580052886,0.0,0.5315088749921415,2.24174679198768
2026-07-14T15:06:40,KNN-Direct-Manhattan,Micromass,0.3,31,31,1,0.6805555555555556,1.5644787499913946,0.0,0.48461520799901336,2.049098874995252
2026-07-14T15:06:43,KNN-IC,Micromass,0.3,32,32,2,0.75,2.660876833018847,0.4509951249929145,0.13374008299433626,3.2456159579742234
2026-07-14T15:06:45,KNN-Direct,Micromass,0.3,32,32,5,0.7222222222222222,1.5579467079951428,0.0,0.483344375010347,2.041295250004623
2026-07-14T15:06:47,KNN-Direct-Weighted,Micromass,0.3,32,32,1,0.6805555555555556,1.700511583010666,0.0,0.5943376250215806,2.2948543330130633
2026-07-14T15:06:50,KNN-Direct-Manhattan,Micromass,0.3,32,32,1,0.6666666666666666,1.6145851250039414,0.0,0.48827849997906014,2.1028683749900665
2026-07-14T15:06:53,KNN-IC,Micromass,0.3,33,33,2,0.8333333333333334,2.647760250023566,0.44891529201413505,0.13452795799821615,3.231208291981602
2026-07-14T15:06:55,KNN-Direct,Micromass,0.3,33,33,1,0.7083333333333334,1.5613235000055283,0.0,0.48774320899974555,2.0490701669768896
2026-07-14T15:06:57,KNN-Direct-Weighted,Micromass,0.3,33,33,1,0.7083333333333334,1.7070879579987377,0.0,0.5326431659923401,2.2397358340094797
2026-07-14T15:06:59,KNN-Direct-Manhattan,Micromass,0.3,33,33,3,0.8055555555555556,1.5705466249783058,0.0,0.4846849169989582,2.055237541993847
2026-07-14T15:07:03,KNN-IC,Micromass,0.3,34,34,4,0.75,2.6526849579822738,0.7660515000170562,0.29897887498373166,3.7177242079924326
2026-07-14T15:07:05,KNN-Direct,Micromass,0.3,34,34,1,0.8055555555555556,1.6668154170038179,0.0,0.4896678339864593,2.1564880829828326
2026-07-14T15:07:07,KNN-Direct-Weighted,Micromass,0.3,34,34,1,0.7916666666666666,1.7029946249967907,0.0,0.5303860419953708,2.233384000021033
2026-07-14T15:07:09,KNN-Direct-Manhattan,Micromass,0.3,34,34,4,0.7361111111111112,1.5552435419813264,0.0,0.4844440839951858,2.0396915420133155
2026-07-14T15:07:13,KNN-IC,Micromass,0.3,35,35,3,0.7638888888888888,2.692219083022792,0.4738617919792887,0.13449891700292937,3.3005834999785293
2026-07-14T15:07:15,KNN-Direct,Micromass,0.3,35,35,3,0.7222222222222222,1.5606286250113044,0.0,0.49292562500340864,2.053557166014798
2026-07-14T15:07:17,KNN-Direct-Weighted,Micromass,0.3,35,35,3,0.7222222222222222,1.7214139999996405,0.0,0.5372855419991538,2.2587041669758037
2026-07-14T15:07:19,KNN-Direct-Manhattan,Micromass,0.3,35,35,5,0.6944444444444444,1.6965788750094362,0.0,0.4910068329772912,2.187590417015599
2026-07-14T15:07:22,KNN-IC,Micromass,0.3,36,36,2,0.7916666666666666,2.6096108330239076,0.44690220800112,0.13308879098622128,3.189606708998326
2026-07-14T15:07:24,KNN-Direct,Micromass,0.3,36,36,4,0.6111111111111112,1.5633176249975804,0.0,0.485126332991058,2.0484486669884063
2026-07-14T15:07:27,KNN-Direct-Weighted,Micromass,0.3,36,36,5,0.6527777777777778,1.7189622090081684,0.0,0.5405341669975314,2.259501958003966
2026-07-14T15:07:29,KNN-Direct-Manhattan,Micromass,0.3,36,36,5,0.6388888888888888,1.57907974999398,0.0,0.5237220409908332,2.102806916984264
2026-07-14T15:07:32,KNN-IC,Micromass,0.3,37,37,2,0.7916666666666666,2.6502008750103414,0.45128095799009316,0.13242958398768678,3.2339155419904273
2026-07-14T15:07:34,KNN-Direct,Micromass,0.3,37,37,1,0.6666666666666666,1.7054585419828072,0.0,0.48446483301813714,2.1899266660038847
2026-07-14T15:07:36,KNN-Direct-Weighted,Micromass,0.3,37,37,5,0.7083333333333334,1.7064793340105098,0.0,0.5319570420251694,2.2384416249988135
2026-07-14T15:07:38,KNN-Direct-Manhattan,Micromass,0.3,37,37,5,0.6944444444444444,1.5655907090113033,0.0,0.48532774997875094,2.0509234170021955
2026-07-14T15:07:42,KNN-IC,Micromass,0.3,38,38,1,0.875,2.651302082987968,0.41554812499089167,0.13390704200719483,3.200761624990264
2026-07-14T15:07:44,KNN-Direct,Micromass,0.3,38,38,5,0.7916666666666666,1.576873500016518,0.0,0.48732583300443366,2.0642027920112014
2026-07-14T15:07:46,KNN-Direct-Weighted,Micromass,0.3,38,38,5,0.7777777777777778,1.739870334014995,0.0,0.5450092499959283,2.284883834014181
2026-07-14T15:07:49,KNN-Direct-Manhattan,Micromass,0.3,38,38,3,0.7361111111111112,1.9599584999959916,0.0,0.6323458749975543,2.5923099580104463
2026-07-14T15:07:54,KNN-IC,Micromass,0.3,39,39,5,0.7777777777777778,4.228558625007281,0.6695932500006165,0.13295441601076163,5.03111212499789
2026-07-14T15:07:56,KNN-Direct,Micromass,0.3,39,39,3,0.7361111111111112,1.588593332999153,0.0,0.49141845799749717,2.0800157080229837
2026-07-14T15:07:58,KNN-Direct-Weighted,Micromass,0.3,39,39,1,0.75,1.7254580419976264,0.0,0.5365658749942668,2.2620285419980064
2026-07-14T15:08:00,KNN-Direct-Manhattan,Micromass,0.3,39,39,1,0.7638888888888888,1.5913836249965243,0.0,0.4938551249797456,2.0852434170083143
2026-07-14T15:08:04,KNN-IC,Micromass,0.4,0,0,4,0.8472222222222222,2.674049041001126,0.7250484169926494,0.13267091600573622,3.531773124996107
2026-07-14T15:08:06,KNN-Direct,Micromass,0.4,0,0,1,0.6944444444444444,1.5022652079933323,0.0,0.46589879199746065,1.9681685419927817
2026-07-14T15:08:08,KNN-Direct-Weighted,Micromass,0.4,0,0,5,0.7083333333333334,1.6429740840103477,0.0,0.5228605830052402,2.165840041008778
2026-07-14T15:08:10,KNN-Direct-Manhattan,Micromass,0.4,0,0,5,0.6944444444444444,1.5000667499843985,0.0,0.4661769579979591,1.9662487500172574
2026-07-14T15:08:13,KNN-IC,Micromass,0.4,1,1,1,0.7638888888888888,2.753403666021768,0.4312114579952322,0.13211808301275596,3.3167370000155643
2026-07-14T15:08:15,KNN-Direct,Micromass,0.4,1,1,3,0.75,1.497070084005827,0.0,0.46752854200894944,1.9646015420148615
2026-07-14T15:08:17,KNN-Direct-Weighted,Micromass,0.4,1,1,1,0.7083333333333334,1.661317083024187,0.0,0.5168717909837142,2.178192833001958
2026-07-14T15:08:19,KNN-Direct-Manhattan,Micromass,0.4,1,1,4,0.7361111111111112,1.6741729170025792,0.0,0.46157645800849423,2.1357542089826893
2026-07-14T15:08:23,KNN-IC,Micromass,0.4,2,2,1,0.8194444444444444,2.719326624996029,0.4248334580042865,0.13545829098438844,3.27962362501421
2026-07-14T15:08:25,KNN-Direct,Micromass,0.4,2,2,5,0.8194444444444444,1.5052744589920621,0.0,0.467639207985485,1.9729189170175232
2026-07-14T15:08:27,KNN-Direct-Weighted,Micromass,0.4,2,2,4,0.7916666666666666,1.6517003749904688,0.0,0.5139705409819726,2.165675416996237
2026-07-14T15:08:29,KNN-Direct-Manhattan,Micromass,0.4,2,2,4,0.7777777777777778,1.50319054198917,0.0,0.47067675000289455,1.9738724580092821
2026-07-14T15:08:32,KNN-IC,Micromass,0.4,3,3,3,0.7777777777777778,2.7858369590248913,0.49858112502261065,0.13293916700058617,3.4173626659903675
2026-07-14T15:08:34,KNN-Direct,Micromass,0.4,3,3,3,0.7638888888888888,1.7161579589883331,0.0,0.47232337499735877,2.188485374994343
2026-07-14T15:08:36,KNN-Direct-Weighted,Micromass,0.4,3,3,5,0.7361111111111112,1.6494752090075053,0.0,0.5146252909908071,2.1641057080123574
2026-07-14T15:08:38,KNN-Direct-Manhattan,Micromass,0.4,3,3,4,0.7638888888888888,1.519714958005352,0.0,0.47176412501721643,1.991483874997357
2026-07-14T15:08:42,KNN-IC,Micromass,0.4,4,4,2,0.8333333333333334,2.7211428330047056,0.46429541599354707,0.132112125022104,3.3175549580191728
2026-07-14T15:08:44,KNN-Direct,Micromass,0.4,4,4,5,0.7638888888888888,1.5018000830023084,0.0,0.46292958297999576,1.9647337500064168
2026-07-14T15:08:46,KNN-Direct-Weighted,Micromass,0.4,4,4,4,0.7638888888888888,1.6532285419816617,0.0,0.514515584014589,2.16774941701442
2026-07-14T15:08:49,KNN-Direct-Manhattan,Micromass,0.4,4,4,4,0.7638888888888888,2.240629582986003,0.0,0.662016832997324,2.902651540993247
2026-07-14T15:08:53,KNN-IC,Micromass,0.4,5,5,2,0.7777777777777778,3.0977075420087203,0.48960133400396444,0.13341141701675951,3.720725916995434
2026-07-14T15:08:55,KNN-Direct,Micromass,0.4,5,5,3,0.7638888888888888,1.6735487499972805,0.0,0.5696372500096913,2.2431897089991253
2026-07-14T15:08:59,KNN-Direct-Weighted,Micromass,0.4,5,5,4,0.8333333333333334,3.4579794160090387,0.0,0.9422444999800064,4.400276291999035
2026-07-14T15:09:02,KNN-Direct-Manhattan,Micromass,0.4,5,5,1,0.7916666666666666,2.477805000002263,0.0,0.4876714999845717,2.9654814999958035
2026-07-14T15:09:07,KNN-IC,Micromass,0.4,6,6,3,0.7638888888888888,4.341440749994945,0.5407542909961194,0.1349659590050578,5.017166833014926
2026-07-14T15:09:09,KNN-Direct,Micromass,0.4,6,6,3,0.7222222222222222,1.5432816669926979,0.0,0.4971144169976469,2.040400582976872
2026-07-14T15:09:11,KNN-Direct-Weighted,Micromass,0.4,6,6,3,0.7222222222222222,1.6544132079870906,0.0,0.5118498750089202,2.1662682080059312
2026-07-14T15:09:13,KNN-Direct-Manhattan,Micromass,0.4,6,6,3,0.7222222222222222,1.5114584160037339,0.0,0.47310175001621246,1.9845648339833133
2026-07-14T15:09:17,KNN-IC,Micromass,0.4,7,7,3,0.75,2.727970333013218,0.5020440420194063,0.1324865829956252,3.3625099580094684
2026-07-14T15:09:19,KNN-Direct,Micromass,0.4,7,7,5,0.7361111111111112,1.6544659589999355,0.0,0.4801577919861302,2.134639875002904
2026-07-14T15:09:21,KNN-Direct-Weighted,Micromass,0.4,7,7,5,0.75,1.6597728329943493,0.0,0.5390879159967881,2.1988659579947125
2026-07-14T15:09:23,KNN-Direct-Manhattan,Micromass,0.4,7,7,3,0.7777777777777778,1.655671041982714,0.0,0.5423794169910252,2.198054000007687
2026-07-14T15:09:27,KNN-IC,Micromass,0.4,8,8,2,0.7638888888888888,2.795100540999556,0.47550991701427847,0.13424862499232404,3.4048636659863405
2026-07-14T15:09:29,KNN-Direct,Micromass,0.4,8,8,1,0.7361111111111112,1.536027499998454,0.0,0.4834871659986675,2.0195179589791223
2026-07-14T15:09:31,KNN-Direct-Weighted,Micromass,0.4,8,8,1,0.7638888888888888,1.7137957090162672,0.0,0.52567283299868,2.23947295799735
2026-07-14T15:09:33,KNN-Direct-Manhattan,Micromass,0.4,8,8,1,0.7361111111111112,1.5751322080031969,0.0,0.4684203750221059,2.0435566249943804
2026-07-14T15:09:37,KNN-IC,Micromass,0.4,9,9,4,0.7777777777777778,2.812930416985182,0.7276649170089513,0.13269274999038316,3.6732923749950714
2026-07-14T15:09:39,KNN-Direct,Micromass,0.4,9,9,4,0.7638888888888888,1.5076254590239841,0.0,0.5469513749994803,2.054580458003329
2026-07-14T15:09:41,KNN-Direct-Weighted,Micromass,0.4,9,9,4,0.7916666666666666,1.7495046249823645,0.0,0.5602960000105668,2.309805041993968
2026-07-14T15:09:43,KNN-Direct-Manhattan,Micromass,0.4,9,9,5,0.7777777777777778,1.5125500420108438,0.0,0.46688491699751467,1.9794396250217687
2026-07-14T15:09:47,KNN-IC,Micromass,0.4,10,10,1,0.7916666666666666,2.7962023339932784,0.488539000012679,0.13365783297922462,3.4184067920141388
2026-07-14T15:09:49,KNN-Direct,Micromass,0.4,10,10,1,0.7777777777777778,1.671496291004587,0.0,0.4731318749836646,2.1446398330153897
2026-07-14T15:09:51,KNN-Direct-Weighted,Micromass,0.4,10,10,3,0.8333333333333334,1.6492728749872185,0.0,0.5374403340101708,2.1867192079953384
2026-07-14T15:09:53,KNN-Direct-Manhattan,Micromass,0.4,10,10,1,0.7777777777777778,1.5407062919985037,0.0,0.4868824169971049,2.027592791011557
2026-07-14T15:09:56,KNN-IC,Micromass,0.4,11,11,2,0.8055555555555556,2.923091000004206,0.5141423330060206,0.13271362500381656,3.569951665995177
2026-07-14T15:09:58,KNN-Direct,Micromass,0.4,11,11,4,0.7916666666666666,1.499297625006875,0.0,0.46812395798042417,1.9674247500079218
2026-07-14T15:10:01,KNN-Direct-Weighted,Micromass,0.4,11,11,5,0.8333333333333334,1.6580299579945859,0.0,0.5376699999906123,2.1957041670102626
2026-07-14T15:10:03,KNN-Direct-Manhattan,Micromass,0.4,11,11,3,0.7638888888888888,1.5310322910081595,0.0,0.48425162499188446,2.0152883749979082
2026-07-14T15:10:06,KNN-IC,Micromass,0.4,12,12,1,0.7777777777777778,2.786054541997146,0.42874495798605494,0.13358745799632743,3.3483911250077654
2026-07-14T15:10:08,KNN-Direct,Micromass,0.4,12,12,1,0.8194444444444444,1.4925994579971302,0.0,0.46450208401074633,1.9571055830165278
2026-07-14T15:10:10,KNN-Direct-Weighted,Micromass,0.4,12,12,1,0.8333333333333334,1.6330071660049725,0.0,0.5114391670213081,2.1444518330099527
2026-07-14T15:10:12,KNN-Direct-Manhattan,Micromass,0.4,12,12,1,0.8194444444444444,1.5009629580017645,0.0,0.4659802079841029,1.9669480829907116
2026-07-14T15:10:16,KNN-IC,Micromass,0.4,13,13,2,0.8333333333333334,2.8454681250150315,0.4841176249901764,0.13480904200696386,3.4644003749999683
2026-07-14T15:10:18,KNN-Direct,Micromass,0.4,13,13,1,0.7083333333333334,1.504591499979142,0.0,0.4664261669968255,1.9710215839731973
2026-07-14T15:10:20,KNN-Direct-Weighted,Micromass,0.4,13,13,4,0.75,1.649260415986646,0.0,0.5112835000036284,2.160549958003685
2026-07-14T15:10:22,KNN-Direct-Manhattan,Micromass,0.4,13,13,1,0.7083333333333334,1.511415290995501,0.0,0.4697857080027461,1.981205125019187
2026-07-14T15:10:25,KNN-IC,Micromass,0.4,14,14,2,0.8055555555555556,2.8014892500068527,0.47160791701753624,0.13271708402317017,3.4058179999992717
2026-07-14T15:10:27,KNN-Direct,Micromass,0.4,14,14,5,0.7777777777777778,1.5138472920225468,0.0,0.4737175830232445,1.987568749987986
2026-07-14T15:10:29,KNN-Direct-Weighted,Micromass,0.4,14,14,4,0.7916666666666666,1.6494319580087904,0.0,0.5111307080078404,2.1605676250183024
2026-07-14T15:10:31,KNN-Direct-Manhattan,Micromass,0.4,14,14,5,0.7777777777777778,1.495737499993993,0.0,0.4659370419976767,1.961679833009839
2026-07-14T15:10:35,KNN-IC,Micromass,0.4,15,15,2,0.8472222222222222,2.8380258749821223,0.4740764159942046,0.13343924999935552,3.4455463330086786
2026-07-14T15:10:37,KNN-Direct,Micromass,0.4,15,15,4,0.75,1.4955929170246236,0.0,0.4660165829991456,1.9616129999922123
2026-07-14T15:10:39,KNN-Direct-Weighted,Micromass,0.4,15,15,5,0.7638888888888888,1.6599714999902062,0.0,0.5192829589941539,2.1792604590009432
2026-07-14T15:10:41,KNN-Direct-Manhattan,Micromass,0.4,15,15,3,0.75,1.5067493749957066,0.0,0.46919587498996407,1.9759502910019364
2026-07-14T15:10:44,KNN-IC,Micromass,0.4,16,16,1,0.7916666666666666,2.775932374992408,0.4465579579991754,0.13233683301950805,3.354831375007052
2026-07-14T15:10:46,KNN-Direct,Micromass,0.4,16,16,4,0.7777777777777778,1.5031296249944717,0.0,0.48536191700259224,1.988495083001908
2026-07-14T15:10:48,KNN-Direct-Weighted,Micromass,0.4,16,16,4,0.7916666666666666,1.6488248329842463,0.0,0.5226663330104202,2.1714951250178274
2026-07-14T15:10:50,KNN-Direct-Manhattan,Micromass,0.4,16,16,3,0.7916666666666666,1.5037263330013957,0.0,0.4863484999805223,1.9900874170125462
2026-07-14T15:10:54,KNN-IC,Micromass,0.4,17,17,2,0.7777777777777778,2.874260583979776,0.4714745419914834,0.1347616669954732,3.4805034169985447
2026-07-14T15:10:56,KNN-Direct,Micromass,0.4,17,17,3,0.8055555555555556,1.5091779170033988,0.0,0.46574149999651127,1.974922958004754
2026-07-14T15:10:58,KNN-Direct-Weighted,Micromass,0.4,17,17,3,0.8055555555555556,1.662534000002779,0.0,0.5093239170091692,2.171863249997841
2026-07-14T15:11:00,KNN-Direct-Manhattan,Micromass,0.4,17,17,4,0.8194444444444444,1.498225041985279,0.0,0.4645056249864865,1.9627371670212597
2026-07-14T15:11:04,KNN-IC,Micromass,0.4,18,18,4,0.7916666666666666,2.745488791988464,0.8690064169932157,0.13242991699371487,3.7469297909992747
2026-07-14T15:11:06,KNN-Direct,Micromass,0.4,18,18,5,0.7083333333333334,1.5045413750049192,0.0,0.4725053749862127,1.9770502080209553
2026-07-14T15:11:08,KNN-Direct-Weighted,Micromass,0.4,18,18,1,0.75,1.658028625010047,0.0,0.5127662500017323,2.1707990409922786
2026-07-14T15:11:10,KNN-Direct-Manhattan,Micromass,0.4,18,18,4,0.7222222222222222,1.4966591249976773,0.0,0.466551666992018,1.9632149999961257
2026-07-14T15:11:13,KNN-IC,Micromass,0.4,19,19,2,0.8194444444444444,2.7641649169963785,0.4661699580028653,0.1331912919995375,3.363533791998634
2026-07-14T15:11:15,KNN-Direct,Micromass,0.4,19,19,1,0.7083333333333334,1.5041625000012573,0.0,0.46672470797784626,1.970891125005437
2026-07-14T15:11:17,KNN-Direct-Weighted,Micromass,0.4,19,19,1,0.7638888888888888,1.6463576249952894,0.0,0.5146792079904117,2.161041250015842
2026-07-14T15:11:19,KNN-Direct-Manhattan,Micromass,0.4,19,19,4,0.7638888888888888,1.7000667500251438,0.0,0.47229191701626405,2.172363833000418
2026-07-14T15:11:23,KNN-IC,Micromass,0.4,20,20,3,0.875,2.7648222080024425,0.49655449998681433,0.13208462501643226,3.3934658330108505
2026-07-14T15:11:25,KNN-Direct,Micromass,0.4,20,20,1,0.7777777777777778,1.6052880409988575,0.0,0.4754974580137059,2.0807896249752957
2026-07-14T15:11:27,KNN-Direct-Weighted,Micromass,0.4,20,20,5,0.875,1.7255993750004563,0.0,0.5327031670021825,2.2583067920058966
2026-07-14T15:11:29,KNN-Direct-Manhattan,Micromass,0.4,20,20,3,0.8333333333333334,1.5227739580150228,0.0,0.46727820800151676,1.9900567500153556
2026-07-14T15:11:33,KNN-IC,Micromass,0.4,21,21,1,0.7638888888888888,2.8409280420164578,0.5824039170111064,0.16592812500311993,3.5892670000030193
2026-07-14T15:11:35,KNN-Direct,Micromass,0.4,21,21,4,0.75,1.7225120830116794,0.0,0.48309599998174235,2.2056259169767145
2026-07-14T15:11:37,KNN-Direct-Weighted,Micromass,0.4,21,21,3,0.75,1.776130167010706,0.0,0.5241880840039812,2.3003237079828978
2026-07-14T15:11:39,KNN-Direct-Manhattan,Micromass,0.4,21,21,1,0.6944444444444444,1.5484021659940481,0.0,0.4877254589810036,2.036131666012807
2026-07-14T15:11:43,KNN-IC,Micromass,0.4,22,22,4,0.875,2.899559624987887,0.6983034579898231,0.13421929100877605,3.7320866670052055
2026-07-14T15:11:45,KNN-Direct,Micromass,0.4,22,22,3,0.7916666666666666,1.5084276669949759,0.0,0.4661927079723682,1.9746239579981193
2026-07-14T15:11:47,KNN-Direct-Weighted,Micromass,0.4,22,22,5,0.7916666666666666,1.6457853749743663,0.0,0.5126640840026084,2.158454541990068
2026-07-14T15:11:49,KNN-Direct-Manhattan,Micromass,0.4,22,22,4,0.7777777777777778,1.6559172089910135,0.0,0.4701020829961635,2.1260264590091538
2026-07-14T15:11:53,KNN-IC,Micromass,0.4,23,23,2,0.7638888888888888,2.7458847090019844,0.46297008398687467,0.1336283750133589,3.3424875409982633
2026-07-14T15:11:55,KNN-Direct,Micromass,0.4,23,23,5,0.7361111111111112,1.5264845839992631,0.0,0.4903622090059798,2.0168504169851076
2026-07-14T15:11:57,KNN-Direct-Weighted,Micromass,0.4,23,23,1,0.6527777777777778,1.6734283329860773,0.0,0.5156420000130311,2.1890754170017317
2026-07-14T15:11:59,KNN-Direct-Manhattan,Micromass,0.4,23,23,5,0.7361111111111112,1.5026129579928238,0.0,0.46841487500933,1.9710334590054117
2026-07-14T15:12:02,KNN-IC,Micromass,0.4,24,24,5,0.8194444444444444,2.705738000018755,0.6972438340017106,0.13317754201125354,3.5361639160255436
2026-07-14T15:12:05,KNN-Direct,Micromass,0.4,24,24,4,0.75,1.8240291669790167,0.0,0.4681300829979591,2.292163250007434
2026-07-14T15:12:07,KNN-Direct-Weighted,Micromass,0.4,24,24,4,0.75,1.6458838749967981,0.0,0.5145756670099217,2.16046445799293
2026-07-14T15:12:09,KNN-Direct-Manhattan,Micromass,0.4,24,24,3,0.75,1.5227734159852844,0.0,0.47201987501466647,1.9947984169994015
2026-07-14T15:12:13,KNN-IC,Micromass,0.4,25,25,4,0.8333333333333334,2.966840624983888,0.7877769169863313,0.13550762500381097,3.8901348329964094
2026-07-14T15:12:15,KNN-Direct,Micromass,0.4,25,25,3,0.6388888888888888,1.5022668750025332,0.0,0.4686017920030281,1.9708741669892333
2026-07-14T15:12:17,KNN-Direct-Weighted,Micromass,0.4,25,25,3,0.6527777777777778,1.6451897920051124,0.0,0.5101688329887111,2.155371708009625
2026-07-14T15:12:19,KNN-Direct-Manhattan,Micromass,0.4,25,25,4,0.625,1.656745750020491,0.0,0.46692487501422875,2.1236751659889705
2026-07-14T15:12:22,KNN-IC,Micromass,0.4,26,26,2,0.7777777777777778,2.7295216670027003,0.4695787090167869,0.1329673339787405,3.332071917015128
2026-07-14T15:12:24,KNN-Direct,Micromass,0.4,26,26,1,0.6805555555555556,1.5037273750058375,0.0,0.4711914999934379,1.9749230000015814
2026-07-14T15:12:26,KNN-Direct-Weighted,Micromass,0.4,26,26,3,0.6527777777777778,1.6475494579935912,0.0,0.5123739579867106,2.159928083012346
2026-07-14T15:12:28,KNN-Direct-Manhattan,Micromass,0.4,26,26,1,0.6805555555555556,1.4991785000020172,0.0,0.4738573750073556,1.9730407919851132
2026-07-14T15:12:32,KNN-IC,Micromass,0.4,27,27,1,0.75,2.7792788749793544,0.42635325001901947,0.13331566701526754,3.3389523749938235
2026-07-14T15:12:34,KNN-Direct,Micromass,0.4,27,27,4,0.6666666666666666,1.75543675001245,0.0,0.47730637501808815,2.232747208996443
2026-07-14T15:12:36,KNN-Direct-Weighted,Micromass,0.4,27,27,1,0.6944444444444444,1.6601279170135967,0.0,0.510534374974668,2.1706669999985024
2026-07-14T15:12:38,KNN-Direct-Manhattan,Micromass,0.4,27,27,1,0.7083333333333334,1.493622374982806,0.0,0.46454933399218135,1.9581774580001365
2026-07-14T15:12:42,KNN-IC,Micromass,0.4,28,28,2,0.8194444444444444,2.7585105419857427,0.4693520000146236,0.13260808298946358,3.360474333021557
2026-07-14T15:12:44,KNN-Direct,Micromass,0.4,28,28,3,0.7222222222222222,1.5025569169956725,0.0,0.46350887499284,1.96607095800573
2026-07-14T15:12:46,KNN-Direct-Weighted,Micromass,0.4,28,28,5,0.7638888888888888,1.6450420829933137,0.0,0.5128171670075972,2.1578642090025824
2026-07-14T15:12:48,KNN-Direct-Manhattan,Micromass,0.4,28,28,3,0.7222222222222222,1.507499250001274,0.0,0.46844299999065697,1.9759467089897953
2026-07-14T15:12:51,KNN-IC,Micromass,0.4,29,29,3,0.7777777777777778,2.968359959020745,0.5122201670019422,0.13482095798826776,3.615407334000338
2026-07-14T15:12:53,KNN-Direct,Micromass,0.4,29,29,1,0.7083333333333334,1.5175664590205997,0.0,0.46316570800263435,1.9807364160078578
2026-07-14T15:12:55,KNN-Direct-Weighted,Micromass,0.4,29,29,4,0.7361111111111112,1.674098249990493,0.0,0.5182196669920813,2.192322791001061
2026-07-14T15:12:57,KNN-Direct-Manhattan,Micromass,0.4,29,29,4,0.7361111111111112,1.5050638749962673,0.0,0.4680342090141494,1.973102416988695
2026-07-14T15:13:01,KNN-IC,Micromass,0.4,30,30,1,0.6388888888888888,2.753871540975524,0.4890664170088712,0.1327160829969216,3.375658459000988
2026-07-14T15:13:03,KNN-Direct,Micromass,0.4,30,30,3,0.75,1.5093891249853186,0.0,0.48448220899445005,1.9938749579887372
2026-07-14T15:13:05,KNN-Direct-Weighted,Micromass,0.4,30,30,1,0.7638888888888888,1.7742732500191778,0.0,0.5323517079814337,2.3066290830029175
2026-07-14T15:13:07,KNN-Direct-Manhattan,Micromass,0.4,30,30,5,0.7222222222222222,1.5136248749913648,0.0,0.4668096669774968,1.9804388330085203
2026-07-14T15:13:11,KNN-IC,Micromass,0.4,31,31,2,0.8333333333333334,2.7701286250085104,0.5112314169819001,0.1325549159955699,3.4139200000208803
2026-07-14T15:13:13,KNN-Direct,Micromass,0.4,31,31,1,0.7083333333333334,1.5487236250191927,0.0,0.4721728330187034,2.020899458002532
2026-07-14T15:13:15,KNN-Direct-Weighted,Micromass,0.4,31,31,1,0.7083333333333334,1.6447685839957558,0.0,0.5114601249806583,2.1562332090106793
2026-07-14T15:13:17,KNN-Direct-Manhattan,Micromass,0.4,31,31,1,0.7083333333333334,1.5045996669796295,0.0,0.46662966601434164,1.9712330420152284
2026-07-14T15:13:21,KNN-IC,Micromass,0.4,32,32,4,0.7083333333333334,3.4439849170157686,0.7051560409890953,0.13517912500537932,4.284326749999309
2026-07-14T15:13:23,KNN-Direct,Micromass,0.4,32,32,3,0.6805555555555556,1.5280572079936974,0.0,0.4704840000194963,1.9985459579911549
2026-07-14T15:13:25,KNN-Direct-Weighted,Micromass,0.4,32,32,5,0.7361111111111112,1.6607405840186402,0.0,0.5187361249991227,2.1794852500024717
2026-07-14T15:13:27,KNN-Direct-Manhattan,Micromass,0.4,32,32,1,0.6944444444444444,1.5015828750038054,0.0,0.47009641700424254,1.971685124997748
2026-07-14T15:13:31,KNN-IC,Micromass,0.4,33,33,5,0.7361111111111112,2.773735624999972,0.7046326659910847,0.13376204200903885,3.6121359590033535
2026-07-14T15:13:33,KNN-Direct,Micromass,0.4,33,33,1,0.7083333333333334,1.505757334001828,0.0,0.46484425000380725,1.9706058750161901
2026-07-14T15:13:35,KNN-Direct-Weighted,Micromass,0.4,33,33,4,0.7361111111111112,1.7839534170052502,0.0,0.5246525419934187,2.308610374981072
2026-07-14T15:13:37,KNN-Direct-Manhattan,Micromass,0.4,33,33,1,0.7083333333333334,1.5634830000053626,0.0,0.48087674999260344,2.044363875000272
2026-07-14T15:13:40,KNN-IC,Micromass,0.4,34,34,3,0.6944444444444444,2.7648626669833902,0.5012473330134526,0.1336878330039326,3.3998024580068886
2026-07-14T15:13:42,KNN-Direct,Micromass,0.4,34,34,5,0.625,1.5056292910012417,0.0,0.4709350000193808,1.976568749989383
2026-07-14T15:13:45,KNN-Direct-Weighted,Micromass,0.4,34,34,1,0.75,1.6667235000059009,0.0,0.5157591669994872,2.1824870409909636
2026-07-14T15:13:47,KNN-Direct-Manhattan,Micromass,0.4,34,34,1,0.7361111111111112,1.4955642919812817,0.0,0.4668679579917807,1.9624367500073276
2026-07-14T15:13:50,KNN-IC,Micromass,0.4,35,35,2,0.7916666666666666,3.0639576250105165,0.4547412920219358,0.13275108402012847,3.651454125007149
2026-07-14T15:13:52,KNN-Direct,Micromass,0.4,35,35,4,0.7222222222222222,1.499316290981369,0.0,0.4691706669982523,1.9684913749806583
2026-07-14T15:13:54,KNN-Direct-Weighted,Micromass,0.4,35,35,1,0.7222222222222222,1.656392542005051,0.0,0.5134570829977747,2.1698552500165533
2026-07-14T15:13:56,KNN-Direct-Manhattan,Micromass,0.4,35,35,3,0.7777777777777778,1.5290860000241082,0.0,0.4757592089881655,2.0048506669991184
2026-07-14T15:14:00,KNN-IC,Micromass,0.4,36,36,2,0.8194444444444444,2.8829025409941096,0.5206867500091903,0.13636091697844677,3.539956374996109
2026-07-14T15:14:02,KNN-Direct,Micromass,0.4,36,36,5,0.6944444444444444,1.5413243750226684,0.0,0.47139041702030227,2.0127173340006266
2026-07-14T15:14:04,KNN-Direct-Weighted,Micromass,0.4,36,36,5,0.6805555555555556,1.8275574170111213,0.0,0.5135649170260876,2.3411271670192946
2026-07-14T15:14:06,KNN-Direct-Manhattan,Micromass,0.4,36,36,4,0.7222222222222222,1.5139856250025332,0.0,0.469836749980459,1.9838268329913262
2026-07-14T15:14:10,KNN-IC,Micromass,0.4,37,37,1,0.7638888888888888,2.775427499989746,0.43039533399860375,0.13334191701142117,3.339168750011595
2026-07-14T15:14:12,KNN-Direct,Micromass,0.4,37,37,1,0.6666666666666666,1.5066240830055904,0.0,0.4666162079956848,1.9732446670241188
2026-07-14T15:14:14,KNN-Direct-Weighted,Micromass,0.4,37,37,5,0.7638888888888888,1.6795484999893233,0.0,0.5131039579864591,2.1926573750097305
2026-07-14T15:14:16,KNN-Direct-Manhattan,Micromass,0.4,37,37,1,0.6666666666666666,1.4982142080261838,0.0,0.4640474999905564,1.9622675419959705
2026-07-14T15:14:19,KNN-IC,Micromass,0.4,38,38,3,0.8611111111111112,2.904291375016328,0.4994612500013318,0.13435470798867755,3.5381116250064224
2026-07-14T15:14:21,KNN-Direct,Micromass,0.4,38,38,5,0.7361111111111112,1.5201847499993164,0.0,0.4735186669859104,1.9937067920109257
2026-07-14T15:14:24,KNN-Direct-Weighted,Micromass,0.4,38,38,1,0.6388888888888888,1.6680212499923073,0.0,0.519145334023051,2.187171583005693
2026-07-14T15:14:25,KNN-Direct-Manhattan,Micromass,0.4,38,38,1,0.6666666666666666,1.5031277909874916,0.0,0.46681504099979065,1.969948292011395
2026-07-14T15:14:29,KNN-IC,Micromass,0.4,39,39,2,0.8472222222222222,2.65090258300188,0.46809670800575987,0.13467070800834335,3.2536745419783983
2026-07-14T15:14:31,KNN-Direct,Micromass,0.4,39,39,3,0.6805555555555556,1.4955771660024766,0.0,0.4666367919999175,1.9622176669945475
2026-07-14T15:14:33,KNN-Direct-Weighted,Micromass,0.4,39,39,3,0.6666666666666666,1.6538330829935148,0.0,0.5214695000031497,2.175306332996115
2026-07-14T15:14:35,KNN-Direct-Manhattan,Micromass,0.4,39,39,1,0.6944444444444444,1.7078003750066273,0.0,0.481874124991009,2.1896809169847984
2026-07-14T15:14:39,KNN-IC,Micromass,0.5,0,0,2,0.8194444444444444,2.814228292001644,0.492968833015766,0.13496037499862723,3.442161874991143
2026-07-14T15:14:40,KNN-Direct,Micromass,0.5,0,0,3,0.7083333333333334,1.4109621249954216,0.0,0.4372160829952918,1.8481837080034893
2026-07-14T15:14:42,KNN-Direct-Weighted,Micromass,0.5,0,0,1,0.6388888888888888,1.5699635419878177,0.0,0.48529833398060873,2.0552729170012753
2026-07-14T15:14:44,KNN-Direct-Manhattan,Micromass,0.5,0,0,1,0.6805555555555556,1.417453125002794,0.0,0.4409766659955494,1.858434750000015
2026-07-14T15:14:48,KNN-IC,Micromass,0.5,1,1,5,0.7083333333333334,2.909501167014241,0.7772365839919075,0.2280713329964783,3.9148162080091424
2026-07-14T15:14:50,KNN-Direct,Micromass,0.5,1,1,5,0.7361111111111112,1.510172957991017,0.0,0.44258100001025014,1.9527579579735175
2026-07-14T15:14:52,KNN-Direct-Weighted,Micromass,0.5,1,1,4,0.7361111111111112,1.5980820830154698,0.0,0.4877735829795711,2.0858604579989333
2026-07-14T15:14:54,KNN-Direct-Manhattan,Micromass,0.5,1,1,3,0.75,1.4186853330174927,0.0,0.4438217499991879,1.8625107079860754
2026-07-14T15:14:58,KNN-IC,Micromass,0.5,2,2,4,0.75,2.822584083012771,0.71593008300988,0.13324612498399802,3.6717647499754094
2026-07-14T15:15:00,KNN-Direct,Micromass,0.5,2,2,5,0.7083333333333334,1.4103528340056073,0.0,0.4415100829792209,1.8518679170229007
2026-07-14T15:15:02,KNN-Direct-Weighted,Micromass,0.5,2,2,5,0.7083333333333334,1.56654529098887,0.0,0.4896552919817623,2.056205666012829
2026-07-14T15:15:04,KNN-Direct-Manhattan,Micromass,0.5,2,2,3,0.6666666666666666,1.5256451669847593,0.0,0.46678745798999444,1.9924363330064807
2026-07-14T15:15:07,KNN-IC,Micromass,0.5,3,3,3,0.7777777777777778,2.773529124999186,0.5155978749971837,0.13314400002127513,3.4222750829940196
2026-07-14T15:15:09,KNN-Direct,Micromass,0.5,3,3,3,0.7361111111111112,1.4090680419758428,0.0,0.4378959170135204,1.8469687920005526
2026-07-14T15:15:11,KNN-Direct-Weighted,Micromass,0.5,3,3,3,0.7222222222222222,1.5840102499932982,0.0,0.49863066599937156,2.0826456659997348
2026-07-14T15:15:13,KNN-Direct-Manhattan,Micromass,0.5,3,3,4,0.6944444444444444,1.4339457909809425,0.0,0.43878433300415054,1.8727348750107922
2026-07-14T15:15:16,KNN-IC,Micromass,0.5,4,4,2,0.7777777777777778,2.8698612499865703,0.4766188339854125,0.13516820900258608,3.481654792005429
2026-07-14T15:15:18,KNN-Direct,Micromass,0.5,4,4,1,0.7638888888888888,1.4155322500155307,0.0,0.604066416999558,2.0196032500243746
2026-07-14T15:15:21,KNN-Direct-Weighted,Micromass,0.5,4,4,1,0.7638888888888888,1.8975892500020564,0.0,0.49547979098861106,2.393075542000588
2026-07-14T15:15:23,KNN-Direct-Manhattan,Micromass,0.5,4,4,5,0.7638888888888888,1.4418718329980038,0.0,0.453999291989021,1.895875917020021
2026-07-14T15:15:26,KNN-IC,Micromass,0.5,5,5,2,0.7777777777777778,3.045279457990546,0.48353091700118966,0.13275816701934673,3.661572499986505
2026-07-14T15:15:28,KNN-Direct,Micromass,0.5,5,5,3,0.8333333333333334,1.4096609580155928,0.0,0.437945249985205,1.8476099580002483
2026-07-14T15:15:30,KNN-Direct-Weighted,Micromass,0.5,5,5,5,0.8055555555555556,1.6254602919798344,0.0,0.5088690830161795,2.1343331249954645
2026-07-14T15:15:32,KNN-Direct-Manhattan,Micromass,0.5,5,5,3,0.8333333333333334,1.4333170000172686,0.0,0.43785704200854525,1.871178916975623
2026-07-14T15:15:36,KNN-IC,Micromass,0.5,6,6,1,0.8194444444444444,2.9197813750070054,0.4439607079839334,0.13485941701219417,3.498608541005524
2026-07-14T15:15:38,KNN-Direct,Micromass,0.5,6,6,3,0.7638888888888888,1.4126120829896536,0.0,0.4380657500005327,1.8506819579924922
2026-07-14T15:15:40,KNN-Direct-Weighted,Micromass,0.5,6,6,5,0.7638888888888888,1.5797438329900615,0.0,0.49330058399937116,2.073049707978498
2026-07-14T15:15:42,KNN-Direct-Manhattan,Micromass,0.5,6,6,1,0.8055555555555556,1.4267719159834087,0.0,0.44659920802223496,1.873377125011757
2026-07-14T15:15:45,KNN-IC,Micromass,0.5,7,7,1,0.6805555555555556,2.829711041995324,0.4367876669857651,0.13475887500680983,3.401262291998137
2026-07-14T15:15:47,KNN-Direct,Micromass,0.5,7,7,4,0.7222222222222222,1.4199688750086352,0.0,0.444081666006241,1.8640538750041742
2026-07-14T15:15:49,KNN-Direct-Weighted,Micromass,0.5,7,7,1,0.7638888888888888,1.8001378340122756,0.0,0.492472583980998,2.2926156249886844
2026-07-14T15:15:51,KNN-Direct-Manhattan,Micromass,0.5,7,7,1,0.75,1.408146208996186,0.0,0.449370332993567,1.857521750003798
2026-07-14T15:15:54,KNN-IC,Micromass,0.5,8,8,2,0.7777777777777778,2.834641458990518,0.49711458300589584,0.13640466600190848,3.4681646669923794
2026-07-14T15:15:56,KNN-Direct,Micromass,0.5,8,8,1,0.7222222222222222,1.4151585829968099,0.0,0.4391580839874223,1.8543202500150073
2026-07-14T15:15:58,KNN-Direct-Weighted,Micromass,0.5,8,8,3,0.7083333333333334,1.566632041009143,0.0,0.4895894170040265,2.0562260420119856
2026-07-14T15:16:00,KNN-Direct-Manhattan,Micromass,0.5,8,8,3,0.7083333333333334,1.4128154999925755,0.0,0.4369731660117395,1.8497935419727582
2026-07-14T15:16:04,KNN-IC,Micromass,0.5,9,9,2,0.7916666666666666,3.018612125015352,0.6637919589993544,0.13406625000061467,3.8164761250081938
2026-07-14T15:16:06,KNN-Direct,Micromass,0.5,9,9,3,0.7361111111111112,1.4190755829913542,0.0,0.4394242920097895,1.858504208008526
2026-07-14T15:16:08,KNN-Direct-Weighted,Micromass,0.5,9,9,1,0.6805555555555556,1.571994584024651,0.0,0.48830366699257866,2.0603022499999497
2026-07-14T15:16:10,KNN-Direct-Manhattan,Micromass,0.5,9,9,1,0.6944444444444444,1.4400308750045951,0.0,0.44665274998988025,1.886688917002175
2026-07-14T15:16:13,KNN-IC,Micromass,0.5,10,10,1,0.7916666666666666,2.7994888329994865,0.43723587499698624,0.13308437500381842,3.3698133750003763
2026-07-14T15:16:15,KNN-Direct,Micromass,0.5,10,10,4,0.8194444444444444,1.4053189590049442,0.0,0.4387964999768883,1.8441193340113387
2026-07-14T15:16:17,KNN-Direct-Weighted,Micromass,0.5,10,10,1,0.7916666666666666,1.5620532910106704,0.0,0.4866642499982845,2.0487227919802535
2026-07-14T15:16:19,KNN-Direct-Manhattan,Micromass,0.5,10,10,1,0.7916666666666666,1.5557212919811718,0.0,0.45927558300900273,2.0150009589851834
2026-07-14T15:16:23,KNN-IC,Micromass,0.5,11,11,2,0.7222222222222222,2.8870232079934794,0.48433333297725767,0.13291754201054573,3.504282666981453
2026-07-14T15:16:25,KNN-Direct,Micromass,0.5,11,11,5,0.8194444444444444,1.425095082988264,0.0,0.44038395801908337,1.8654837920039427
2026-07-14T15:16:27,KNN-Direct-Weighted,Micromass,0.5,11,11,4,0.8333333333333334,1.6069967499934137,0.0,0.487668042012956,2.0946707089897245
2026-07-14T15:16:29,KNN-Direct-Manhattan,Micromass,0.5,11,11,1,0.8055555555555556,1.4315739159937948,0.0,0.43783258297480643,1.869411041989224
2026-07-14T15:16:32,KNN-IC,Micromass,0.5,12,12,1,0.7638888888888888,2.8677602499956265,0.43876299998373725,0.13333620899356902,3.439863833016716
2026-07-14T15:16:34,KNN-Direct,Micromass,0.5,12,12,4,0.7916666666666666,1.5707235829904675,0.0,0.5739419999881648,2.1446704999834765
2026-07-14T15:16:36,KNN-Direct-Weighted,Micromass,0.5,12,12,4,0.7916666666666666,1.5561912919802126,0.0,0.48922312501235865,2.045419458008837
2026-07-14T15:16:38,KNN-Direct-Manhattan,Micromass,0.5,12,12,1,0.7777777777777778,1.418867375003174,0.0,0.44698129198513925,1.8658540830074344
2026-07-14T15:16:41,KNN-IC,Micromass,0.5,13,13,2,0.7916666666666666,2.779543292010203,0.4838660419918597,0.13328795798588544,3.3967008750187233
2026-07-14T15:16:43,KNN-Direct,Micromass,0.5,13,13,1,0.7361111111111112,1.4209549590013921,0.0,0.44017479199101217,1.8611337500042282
2026-07-14T15:16:45,KNN-Direct-Weighted,Micromass,0.5,13,13,5,0.6666666666666666,1.5755406660027802,0.0,0.4821677090076264,2.0577129580196925
2026-07-14T15:16:47,KNN-Direct-Manhattan,Micromass,0.5,13,13,4,0.6527777777777778,1.4250683750142343,0.0,0.4389492079790216,1.8640224160044454
2026-07-14T15:16:51,KNN-IC,Micromass,0.5,14,14,1,0.7916666666666666,3.2455156659998465,0.43482754100114107,0.13350479200016707,3.8138525419926737
2026-07-14T15:16:53,KNN-Direct,Micromass,0.5,14,14,1,0.7083333333333334,1.4225919999880716,0.0,0.44713733400567435,1.8697331660077907
2026-07-14T15:16:55,KNN-Direct-Weighted,Micromass,0.5,14,14,3,0.75,1.569906415999867,0.0,0.5095033750112634,2.079414749983698
2026-07-14T15:16:57,KNN-Direct-Manhattan,Micromass,0.5,14,14,1,0.7083333333333334,1.435188957984792,0.0,0.4390736659988761,1.8742675420071464
2026-07-14T15:17:00,KNN-IC,Micromass,0.5,15,15,2,0.7916666666666666,2.892498250002973,0.48971604197868146,0.13435316699906252,3.5165711670124438
2026-07-14T15:17:02,KNN-Direct,Micromass,0.5,15,15,4,0.7638888888888888,1.432684542000061,0.0,0.4402920830179937,1.8729808329953812
2026-07-14T15:17:04,KNN-Direct-Weighted,Micromass,0.5,15,15,4,0.7777777777777778,1.6665507919969968,0.0,0.4846617500006687,2.151217083010124
2026-07-14T15:17:06,KNN-Direct-Manhattan,Micromass,0.5,15,15,1,0.7638888888888888,1.406179167010123,0.0,0.43643137501203455,1.8426160830131266
2026-07-14T15:17:10,KNN-IC,Micromass,0.5,16,16,2,0.8611111111111112,2.7832806250080466,0.4755203750100918,0.13340954098384827,3.3922146249969956
2026-07-14T15:17:12,KNN-Direct,Micromass,0.5,16,16,3,0.7916666666666666,1.4127608340058941,0.0,0.44412054200074635,1.8568847500137053
2026-07-14T15:17:14,KNN-Direct-Weighted,Micromass,0.5,16,16,5,0.7916666666666666,1.5800857089925557,0.0,0.4903059999924153,2.070396625000285
2026-07-14T15:17:15,KNN-Direct-Manhattan,Micromass,0.5,16,16,5,0.7777777777777778,1.422994334017858,0.0,0.4394410000240896,1.8624411250057165
2026-07-14T15:17:19,KNN-IC,Micromass,0.5,17,17,2,0.7361111111111112,2.763315040996531,0.5572876250080299,0.1352134580083657,3.4558206670044456
2026-07-14T15:17:21,KNN-Direct,Micromass,0.5,17,17,4,0.7916666666666666,1.4116944579873234,0.0,0.44914629199774936,1.8608442080148961
2026-07-14T15:17:23,KNN-Direct-Weighted,Micromass,0.5,17,17,4,0.75,1.5646019999985583,0.0,0.4924149159924127,2.0570223750255536
2026-07-14T15:17:25,KNN-Direct-Manhattan,Micromass,0.5,17,17,1,0.7361111111111112,1.4235493750020396,0.0,0.44535850000102073,1.86891225000727
2026-07-14T15:17:28,KNN-IC,Micromass,0.5,18,18,3,0.8055555555555556,2.8730952499900013,0.5280476250045467,0.1366705000109505,3.537817292002728
2026-07-14T15:17:30,KNN-Direct,Micromass,0.5,18,18,4,0.7083333333333334,1.4298025000025518,0.0,0.44303887500427663,1.8728457919787616
2026-07-14T15:17:32,KNN-Direct-Weighted,Micromass,0.5,18,18,3,0.6805555555555556,1.5681962080125231,0.0,0.48479808299453,2.052998875005869
2026-07-14T15:17:34,KNN-Direct-Manhattan,Micromass,0.5,18,18,4,0.7083333333333334,1.5186154579860158,0.0,0.4377964590094052,1.956417417008197
2026-07-14T15:17:38,KNN-IC,Micromass,0.5,19,19,2,0.7222222222222222,2.899399917019764,0.4918282500002533,0.13538575000711717,3.5266175830038264
2026-07-14T15:17:40,KNN-Direct,Micromass,0.5,19,19,4,0.7222222222222222,1.4236410410085227,0.0,0.4414302079821937,1.8650751670065802
2026-07-14T15:17:42,KNN-Direct-Weighted,Micromass,0.5,19,19,1,0.7638888888888888,1.5734191660012584,0.0,0.48595954198390245,2.0593835420149844
2026-07-14T15:17:43,KNN-Direct-Manhattan,Micromass,0.5,19,19,5,0.7222222222222222,1.4100916250026785,0.0,0.43548933300189674,1.84558641599142
2026-07-14T15:17:47,KNN-IC,Micromass,0.5,20,20,3,0.8194444444444444,2.857585999998264,0.5174402089905925,0.1350413330073934,3.510071374999825
2026-07-14T15:17:49,KNN-Direct,Micromass,0.5,20,20,1,0.7777777777777778,1.595022624998819,0.0,0.6125479580077808,2.207574375002878
2026-07-14T15:17:51,KNN-Direct-Weighted,Micromass,0.5,20,20,4,0.8194444444444444,1.566536124999402,0.0,0.4876963330025319,2.054238125012489
2026-07-14T15:17:53,KNN-Direct-Manhattan,Micromass,0.5,20,20,1,0.7777777777777778,1.4125935829943046,0.0,0.43787104199873284,1.8504692499991506
2026-07-14T15:17:57,KNN-IC,Micromass,0.5,21,21,2,0.8333333333333334,2.9213990829885006,0.5025755829992704,0.13644899998325855,3.5604283749999013
2026-07-14T15:17:59,KNN-Direct,Micromass,0.5,21,21,4,0.7222222222222222,1.4217802500061225,0.0,0.4432062920241151,1.864990250003757
2026-07-14T15:18:01,KNN-Direct-Weighted,Micromass,0.5,21,21,1,0.7083333333333334,1.5792875830084085,0.0,0.48803912501898594,2.0673322090005968
2026-07-14T15:18:02,KNN-Direct-Manhattan,Micromass,0.5,21,21,5,0.7638888888888888,1.4195739999995567,0.0,0.43893816601485014,1.8585171669838019
2026-07-14T15:18:06,KNN-IC,Micromass,0.5,22,22,3,0.8055555555555556,3.0162947500066366,0.5168674169981387,0.1338593749969732,3.667025915987324
2026-07-14T15:18:08,KNN-Direct,Micromass,0.5,22,22,1,0.75,1.4033387920062523,0.0,0.4372974160069134,1.8406395409838296
2026-07-14T15:18:10,KNN-Direct-Weighted,Micromass,0.5,22,22,3,0.8194444444444444,1.5705175420152955,0.0,0.488317042007111,2.058840000012424
2026-07-14T15:18:12,KNN-Direct-Manhattan,Micromass,0.5,22,22,5,0.8055555555555556,1.422337541996967,0.0,0.43845916699501686,1.8608010830066632
2026-07-14T15:18:15,KNN-IC,Micromass,0.5,23,23,3,0.6527777777777778,2.8712554579833522,0.536219791014446,0.13382399998954497,3.541303208010504
2026-07-14T15:18:17,KNN-Direct,Micromass,0.5,23,23,5,0.7361111111111112,1.4202972079801839,0.0,0.44473200000356883,1.865032790985424
2026-07-14T15:18:20,KNN-Direct-Weighted,Micromass,0.5,23,23,1,0.6527777777777778,1.6982088750228286,0.0,0.4868363749992568,2.1850507500057574
2026-07-14T15:18:21,KNN-Direct-Manhattan,Micromass,0.5,23,23,1,0.6805555555555556,1.4206866250024177,0.0,0.43853775001480244,1.8592294999980368
2026-07-14T15:18:25,KNN-IC,Micromass,0.5,24,24,5,0.8333333333333334,2.852203082991764,0.7419468749722,0.13395729201147333,3.728112791024614
2026-07-14T15:18:27,KNN-Direct,Micromass,0.5,24,24,1,0.6666666666666666,1.4151012079964858,0.0,0.4394166250131093,1.8545204169931822
2026-07-14T15:18:29,KNN-Direct-Weighted,Micromass,0.5,24,24,1,0.6527777777777778,1.561771291977493,0.0,0.48407816601684317,2.045854124997277
2026-07-14T15:18:31,KNN-Direct-Manhattan,Micromass,0.5,24,24,1,0.6666666666666666,1.4056074580003042,0.0,0.43678262500907294,1.842394332983531
2026-07-14T15:18:35,KNN-IC,Micromass,0.5,25,25,3,0.8055555555555556,3.1416980829962995,0.5957645410089754,0.13385304200346582,3.871320291014854
2026-07-14T15:18:37,KNN-Direct,Micromass,0.5,25,25,3,0.6805555555555556,1.429704040987417,0.0,0.4466135000111535,1.8763217499945313
2026-07-14T15:18:39,KNN-Direct-Weighted,Micromass,0.5,25,25,5,0.7361111111111112,1.586494916002266,0.0,0.48706308301188983,2.0735635840101168
2026-07-14T15:18:41,KNN-Direct-Manhattan,Micromass,0.5,25,25,3,0.6805555555555556,1.4164402910100762,0.0,0.43530049998662435,1.851746040978469
2026-07-14T15:18:44,KNN-IC,Micromass,0.5,26,26,1,0.7083333333333334,2.832849124999484,0.44082970899762586,0.13399449997814372,3.407677709008567
2026-07-14T15:18:46,KNN-Direct,Micromass,0.5,26,26,1,0.6666666666666666,1.4103806670173071,0.0,0.43680345799657516,1.847188957995968
2026-07-14T15:18:48,KNN-Direct-Weighted,Micromass,0.5,26,26,1,0.6666666666666666,1.554900249990169,0.0,0.48432879100437276,2.039234583004145
2026-07-14T15:18:50,KNN-Direct-Manhattan,Micromass,0.5,26,26,5,0.6944444444444444,1.5221103339863475,0.0,0.43737199998577125,1.9594861670047976
2026-07-14T15:18:54,KNN-IC,Micromass,0.5,27,27,4,0.7638888888888888,2.8875072920054663,0.7644995840091724,0.13282791600795463,3.7848387499980163
2026-07-14T15:18:55,KNN-Direct,Micromass,0.5,27,27,4,0.6388888888888888,1.4050954170234036,0.0,0.4362239580077585,1.8413229580037296
2026-07-14T15:18:58,KNN-Direct-Weighted,Micromass,0.5,27,27,5,0.6527777777777778,1.5536072500108276,0.0,0.48375470799510367,2.037366916978499
2026-07-14T15:18:59,KNN-Direct-Manhattan,Micromass,0.5,27,27,3,0.5694444444444444,1.4123593749827705,0.0,0.43723100001807325,1.849595000006957
2026-07-14T15:19:03,KNN-IC,Micromass,0.5,28,28,2,0.8055555555555556,2.83557224998367,0.4776772500190418,0.13397741699009202,3.4472312500001863
2026-07-14T15:19:05,KNN-Direct,Micromass,0.5,28,28,1,0.7361111111111112,1.596934915985912,0.0,0.43779395800083876,2.0347332500095945
2026-07-14T15:19:07,KNN-Direct-Weighted,Micromass,0.5,28,28,4,0.7083333333333334,1.5503308750048745,0.0,0.4961499999917578,2.046485708997352
2026-07-14T15:19:09,KNN-Direct-Manhattan,Micromass,0.5,28,28,1,0.7361111111111112,1.41086291699321,0.0,0.43937549999100156,1.8502432919922285
2026-07-14T15:19:12,KNN-IC,Micromass,0.5,29,29,1,0.7222222222222222,2.738068792008562,0.44067883302341215,0.13308291698922403,3.3118340419896413
2026-07-14T15:19:14,KNN-Direct,Micromass,0.5,29,29,5,0.7222222222222222,1.4062557079887483,0.0,0.43664620799245313,1.8429058750043623
2026-07-14T15:19:16,KNN-Direct-Weighted,Micromass,0.5,29,29,5,0.7361111111111112,1.5545470000070054,0.0,0.4837324580003042,2.038284417008981
2026-07-14T15:19:18,KNN-Direct-Manhattan,Micromass,0.5,29,29,3,0.6805555555555556,1.403562082996359,0.0,0.43658679199870676,1.8401540000049863
2026-07-14T15:19:21,KNN-IC,Micromass,0.5,30,30,1,0.6805555555555556,3.0214970000088215,0.43666912501794286,0.1334267919883132,3.591596667014528
2026-07-14T15:19:23,KNN-Direct,Micromass,0.5,30,30,4,0.7083333333333334,1.4137084170070011,0.0,0.4493954579811543,1.8631069579860196
2026-07-14T15:19:25,KNN-Direct-Weighted,Micromass,0.5,30,30,3,0.6666666666666666,1.576635208009975,0.0,0.49196945800213143,2.0686096670106053
2026-07-14T15:19:27,KNN-Direct-Manhattan,Micromass,0.5,30,30,5,0.6944444444444444,1.4263871670118533,0.0,0.4579700419853907,1.8843631249910686
2026-07-14T15:19:31,KNN-IC,Micromass,0.5,31,31,4,0.7916666666666666,2.927784833998885,0.7484069160127547,0.16369262500666082,3.8398947499808855
2026-07-14T15:19:33,KNN-Direct,Micromass,0.5,31,31,1,0.7083333333333334,1.4176782499998808,0.0,0.43715629199869,1.8548402079904918
2026-07-14T15:19:35,KNN-Direct-Weighted,Micromass,0.5,31,31,1,0.7361111111111112,1.7073992090008687,0.0,0.49521070800255984,2.2026167919975705
2026-07-14T15:19:37,KNN-Direct-Manhattan,Micromass,0.5,31,31,3,0.75,1.4289545000065118,0.0,0.4463656669831835,1.8753243749961257
2026-07-14T15:19:41,KNN-IC,Micromass,0.5,32,32,2,0.6944444444444444,2.8864503749937285,0.5339658749871887,0.14925866699195467,3.569681708002463
2026-07-14T15:19:42,KNN-Direct,Micromass,0.5,32,32,5,0.6805555555555556,1.4102240419888403,0.0,0.4378767909947783,1.8481046250090003
2026-07-14T15:19:45,KNN-Direct-Weighted,Micromass,0.5,32,32,1,0.6527777777777778,1.5937452079961076,0.0,0.502522750000935,2.096271791990148
2026-07-14T15:19:46,KNN-Direct-Manhattan,Micromass,0.5,32,32,1,0.6666666666666666,1.4599539169867057,0.0,0.4603063749964349,1.920264499989571
2026-07-14T15:19:52,KNN-IC,Micromass,0.5,33,33,2,0.7222222222222222,4.234096166997915,0.8210740840004291,0.13760179199744016,5.192778500000713
2026-07-14T15:19:54,KNN-Direct,Micromass,0.5,33,33,1,0.6111111111111112,1.4660130420234054,0.0,0.4396841670095455,1.9057005000067875
2026-07-14T15:19:56,KNN-Direct-Weighted,Micromass,0.5,33,33,4,0.7083333333333334,1.6095365420042071,0.0,0.5165785409917589,2.126118749991292
2026-07-14T15:19:58,KNN-Direct-Manhattan,Micromass,0.5,33,33,4,0.7361111111111112,1.4518227910157293,0.0,0.5469278329983354,1.9987545830081217
2026-07-14T15:20:01,KNN-IC,Micromass,0.5,34,34,1,0.7638888888888888,3.0955641669861507,0.5108104579849169,0.13511075000860728,3.7414925830089487
2026-07-14T15:20:03,KNN-Direct,Micromass,0.5,34,34,1,0.625,1.4831040420103818,0.0,0.5459398749808315,2.029047834017547
2026-07-14T15:20:06,KNN-Direct-Weighted,Micromass,0.5,34,34,4,0.6666666666666666,1.6539965000119992,0.0,0.493112750002183,2.1471146669937298
2026-07-14T15:20:08,KNN-Direct-Manhattan,Micromass,0.5,34,34,3,0.6388888888888888,1.448771208000835,0.0,0.45155299999169074,1.9003296660084743
2026-07-14T15:20:11,KNN-IC,Micromass,0.5,35,35,1,0.625,2.8940922920010053,0.44213537499308586,0.13352162498631515,3.469753250014037
2026-07-14T15:20:13,KNN-Direct,Micromass,0.5,35,35,1,0.6944444444444444,1.4242070830077864,0.0,0.4453468330029864,1.8695587920083199
2026-07-14T15:20:15,KNN-Direct-Weighted,Micromass,0.5,35,35,1,0.7222222222222222,1.5780805829854216,0.0,0.48359841702040285,2.0616846670163795
2026-07-14T15:20:17,KNN-Direct-Manhattan,Micromass,0.5,35,35,1,0.6944444444444444,1.4278172079939395,0.0,0.4633082500076853,1.8911291249969508
2026-07-14T15:20:20,KNN-IC,Micromass,0.5,36,36,2,0.6666666666666666,2.9479127080121543,0.4822470000071917,0.13338900002418086,3.5635534999892116
2026-07-14T15:20:22,KNN-Direct,Micromass,0.5,36,36,5,0.6805555555555556,1.5149926250160206,0.0,0.44947624998167157,1.9644733339955565
2026-07-14T15:20:24,KNN-Direct-Weighted,Micromass,0.5,36,36,3,0.7222222222222222,1.5936076660000253,0.0,0.4953814579930622,2.088993624987779
2026-07-14T15:20:26,KNN-Direct-Manhattan,Micromass,0.5,36,36,4,0.6805555555555556,1.4287774169933982,0.0,0.441559958999278,1.8703427920117974
2026-07-14T15:20:30,KNN-IC,Micromass,0.5,37,37,2,0.8055555555555556,2.812788459006697,0.4919220409938134,0.13655370799824595,3.4412697910156567
2026-07-14T15:20:32,KNN-Direct,Micromass,0.5,37,37,1,0.6111111111111112,1.4317992080177646,0.0,0.4548259169969242,1.8866282499802765
2026-07-14T15:20:34,KNN-Direct-Weighted,Micromass,0.5,37,37,3,0.6111111111111112,1.5701334580080584,0.0,0.6214274999802001,2.191565040993737
2026-07-14T15:20:36,KNN-Direct-Manhattan,Micromass,0.5,37,37,3,0.6111111111111112,1.5038840000052005,0.0,0.4481095410010312,1.9520009999978356
2026-07-14T15:20:40,KNN-IC,Micromass,0.5,38,38,4,0.7916666666666666,3.10676229200908,0.7637337079795543,0.1344447500014212,4.0049465829797555
2026-07-14T15:20:42,KNN-Direct,Micromass,0.5,38,38,4,0.6805555555555556,1.4406864999909885,0.0,0.4462549999880139,1.8869462500151712
2026-07-14T15:20:44,KNN-Direct-Weighted,Micromass,0.5,38,38,3,0.7222222222222222,1.5823406249983236,0.0,0.4874164169887081,2.0697640830185264
2026-07-14T15:20:46,KNN-Direct-Manhattan,Micromass,0.5,38,38,5,0.6944444444444444,1.4230255839938764,0.0,0.44536570899072103,1.8683956250024494
2026-07-14T15:20:49,KNN-IC,Micromass,0.5,39,39,2,0.8194444444444444,3.0192348749842495,0.48265887500019744,0.1328598330146633,3.6347575839899946
2026-07-14T15:20:51,KNN-Direct,Micromass,0.5,39,39,3,0.6944444444444444,1.4143290409992915,0.0,0.4400669580209069,1.854399999981979
2026-07-14T15:20:53,KNN-Direct-Weighted,Micromass,0.5,39,39,3,0.7083333333333334,1.5662457080034073,0.0,0.4974915840139147,2.0637417910038494
2026-07-14T15:20:55,KNN-Direct-Manhattan,Micromass,0.5,39,39,4,0.6388888888888888,1.444016916997498,0.0,0.4383408749999944,1.8823619169997983
