timestamp,method,dataset,missing_rate,trial,seed,n_neighbors,accuracy,tuning_time_sec,train_time_sec,predict_time_sec,total_time_sec
2026-07-20T23:09:01,KNN-IC,Darwin,0.1,0,0,1,0.6857142857142857,2.065776041999925,0.1212887919973582,0.02078249998157844,2.2078527920530178
2026-07-20T23:09:01,Mean-IC,Darwin,0.1,0,0,4,0.6571428571428571,0.18222341703949496,0.0016023339703679085,0.01841441699070856,0.20224524999503046
2026-07-20T23:09:02,KNN-Direct,Darwin,0.1,0,0,3,0.5428571428571428,0.5833426669705659,0.0,0.06062029203167185,0.6439667920349166
2026-07-20T23:09:03,KNN-Direct-Weighted,Darwin,0.1,0,0,1,0.6285714285714286,0.5941981250070967,0.0,0.06182325002737343,0.6560260830447078
2026-07-20T23:09:03,KNN-Direct-Manhattan,Darwin,0.1,0,0,1,0.6571428571428571,0.5747935409890488,0.0,0.06012954202014953,0.6349268750054762
2026-07-20T23:09:06,KNN-IC,Darwin,0.1,1,1,2,0.5714285714285714,2.0660785419750027,0.12261116603622213,0.02105887496145442,2.2097533339983784
2026-07-20T23:09:06,Mean-IC,Darwin,0.1,1,1,1,0.5428571428571428,0.18308737501502037,0.001539750024676323,0.018395667022559792,0.2030274160206318
2026-07-20T23:09:06,KNN-Direct,Darwin,0.1,1,1,1,0.6571428571428571,0.5853685829788446,0.0,0.060267041029874235,0.6456390829989687
2026-07-20T23:09:07,KNN-Direct-Weighted,Darwin,0.1,1,1,1,0.6285714285714286,0.594853917020373,0.0,0.0609425000147894,0.6558003340032883
2026-07-20T23:09:08,KNN-Direct-Manhattan,Darwin,0.1,1,1,1,0.6,0.5745473749702796,0.0,0.05938729096669704,0.6339384999591857
2026-07-20T23:09:10,KNN-IC,Darwin,0.1,2,2,1,0.6,2.0234792919945903,0.12112920795334503,0.02096524997614324,2.1655778750428
2026-07-20T23:09:10,Mean-IC,Darwin,0.1,2,2,1,0.5714285714285714,0.18289412499871105,0.0015279159997589886,0.01845495804445818,0.2028805409790948
2026-07-20T23:09:11,KNN-Direct,Darwin,0.1,2,2,4,0.6,0.5803101669880562,0.0,0.05943987501086667,0.6397532499977387
2026-07-20T23:09:11,KNN-Direct-Weighted,Darwin,0.1,2,2,1,0.6285714285714286,0.5874344170442782,0.0,0.06056437495863065,0.6480022500036284
2026-07-20T23:09:12,KNN-Direct-Manhattan,Darwin,0.1,2,2,1,0.6285714285714286,0.5679711669799872,0.0,0.058783625019714236,0.6267579579725862
2026-07-20T23:09:14,KNN-IC,Darwin,0.1,3,3,1,0.5714285714285714,2.046672208001837,0.11978604196337983,0.0207069999887608,2.1871696669841185
2026-07-20T23:09:14,Mean-IC,Darwin,0.1,3,3,1,0.6,0.18269587500253692,0.0015587080270051956,0.01831162499729544,0.20257050002692267
2026-07-20T23:09:15,KNN-Direct,Darwin,0.1,3,3,1,0.6,0.5817703749635257,0.0,0.060043166973628104,0.6418165420182049
2026-07-20T23:09:16,KNN-Direct-Weighted,Darwin,0.1,3,3,1,0.5714285714285714,0.8292877090279944,0.0,0.1214154579793103,0.9507094169966877
2026-07-20T23:09:17,KNN-Direct-Manhattan,Darwin,0.1,3,3,1,0.5714285714285714,1.1326549999648705,0.0,0.11145987501367927,1.2441218749736436
2026-07-20T23:09:20,KNN-IC,Darwin,0.1,4,4,2,0.6857142857142857,2.6999178749974817,0.121789249998983,0.02059374999953434,2.8423058339976706
2026-07-20T23:09:20,Mean-IC,Darwin,0.1,4,4,4,0.7142857142857143,0.1823810830246657,0.001698290987405926,0.018437125021591783,0.2025217919726856
2026-07-20T23:09:21,KNN-Direct,Darwin,0.1,4,4,6,0.6857142857142857,0.5800291250343435,0.0,0.06019591697258875,0.6402276660082862
2026-07-20T23:09:22,KNN-Direct-Weighted,Darwin,0.1,4,4,3,0.6857142857142857,0.5912759579950944,0.0,0.06126216700067744,0.6525420830002986
2026-07-20T23:09:22,KNN-Direct-Manhattan,Darwin,0.1,4,4,3,0.7142857142857143,0.5724895410239697,0.0,0.0590663329930976,0.6315596249769442
2026-07-20T23:09:24,KNN-IC,Darwin,0.1,5,5,1,0.6571428571428571,2.044029666983988,0.11915604199748486,0.020967082993593067,2.184156959003303
2026-07-20T23:09:25,Mean-IC,Darwin,0.1,5,5,1,0.7142857142857143,0.18226562498603016,0.0015324159758165479,0.01826937502482906,0.20207116601523012
2026-07-20T23:09:25,KNN-Direct,Darwin,0.1,5,5,3,0.6285714285714286,0.5832635419792496,0.0,0.06004679197212681,0.6433135419501923
2026-07-20T23:09:26,KNN-Direct-Weighted,Darwin,0.1,5,5,1,0.6285714285714286,0.5905329579836689,0.0,0.06159054196905345,0.652130667003803
2026-07-20T23:09:27,KNN-Direct-Manhattan,Darwin,0.1,5,5,1,0.6857142857142857,0.5727614160277881,0.0,0.06196937500499189,0.6347339170170017
2026-07-20T23:09:29,KNN-IC,Darwin,0.1,6,6,4,0.7142857142857143,2.034056167001836,0.13358633301686496,0.02090470801340416,2.1885513329762034
2026-07-20T23:09:29,Mean-IC,Darwin,0.1,6,6,6,0.6857142857142857,0.18281395797384903,0.0015160840121097863,0.018364291987381876,0.20269795903004706
2026-07-20T23:09:30,KNN-Direct,Darwin,0.1,6,6,3,0.6285714285714286,0.5830204999656416,0.0,0.06035404198337346,0.6433777500060387
2026-07-20T23:09:30,KNN-Direct-Weighted,Darwin,0.1,6,6,3,0.6,0.5924575830576941,0.0,0.06127966701751575,0.6537408329895698
2026-07-20T23:09:31,KNN-Direct-Manhattan,Darwin,0.1,6,6,3,0.6571428571428571,0.681504332984332,0.0,0.059471125015988946,0.740978832996916
2026-07-20T23:09:33,KNN-IC,Darwin,0.1,7,7,2,0.8571428571428571,2.0663617909885943,0.12186416599433869,0.02074141602497548,2.2089712080196477
2026-07-20T23:09:33,Mean-IC,Darwin,0.1,7,7,1,0.8,0.18260420899605379,0.0015904579777270555,0.018338792026042938,0.2025376670062542
2026-07-20T23:09:34,KNN-Direct,Darwin,0.1,7,7,3,0.8,0.5911137080402113,0.0,0.06429112498881295,0.6554081250214949
2026-07-20T23:09:35,KNN-Direct-Weighted,Darwin,0.1,7,7,4,0.8285714285714286,0.605553166999016,0.0,0.06368345802184194,0.6692398330196738
2026-07-20T23:09:35,KNN-Direct-Manhattan,Darwin,0.1,7,7,3,0.8285714285714286,0.5928876670077443,0.0,0.06169745797524229,0.6545894590090029
2026-07-20T23:09:38,KNN-IC,Darwin,0.1,8,8,2,0.7428571428571429,2.2464361250167713,0.12398362503154203,0.020923040981870145,2.391348749981262
2026-07-20T23:09:38,Mean-IC,Darwin,0.1,8,8,3,0.6285714285714286,0.18449591600801796,0.0015771249891258776,0.0185063750250265,0.20458504097769037
2026-07-20T23:09:39,KNN-Direct,Darwin,0.1,8,8,1,0.7142857142857143,0.5994068330037408,0.0,0.06328258401481435,0.662692749989219
2026-07-20T23:09:39,KNN-Direct-Weighted,Darwin,0.1,8,8,3,0.6571428571428571,0.5988697080174461,0.0,0.06297058297786862,0.6618445829953998
2026-07-20T23:09:40,KNN-Direct-Manhattan,Darwin,0.1,8,8,1,0.7714285714285715,0.6046645829919726,0.0,0.05981666699517518,0.6644848749856465
2026-07-20T23:09:42,KNN-IC,Darwin,0.1,9,9,1,0.6,2.1641337919863872,0.1270695420098491,0.02083670801948756,2.312044791993685
2026-07-20T23:09:43,Mean-IC,Darwin,0.1,9,9,1,0.6285714285714286,0.18578512500971556,0.0015455420361831784,0.018396291008684784,0.20573212497401983
2026-07-20T23:09:43,KNN-Direct,Darwin,0.1,9,9,1,0.6,0.5926063749939203,0.0,0.062372167012654245,0.6549810420256108
2026-07-20T23:09:44,KNN-Direct-Weighted,Darwin,0.1,9,9,1,0.6,0.6091447090147994,0.0,0.060920167015865445,0.6700687080156058
2026-07-20T23:09:44,KNN-Direct-Manhattan,Darwin,0.1,9,9,1,0.6,0.5818271249881946,0.0,0.05826324998633936,0.6400939169689082
2026-07-20T23:09:48,KNN-IC,Darwin,0.1,10,10,3,0.7714285714285715,3.3273132919566706,0.12150400003883988,0.02067999995779246,3.4695013749878854
2026-07-20T23:09:48,Mean-IC,Darwin,0.1,10,10,3,0.7714285714285715,0.18229354202048853,0.0015372500056400895,0.01824000000488013,0.2020752500393428
2026-07-20T23:09:49,KNN-Direct,Darwin,0.1,10,10,3,0.7428571428571429,0.5919158330070786,0.0,0.060615458991378546,0.6525346249691211
2026-07-20T23:09:49,KNN-Direct-Weighted,Darwin,0.1,10,10,3,0.7428571428571429,0.6024637080263346,0.0,0.06245308299548924,0.6649215409997851
2026-07-20T23:09:50,KNN-Direct-Manhattan,Darwin,0.1,10,10,3,0.7714285714285715,0.5981545840040781,0.0,0.06104658398544416,0.6592075420194305
2026-07-20T23:09:52,KNN-IC,Darwin,0.1,11,11,1,0.6857142857142857,2.063200499978848,0.1461879590060562,0.02156545897014439,2.23096054099733
2026-07-20T23:09:53,Mean-IC,Darwin,0.1,11,11,1,0.6571428571428571,0.1848709160112776,0.0016323340241797268,0.018421332992147654,0.20492854196345434
2026-07-20T23:09:53,KNN-Direct,Darwin,0.1,11,11,1,0.7142857142857143,0.5866600410081446,0.0,0.06009508395800367,0.6467608750099316
2026-07-20T23:09:54,KNN-Direct-Weighted,Darwin,0.1,11,11,1,0.7142857142857143,0.5962807919713669,0.0,0.06278887501684949,0.6590736250509508
2026-07-20T23:09:55,KNN-Direct-Manhattan,Darwin,0.1,11,11,1,0.6571428571428571,0.6043154579820111,0.0,0.06539637496462092,0.6697155420552008
2026-07-20T23:09:57,KNN-IC,Darwin,0.1,12,12,1,0.5142857142857142,2.2045512500335462,0.12126245902618393,0.020858334028162062,2.346678083995357
2026-07-20T23:09:57,Mean-IC,Darwin,0.1,12,12,1,0.5142857142857142,0.1846799170016311,0.0016124160028994083,0.018490540969651192,0.20478804101003334
2026-07-20T23:09:58,KNN-Direct,Darwin,0.1,12,12,1,0.5714285714285714,0.5868171670008451,0.0,0.06062525004381314,0.6474460840108804
2026-07-20T23:09:58,KNN-Direct-Weighted,Darwin,0.1,12,12,1,0.5714285714285714,0.5954879160271958,0.0,0.0620939580257982,0.6575852500391193
2026-07-20T23:09:59,KNN-Direct-Manhattan,Darwin,0.1,12,12,1,0.6285714285714286,0.5766951669938862,0.0,0.06529154203599319,0.6419900420005433
2026-07-20T23:10:02,KNN-IC,Darwin,0.1,13,13,2,0.7142857142857143,2.8687014580355026,0.13289225002517924,0.0217649579863064,3.023365083965473
2026-07-20T23:10:02,Mean-IC,Darwin,0.1,13,13,3,0.6571428571428571,0.19493120798142627,0.0015940419980324805,0.01915591600118205,0.21568708401173353
2026-07-20T23:10:03,KNN-Direct,Darwin,0.1,13,13,13,0.6285714285714286,0.5941875409916975,0.0,0.06774104200303555,0.6619319170131348
2026-07-20T23:10:04,KNN-Direct-Weighted,Darwin,0.1,13,13,3,0.6857142857142857,0.6153830410330556,0.0,0.06454558303812519,0.679932958970312
2026-07-20T23:10:04,KNN-Direct-Manhattan,Darwin,0.1,13,13,1,0.6571428571428571,0.5921910420292988,0.0,0.06021649995818734,0.6524119169916958
2026-07-20T23:10:07,KNN-IC,Darwin,0.1,14,14,1,0.8,2.1554288750048727,0.12319424998713657,0.021476582973264158,2.300104875001125
2026-07-20T23:10:07,Mean-IC,Darwin,0.1,14,14,1,0.8,0.18695266696158797,0.0015768749872222543,0.018453957978636026,0.20698800001991913
2026-07-20T23:10:07,KNN-Direct,Darwin,0.1,14,14,7,0.7428571428571429,0.5930316660087556,0.0,0.060391792037989944,0.6534263329813257
2026-07-20T23:10:08,KNN-Direct-Weighted,Darwin,0.1,14,14,3,0.8285714285714286,0.6177301250281744,0.0,0.06258791597792879,0.6803220420260914
2026-07-20T23:10:09,KNN-Direct-Manhattan,Darwin,0.1,14,14,1,0.7714285714285715,0.5945395000162534,0.0,0.06116583303082734,0.6557092500152066
2026-07-20T23:10:11,KNN-IC,Darwin,0.1,15,15,1,0.7714285714285715,2.088409624993801,0.12079429102595896,0.02094004099490121,2.2301492919796146
2026-07-20T23:10:11,Mean-IC,Darwin,0.1,15,15,3,0.7428571428571429,0.1892409169813618,0.0017578749684616923,0.02005275001283735,0.2110577910207212
2026-07-20T23:10:12,KNN-Direct,Darwin,0.1,15,15,3,0.6857142857142857,0.6075472080265172,0.0,0.061579332977999,0.6691297919605859
2026-07-20T23:10:13,KNN-Direct-Weighted,Darwin,0.1,15,15,3,0.7142857142857143,0.6002538749598898,0.0,0.06261841597734019,0.6628759590093978
2026-07-20T23:10:13,KNN-Direct-Manhattan,Darwin,0.1,15,15,1,0.7714285714285715,0.5778769999742508,0.0,0.05986616702284664,0.6377467080019414
2026-07-20T23:10:15,KNN-IC,Darwin,0.1,16,16,1,0.6285714285714286,2.0681456250022165,0.12719204201130196,0.020879457995761186,2.2162232089904137
2026-07-20T23:10:16,Mean-IC,Darwin,0.1,16,16,1,0.6285714285714286,0.31559483299497515,0.002333166019525379,0.026243250002153218,0.34419683302985504
2026-07-20T23:10:16,KNN-Direct,Darwin,0.1,16,16,1,0.6857142857142857,0.6205506669939496,0.0,0.06234958296408877,0.6829042910248972
2026-07-20T23:10:17,KNN-Direct-Weighted,Darwin,0.1,16,16,1,0.6857142857142857,0.6163487079902552,0.0,0.06188341695815325,0.6782405840349384
2026-07-20T23:10:18,KNN-Direct-Manhattan,Darwin,0.1,16,16,1,0.7714285714285715,0.5935782499727793,0.0,0.05971516598947346,0.6532974170404486
2026-07-20T23:10:20,KNN-IC,Darwin,0.1,17,17,2,0.7142857142857143,2.1345088750240393,0.14457025000592694,0.022112834034487605,2.3011995420092717
2026-07-20T23:10:20,Mean-IC,Darwin,0.1,17,17,3,0.6857142857142857,0.19148237496847287,0.001675457984674722,0.019605042005423456,0.2127684160368517
2026-07-20T23:10:21,KNN-Direct,Darwin,0.1,17,17,5,0.6571428571428571,0.604304125008639,0.0,0.06296041700989008,0.6672698340262286
2026-07-20T23:10:22,KNN-Direct-Weighted,Darwin,0.1,17,17,5,0.6571428571428571,0.6175472500035539,0.0,0.06302391696954146,0.6805770839564502
2026-07-20T23:10:22,KNN-Direct-Manhattan,Darwin,0.1,17,17,4,0.6857142857142857,0.5963324999902397,0.0,0.06293925002682954,0.6592759999912232
2026-07-20T23:10:25,KNN-IC,Darwin,0.1,18,18,1,0.6857142857142857,2.3887166250497103,0.11943249998148531,0.020730415999423712,2.5288852919475175
2026-07-20T23:10:25,Mean-IC,Darwin,0.1,18,18,1,0.6,0.18232887500198558,0.0015204169903881848,0.018503166968002915,0.20235666603548452
2026-07-20T23:10:26,KNN-Direct,Darwin,0.1,18,18,6,0.6285714285714286,0.595965749991592,0.0,0.061802375013940036,0.6577716250321828
2026-07-20T23:10:26,KNN-Direct-Weighted,Darwin,0.1,18,18,1,0.6,0.6110528749995865,0.0,0.0640027080080472,0.6750592079479247
2026-07-20T23:10:27,KNN-Direct-Manhattan,Darwin,0.1,18,18,5,0.6,0.6031922500114888,0.0,0.06271483300952241,0.665910999989137
2026-07-20T23:10:30,KNN-IC,Darwin,0.1,19,19,11,0.5428571428571428,2.227666999970097,0.142748957965523,0.023070082999765873,2.393492167000659
2026-07-20T23:10:30,Mean-IC,Darwin,0.1,19,19,1,0.5142857142857142,0.18531054101185873,0.0015507909702137113,0.018565709004178643,0.20543270895723253
2026-07-20T23:10:30,KNN-Direct,Darwin,0.1,19,19,3,0.6285714285714286,0.6009234169614501,0.0,0.06126341701019555,0.662190166010987
2026-07-20T23:10:31,KNN-Direct-Weighted,Darwin,0.1,19,19,3,0.5714285714285714,0.773893625009805,0.0,0.06455212499713525,0.8384495420032181
2026-07-20T23:10:32,KNN-Direct-Manhattan,Darwin,0.1,19,19,1,0.6,0.6820719579700381,0.0,0.0701749169966206,0.752251708006952
2026-07-20T23:10:34,KNN-IC,Darwin,0.1,20,20,1,0.6571428571428571,2.2332607500138693,0.1930774999782443,0.021125500032212585,2.4474695419776253
2026-07-20T23:10:35,Mean-IC,Darwin,0.1,20,20,1,0.6571428571428571,0.18851400003768504,0.001645832962822169,0.01944370800629258,0.20960870798444375
2026-07-20T23:10:35,KNN-Direct,Darwin,0.1,20,20,1,0.6,0.629008750023786,0.0,0.06341745797544718,0.692429542017635
2026-07-20T23:10:36,KNN-Direct-Weighted,Darwin,0.1,20,20,1,0.6571428571428571,0.6145982089801691,0.0,0.06385937501909211,0.6784614169737324
2026-07-20T23:10:37,KNN-Direct-Manhattan,Darwin,0.1,20,20,1,0.7428571428571429,0.5893433750024997,0.0,0.06226062501082197,0.651607709005475
2026-07-20T23:10:39,KNN-IC,Darwin,0.1,21,21,3,0.7428571428571429,2.221171459008474,0.12470487505197525,0.020549666951410472,2.366430875030346
2026-07-20T23:10:39,Mean-IC,Darwin,0.1,21,21,3,0.7428571428571429,0.18226745800348,0.001852415967732668,0.01846416702028364,0.2025887499912642
2026-07-20T23:10:40,KNN-Direct,Darwin,0.1,21,21,5,0.7428571428571429,0.5913675000192598,0.0,0.061574542021844536,0.6529483339982107
2026-07-20T23:10:41,KNN-Direct-Weighted,Darwin,0.1,21,21,5,0.7428571428571429,0.6050483330036514,0.0,0.06374179199337959,0.6687952499487437
2026-07-20T23:10:41,KNN-Direct-Manhattan,Darwin,0.1,21,21,1,0.7428571428571429,0.5888892500079237,0.0,0.05913066701032221,0.648024209018331
2026-07-20T23:10:44,KNN-IC,Darwin,0.1,22,22,1,0.6285714285714286,2.2273916249978356,0.23752949998015538,0.021256707957945764,2.486184124951251
2026-07-20T23:10:44,Mean-IC,Darwin,0.1,22,22,6,0.6285714285714286,0.2048659579595551,0.0016764580504968762,0.01952991698635742,0.2260786250117235
2026-07-20T23:10:45,KNN-Direct,Darwin,0.1,22,22,1,0.6285714285714286,0.6143625419936143,0.0,0.060947875026613474,0.6753141660010442
2026-07-20T23:10:45,KNN-Direct-Weighted,Darwin,0.1,22,22,1,0.6571428571428571,0.596778292034287,0.0,0.06099750002613291,0.6577792500029318
2026-07-20T23:10:46,KNN-Direct-Manhattan,Darwin,0.1,22,22,12,0.6285714285714286,0.6803269169759005,0.0,0.061120832979213446,0.7414517500437796
2026-07-20T23:10:48,KNN-IC,Darwin,0.1,23,23,3,0.7428571428571429,2.0694903330295347,0.12391362502239645,0.02064287505345419,2.2140516660292633
2026-07-20T23:10:48,Mean-IC,Darwin,0.1,23,23,3,0.7428571428571429,0.18116683402331546,0.0014842500095255673,0.01820674998452887,0.20086141698993742
2026-07-20T23:10:49,KNN-Direct,Darwin,0.1,23,23,1,0.7428571428571429,0.582518249982968,0.0,0.06065066601149738,0.6431716249790043
2026-07-20T23:10:50,KNN-Direct-Weighted,Darwin,0.1,23,23,1,0.7428571428571429,0.5934948749491014,0.0,0.06102979101706296,0.6545281249564141
2026-07-20T23:10:50,KNN-Direct-Manhattan,Darwin,0.1,23,23,1,0.7142857142857143,0.5792551250196993,0.0,0.05965933296829462,0.6389179999823682
2026-07-20T23:10:53,KNN-IC,Darwin,0.1,24,24,1,0.6571428571428571,2.0101078750449233,0.11940424999920651,0.02099237497895956,2.1505087910336442
2026-07-20T23:10:53,Mean-IC,Darwin,0.1,24,24,6,0.6571428571428571,0.1823092499980703,0.0014861669624224305,0.018433749966789037,0.2022325419820845
2026-07-20T23:10:53,KNN-Direct,Darwin,0.1,24,24,1,0.6571428571428571,0.5816009590053,0.0,0.060808375012129545,0.6424124999903142
2026-07-20T23:10:54,KNN-Direct-Weighted,Darwin,0.1,24,24,1,0.6571428571428571,0.5912338750204071,0.0,0.06138045899569988,0.652617542014923
2026-07-20T23:10:55,KNN-Direct-Manhattan,Darwin,0.1,24,24,1,0.7142857142857143,0.5704948749626055,0.0,0.059041458007413894,0.6295400409726426
2026-07-20T23:10:57,KNN-IC,Darwin,0.1,25,25,5,0.5428571428571428,2.1630126659874804,0.13772895897272974,0.02103404200170189,2.3217794579686597
2026-07-20T23:10:57,Mean-IC,Darwin,0.1,25,25,1,0.6285714285714286,0.183182584005408,0.0015263750101439655,0.018931875005364418,0.20364554098341614
2026-07-20T23:10:58,KNN-Direct,Darwin,0.1,25,25,3,0.5428571428571428,0.6007023329730146,0.0,0.06141695799306035,0.6621224170085043
2026-07-20T23:10:59,KNN-Direct-Weighted,Darwin,0.1,25,25,6,0.5714285714285714,0.6090509169735014,0.0,0.06292158301221207,0.671976082958281
2026-07-20T23:10:59,KNN-Direct-Manhattan,Darwin,0.1,25,25,1,0.6,0.5757798330159858,0.0,0.06016429094597697,0.6359479169477709
2026-07-20T23:11:02,KNN-IC,Darwin,0.1,26,26,2,0.7142857142857143,2.3678100420511328,0.12563904200214893,0.02190024999435991,2.5153552499832585
2026-07-20T23:11:02,Mean-IC,Darwin,0.1,26,26,1,0.7428571428571429,0.18978570896433666,0.0015354579663835466,0.019915791985113174,0.21124208299443126
2026-07-20T23:11:03,KNN-Direct,Darwin,0.1,26,26,3,0.8285714285714286,0.5991444999817759,0.0,0.0633228329825215,0.6624709170428105
2026-07-20T23:11:03,KNN-Direct-Weighted,Darwin,0.1,26,26,5,0.8285714285714286,0.6112519999733195,0.0,0.06217816600110382,0.6734337499947287
2026-07-20T23:11:04,KNN-Direct-Manhattan,Darwin,0.1,26,26,3,0.7714285714285715,0.5795272500254214,0.0,0.06056704098591581,0.6400979580357671
2026-07-20T23:11:06,KNN-IC,Darwin,0.1,27,27,1,0.7428571428571429,2.079889541026205,0.12254729203414172,0.02087466698139906,2.223316874995362
2026-07-20T23:11:06,Mean-IC,Darwin,0.1,27,27,3,0.7428571428571429,0.18370033300016075,0.001514707983005792,0.018281625001691282,0.20350100001087412
2026-07-20T23:11:07,KNN-Direct,Darwin,0.1,27,27,3,0.7142857142857143,0.5922389579936862,0.0,0.059882417030166835,0.652124541986268
2026-07-20T23:11:08,KNN-Direct-Weighted,Darwin,0.1,27,27,3,0.7142857142857143,0.5975603749975562,0.0,0.06147591699846089,0.6590403750305995
2026-07-20T23:11:08,KNN-Direct-Manhattan,Darwin,0.1,27,27,1,0.8285714285714286,0.5764287089696154,0.0,0.06123666698113084,0.6376687079900876
2026-07-20T23:11:10,KNN-IC,Darwin,0.1,28,28,1,0.7428571428571429,2.076885458023753,0.11858908296562731,0.020791375020053238,2.216270375007298
2026-07-20T23:11:11,Mean-IC,Darwin,0.1,28,28,1,0.6857142857142857,0.18919445801293477,0.001776083023287356,0.018879708950407803,0.20985499996459112
2026-07-20T23:11:11,KNN-Direct,Darwin,0.1,28,28,1,0.6571428571428571,0.5883263750001788,0.0,0.0599254589760676,0.6482549579814076
2026-07-20T23:11:12,KNN-Direct-Weighted,Darwin,0.1,28,28,1,0.6571428571428571,0.6482077500550076,0.0,0.062479165964759886,0.7106907080160454
2026-07-20T23:11:13,KNN-Direct-Manhattan,Darwin,0.1,28,28,1,0.8285714285714286,0.5962269590236247,0.0,0.060942791984416544,0.6571744590182789
2026-07-20T23:11:15,KNN-IC,Darwin,0.1,29,29,2,0.7142857142857143,2.1042107089888304,0.13388862501597032,0.02542999997967854,2.2635347089963034
2026-07-20T23:11:15,Mean-IC,Darwin,0.1,29,29,1,0.6857142857142857,0.209911625017412,0.0015566670335829258,0.019232166989240795,0.23070608300622553
2026-07-20T23:11:16,KNN-Direct,Darwin,0.1,29,29,1,0.8,0.693046125001274,0.0,0.07349420798709616,0.7665439160191454
2026-07-20T23:11:17,KNN-Direct-Weighted,Darwin,0.1,29,29,3,0.7142857142857143,0.7004613750032149,0.0,0.06642979203024879,0.7668977919965982
2026-07-20T23:11:17,KNN-Direct-Manhattan,Darwin,0.1,29,29,1,0.7142857142857143,0.589264957990963,0.0,0.06139754195464775,0.6506666669738479
2026-07-20T23:11:20,KNN-IC,Darwin,0.1,30,30,1,0.6857142857142857,2.1258792500011623,0.11963716603349894,0.020601292024366558,2.2661225000047125
2026-07-20T23:11:20,Mean-IC,Darwin,0.1,30,30,1,0.6571428571428571,0.20099766697967425,0.0016658339882269502,0.019861290988046676,0.22252962499624118
2026-07-20T23:11:21,KNN-Direct,Darwin,0.1,30,30,1,0.7142857142857143,0.6027899580076337,0.0,0.06182920903665945,0.664622624986805
2026-07-20T23:11:21,KNN-Direct-Weighted,Darwin,0.1,30,30,1,0.6857142857142857,0.6092182919965126,0.0,0.06324962497455999,0.6724722920334898
2026-07-20T23:11:22,KNN-Direct-Manhattan,Darwin,0.1,30,30,1,0.8,0.5869171249796636,0.0,0.059622749977279454,0.6465438749874011
2026-07-20T23:11:24,KNN-IC,Darwin,0.1,31,31,1,0.6,2.1846489999443293,0.1198345419834368,0.02142695803195238,2.3259157499996945
2026-07-20T23:11:24,Mean-IC,Darwin,0.1,31,31,1,0.5714285714285714,0.18370004202006385,0.0015474999672733247,0.0184672920149751,0.20371954201254994
2026-07-20T23:11:25,KNN-Direct,Darwin,0.1,31,31,1,0.6571428571428571,0.5800096670282073,0.0,0.06035445898305625,0.640367541986052
2026-07-20T23:11:26,KNN-Direct-Weighted,Darwin,0.1,31,31,1,0.6285714285714286,0.5889358330168761,0.0,0.06123350001871586,0.6501778329838999
2026-07-20T23:11:26,KNN-Direct-Manhattan,Darwin,0.1,31,31,1,0.6857142857142857,0.5705694580101408,0.0,0.05949916603276506,0.6300718340207823
2026-07-20T23:11:29,KNN-IC,Darwin,0.1,32,32,1,0.8,2.053890125011094,0.11792379198595881,0.020476540958043188,2.192294624983333
2026-07-20T23:11:29,Mean-IC,Darwin,0.1,32,32,1,0.7428571428571429,0.1818167919991538,0.0015073749818839133,0.018485333013813943,0.20181400002911687
2026-07-20T23:11:29,KNN-Direct,Darwin,0.1,32,32,1,0.8,0.582221207965631,0.0,0.06110700004501268,0.6433312500012107
2026-07-20T23:11:30,KNN-Direct-Weighted,Darwin,0.1,32,32,5,0.8,0.5917172089684755,0.0,0.06026229099370539,0.6519831669866107
2026-07-20T23:11:31,KNN-Direct-Manhattan,Darwin,0.1,32,32,1,0.7714285714285715,0.6138997920206748,0.0,0.08400420902762562,0.6979084170307033
2026-07-20T23:11:34,KNN-IC,Darwin,0.1,33,33,3,0.7714285714285715,2.6183926250087097,0.1376192919560708,0.020568958017975092,2.7765897499630228
2026-07-20T23:11:34,Mean-IC,Darwin,0.1,33,33,3,0.8,0.18116595898754895,0.001659874978940934,0.018793208000715822,0.20162341702962294
2026-07-20T23:11:34,KNN-Direct,Darwin,0.1,33,33,3,0.7428571428571429,0.5800486250082031,0.0,0.05902683304157108,0.6390820000087842
2026-07-20T23:11:35,KNN-Direct-Weighted,Darwin,0.1,33,33,3,0.7142857142857143,0.5939233329845592,0.0,0.060222042025998235,0.6541485000052489
2026-07-20T23:11:36,KNN-Direct-Manhattan,Darwin,0.1,33,33,4,0.8285714285714286,0.6422513750148937,0.0,0.05912191700190306,0.7013767919852398
2026-07-20T23:11:38,KNN-IC,Darwin,0.1,34,34,2,0.6,2.027745917032007,0.12359129200922325,0.020887415972538292,2.1722300829715095
2026-07-20T23:11:38,Mean-IC,Darwin,0.1,34,34,1,0.6,0.18048862495925277,0.0015182920033112168,0.018499874975532293,0.2005119170062244
2026-07-20T23:11:39,KNN-Direct,Darwin,0.1,34,34,8,0.6571428571428571,0.5759819999802858,0.0,0.0594583330093883,0.6354434589738958
2026-07-20T23:11:39,KNN-Direct-Weighted,Darwin,0.1,34,34,8,0.6571428571428571,0.5817206249921583,0.0,0.06014287500875071,0.6418670419952832
2026-07-20T23:11:40,KNN-Direct-Manhattan,Darwin,0.1,34,34,1,0.7428571428571429,0.5698806670261547,0.0,0.05904358305269852,0.6289277089526877
2026-07-20T23:11:42,KNN-IC,Darwin,0.1,35,35,1,0.6857142857142857,2.047062541998457,0.11740108398953453,0.020619166956748813,2.1850867500179447
2026-07-20T23:11:42,Mean-IC,Darwin,0.1,35,35,3,0.7142857142857143,0.18639175000134856,0.001693249971140176,0.018441999971400946,0.20653166703414172
2026-07-20T23:11:43,KNN-Direct,Darwin,0.1,35,35,1,0.7428571428571429,0.5869078749674372,0.0,0.05996041698381305,0.6468712500063702
2026-07-20T23:11:44,KNN-Direct-Weighted,Darwin,0.1,35,35,3,0.8,0.5926437909947708,0.0,0.06054745800793171,0.6531942920410074
2026-07-20T23:11:44,KNN-Direct-Manhattan,Darwin,0.1,35,35,1,0.7142857142857143,0.6048617080086842,0.0,0.06631570897297934,0.67118195904186
2026-07-20T23:11:47,KNN-IC,Darwin,0.1,36,36,3,0.7142857142857143,2.375598665967118,0.12254070799099281,0.02056679205270484,2.5187108750105835
2026-07-20T23:11:47,Mean-IC,Darwin,0.1,36,36,1,0.6571428571428571,0.18167129199719056,0.0015249160351231694,0.018447208043653518,0.20164791698334739
2026-07-20T23:11:48,KNN-Direct,Darwin,0.1,36,36,1,0.6285714285714286,0.6873699999996461,0.0,0.07263025001157075,0.7600042920093983
2026-07-20T23:11:49,KNN-Direct-Weighted,Darwin,0.1,36,36,4,0.6571428571428571,0.5840548340347596,0.0,0.05994583305437118,0.6440051250392571
2026-07-20T23:11:49,KNN-Direct-Manhattan,Darwin,0.1,36,36,1,0.7142857142857143,0.5594867499894463,0.0,0.05812533397693187,0.6176157089648768
2026-07-20T23:11:51,KNN-IC,Darwin,0.1,37,37,2,0.6285714285714286,1.9482496249838732,0.12090758397243917,0.019973416987340897,2.089137041999493
2026-07-20T23:11:51,Mean-IC,Darwin,0.1,37,37,5,0.6,0.1766634170198813,0.0013913329457864165,0.01796087500406429,0.19601866701850668
2026-07-20T23:11:52,KNN-Direct,Darwin,0.1,37,37,3,0.5428571428571428,0.730402540997602,0.0,0.06358520803041756,0.7939910409622826
2026-07-20T23:11:53,KNN-Direct-Weighted,Darwin,0.1,37,37,3,0.5714285714285714,0.5779278330155648,0.0,0.05964204203337431,0.6375736669870093
2026-07-20T23:11:54,KNN-Direct-Manhattan,Darwin,0.1,37,37,3,0.6,0.5584465000429191,0.0,0.057847458054311574,0.6162984999828041
2026-07-20T23:11:56,KNN-IC,Darwin,0.1,38,38,3,0.7428571428571429,1.9756484579993412,0.12259333301335573,0.02004941605264321,2.1182985830237158
2026-07-20T23:11:56,Mean-IC,Darwin,0.1,38,38,6,0.7428571428571429,0.17707720794714987,0.0013881250051781535,0.017976292001549155,0.1964446660131216
2026-07-20T23:11:56,KNN-Direct,Darwin,0.1,38,38,3,0.7714285714285715,0.5679883750271983,0.0,0.0586240419652313,0.6266152079915628
2026-07-20T23:11:57,KNN-Direct-Weighted,Darwin,0.1,38,38,3,0.7714285714285715,0.5779586670105346,0.0,0.060074749984778464,0.6380369589896873
2026-07-20T23:11:58,KNN-Direct-Manhattan,Darwin,0.1,38,38,1,0.7428571428571429,0.5589475000160746,0.0,0.057873332989402115,0.616823915974237
2026-07-20T23:12:00,KNN-IC,Darwin,0.1,39,39,5,0.6571428571428571,1.9711905419826508,0.12894812499871477,0.020247042004484683,2.1203929579933174
2026-07-20T23:12:00,Mean-IC,Darwin,0.1,39,39,5,0.6571428571428571,0.17707887501455843,0.0013833330012857914,0.017973707988858223,0.196438750019297
2026-07-20T23:12:01,KNN-Direct,Darwin,0.1,39,39,3,0.7142857142857143,0.5661997920251451,0.0,0.07883508299710229,0.645037958980538
2026-07-20T23:12:01,KNN-Direct-Weighted,Darwin,0.1,39,39,3,0.7428571428571429,0.7022805839660577,0.0,0.09870675002457574,0.8009925829828717
2026-07-20T23:12:02,KNN-Direct-Manhattan,Darwin,0.1,39,39,3,0.7142857142857143,0.6837000419618562,0.0,0.05827249999856576,0.7419767079991288
2026-07-20T23:12:05,KNN-IC,Darwin,0.2,0,0,8,0.5714285714285714,2.177362249989528,0.14652904105605558,0.020249958033673465,2.344144958013203
2026-07-20T23:12:05,Mean-IC,Darwin,0.2,0,0,10,0.5714285714285714,0.17685941699892282,0.0016579999937675893,0.018127041985280812,0.19665054098004475
2026-07-20T23:12:05,KNN-Direct,Darwin,0.2,0,0,9,0.6,0.6496485830284655,0.0,0.06704329198691994,0.716695457987953
2026-07-20T23:12:06,KNN-Direct-Weighted,Darwin,0.2,0,0,9,0.6,0.6567228329950012,0.0,0.0685755829908885,0.7253064580145292
2026-07-20T23:12:07,KNN-Direct-Manhattan,Darwin,0.2,0,0,3,0.6571428571428571,0.6352207500021905,0.0,0.06634570803726092,0.7015702089993283
2026-07-20T23:12:09,KNN-IC,Darwin,0.2,1,1,2,0.5714285714285714,2.1737710000015795,0.12748287501744926,0.02014970895834267,2.3214090410037898
2026-07-20T23:12:09,Mean-IC,Darwin,0.2,1,1,1,0.5142857142857142,0.1775917499908246,0.001644750009290874,0.01792537502478808,0.1971646660240367
2026-07-20T23:12:10,KNN-Direct,Darwin,0.2,1,1,8,0.6285714285714286,0.6481255410471931,0.0,0.06719366699689999,0.7153265409870073
2026-07-20T23:12:11,KNN-Direct-Weighted,Darwin,0.2,1,1,3,0.6285714285714286,0.6573934580083005,0.0,0.06811754096997902,0.7255142919602804
2026-07-20T23:12:12,KNN-Direct-Manhattan,Darwin,0.2,1,1,1,0.6571428571428571,0.637897000007797,0.0,0.06666225002845749,0.704562500002794
2026-07-20T23:12:14,KNN-IC,Darwin,0.2,2,2,1,0.5428571428571428,2.101734082971234,0.12084650003816932,0.02011912502348423,2.242703124997206
2026-07-20T23:12:14,Mean-IC,Darwin,0.2,2,2,1,0.5142857142857142,0.17762420896906406,0.001662124996073544,0.01805491599952802,0.1973442499875091
2026-07-20T23:12:15,KNN-Direct,Darwin,0.2,2,2,6,0.45714285714285713,0.6455538750160486,0.0,0.06703050003852695,0.7125872500473633
2026-07-20T23:12:15,KNN-Direct-Weighted,Darwin,0.2,2,2,6,0.45714285714285713,0.6564754580031149,0.0,0.06810804200358689,0.7245883750147186
2026-07-20T23:12:16,KNN-Direct-Manhattan,Darwin,0.2,2,2,1,0.6,0.7650751659530215,0.0,0.06621145794633776,0.8312903750338592
2026-07-20T23:12:19,KNN-IC,Darwin,0.2,3,3,1,0.5428571428571428,2.14768308296334,0.12336962501285598,0.020441458036657423,2.2914976670290343
2026-07-20T23:12:19,Mean-IC,Darwin,0.2,3,3,1,0.6,0.17749795800773427,0.0016544590471312404,0.018027042038738728,0.19718229200225323
2026-07-20T23:12:20,KNN-Direct,Darwin,0.2,3,3,1,0.6,0.6489375829696655,0.0,0.06729241600260139,0.7162334170425311
2026-07-20T23:12:20,KNN-Direct-Weighted,Darwin,0.2,3,3,1,0.6,0.6624325000448152,0.0,0.06905795796774328,0.7314950830186717
2026-07-20T23:12:21,KNN-Direct-Manhattan,Darwin,0.2,3,3,1,0.6285714285714286,0.6397799169644713,0.0,0.06705383397638798,0.7068382909637876
2026-07-20T23:12:23,KNN-IC,Darwin,0.2,4,4,2,0.7142857142857143,2.178678208962083,0.15934850001940504,0.02151629200670868,2.359548791020643
2026-07-20T23:12:24,Mean-IC,Darwin,0.2,4,4,1,0.6857142857142857,0.18411883298540488,0.0018143330235034227,0.01804237498436123,0.20398158399621025
2026-07-20T23:12:24,KNN-Direct,Darwin,0.2,4,4,5,0.6857142857142857,0.6564862089580856,0.0,0.06959029199788347,0.726080542022828
2026-07-20T23:12:25,KNN-Direct-Weighted,Darwin,0.2,4,4,5,0.6857142857142857,0.671690666989889,0.0,0.0698776250355877,0.7415728340274654
2026-07-20T23:12:26,KNN-Direct-Manhattan,Darwin,0.2,4,4,1,0.7142857142857143,0.6432046249974519,0.0,0.06839712499640882,0.711607167031616
2026-07-20T23:12:28,KNN-IC,Darwin,0.2,5,5,3,0.7142857142857143,2.221872416033875,0.13178654195507988,0.02063895802712068,2.374302208016161
2026-07-20T23:12:28,Mean-IC,Darwin,0.2,5,5,1,0.6857142857142857,0.1810392920160666,0.001920957991387695,0.018281166965607554,0.2012452919734642
2026-07-20T23:12:29,KNN-Direct,Darwin,0.2,5,5,1,0.6857142857142857,0.6593283749534748,0.0,0.0668625840335153,0.726195374969393
2026-07-20T23:12:30,KNN-Direct-Weighted,Darwin,0.2,5,5,3,0.6857142857142857,0.6642571670236066,0.0,0.0678700830321759,0.7321347079705447
2026-07-20T23:12:30,KNN-Direct-Manhattan,Darwin,0.2,5,5,3,0.6571428571428571,0.6559670830029063,0.0,0.07235266600036994,0.728323207993526
2026-07-20T23:12:33,KNN-IC,Darwin,0.2,6,6,1,0.6285714285714286,2.4358500410453416,0.12008062499808148,0.020375874999444932,2.576311415992677
2026-07-20T23:12:33,Mean-IC,Darwin,0.2,6,6,4,0.7142857142857143,0.18064554099692032,0.0017902920371852815,0.01855983299901709,0.2010000409791246
2026-07-20T23:12:34,KNN-Direct,Darwin,0.2,6,6,1,0.6285714285714286,0.6533917500055395,0.0,0.06849149998743087,0.7218872919911519
2026-07-20T23:12:35,KNN-Direct-Weighted,Darwin,0.2,6,6,1,0.6285714285714286,0.6810350000159815,0.0,0.06887745804851875,0.7499163339962251
2026-07-20T23:12:35,KNN-Direct-Manhattan,Darwin,0.2,6,6,3,0.6571428571428571,0.6591022909851745,0.0,0.07109525002306327,0.7302047089906409
2026-07-20T23:12:38,KNN-IC,Darwin,0.2,7,7,1,0.8857142857142857,2.2305976659990847,0.12563700001919642,0.020889500039629638,2.3771297080093063
2026-07-20T23:12:38,Mean-IC,Darwin,0.2,7,7,3,0.8,0.18440158298471943,0.0017910829628817737,0.01822391600580886,0.20442116598132998
2026-07-20T23:12:39,KNN-Direct,Darwin,0.2,7,7,1,0.8857142857142857,0.6569144169916399,0.0,0.06924229097785428,0.726161458005663
2026-07-20T23:12:40,KNN-Direct-Weighted,Darwin,0.2,7,7,1,0.9142857142857143,0.6690260830218904,0.0,0.06866325001465157,0.7376936249784194
2026-07-20T23:12:40,KNN-Direct-Manhattan,Darwin,0.2,7,7,1,0.8857142857142857,0.6446732089971192,0.0,0.06741462496574968,0.7120920000015758
2026-07-20T23:12:43,KNN-IC,Darwin,0.2,8,8,1,0.7428571428571429,2.211229083011858,0.12478404195280746,0.020711750024929643,2.3567295420216396
2026-07-20T23:12:43,Mean-IC,Darwin,0.2,8,8,3,0.6,0.1785072089987807,0.0017512499471195042,0.018021332973148674,0.19828270899597555
2026-07-20T23:12:44,KNN-Direct,Darwin,0.2,8,8,3,0.6,0.6607889999868348,0.0,0.06859716604230925,0.7293895840412006
2026-07-20T23:12:44,KNN-Direct-Weighted,Darwin,0.2,8,8,4,0.7142857142857143,0.6644908750313334,0.0,0.06936091702664271,0.7338557909824885
2026-07-20T23:12:45,KNN-Direct-Manhattan,Darwin,0.2,8,8,1,0.7142857142857143,0.6446870419895276,0.0,0.06710487499367446,0.7117961670155637
2026-07-20T23:12:48,KNN-IC,Darwin,0.2,9,9,1,0.6285714285714286,2.5369585839798674,0.12487587501527742,0.020874250039923936,2.682713457965292
2026-07-20T23:12:48,Mean-IC,Darwin,0.2,9,9,1,0.5714285714285714,0.184075583005324,0.0017807499971240759,0.018225790990982205,0.20408625004347414
2026-07-20T23:12:49,KNN-Direct,Darwin,0.2,9,9,1,0.5142857142857142,0.6898090830072761,0.0,0.06921183399390429,0.7590245000319555
2026-07-20T23:12:50,KNN-Direct-Weighted,Darwin,0.2,9,9,1,0.5714285714285714,0.8351893330109306,0.0,0.06789358396781608,0.9030922499950975
2026-07-20T23:12:50,KNN-Direct-Manhattan,Darwin,0.2,9,9,1,0.5142857142857142,0.6776072499924339,0.0,0.06810654199216515,0.7457207919796929
2026-07-20T23:12:53,KNN-IC,Darwin,0.2,10,10,4,0.7714285714285715,2.1338650829857215,0.1911761249648407,0.020392790960613638,2.345438291958999
2026-07-20T23:12:53,Mean-IC,Darwin,0.2,10,10,4,0.7714285714285715,0.17837112495908514,0.0017382079968228936,0.018024457967840135,0.19813683303073049
2026-07-20T23:12:54,KNN-Direct,Darwin,0.2,10,10,12,0.7714285714285715,0.6527248329948634,0.0,0.06975645897909999,0.7224853749503382
2026-07-20T23:12:54,KNN-Direct-Weighted,Darwin,0.2,10,10,3,0.7428571428571429,0.7061972499941476,0.0,0.06911583303008229,0.775317833002191
2026-07-20T23:12:55,KNN-Direct-Manhattan,Darwin,0.2,10,10,6,0.7714285714285715,0.6412433750228956,0.0,0.06724170799134299,0.7084892499842681
2026-07-20T23:12:58,KNN-IC,Darwin,0.2,11,11,1,0.6285714285714286,2.2988367920042947,0.1361091670114547,0.021771500003524125,2.4567235420108773
2026-07-20T23:12:58,Mean-IC,Darwin,0.2,11,11,1,0.6571428571428571,0.18291266699088737,0.0018607500242069364,0.01837287499802187,0.2031532499822788
2026-07-20T23:12:58,KNN-Direct,Darwin,0.2,11,11,1,0.7428571428571429,0.6604630420333706,0.0,0.0677418340346776,0.7282080000150017
2026-07-20T23:12:59,KNN-Direct-Weighted,Darwin,0.2,11,11,1,0.6857142857142857,0.6676908749504946,0.0,0.06892491702456027,0.7366204159916379
2026-07-20T23:13:00,KNN-Direct-Manhattan,Darwin,0.2,11,11,1,0.6857142857142857,0.6762917499872856,0.0,0.07076395896729082,0.7470599579974078
2026-07-20T23:13:03,KNN-IC,Darwin,0.2,12,12,1,0.6,2.561869332974311,0.12207408301765099,0.0203146249987185,2.70426445803605
2026-07-20T23:13:03,Mean-IC,Darwin,0.2,12,12,1,0.5428571428571428,0.1786421670112759,0.001744291977956891,0.01813524996396154,0.19852579099824652
2026-07-20T23:13:04,KNN-Direct,Darwin,0.2,12,12,3,0.5142857142857142,0.6967147910036147,0.0,0.06898187496699393,0.7656999579630792
2026-07-20T23:13:04,KNN-Direct-Weighted,Darwin,0.2,12,12,1,0.5714285714285714,0.6634822079795413,0.0,0.06845645804423839,0.731942499987781
2026-07-20T23:13:05,KNN-Direct-Manhattan,Darwin,0.2,12,12,1,0.6285714285714286,0.6445625410415232,0.0,0.06645262503298,0.7110201249597594
2026-07-20T23:13:07,KNN-IC,Darwin,0.2,13,13,2,0.6285714285714286,2.1628974579507485,0.125972791982349,0.02023258397821337,2.3091065409826115
2026-07-20T23:13:08,Mean-IC,Darwin,0.2,13,13,3,0.6571428571428571,0.17815349996089935,0.0016894580330699682,0.018006999976933002,0.19785283302189782
2026-07-20T23:13:08,KNN-Direct,Darwin,0.2,13,13,3,0.6571428571428571,0.6469969589961693,0.0,0.0678193750209175,0.714820375025738
2026-07-20T23:13:09,KNN-Direct-Weighted,Darwin,0.2,13,13,10,0.6285714285714286,0.6629150000517257,0.0,0.06817149999551475,0.7310923750046641
2026-07-20T23:13:10,KNN-Direct-Manhattan,Darwin,0.2,13,13,9,0.6285714285714286,0.6381800840026699,0.0,0.06610591599019244,0.7042907080031
2026-07-20T23:13:12,KNN-IC,Darwin,0.2,14,14,2,0.7714285714285715,2.156295292021241,0.12572112499037758,0.020182083011604846,2.302202458959073
2026-07-20T23:13:12,Mean-IC,Darwin,0.2,14,14,1,0.8,0.17830620903987437,0.0016584580298513174,0.01810799998929724,0.19807537499582395
2026-07-20T23:13:13,KNN-Direct,Darwin,0.2,14,14,3,0.8285714285714286,0.6495895420084707,0.0,0.0679272499983199,0.7175208749831654
2026-07-20T23:13:14,KNN-Direct-Weighted,Darwin,0.2,14,14,3,0.8285714285714286,0.6584760830155574,0.0,0.06843187502818182,0.7269124999875203
2026-07-20T23:13:14,KNN-Direct-Manhattan,Darwin,0.2,14,14,1,0.7428571428571429,0.6383739999728277,0.0,0.06635791598819196,0.7047363339806907
2026-07-20T23:13:17,KNN-IC,Darwin,0.2,15,15,1,0.8,2.322511125006713,0.12127549998695031,0.020180833991616964,2.4639718750258908
2026-07-20T23:13:17,Mean-IC,Darwin,0.2,15,15,1,0.7142857142857143,0.17935462499735877,0.0017892500036396086,0.01803762500640005,0.1991848750039935
2026-07-20T23:13:18,KNN-Direct,Darwin,0.2,15,15,5,0.7428571428571429,0.6490145000279881,0.0,0.06714129203464836,0.7161592079792172
2026-07-20T23:13:19,KNN-Direct-Weighted,Darwin,0.2,15,15,1,0.8,0.664140667009633,0.0,0.06827674998203292,0.7324215829721652
2026-07-20T23:13:19,KNN-Direct-Manhattan,Darwin,0.2,15,15,5,0.7142857142857143,0.6385059159947559,0.0,0.06620583299081773,0.7047161670052446
2026-07-20T23:13:22,KNN-IC,Darwin,0.2,16,16,1,0.6571428571428571,2.1272742089931853,0.12236512504750863,0.020757584017701447,2.2704012080212124
2026-07-20T23:13:22,Mean-IC,Darwin,0.2,16,16,4,0.6571428571428571,0.18104250001488253,0.0016956250183284283,0.018004832963924855,0.20074587501585484
2026-07-20T23:13:22,KNN-Direct,Darwin,0.2,16,16,1,0.7142857142857143,0.6476038749678992,0.0,0.06712225003866479,0.7147300000069663
2026-07-20T23:13:23,KNN-Direct-Weighted,Darwin,0.2,16,16,1,0.7142857142857143,0.6573930839658715,0.0,0.06849570799386129,0.7258932499680668
2026-07-20T23:13:24,KNN-Direct-Manhattan,Darwin,0.2,16,16,1,0.8,0.639140542014502,0.0,0.06600449996767566,0.7051507500000298
2026-07-20T23:13:26,KNN-IC,Darwin,0.2,17,17,1,0.6857142857142857,2.138503667025361,0.11989820800954476,0.020115291990805417,2.278524124994874
2026-07-20T23:13:26,Mean-IC,Darwin,0.2,17,17,3,0.6285714285714286,0.17881183297140524,0.0017042499966919422,0.018022250034846365,0.19854125002166256
2026-07-20T23:13:27,KNN-Direct,Darwin,0.2,17,17,8,0.6,0.6459889170364477,0.0,0.06719299999531358,0.7131852090242319
2026-07-20T23:13:28,KNN-Direct-Weighted,Darwin,0.2,17,17,3,0.6571428571428571,0.6596387079916894,0.0,0.0682111670030281,0.7278538750251755
2026-07-20T23:13:28,KNN-Direct-Manhattan,Darwin,0.2,17,17,3,0.7142857142857143,0.6403298329678364,0.0,0.06631870899582282,0.7066531669697724
2026-07-20T23:13:31,KNN-IC,Darwin,0.2,18,18,2,0.6571428571428571,2.1916008749976754,0.18833991698920727,0.0516173749929294,2.4315705000190064
2026-07-20T23:13:31,Mean-IC,Darwin,0.2,18,18,1,0.6285714285714286,0.31437341700075194,0.0031620420049875975,0.03053220798028633,0.348075624962803
2026-07-20T23:13:32,KNN-Direct,Darwin,0.2,18,18,9,0.5142857142857142,0.8680470839608461,0.0,0.07686041702982038,0.9449121669749729
2026-07-20T23:13:33,KNN-Direct-Weighted,Darwin,0.2,18,18,7,0.5142857142857142,0.6589217919972725,0.0,0.06847062497399747,0.7273980000172742
2026-07-20T23:13:34,KNN-Direct-Manhattan,Darwin,0.2,18,18,1,0.5428571428571428,0.639141958032269,0.0,0.0664439580286853,0.7055942909792066
2026-07-20T23:13:36,KNN-IC,Darwin,0.2,19,19,2,0.6571428571428571,2.1402905840077437,0.125601582985837,0.02036450000014156,2.2862603749963455
2026-07-20T23:13:36,Mean-IC,Darwin,0.2,19,19,1,0.5428571428571428,0.17857250000815839,0.0016800410230644047,0.018010166997555643,0.19826537504559383
2026-07-20T23:13:37,KNN-Direct,Darwin,0.2,19,19,4,0.6285714285714286,0.6479885409935378,0.0,0.06729650002671406,0.7152875000028871
2026-07-20T23:13:38,KNN-Direct-Weighted,Darwin,0.2,19,19,3,0.6,0.6581084999488667,0.0,0.06827887496910989,0.7263920000405051
2026-07-20T23:13:38,KNN-Direct-Manhattan,Darwin,0.2,19,19,1,0.6571428571428571,0.6382957500172779,0.0,0.06781204201979563,0.7061120830476284
2026-07-20T23:13:41,KNN-IC,Darwin,0.2,20,20,1,0.7142857142857143,2.137193209026009,0.12248916702810675,0.020199667022097856,2.2798856670269743
2026-07-20T23:13:41,Mean-IC,Darwin,0.2,20,20,1,0.6571428571428571,0.1784382499754429,0.0016504169907420874,0.0183266659732908,0.19841862504836172
2026-07-20T23:13:42,KNN-Direct,Darwin,0.2,20,20,1,0.6857142857142857,0.6491091250209138,0.0,0.06735441600903869,0.7164659169502556
2026-07-20T23:13:42,KNN-Direct-Weighted,Darwin,0.2,20,20,1,0.6857142857142857,0.6595488339662552,0.0,0.0680939580197446,0.7276473329984583
2026-07-20T23:13:43,KNN-Direct-Manhattan,Darwin,0.2,20,20,1,0.7428571428571429,0.6379183750250377,0.0,0.06606795801781118,0.7039913330227137
2026-07-20T23:13:45,KNN-IC,Darwin,0.2,21,21,3,0.7428571428571429,2.134630249987822,0.12797508295625448,0.02018679102184251,2.2827956249821
2026-07-20T23:13:45,Mean-IC,Darwin,0.2,21,21,3,0.7428571428571429,0.17834966705413535,0.001654834020882845,0.01797050004824996,0.19798075000289828
2026-07-20T23:13:46,KNN-Direct,Darwin,0.2,21,21,8,0.7142857142857143,0.7386721249786206,0.0,0.06718604097841308,0.8058623330434784
2026-07-20T23:13:47,KNN-Direct-Weighted,Darwin,0.2,21,21,8,0.7142857142857143,0.6593945000204258,0.0,0.0687715410022065,0.7281723329797387
2026-07-20T23:13:48,KNN-Direct-Manhattan,Darwin,0.2,21,21,7,0.7428571428571429,0.6389043750241399,0.0,0.066736624983605,0.7056495409924537
2026-07-20T23:13:50,KNN-IC,Darwin,0.2,22,22,2,0.6285714285714286,2.115620792028494,0.12360129196895286,0.02019012498203665,2.259416374959983
2026-07-20T23:13:50,Mean-IC,Darwin,0.2,22,22,1,0.6571428571428571,0.17719025001861155,0.0016579160001128912,0.017940708028618246,0.19679175002966076
2026-07-20T23:13:51,KNN-Direct,Darwin,0.2,22,22,8,0.6571428571428571,0.6460655839764513,0.0,0.06733325001550838,0.7134022919926792
2026-07-20T23:13:52,KNN-Direct-Weighted,Darwin,0.2,22,22,1,0.6571428571428571,0.6570859159692191,0.0,0.06829500000458211,0.7253856249735691
2026-07-20T23:13:52,KNN-Direct-Manhattan,Darwin,0.2,22,22,9,0.6285714285714286,0.6384470000048168,0.0,0.06659954198403284,0.7050512080313638
2026-07-20T23:13:55,KNN-IC,Darwin,0.2,23,23,1,0.7428571428571429,2.14211208402412,0.1212465830030851,0.02014179201796651,2.283504332997836
2026-07-20T23:13:55,Mean-IC,Darwin,0.2,23,23,1,0.7428571428571429,0.17820337502053007,0.001634292013477534,0.01800695899873972,0.19784749997779727
2026-07-20T23:13:55,KNN-Direct,Darwin,0.2,23,23,3,0.7142857142857143,0.6469063340337016,0.0,0.06720333301927894,0.7141137500293553
2026-07-20T23:13:56,KNN-Direct-Weighted,Darwin,0.2,23,23,3,0.7142857142857143,0.6571218750323169,0.0,0.06835804198635742,0.725485083006788
2026-07-20T23:13:57,KNN-Direct-Manhattan,Darwin,0.2,23,23,1,0.7428571428571429,0.6376846670173109,0.0,0.06628641701536253,0.7039757089805789
2026-07-20T23:13:59,KNN-IC,Darwin,0.2,24,24,1,0.7142857142857143,2.10135370795615,0.12187379103852436,0.02000212500570342,2.2432334589539096
2026-07-20T23:13:59,Mean-IC,Darwin,0.2,24,24,6,0.5714285714285714,0.17748095898423344,0.001650208025239408,0.018053749983664602,0.19718783296411857
2026-07-20T23:14:00,KNN-Direct,Darwin,0.2,24,24,3,0.6857142857142857,0.6482606250210665,0.0,0.06717033399036154,0.7154339579865336
2026-07-20T23:14:01,KNN-Direct-Weighted,Darwin,0.2,24,24,1,0.6,0.667935082979966,0.0,0.1007758749765344,0.7687155829626136
2026-07-20T23:14:02,KNN-Direct-Manhattan,Darwin,0.2,24,24,4,0.6857142857142857,0.7228059999761172,0.0,0.06676887499634176,0.7895797500386834
2026-07-20T23:14:04,KNN-IC,Darwin,0.2,25,25,5,0.5428571428571428,2.154163208033424,0.1446639999630861,0.020051333005540073,2.3188822079682723
2026-07-20T23:14:04,Mean-IC,Darwin,0.2,25,25,1,0.5714285714285714,0.17842183297034353,0.0016397910076193511,0.017908874957356602,0.19797316699987277
2026-07-20T23:14:05,KNN-Direct,Darwin,0.2,25,25,5,0.5142857142857142,0.6494467500015162,0.0,0.06720079103251919,0.716650957998354
2026-07-20T23:14:06,KNN-Direct-Weighted,Darwin,0.2,25,25,1,0.5714285714285714,0.6602018750272691,0.0,0.06892316701123491,0.729129749990534
2026-07-20T23:14:06,KNN-Direct-Manhattan,Darwin,0.2,25,25,1,0.5714285714285714,0.6398398749879561,0.0,0.06627583299996331,0.7061194999841973
2026-07-20T23:14:09,KNN-IC,Darwin,0.2,26,26,4,0.8,2.146075333992485,0.14678399998228997,0.020157875027507544,2.313027583004441
2026-07-20T23:14:09,Mean-IC,Darwin,0.2,26,26,1,0.7142857142857143,0.17884820903418586,0.0017145000165328383,0.018197791010607034,0.1987633749959059
2026-07-20T23:14:10,KNN-Direct,Darwin,0.2,26,26,1,0.7142857142857143,0.6499792500399053,0.0,0.06734624999808148,0.7173284580348991
2026-07-20T23:14:10,KNN-Direct-Weighted,Darwin,0.2,26,26,4,0.8,0.658609084028285,0.0,0.06872708298033103,0.727340292010922
2026-07-20T23:14:11,KNN-Direct-Manhattan,Darwin,0.2,26,26,1,0.7142857142857143,0.6381567500066012,0.0,0.066469999961555,0.7046317500062287
2026-07-20T23:14:13,KNN-IC,Darwin,0.2,27,27,1,0.7428571428571429,2.1575974579900503,0.12330487498547882,0.020654209016356617,2.301561667001806
2026-07-20T23:14:14,Mean-IC,Darwin,0.2,27,27,1,0.6571428571428571,0.17892691696761176,0.0017108749598264694,0.018089166027493775,0.19872995896730572
2026-07-20T23:14:14,KNN-Direct,Darwin,0.2,27,27,1,0.6571428571428571,0.6470806670258753,0.0,0.067105833964888,0.7141897910041735
2026-07-20T23:14:15,KNN-Direct-Weighted,Darwin,0.2,27,27,1,0.6857142857142857,0.6578857499989681,0.0,0.06903795897960663,0.7269290830008686
2026-07-20T23:14:16,KNN-Direct-Manhattan,Darwin,0.2,27,27,1,0.7428571428571429,0.6369270830182359,0.0,0.06604666699422523,0.7029788339859806
2026-07-20T23:14:18,KNN-IC,Darwin,0.2,28,28,1,0.7714285714285715,2.5737773749860935,0.12151487497612834,0.02021070901537314,2.715510167006869
2026-07-20T23:14:19,Mean-IC,Darwin,0.2,28,28,1,0.6857142857142857,0.17837358301039785,0.001706667011603713,0.018104417016729712,0.19819087500218302
2026-07-20T23:14:19,KNN-Direct,Darwin,0.2,28,28,1,0.6571428571428571,0.6532648329739459,0.0,0.06755529099609703,0.720824625052046
2026-07-20T23:14:20,KNN-Direct-Weighted,Darwin,0.2,28,28,1,0.6571428571428571,0.6589236660511233,0.0,0.0683394999941811,0.727268541988451
2026-07-20T23:14:21,KNN-Direct-Manhattan,Darwin,0.2,28,28,1,0.8285714285714286,0.6365852080052719,0.0,0.06591641699196771,0.7025060829473659
2026-07-20T23:14:23,KNN-IC,Darwin,0.2,29,29,1,0.7714285714285715,2.1446199999772944,0.12080249999416992,0.020201582985464483,2.2856275840313174
2026-07-20T23:14:23,Mean-IC,Darwin,0.2,29,29,1,0.6285714285714286,0.17779183300444856,0.00165200000628829,0.0181140000349842,0.1975607080385089
2026-07-20T23:14:24,KNN-Direct,Darwin,0.2,29,29,1,0.7142857142857143,0.6464023329899646,0.0,0.06713575002504513,0.7135423339786939
2026-07-20T23:14:25,KNN-Direct-Weighted,Darwin,0.2,29,29,1,0.7428571428571429,0.6558716250001453,0.0,0.06858604197623208,0.7244626249885187
2026-07-20T23:14:25,KNN-Direct-Manhattan,Darwin,0.2,29,29,1,0.7142857142857143,0.6361284169834107,0.0,0.06639329099562019,0.7025260830414481
2026-07-20T23:14:28,KNN-IC,Darwin,0.2,30,30,2,0.6857142857142857,2.1516079169814475,0.1278566669789143,0.02013016602722928,2.2996028749621473
2026-07-20T23:14:28,Mean-IC,Darwin,0.2,30,30,1,0.6285714285714286,0.1782829579897225,0.0017137500108219683,0.018118334002792835,0.1981180000002496
2026-07-20T23:14:29,KNN-Direct,Darwin,0.2,30,30,1,0.6,0.6469865419785492,0.0,0.06733225000789389,0.7143211669754237
2026-07-20T23:14:29,KNN-Direct-Weighted,Darwin,0.2,30,30,1,0.6,0.6573249580105767,0.0,0.06802091700956225,0.7253510830341838
2026-07-20T23:14:30,KNN-Direct-Manhattan,Darwin,0.2,30,30,1,0.6857142857142857,0.6380244580213912,0.0,0.06628120801178738,0.7043107919744216
2026-07-20T23:14:32,KNN-IC,Darwin,0.2,31,31,1,0.6571428571428571,2.3248200419475324,0.12135504104662687,0.02024683397030458,2.4664257499971427
2026-07-20T23:14:33,Mean-IC,Darwin,0.2,31,31,9,0.6571428571428571,0.17715083400253206,0.001655625004786998,0.018021208001300693,0.19683058297960088
2026-07-20T23:14:33,KNN-Direct,Darwin,0.2,31,31,3,0.6857142857142857,0.6479301250074059,0.0,0.0674270840245299,0.7153605420025997
2026-07-20T23:14:34,KNN-Direct-Weighted,Darwin,0.2,31,31,4,0.6857142857142857,0.6575987079995684,0.0,0.06820720800897107,0.7258100830367766
2026-07-20T23:14:35,KNN-Direct-Manhattan,Darwin,0.2,31,31,1,0.6857142857142857,0.6381374170305207,0.0,0.06648995901923627,0.7046330409939401
2026-07-20T23:14:37,KNN-IC,Darwin,0.2,32,32,3,0.7714285714285715,2.148920083011035,0.1278548749978654,0.020310667052399367,2.297089916013647
2026-07-20T23:14:37,Mean-IC,Darwin,0.2,32,32,5,0.6857142857142857,0.17793362494558096,0.0016547919949516654,0.01799966604448855,0.1975910000037402
2026-07-20T23:14:38,KNN-Direct,Darwin,0.2,32,32,1,0.7714285714285715,0.6471009170054458,0.0,0.06802924996009097,0.7151342500001192
2026-07-20T23:14:39,KNN-Direct-Weighted,Darwin,0.2,32,32,1,0.7714285714285715,0.6581892499816604,0.0,0.06824537500506267,0.7264394999947399
2026-07-20T23:14:39,KNN-Direct-Manhattan,Darwin,0.2,32,32,1,0.7428571428571429,0.6394654579926282,0.0,0.0667988330242224,0.7062690840102732
2026-07-20T23:14:42,KNN-IC,Darwin,0.2,33,33,3,0.7714285714285715,2.147091749997344,0.12708833295619115,0.020673083025030792,2.2948584590340033
2026-07-20T23:14:42,Mean-IC,Darwin,0.2,33,33,3,0.8,0.17879445798462257,0.0017372909933328629,0.018011540989391506,0.19855020800605416
2026-07-20T23:14:43,KNN-Direct,Darwin,0.2,33,33,4,0.8285714285714286,0.6474289580364712,0.0,0.06758729199646041,0.7150194170535542
2026-07-20T23:14:43,KNN-Direct-Weighted,Darwin,0.2,33,33,4,0.8285714285714286,0.6567846250254661,0.0,0.06820762500865385,0.7249967089737765
2026-07-20T23:14:44,KNN-Direct-Manhattan,Darwin,0.2,33,33,3,0.8857142857142857,0.6382784169982187,0.0,0.06622795795556158,0.7045113749918528
2026-07-20T23:14:47,KNN-IC,Darwin,0.2,34,34,2,0.6,2.320193332969211,0.12597099994309247,0.020214000018313527,2.466385415988043
2026-07-20T23:14:47,Mean-IC,Darwin,0.2,34,34,1,0.6,0.17769533401587978,0.00162808399181813,0.0180024589644745,0.1973286250140518
2026-07-20T23:14:48,KNN-Direct,Darwin,0.2,34,34,3,0.6857142857142857,0.6487205419689417,0.0,0.06747912499122322,0.7162024580175057
2026-07-20T23:14:48,KNN-Direct-Weighted,Darwin,0.2,34,34,6,0.6571428571428571,0.65775241603842,0.0,0.06814620899967849,0.725903875019867
2026-07-20T23:14:49,KNN-Direct-Manhattan,Darwin,0.2,34,34,1,0.6857142857142857,0.6383193750516511,0.0,0.06651495798723772,0.7048396669561043
2026-07-20T23:14:51,KNN-IC,Darwin,0.2,35,35,3,0.7428571428571429,2.1478876670007594,0.12628312496235594,0.020290874992497265,2.2944659999920987
2026-07-20T23:14:51,Mean-IC,Darwin,0.2,35,35,3,0.7142857142857143,0.17759495798964053,0.0016420410247519612,0.017951500019989908,0.1971913329907693
2026-07-20T23:14:52,KNN-Direct,Darwin,0.2,35,35,3,0.8,0.6481215839739889,0.0,0.06786483299219981,0.7159904580330476
2026-07-20T23:14:53,KNN-Direct-Weighted,Darwin,0.2,35,35,1,0.7428571428571429,0.6573305830243044,0.0,0.06814770802157,0.7254820420057513
2026-07-20T23:14:54,KNN-Direct-Manhattan,Darwin,0.2,35,35,3,0.8,0.639578457979951,0.0,0.06655820901505649,0.7061409580055624
2026-07-20T23:14:56,KNN-IC,Darwin,0.2,36,36,2,0.6857142857142857,2.1487414579605684,0.12526612501824275,0.02039254200644791,2.294406540982891
2026-07-20T23:14:56,Mean-IC,Darwin,0.2,36,36,1,0.6857142857142857,0.17901937500573695,0.0017419999931007624,0.017997667018789798,0.1987624589819461
2026-07-20T23:14:57,KNN-Direct,Darwin,0.2,36,36,3,0.6285714285714286,0.6446479170117527,0.0,0.06715795799391344,0.7118088330025785
2026-07-20T23:14:58,KNN-Direct-Weighted,Darwin,0.2,36,36,3,0.7142857142857143,0.654335708997678,0.0,0.06848187500145286,0.7228216250077821
2026-07-20T23:14:58,KNN-Direct-Manhattan,Darwin,0.2,36,36,9,0.6571428571428571,0.6359569169580936,0.0,0.06640004203654826,0.7023604999994859
2026-07-20T23:15:01,KNN-IC,Darwin,0.2,37,37,1,0.6,2.104249374999199,0.12042404100066051,0.020159416017122567,2.2448371250065975
2026-07-20T23:15:01,Mean-IC,Darwin,0.2,37,37,5,0.5714285714285714,0.17795837501762435,0.0016851659747771919,0.017986916995141655,0.19763358298223466
2026-07-20T23:15:02,KNN-Direct,Darwin,0.2,37,37,5,0.5428571428571428,0.8935962910181843,0.0,0.11728966597002,1.0108942500082776
2026-07-20T23:15:03,KNN-Direct-Weighted,Darwin,0.2,37,37,5,0.5714285714285714,0.7568827920476906,0.0,0.06810483400477096,0.8249941249960102
2026-07-20T23:15:03,KNN-Direct-Manhattan,Darwin,0.2,37,37,5,0.6,0.6387938749976456,0.0,0.06633929099189118,0.7051379999611527
2026-07-20T23:15:06,KNN-IC,Darwin,0.2,38,38,1,0.7428571428571429,2.1496363329933956,0.12085745797958225,0.02021016599610448,2.2907078330172226
2026-07-20T23:15:06,Mean-IC,Darwin,0.2,38,38,3,0.7142857142857143,0.17838625004515052,0.0016705830348655581,0.018084416980855167,0.19814408395905048
2026-07-20T23:15:06,KNN-Direct,Darwin,0.2,38,38,5,0.7142857142857143,0.6483795829699375,0.0,0.06735516700427979,0.7157384580350481
2026-07-20T23:15:07,KNN-Direct-Weighted,Darwin,0.2,38,38,7,0.7142857142857143,0.6569629579898901,0.0,0.06808504200307652,0.725052332971245
2026-07-20T23:15:08,KNN-Direct-Manhattan,Darwin,0.2,38,38,1,0.7142857142857143,0.6380047079874203,0.0,0.06612987502012402,0.7041393750114366
2026-07-20T23:15:10,KNN-IC,Darwin,0.2,39,39,1,0.7142857142857143,2.340992708981503,0.11995091702556238,0.02016720804385841,2.4811149169690907
2026-07-20T23:15:11,Mean-IC,Darwin,0.2,39,39,7,0.6857142857142857,0.17754258401691914,0.0016560000367462635,0.017965917009860277,0.19717050000326708
2026-07-20T23:15:11,KNN-Direct,Darwin,0.2,39,39,1,0.7142857142857143,0.6467167920200154,0.0,0.06710300000850111,0.7138238329789601
2026-07-20T23:15:12,KNN-Direct-Weighted,Darwin,0.2,39,39,1,0.7428571428571429,0.6610044169938192,0.0,0.06833720800932497,0.7293462089728564
2026-07-20T23:15:13,KNN-Direct-Manhattan,Darwin,0.2,39,39,4,0.7428571428571429,0.6375123340403661,0.0,0.06628274999093264,0.7038005000213161
2026-07-20T23:15:15,KNN-IC,Darwin,0.3,0,0,3,0.5714285714285714,2.2704833750030957,0.13475670799380168,0.020152249955572188,2.425395958009176
2026-07-20T23:15:15,Mean-IC,Darwin,0.3,0,0,4,0.5142857142857142,0.1778935420443304,0.001871708023827523,0.018108291958924383,0.19787641701987013
2026-07-20T23:15:16,KNN-Direct,Darwin,0.3,0,0,11,0.6857142857142857,0.7539331669686362,0.0,0.08105362497735769,0.8349904579808936
2026-07-20T23:15:17,KNN-Direct-Weighted,Darwin,0.3,0,0,4,0.6857142857142857,0.6759942080243491,0.0,0.0698373339837417,0.7458405420184135
2026-07-20T23:15:18,KNN-Direct-Manhattan,Darwin,0.3,0,0,6,0.6285714285714286,0.6525638340390287,0.0,0.06750083295628428,0.7200695410137996
2026-07-20T23:15:20,KNN-IC,Darwin,0.3,1,1,4,0.5714285714285714,2.291946207988076,0.15811908402247354,0.020243207982275635,2.470312124991324
2026-07-20T23:15:20,Mean-IC,Darwin,0.3,1,1,1,0.5142857142857142,0.17773933400167152,0.0019080829806625843,0.017923915991559625,0.19757849996676669
2026-07-20T23:15:21,KNN-Direct,Darwin,0.3,1,1,1,0.6571428571428571,0.6639827080070972,0.0,0.0686463339952752,0.7326371670351364
2026-07-20T23:15:22,KNN-Direct-Weighted,Darwin,0.3,1,1,7,0.6,0.6820166250108741,0.0,0.06957474997034296,0.7515959169832058
2026-07-20T23:15:23,KNN-Direct-Manhattan,Darwin,0.3,1,1,1,0.6571428571428571,0.6547219580388628,0.0,0.06745487498119473,0.7221814580261707
2026-07-20T23:15:25,KNN-IC,Darwin,0.3,2,2,1,0.5428571428571428,2.215789624955505,0.12232725002104416,0.02015462500276044,2.358281040971633
2026-07-20T23:15:25,Mean-IC,Darwin,0.3,2,2,1,0.4857142857142857,0.17870654200669378,0.0018823330174200237,0.018044917029328644,0.1986366670462303
2026-07-20T23:15:26,KNN-Direct,Darwin,0.3,2,2,3,0.5142857142857142,0.6645647090044804,0.0,0.0687172079924494,0.7332857919973321
2026-07-20T23:15:27,KNN-Direct-Weighted,Darwin,0.3,2,2,4,0.4857142857142857,0.6732240830315277,0.0,0.06933687499258667,0.7425652079982683
2026-07-20T23:15:27,KNN-Direct-Manhattan,Darwin,0.3,2,2,1,0.5142857142857142,0.6533355409628712,0.0,0.06763254199177027,0.7209719999809749
2026-07-20T23:15:30,KNN-IC,Darwin,0.3,3,3,1,0.6,2.263092792010866,0.12401525001041591,0.02021595899714157,2.4073320840252563
2026-07-20T23:15:30,Mean-IC,Darwin,0.3,3,3,1,0.4857142857142857,0.1785382080124691,0.0018875420209951699,0.01796658302191645,0.1983952919836156
2026-07-20T23:15:31,KNN-Direct,Darwin,0.3,3,3,3,0.6857142857142857,0.6625734589761123,0.0,0.06905041704885662,0.7316272089956328
2026-07-20T23:15:32,KNN-Direct-Weighted,Darwin,0.3,3,3,1,0.6,0.801185333984904,0.0,0.07051258301362395,0.8717029999825172
2026-07-20T23:15:32,KNN-Direct-Manhattan,Darwin,0.3,3,3,1,0.5714285714285714,0.6693271659896709,0.0,0.06796908297110349,0.7373005420085974
2026-07-20T23:15:35,KNN-IC,Darwin,0.3,4,4,3,0.6571428571428571,2.2727097920142114,0.1445678339805454,0.020703917020000517,2.437986458011437
2026-07-20T23:15:35,Mean-IC,Darwin,0.3,4,4,3,0.6857142857142857,0.18297333299415186,0.0020198749843984842,0.018098417029250413,0.20309504203032702
2026-07-20T23:15:36,KNN-Direct,Darwin,0.3,4,4,4,0.7142857142857143,0.6835561660118401,0.0,0.06905145797645673,0.7526110840262845
2026-07-20T23:15:37,KNN-Direct-Weighted,Darwin,0.3,4,4,4,0.7142857142857143,0.9011282079736702,0.0,0.10166433302219957,1.002796750050038
2026-07-20T23:15:37,KNN-Direct-Manhattan,Darwin,0.3,4,4,5,0.6857142857142857,0.6636387080070563,0.0,0.06920070899650455,0.7328434580122121
2026-07-20T23:15:40,KNN-IC,Darwin,0.3,5,5,3,0.6571428571428571,2.477674083027523,0.13971741602290422,0.02068287500878796,2.638079625030514
2026-07-20T23:15:40,Mean-IC,Darwin,0.3,5,5,3,0.6,0.18225191696546972,0.0020481660030782223,0.018366499978583306,0.20267141598742455
2026-07-20T23:15:41,KNN-Direct,Darwin,0.3,5,5,3,0.6,0.6771275000064634,0.0,0.07064729102421552,0.7477780420449562
2026-07-20T23:15:42,KNN-Direct-Weighted,Darwin,0.3,5,5,3,0.6,0.6968200840055943,0.0,0.07319270895095542,0.7700155409984291
2026-07-20T23:15:43,KNN-Direct-Manhattan,Darwin,0.3,5,5,3,0.6285714285714286,0.6790170419844799,0.0,0.06941762496717274,0.7484389169840142
2026-07-20T23:15:45,KNN-IC,Darwin,0.3,6,6,3,0.6285714285714286,2.3692667499999516,0.1380489580333233,0.02119758300250396,2.52851895801723
2026-07-20T23:15:45,Mean-IC,Darwin,0.3,6,6,1,0.6,0.18376254104077816,0.001999208005145192,0.01857120799832046,0.20433708303608
2026-07-20T23:15:46,KNN-Direct,Darwin,0.3,6,6,1,0.6571428571428571,0.7996417909744196,0.0,0.09880470798816532,0.8984500839724205
2026-07-20T23:15:47,KNN-Direct-Weighted,Darwin,0.3,6,6,3,0.6285714285714286,0.7548474160139449,0.0,0.07230533397523686,0.8271637499565259
2026-07-20T23:15:48,KNN-Direct-Manhattan,Darwin,0.3,6,6,5,0.6571428571428571,0.6719303750433028,0.0,0.06930912495590746,0.7412429160322063
2026-07-20T23:15:50,KNN-IC,Darwin,0.3,7,7,4,0.7714285714285715,2.3278321670368314,0.16452329099411145,0.020669959019869566,2.5130296670249663
2026-07-20T23:15:50,Mean-IC,Darwin,0.3,7,7,1,0.7714285714285715,0.18307483399985358,0.0019876669975928962,0.01838091597892344,0.2034473749808967
2026-07-20T23:15:51,KNN-Direct,Darwin,0.3,7,7,3,0.9142857142857143,0.6793639159877785,0.0,0.07026016601594165,0.7496269590337761
2026-07-20T23:15:52,KNN-Direct-Weighted,Darwin,0.3,7,7,3,0.8571428571428571,0.6877945830347016,0.0,0.07218650000868365,0.7599842079798691
2026-07-20T23:15:53,KNN-Direct-Manhattan,Darwin,0.3,7,7,3,0.8857142857142857,0.6700401660054922,0.0,0.06950866698753089,0.7395523749873973
2026-07-20T23:15:55,KNN-IC,Darwin,0.3,8,8,1,0.7714285714285715,2.3250597089645453,0.12925291701685637,0.020926334022078663,2.4752427079947665
2026-07-20T23:15:55,Mean-IC,Darwin,0.3,8,8,3,0.6,0.1831931669730693,0.0020132919889874756,0.018527082982473075,0.2037379170069471
2026-07-20T23:15:56,KNN-Direct,Darwin,0.3,8,8,5,0.6857142857142857,0.6802737080142833,0.0,0.0708301670383662,0.7511075840448029
2026-07-20T23:15:57,KNN-Direct-Weighted,Darwin,0.3,8,8,1,0.7142857142857143,0.6897260830155574,0.0,0.07105683296686038,0.7607862500008196
2026-07-20T23:15:58,KNN-Direct-Manhattan,Darwin,0.3,8,8,1,0.8571428571428571,0.6702826250111684,0.0,0.06930658296914771,0.739592292055022
2026-07-20T23:16:00,KNN-IC,Darwin,0.3,9,9,2,0.6285714285714286,2.3611409579752944,0.1340993749909103,0.020940500020515174,2.51618541701464
2026-07-20T23:16:00,Mean-IC,Darwin,0.3,9,9,1,0.4857142857142857,0.18352987500838935,0.0020271660177968442,0.018364832969382405,0.2039259999874048
2026-07-20T23:16:01,KNN-Direct,Darwin,0.3,9,9,1,0.45714285714285713,0.838478124991525,0.0,0.11040933296317235,0.9488918749848381
2026-07-20T23:16:02,KNN-Direct-Weighted,Darwin,0.3,9,9,1,0.5142857142857142,0.7252032500109635,0.0,0.0712802920024842,0.796487666957546
2026-07-20T23:16:03,KNN-Direct-Manhattan,Darwin,0.3,9,9,1,0.4857142857142857,0.6700811670161784,0.0,0.0695022500003688,0.7395864999853075
2026-07-20T23:16:05,KNN-IC,Darwin,0.3,10,10,3,0.7428571428571429,2.338030874961987,0.13862283300841227,0.021290250006131828,2.4979487910168245
2026-07-20T23:16:06,Mean-IC,Darwin,0.3,10,10,9,0.7428571428571429,0.1832964580389671,0.001992125005926937,0.01852895802585408,0.20382229203823954
2026-07-20T23:16:06,KNN-Direct,Darwin,0.3,10,10,6,0.7714285714285715,0.6826624579844065,0.0,0.0698985000490211,0.7525639579980634
2026-07-20T23:16:07,KNN-Direct-Weighted,Darwin,0.3,10,10,3,0.7714285714285715,0.695652374997735,0.0,0.0713566669728607,0.7670126250013709
2026-07-20T23:16:08,KNN-Direct-Manhattan,Darwin,0.3,10,10,4,0.8285714285714286,0.672335832961835,0.0,0.06926112499786541,0.7416007910505868
2026-07-20T23:16:10,KNN-IC,Darwin,0.3,11,11,2,0.7428571428571429,2.344787250040099,0.13399204198503867,0.020754333003424108,2.4995377500308678
2026-07-20T23:16:11,Mean-IC,Darwin,0.3,11,11,1,0.6285714285714286,0.18281512503745034,0.0019874999998137355,0.01842420903267339,0.20323124999413267
2026-07-20T23:16:11,KNN-Direct,Darwin,0.3,11,11,1,0.7142857142857143,0.6820932499831542,0.0,0.0707280000206083,0.7528245410067029
2026-07-20T23:16:12,KNN-Direct-Weighted,Darwin,0.3,11,11,3,0.7142857142857143,0.6933487079804763,0.0,0.07182262500282377,0.76517500000773
2026-07-20T23:16:13,KNN-Direct-Manhattan,Darwin,0.3,11,11,1,0.6571428571428571,0.6696770829730667,0.0,0.06940241699339822,0.7390832079690881
2026-07-20T23:16:15,KNN-IC,Darwin,0.3,12,12,1,0.5714285714285714,2.356912666000426,0.12838662503054366,0.02058174996636808,2.50588583300123
2026-07-20T23:16:16,Mean-IC,Darwin,0.3,12,12,1,0.4857142857142857,0.18253300001379102,0.0019934590090997517,0.018524917017202824,0.20305591699434444
2026-07-20T23:16:16,KNN-Direct,Darwin,0.3,12,12,1,0.5714285714285714,0.7384437500149943,0.0,0.07133020897163078,0.809777166985441
2026-07-20T23:16:17,KNN-Direct-Weighted,Darwin,0.3,12,12,1,0.5714285714285714,0.6936429170309566,0.0,0.07172666699625552,0.7653730000020005
2026-07-20T23:16:18,KNN-Direct-Manhattan,Darwin,0.3,12,12,1,0.6285714285714286,0.673580624978058,0.0,0.07008425000822172,0.7436685839784332
2026-07-20T23:16:20,KNN-IC,Darwin,0.3,13,13,4,0.6285714285714286,2.366932375007309,0.16030804201727733,0.020680999965406954,2.5479255829704925
2026-07-20T23:16:21,Mean-IC,Darwin,0.3,13,13,1,0.6,0.18206729099620134,0.0019929170375689864,0.018220041994936764,0.20228404202498496
2026-07-20T23:16:21,KNN-Direct,Darwin,0.3,13,13,9,0.6,0.6830801669857465,0.0,0.0704422079725191,0.7535255000111647
2026-07-20T23:16:22,KNN-Direct-Weighted,Darwin,0.3,13,13,9,0.6,0.6939263330423273,0.0,0.07126716698985547,0.7651977080386132
2026-07-20T23:16:23,KNN-Direct-Manhattan,Darwin,0.3,13,13,7,0.6285714285714286,0.6696311249979772,0.0,0.06958612496964633,0.7392209580284543
2026-07-20T23:16:25,KNN-IC,Darwin,0.3,14,14,1,0.7714285714285715,2.3486147089861333,0.12850170797901228,0.020802500017452985,2.497923417016864
2026-07-20T23:16:26,Mean-IC,Darwin,0.3,14,14,1,0.8571428571428571,0.18318266700953245,0.002012083015870303,0.018472791009116918,0.2036715000285767
2026-07-20T23:16:26,KNN-Direct,Darwin,0.3,14,14,7,0.7428571428571429,0.6858272909885272,0.0,0.07042845798423514,0.7562589999870397
2026-07-20T23:16:27,KNN-Direct-Weighted,Darwin,0.3,14,14,3,0.8285714285714286,0.6891885420191102,0.0,0.07107391703175381,0.7602658329997212
2026-07-20T23:16:28,KNN-Direct-Manhattan,Darwin,0.3,14,14,1,0.7142857142857143,0.6711439159698784,0.0,0.06926391599699855,0.7404111660434864
2026-07-20T23:16:30,KNN-IC,Darwin,0.3,15,15,1,0.8571428571428571,2.3508040419546887,0.1301231249817647,0.020950249978341162,2.501881583011709
2026-07-20T23:16:31,Mean-IC,Darwin,0.3,15,15,5,0.6571428571428571,0.18342924996977672,0.0020008329884149134,0.018635707965586334,0.20407000003615394
2026-07-20T23:16:32,KNN-Direct,Darwin,0.3,15,15,5,0.7714285714285715,0.902147667016834,0.0,0.103902000002563,1.0060537080280483
2026-07-20T23:16:33,KNN-Direct-Weighted,Darwin,0.3,15,15,9,0.7428571428571429,0.9415387499611825,0.0,0.07180999999400228,1.0133535419590771
2026-07-20T23:16:33,KNN-Direct-Manhattan,Darwin,0.3,15,15,3,0.7714285714285715,0.6705075829522684,0.0,0.06977391697000712,0.740285917010624
2026-07-20T23:16:36,KNN-IC,Darwin,0.3,16,16,1,0.7714285714285715,2.3225777500192635,0.12877966702217236,0.020839041040744632,2.472200333024375
2026-07-20T23:16:36,Mean-IC,Darwin,0.3,16,16,4,0.6857142857142857,0.18344495899509639,0.0019907079986296594,0.01844754198100418,0.2038877080194652
2026-07-20T23:16:37,KNN-Direct,Darwin,0.3,16,16,12,0.7142857142857143,0.6817495829891413,0.0,0.07053708302555606,0.7522897919989191
2026-07-20T23:16:38,KNN-Direct-Weighted,Darwin,0.3,16,16,1,0.7714285714285715,0.6905862909625284,0.0,0.07207420899067074,0.7626639159861952
2026-07-20T23:16:38,KNN-Direct-Manhattan,Darwin,0.3,16,16,1,0.7428571428571429,0.670294666022528,0.0,0.06852500000968575,0.7388234169920906
2026-07-20T23:16:41,KNN-IC,Darwin,0.3,17,17,6,0.6,2.3473539580008946,0.16453466698294505,0.020790542010217905,2.5326830000267364
2026-07-20T23:16:41,Mean-IC,Darwin,0.3,17,17,11,0.5142857142857142,0.18359474994940683,0.0019796250271610916,0.01851458300370723,0.20409316703444347
2026-07-20T23:16:42,KNN-Direct,Darwin,0.3,17,17,8,0.6857142857142857,0.681236959004309,0.0,0.07100291701499373,0.75224345800234
2026-07-20T23:16:43,KNN-Direct-Weighted,Darwin,0.3,17,17,5,0.6285714285714286,0.6951824999996461,0.0,0.07141612499253824,0.7666020829929039
2026-07-20T23:16:43,KNN-Direct-Manhattan,Darwin,0.3,17,17,4,0.6571428571428571,0.670634499983862,0.0,0.06932133401278406,0.7399592919973657
2026-07-20T23:16:46,KNN-IC,Darwin,0.3,18,18,7,0.6285714285714286,2.3621467500342987,0.16657529200892895,0.030848833033815026,2.559577415988315
2026-07-20T23:16:46,Mean-IC,Darwin,0.3,18,18,1,0.5714285714285714,0.2529652920202352,0.002349750022403896,0.01872895803535357,0.2740501249791123
2026-07-20T23:16:47,KNN-Direct,Darwin,0.3,18,18,13,0.5142857142857142,0.6840773750445805,0.0,0.07035437499871477,0.7544350419775583
2026-07-20T23:16:48,KNN-Direct-Weighted,Darwin,0.3,18,18,13,0.5428571428571428,0.6910460409708321,0.0,0.0713325830292888,0.7623819159925915
2026-07-20T23:16:48,KNN-Direct-Manhattan,Darwin,0.3,18,18,4,0.6,0.6703874170198105,0.0,0.06944725004723296,0.7398384159896523
2026-07-20T23:16:51,KNN-IC,Darwin,0.3,19,19,3,0.6,2.364837749977596,0.13871000002836809,0.02138087502680719,2.524934042012319
2026-07-20T23:16:51,Mean-IC,Darwin,0.3,19,19,1,0.5428571428571428,0.1849389579729177,0.002283875015564263,0.018625832977704704,0.2058567080530338
2026-07-20T23:16:52,KNN-Direct,Darwin,0.3,19,19,3,0.7142857142857143,0.6831761249923147,0.0,0.07055312499869615,0.7537365830503404
2026-07-20T23:16:53,KNN-Direct-Weighted,Darwin,0.3,19,19,3,0.7142857142857143,0.6925069579738192,0.0,0.07156091701472178,0.7640713339787908
2026-07-20T23:16:53,KNN-Direct-Manhattan,Darwin,0.3,19,19,1,0.6571428571428571,0.6722616670303978,0.0,0.06976058299187571,0.7420257499907166
2026-07-20T23:16:56,KNN-IC,Darwin,0.3,20,20,2,0.8285714285714286,2.3403002910199575,0.13404054200509563,0.02069425000809133,2.4950393750332296
2026-07-20T23:16:56,Mean-IC,Darwin,0.3,20,20,3,0.6571428571428571,0.18332925002323464,0.002124208025634289,0.018713709025178105,0.20417120796628296
2026-07-20T23:16:57,KNN-Direct,Darwin,0.3,20,20,5,0.7714285714285715,0.6819136660196818,0.0,0.07063216698588803,0.752548459044192
2026-07-20T23:16:58,KNN-Direct-Weighted,Darwin,0.3,20,20,1,0.8,0.690707832982298,0.0,0.0714275420177728,0.7621386249666102
2026-07-20T23:16:58,KNN-Direct-Manhattan,Darwin,0.3,20,20,8,0.8285714285714286,0.6704416660359129,0.0,0.06948841700796038,0.739933583943639
2026-07-20T23:17:01,KNN-IC,Darwin,0.3,21,21,3,0.7428571428571429,2.3453107079840265,0.1595145000028424,0.039711999997962266,2.5445447079837322
2026-07-20T23:17:01,Mean-IC,Darwin,0.3,21,21,3,0.6857142857142857,0.3321149169933051,0.003582416975405067,0.037805415980983526,0.37351262499578297
2026-07-20T23:17:02,KNN-Direct,Darwin,0.3,21,21,1,0.8285714285714286,0.7539849999593571,0.0,0.07098329102154821,0.824973292008508
2026-07-20T23:17:03,KNN-Direct-Weighted,Darwin,0.3,21,21,3,0.7714285714285715,0.6911157499998808,0.0,0.07140604098094627,0.7625254159793258
2026-07-20T23:17:04,KNN-Direct-Manhattan,Darwin,0.3,21,21,1,0.7428571428571429,0.6705736659932882,0.0,0.06947899999795482,0.7400564170093276
2026-07-20T23:17:06,KNN-IC,Darwin,0.3,22,22,7,0.6857142857142857,2.3196600830415264,0.16637574997730553,0.020957375003490597,2.506997250020504
2026-07-20T23:17:06,Mean-IC,Darwin,0.3,22,22,9,0.6571428571428571,0.18265933397924528,0.001999500032979995,0.018473542004358023,0.2031362919951789
2026-07-20T23:17:07,KNN-Direct,Darwin,0.3,22,22,4,0.7428571428571429,0.7557803749805316,0.0,0.07022950000828132,0.8260130000417121
2026-07-20T23:17:08,KNN-Direct-Weighted,Darwin,0.3,22,22,7,0.7428571428571429,0.6911812080070376,0.0,0.07113424997078255,0.7623195000342093
2026-07-20T23:17:09,KNN-Direct-Manhattan,Darwin,0.3,22,22,9,0.6857142857142857,0.6712117500137538,0.0,0.06939962494652718,0.7406151670147665
2026-07-20T23:17:11,KNN-IC,Darwin,0.3,23,23,3,0.7428571428571429,2.3610519579960965,0.13831545796710998,0.020867416984401643,2.520239000034053
2026-07-20T23:17:11,Mean-IC,Darwin,0.3,23,23,1,0.7428571428571429,0.18270883295917884,0.0022757500410079956,0.018668500008061528,0.20365733304060996
2026-07-20T23:17:12,KNN-Direct,Darwin,0.3,23,23,8,0.7142857142857143,0.683805333042983,0.0,0.07072420802433044,0.7545324169914238
2026-07-20T23:17:13,KNN-Direct-Weighted,Darwin,0.3,23,23,4,0.7428571428571429,0.6886982090072706,0.0,0.07197358302073553,0.76067491696449
2026-07-20T23:17:14,KNN-Direct-Manhattan,Darwin,0.3,23,23,1,0.7714285714285715,0.6673984589870088,0.0,0.06965412496356294,0.7370562079595402
2026-07-20T23:17:16,KNN-IC,Darwin,0.3,24,24,2,0.7714285714285715,2.3694857499795035,0.1609234159695916,0.021261666028294712,2.5516788749955595
2026-07-20T23:17:16,Mean-IC,Darwin,0.3,24,24,6,0.5714285714285714,0.18714466696837917,0.0020787090179510415,0.01878904103068635,0.2080179579788819
2026-07-20T23:17:17,KNN-Direct,Darwin,0.3,24,24,4,0.6857142857142857,0.6915160409989767,0.0,0.07035170804010704,0.7618711249670014
2026-07-20T23:17:18,KNN-Direct-Weighted,Darwin,0.3,24,24,1,0.7428571428571429,0.6919134589843452,0.0,0.07195666601182893,0.7638737090164796
2026-07-20T23:17:19,KNN-Direct-Manhattan,Darwin,0.3,24,24,1,0.6857142857142857,0.671041666995734,0.0,0.0694747079978697,0.7405200420180336
2026-07-20T23:17:21,KNN-IC,Darwin,0.3,25,25,1,0.5428571428571428,2.366405167034827,0.12793641700409353,0.021008666954003274,2.5153549169772305
2026-07-20T23:17:21,Mean-IC,Darwin,0.3,25,25,1,0.6,0.18281704204855487,0.0019911249983124435,0.018386790994554758,0.20319833303801715
2026-07-20T23:17:22,KNN-Direct,Darwin,0.3,25,25,4,0.5428571428571428,0.683376542001497,0.0,0.07048495899653062,0.7538646250031888
2026-07-20T23:17:23,KNN-Direct-Weighted,Darwin,0.3,25,25,1,0.6,0.6916001670178957,0.0,0.07161708304192871,0.7632205000263639
2026-07-20T23:17:24,KNN-Direct-Manhattan,Darwin,0.3,25,25,1,0.5714285714285714,0.6713855830021203,0.0,0.0698349159792997,0.7412237919634208
2026-07-20T23:17:26,KNN-IC,Darwin,0.3,26,26,1,0.7714285714285715,2.3623055840143934,0.12989774998277426,0.021014750003814697,2.5132252080366015
2026-07-20T23:17:26,Mean-IC,Darwin,0.3,26,26,1,0.6857142857142857,0.18271520803682506,0.0019961249781772494,0.018406416988000274,0.2031213750015013
2026-07-20T23:17:27,KNN-Direct,Darwin,0.3,26,26,3,0.8,0.6826907920185477,0.0,0.07037808297900483,0.7530718329944648
2026-07-20T23:17:28,KNN-Direct-Weighted,Darwin,0.3,26,26,7,0.8,0.6937530409777537,0.0,0.07119624997721985,0.7649525419692509
2026-07-20T23:17:29,KNN-Direct-Manhattan,Darwin,0.3,26,26,1,0.8,0.6703425840241835,0.0,0.06906566600082442,0.739412082999479
2026-07-20T23:17:31,KNN-IC,Darwin,0.3,27,27,2,0.7714285714285715,2.494765040988568,0.2591600000159815,0.026049875013995916,2.7799835419864394
2026-07-20T23:17:32,Mean-IC,Darwin,0.3,27,27,1,0.6857142857142857,0.21464199997717515,0.0023226250195875764,0.02024570800131187,0.23721441702218726
2026-07-20T23:17:32,KNN-Direct,Darwin,0.3,27,27,1,0.7428571428571429,0.682359832979273,0.0,0.07024087500758469,0.7526038750074804
2026-07-20T23:17:33,KNN-Direct-Weighted,Darwin,0.3,27,27,4,0.8,0.6893574160058051,0.0,0.0713836660142988,0.7607447499758564
2026-07-20T23:17:34,KNN-Direct-Manhattan,Darwin,0.3,27,27,1,0.7714285714285715,0.6701154159964062,0.0,0.06921220797812566,0.7393309580511414
2026-07-20T23:17:36,KNN-IC,Darwin,0.3,28,28,1,0.8,2.3652557079913095,0.13054774998454377,0.021646499983035028,2.51745512499474
2026-07-20T23:17:37,Mean-IC,Darwin,0.3,28,28,1,0.6571428571428571,0.18347716599237174,0.002008124953135848,0.018380291992798448,0.20386908302316442
2026-07-20T23:17:37,KNN-Direct,Darwin,0.3,28,28,6,0.6857142857142857,0.6819507089676335,0.0,0.07033520797267556,0.7522889589890838
2026-07-20T23:17:38,KNN-Direct-Weighted,Darwin,0.3,28,28,1,0.7714285714285715,0.6915354580269195,0.0,0.07089620898477733,0.762435250042472
2026-07-20T23:17:39,KNN-Direct-Manhattan,Darwin,0.3,28,28,1,0.8,0.6704479170148261,0.0,0.06943670799955726,0.739888041978702
2026-07-20T23:17:41,KNN-IC,Darwin,0.3,29,29,2,0.7714285714285715,2.3613009589607827,0.1346435829764232,0.020881291944533587,2.5168337500072084
2026-07-20T23:17:42,Mean-IC,Darwin,0.3,29,29,1,0.6285714285714286,0.18490487500093877,0.002020791987888515,0.020256249990779907,0.20718987501459196
2026-07-20T23:17:42,KNN-Direct,Darwin,0.3,29,29,4,0.7428571428571429,0.6952335420064628,0.0,0.07119941699784249,0.7664379999623634
2026-07-20T23:17:43,KNN-Direct-Weighted,Darwin,0.3,29,29,1,0.7714285714285715,0.6926306249806657,0.0,0.07178812503116205,0.7644218749483116
2026-07-20T23:17:44,KNN-Direct-Manhattan,Darwin,0.3,29,29,1,0.7428571428571429,0.6716473330161534,0.0,0.0696979999775067,0.7413489159662277
2026-07-20T23:17:47,KNN-IC,Darwin,0.3,30,30,2,0.7142857142857143,2.4758682919782586,0.13401354098459706,0.02074179198825732,2.630627917009406
2026-07-20T23:17:47,Mean-IC,Darwin,0.3,30,30,1,0.5428571428571428,0.18402395799057558,0.00228733301628381,0.0185969999874942,0.20491295802639797
2026-07-20T23:17:48,KNN-Direct,Darwin,0.3,30,30,1,0.6571428571428571,0.6820108339888975,0.0,0.07038479100447148,0.752398666983936
2026-07-20T23:17:48,KNN-Direct-Weighted,Darwin,0.3,30,30,1,0.6,0.690063290996477,0.0,0.0715104999835603,0.7615770840202458
2026-07-20T23:17:49,KNN-Direct-Manhattan,Darwin,0.3,30,30,1,0.6571428571428571,0.6708596249809489,0.0,0.06905945803737268,0.7399221670348197
2026-07-20T23:17:52,KNN-IC,Darwin,0.3,31,31,1,0.6,2.3512624590075575,0.1281066249939613,0.021034375007729977,2.5004081669612788
2026-07-20T23:17:52,Mean-IC,Darwin,0.3,31,31,1,0.6,0.18362374999560416,0.0019868750241585076,0.018511375004891306,0.20412612496875226
2026-07-20T23:17:52,KNN-Direct,Darwin,0.3,31,31,14,0.6285714285714286,0.6811910410178825,0.0,0.07029554201290011,0.7514895829954185
2026-07-20T23:17:53,KNN-Direct-Weighted,Darwin,0.3,31,31,1,0.6,0.6897599580115639,0.0,0.07160120800836012,0.7613646669778973
2026-07-20T23:17:54,KNN-Direct-Manhattan,Darwin,0.3,31,31,1,0.6285714285714286,0.6687724590301514,0.0,0.06944645900512114,0.7382223749882542
2026-07-20T23:17:56,KNN-IC,Darwin,0.3,32,32,1,0.6857142857142857,2.35420866595814,0.12731216702377424,0.02118508401326835,2.5027100840234198
2026-07-20T23:17:57,Mean-IC,Darwin,0.3,32,32,3,0.6571428571428571,0.1831350409775041,0.0020010829903185368,0.01847987499786541,0.20361974998377264
2026-07-20T23:17:57,KNN-Direct,Darwin,0.3,32,32,4,0.6857142857142857,0.682258290995378,0.0,0.07026837498415262,0.75252979202196
2026-07-20T23:17:58,KNN-Direct-Weighted,Darwin,0.3,32,32,3,0.8,0.6907276660203934,0.0,0.07149666699115187,0.7622274999739602
2026-07-20T23:17:59,KNN-Direct-Manhattan,Darwin,0.3,32,32,1,0.7142857142857143,0.6690312079736032,0.0,0.06898025004193187,0.7380152499536052
2026-07-20T23:18:02,KNN-IC,Darwin,0.3,33,33,3,0.7714285714285715,2.7691850420087576,0.22256804205244407,0.028599334007594734,3.020358457986731
2026-07-20T23:18:02,Mean-IC,Darwin,0.3,33,33,3,0.7714285714285715,0.292561125010252,0.0036088749766349792,0.030520749976858497,0.3266970830154605
2026-07-20T23:18:03,KNN-Direct,Darwin,0.3,33,33,1,0.8,0.7315871660248376,0.0,0.07031333300983533,0.8019045409746468
2026-07-20T23:18:04,KNN-Direct-Weighted,Darwin,0.3,33,33,3,0.8857142857142857,0.6911897500394844,0.0,0.07146624999586493,0.7626595830079168
2026-07-20T23:18:05,KNN-Direct-Manhattan,Darwin,0.3,33,33,1,0.8285714285714286,0.670471792051103,0.0,0.06929837504867464,0.7397733749821782
2026-07-20T23:18:07,KNN-IC,Darwin,0.3,34,34,2,0.6,2.3700914999935776,0.13429529196582735,0.020731959026306868,2.52512308297446
2026-07-20T23:18:07,Mean-IC,Darwin,0.3,34,34,1,0.5428571428571428,0.18349587498232722,0.0019689580076374114,0.018395124992821366,0.20386379200499505
2026-07-20T23:18:08,KNN-Direct,Darwin,0.3,34,34,3,0.6285714285714286,0.6843704159837216,0.0,0.07030220900196582,0.7546755410148762
2026-07-20T23:18:09,KNN-Direct-Weighted,Darwin,0.3,34,34,1,0.6571428571428571,0.6915027919458225,0.0,0.0728403750108555,0.7643474169890396
2026-07-20T23:18:10,KNN-Direct-Manhattan,Darwin,0.3,34,34,1,0.7428571428571429,0.6801865419838578,0.0,0.069538084033411,0.7497282919939607
2026-07-20T23:18:12,KNN-IC,Darwin,0.3,35,35,3,0.7714285714285715,2.3510792499873787,0.13788629201008007,0.02109654195373878,2.5100662499899045
2026-07-20T23:18:12,Mean-IC,Darwin,0.3,35,35,3,0.6857142857142857,0.1822753750020638,0.0022448329837061465,0.018398000043816864,0.2029223749996163
2026-07-20T23:18:13,KNN-Direct,Darwin,0.3,35,35,4,0.8285714285714286,0.6837944590370171,0.0,0.07042150001507252,0.7542185420170426
2026-07-20T23:18:14,KNN-Direct-Weighted,Darwin,0.3,35,35,3,0.7428571428571429,0.6930125420331024,0.0,0.07117624999955297,0.7641923750052229
2026-07-20T23:18:15,KNN-Direct-Manhattan,Darwin,0.3,35,35,3,0.8,0.6721967499470338,0.0,0.07005433400627226,0.7422546250163577
2026-07-20T23:18:17,KNN-IC,Darwin,0.3,36,36,2,0.7142857142857143,2.435448666976299,0.1344094579690136,0.020830333000048995,2.590692833997309
2026-07-20T23:18:17,Mean-IC,Darwin,0.3,36,36,5,0.6571428571428571,0.18328608298907056,0.0023512920015491545,0.018490249989554286,0.2041311670327559
2026-07-20T23:18:18,KNN-Direct,Darwin,0.3,36,36,3,0.6571428571428571,0.6820240410161205,0.0,0.07040670799324289,0.7524336249916814
2026-07-20T23:18:19,KNN-Direct-Weighted,Darwin,0.3,36,36,9,0.6285714285714286,0.6894435840076767,0.0,0.07181016600225121,0.7612573339720257
2026-07-20T23:18:20,KNN-Direct-Manhattan,Darwin,0.3,36,36,11,0.7142857142857143,0.668254624994006,0.0,0.06924491695826873,0.7375027910456993
2026-07-20T23:18:22,KNN-IC,Darwin,0.3,37,37,3,0.5714285714285714,2.3135338749852963,0.1387498329859227,0.02071179199265316,2.4730000420240685
2026-07-20T23:18:22,Mean-IC,Darwin,0.3,37,37,1,0.6285714285714286,0.1830773749970831,0.0019987919949926436,0.018363499955739826,0.20344383304473013
2026-07-20T23:18:23,KNN-Direct,Darwin,0.3,37,37,1,0.7142857142857143,0.6827097079949453,0.0,0.07049258297774941,0.7532052909955382
2026-07-20T23:18:24,KNN-Direct-Weighted,Darwin,0.3,37,37,1,0.6857142857142857,0.690920458000619,0.0,0.07147066597826779,0.7623944999650121
2026-07-20T23:18:25,KNN-Direct-Manhattan,Darwin,0.3,37,37,3,0.6,0.7375972910085693,0.0,0.09950787498382851,0.8371095419861376
2026-07-20T23:18:28,KNN-IC,Darwin,0.3,38,38,2,0.7142857142857143,2.9653745419927873,0.13433650002116337,0.020658332970924675,3.120374542020727
2026-07-20T23:18:28,Mean-IC,Darwin,0.3,38,38,1,0.7428571428571429,0.18288316600956023,0.001989290991332382,0.018404583970550448,0.20328191696899012
2026-07-20T23:18:29,KNN-Direct,Darwin,0.3,38,38,1,0.7142857142857143,0.683015999966301,0.0,0.07059537502937019,0.7536145829944871
2026-07-20T23:18:30,KNN-Direct-Weighted,Darwin,0.3,38,38,13,0.6857142857142857,0.6925056670443155,0.0,0.07168999995337799,0.7641988330287859
2026-07-20T23:18:30,KNN-Direct-Manhattan,Darwin,0.3,38,38,3,0.7428571428571429,0.6719750000047497,0.0,0.06834779196651652,0.7403261250001378
2026-07-20T23:18:33,KNN-IC,Darwin,0.3,39,39,1,0.7714285714285715,2.443176249973476,0.12768204201711342,0.020786832959856838,2.591652500035707
2026-07-20T23:18:33,Mean-IC,Darwin,0.3,39,39,1,0.6857142857142857,0.18356304202461615,0.001994666992686689,0.01843312499113381,0.20399491698481143
2026-07-20T23:18:34,KNN-Direct,Darwin,0.3,39,39,1,0.7714285714285715,0.6839758330024779,0.0,0.07090679201064631,0.7548860419774428
2026-07-20T23:18:35,KNN-Direct-Weighted,Darwin,0.3,39,39,1,0.7428571428571429,0.691524916968774,0.0,0.07187491696095094,0.7634039580007084
2026-07-20T23:18:35,KNN-Direct-Manhattan,Darwin,0.3,39,39,4,0.6571428571428571,0.7516644159913994,0.0,0.0693742919829674,0.821041957999114
2026-07-20T23:18:38,KNN-IC,Darwin,0.4,0,0,2,0.7428571428571429,2.433697749977,0.13782729202648625,0.021188167040236294,2.5927171249641106
2026-07-20T23:18:38,Mean-IC,Darwin,0.4,0,0,3,0.4857142857142857,0.1841329580056481,0.002242000016849488,0.01849558303365484,0.2048748329980299
2026-07-20T23:18:39,KNN-Direct,Darwin,0.4,0,0,1,0.5428571428571428,0.6662001669756137,0.0,0.06865137501154095,0.7348546659923159
2026-07-20T23:18:40,KNN-Direct-Weighted,Darwin,0.4,0,0,3,0.6571428571428571,0.674076082999818,0.0,0.06957958295242861,0.7436593750026077
2026-07-20T23:18:40,KNN-Direct-Manhattan,Darwin,0.4,0,0,9,0.6,0.6531457919627428,0.0,0.06722287501906976,0.7203719999524765
2026-07-20T23:18:43,KNN-IC,Darwin,0.4,1,1,6,0.6285714285714286,2.4678988339728676,0.1715506250038743,0.02068016695557162,2.6601342919748276
2026-07-20T23:18:43,Mean-IC,Darwin,0.4,1,1,1,0.4857142857142857,0.18339162500342354,0.002308833005372435,0.018659332999959588,0.20436400000471622
2026-07-20T23:18:44,KNN-Direct,Darwin,0.4,1,1,3,0.6571428571428571,0.666344958008267,0.0,0.06871575000695884,0.7350634590256959
2026-07-20T23:18:45,KNN-Direct-Weighted,Darwin,0.4,1,1,3,0.6571428571428571,0.6779653340345249,0.0,0.06987058400409296,0.7478394159697928
2026-07-20T23:18:46,KNN-Direct-Manhattan,Darwin,0.4,1,1,1,0.6571428571428571,0.6531406660214998,0.0,0.06787629099562764,0.7210208750329912
2026-07-20T23:18:49,KNN-IC,Darwin,0.4,2,2,1,0.5142857142857142,3.039583000005223,0.1297237909748219,0.02097195800160989,3.1902845419826917
2026-07-20T23:18:49,Mean-IC,Darwin,0.4,2,2,1,0.5428571428571428,0.18390745797660202,0.002249790995847434,0.01840370800346136,0.20456508302595466
2026-07-20T23:18:50,KNN-Direct,Darwin,0.4,2,2,1,0.5142857142857142,0.664815416035708,0.0,0.06839533301535994,0.7332137080375105
2026-07-20T23:18:50,KNN-Direct-Weighted,Darwin,0.4,2,2,1,0.5714285714285714,0.6745989169576205,0.0,0.06906241696560755,0.7436647500144318
2026-07-20T23:18:51,KNN-Direct-Manhattan,Darwin,0.4,2,2,1,0.6571428571428571,0.6513718330534175,0.0,0.06756120797945186,0.7189368340186775
2026-07-20T23:18:54,KNN-IC,Darwin,0.4,3,3,4,0.6,2.439249000046402,0.16726404201472178,0.020818708988372236,2.627336500037927
2026-07-20T23:18:54,Mean-IC,Darwin,0.4,3,3,1,0.5142857142857142,0.18395429098745808,0.002340917009860277,0.018431333999615163,0.20473070797743276
2026-07-20T23:18:55,KNN-Direct,Darwin,0.4,3,3,1,0.5714285714285714,0.6657025829772465,0.0,0.06976679200306535,0.7354722500313073
2026-07-20T23:18:55,KNN-Direct-Weighted,Darwin,0.4,3,3,6,0.6285714285714286,0.6811806670157239,0.0,0.06981641700258479,0.7510007080272771
2026-07-20T23:18:56,KNN-Direct-Manhattan,Darwin,0.4,3,3,1,0.5714285714285714,0.6550727499998175,0.0,0.06773579097352922,0.7228121249936521
2026-07-20T23:18:59,KNN-IC,Darwin,0.4,4,4,2,0.7428571428571429,2.4421196250477806,0.1373502499773167,0.021050875016953796,2.6005261670215987
2026-07-20T23:18:59,Mean-IC,Darwin,0.4,4,4,13,0.5428571428571428,0.18305870902258903,0.002207375015132129,0.018533875001594424,0.20380312501220033
2026-07-20T23:19:00,KNN-Direct,Darwin,0.4,4,4,12,0.6857142857142857,0.6702122919959947,0.0,0.0686944589833729,0.738910166954156
2026-07-20T23:19:00,KNN-Direct-Weighted,Darwin,0.4,4,4,6,0.7142857142857143,0.6739002499962226,0.0,0.06944562500575557,0.7433492919662967
2026-07-20T23:19:01,KNN-Direct-Manhattan,Darwin,0.4,4,4,15,0.7142857142857143,0.697846875002142,0.0,0.06793862499762326,0.7657886669621803
2026-07-20T23:19:04,KNN-IC,Darwin,0.4,5,5,6,0.6,2.4417528330232017,0.17254941602004692,0.020703457994386554,2.6350100829731673
2026-07-20T23:19:04,Mean-IC,Darwin,0.4,5,5,1,0.5714285714285714,0.18323479202808812,0.0024433329817838967,0.018314832996111363,0.20399662503041327
2026-07-20T23:19:05,KNN-Direct,Darwin,0.4,5,5,5,0.6857142857142857,0.6663655830197968,0.0,0.06867866701213643,0.7350475420244038
2026-07-20T23:19:06,KNN-Direct-Weighted,Darwin,0.4,5,5,7,0.6857142857142857,0.673767417029012,0.0,0.0700693330145441,0.7438396670040675
2026-07-20T23:19:06,KNN-Direct-Manhattan,Darwin,0.4,5,5,1,0.6285714285714286,0.6532604579697363,0.0,0.0677551249973476,0.7210192499915138
2026-07-20T23:19:09,KNN-IC,Darwin,0.4,6,6,5,0.6571428571428571,2.439858958008699,0.16984987497562543,0.020556208968628198,2.6302691670134664
2026-07-20T23:19:09,Mean-IC,Darwin,0.4,6,6,3,0.6,0.18325208296300843,0.0022147909621708095,0.01846550003392622,0.20393637503730133
2026-07-20T23:19:10,KNN-Direct,Darwin,0.4,6,6,9,0.6285714285714286,0.6662838750053197,0.0,0.06834024999989197,0.7346277920296416
2026-07-20T23:19:11,KNN-Direct-Weighted,Darwin,0.4,6,6,3,0.7142857142857143,0.6747368750511669,0.0,0.06994554097764194,0.7446862499928102
2026-07-20T23:19:11,KNN-Direct-Manhattan,Darwin,0.4,6,6,12,0.6571428571428571,0.6534994170069695,0.0,0.06738166598370299,0.7208844589767978
2026-07-20T23:19:14,KNN-IC,Darwin,0.4,7,7,3,0.8285714285714286,2.413204000040423,0.14105866599129513,0.0210737920133397,2.575340542010963
2026-07-20T23:19:14,Mean-IC,Darwin,0.4,7,7,7,0.6857142857142857,0.18356854101875797,0.00224658299703151,0.018488333036657423,0.20430720900185406
2026-07-20T23:19:15,KNN-Direct,Darwin,0.4,7,7,3,0.8285714285714286,0.6643516659969464,0.0,0.06910991703625768,0.733464416989591
2026-07-20T23:19:16,KNN-Direct-Weighted,Darwin,0.4,7,7,3,0.8,0.6726389999967068,0.0,0.07012412504991516,0.7427664999850094
2026-07-20T23:19:16,KNN-Direct-Manhattan,Darwin,0.4,7,7,1,0.8857142857142857,0.722603790985886,0.0,0.06761904200538993,0.7902266660239547
2026-07-20T23:19:19,KNN-IC,Darwin,0.4,8,8,1,0.6857142857142857,2.4173381669679657,0.1294232920045033,0.02095316699706018,2.5677188329864293
2026-07-20T23:19:19,Mean-IC,Darwin,0.4,8,8,1,0.5428571428571428,0.18317387503338978,0.0022449170355685055,0.018426833034027368,0.2038499999907799
2026-07-20T23:19:20,KNN-Direct,Darwin,0.4,8,8,1,0.6571428571428571,0.6658381250454113,0.0,0.06861987500451505,0.7344603329547681
2026-07-20T23:19:21,KNN-Direct-Weighted,Darwin,0.4,8,8,1,0.7142857142857143,0.6758682919899002,0.0,0.06915570801356807,0.7450277499738149
2026-07-20T23:19:21,KNN-Direct-Manhattan,Darwin,0.4,8,8,1,0.7714285714285715,0.6542040000203997,0.0,0.06770499999402091,0.7219128329888918
2026-07-20T23:19:24,KNN-IC,Darwin,0.4,9,9,4,0.5714285714285714,2.4368017920060083,0.1707198340445757,0.02064529195195064,2.628171292017214
2026-07-20T23:19:24,Mean-IC,Darwin,0.4,9,9,1,0.4857142857142857,0.18417258304543793,0.0022767080226913095,0.018563584017101675,0.20501962502021343
2026-07-20T23:19:25,KNN-Direct,Darwin,0.4,9,9,1,0.5142857142857142,0.6641766669927165,0.0,0.06942733301548287,0.7336068330332637
2026-07-20T23:19:26,KNN-Direct-Weighted,Darwin,0.4,9,9,1,0.5428571428571428,0.6725378750124946,0.0,0.06971554202027619,0.7422567919711582
2026-07-20T23:19:26,KNN-Direct-Manhattan,Darwin,0.4,9,9,9,0.5142857142857142,0.6545637500239536,0.0,0.06769499997608364,0.7222626659786329
2026-07-20T23:19:29,KNN-IC,Darwin,0.4,10,10,3,0.7714285714285715,2.470775500056334,0.15280654199887067,0.021298958046827465,2.644886458001565
2026-07-20T23:19:29,Mean-IC,Darwin,0.4,10,10,6,0.7428571428571429,0.184374459029641,0.0022364159813150764,0.018484917003661394,0.20510087499860674
2026-07-20T23:19:30,KNN-Direct,Darwin,0.4,10,10,3,0.8285714285714286,0.6644012079923414,0.0,0.0684900829801336,0.7328941249870695
2026-07-20T23:19:31,KNN-Direct-Weighted,Darwin,0.4,10,10,4,0.8,0.6739726250525564,0.0,0.06935295800212771,0.7433289169566706
2026-07-20T23:19:32,KNN-Direct-Manhattan,Darwin,0.4,10,10,5,0.8285714285714286,0.7192803340149112,0.0,0.068661792029161,0.7879459999967366
2026-07-20T23:19:34,KNN-IC,Darwin,0.4,11,11,1,0.7142857142857143,2.43642441596603,0.12945383397163823,0.021187915990594774,2.587070375040639
2026-07-20T23:19:34,Mean-IC,Darwin,0.4,11,11,1,0.6285714285714286,0.1841260829824023,0.00224004196934402,0.018434624944347888,0.20480499998666346
2026-07-20T23:19:35,KNN-Direct,Darwin,0.4,11,11,1,0.6,0.6644437909708358,0.0,0.06890216597821563,0.7333487500436604
2026-07-20T23:19:36,KNN-Direct-Weighted,Darwin,0.4,11,11,1,0.6857142857142857,0.6753839160082862,0.0,0.06965520896483213,0.7450427919975482
2026-07-20T23:19:37,KNN-Direct-Manhattan,Darwin,0.4,11,11,10,0.6857142857142857,0.6548858750029467,0.0,0.06784145894926041,0.7227302910177968
2026-07-20T23:19:39,KNN-IC,Darwin,0.4,12,12,1,0.6,2.4467387500335462,0.1305347079760395,0.021164749981835485,2.5984424999915063
2026-07-20T23:19:39,Mean-IC,Darwin,0.4,12,12,1,0.4,0.18282970797736198,0.002209791971836239,0.018892249965574592,0.2039365000091493
2026-07-20T23:19:40,KNN-Direct,Darwin,0.4,12,12,1,0.6,0.6641676670406014,0.0,0.06848395895212889,0.7326544169918634
2026-07-20T23:19:41,KNN-Direct-Weighted,Darwin,0.4,12,12,1,0.6,0.674199833010789,0.0,0.06987125001614913,0.7440742920152843
2026-07-20T23:19:42,KNN-Direct-Manhattan,Darwin,0.4,12,12,1,0.6571428571428571,0.6542435000301339,0.0,0.06753308302722871,0.7217829159926623
2026-07-20T23:19:44,KNN-IC,Darwin,0.4,13,13,1,0.6571428571428571,2.4545007080305368,0.12932695803465322,0.020814415998756886,2.6046487080166116
2026-07-20T23:19:44,Mean-IC,Darwin,0.4,13,13,1,0.5428571428571428,0.1845642919652164,0.002238249988295138,0.01831775001483038,0.20512520795455202
2026-07-20T23:19:45,KNN-Direct,Darwin,0.4,13,13,3,0.6571428571428571,0.6659304590430111,0.0,0.06807400000980124,0.7340105830226094
2026-07-20T23:19:46,KNN-Direct-Weighted,Darwin,0.4,13,13,7,0.6285714285714286,0.6741091669537127,0.0,0.06991400005063042,0.7440267080091871
2026-07-20T23:19:47,KNN-Direct-Manhattan,Darwin,0.4,13,13,1,0.6571428571428571,0.7125519589753821,0.0,0.06843391701113433,0.7809900830034167
2026-07-20T23:19:49,KNN-IC,Darwin,0.4,14,14,2,0.6857142857142857,2.5076291669975035,0.13784833397949114,0.020725457987282425,2.666207415983081
2026-07-20T23:19:50,Mean-IC,Darwin,0.4,14,14,1,0.6857142857142857,0.183310916996561,0.0022186660207808018,0.018579334020614624,0.20411320799030364
2026-07-20T23:19:50,KNN-Direct,Darwin,0.4,14,14,3,0.6285714285714286,0.6652343750465661,0.0,0.06869550002738833,0.7339326670044102
2026-07-20T23:19:51,KNN-Direct-Weighted,Darwin,0.4,14,14,1,0.6571428571428571,0.6717264169710688,0.0,0.06970512500265613,0.7414346250006929
2026-07-20T23:19:52,KNN-Direct-Manhattan,Darwin,0.4,14,14,1,0.6285714285714286,0.6527796250302345,0.0,0.06740237498888746,0.7201848339755088
2026-07-20T23:19:54,KNN-IC,Darwin,0.4,15,15,7,0.7714285714285715,2.439853125018999,0.17358416598290205,0.020600292016752064,2.6340419580228627
2026-07-20T23:19:55,Mean-IC,Darwin,0.4,15,15,1,0.7428571428571429,0.18352612503804266,0.002252416976261884,0.01835004100576043,0.20413270796416327
2026-07-20T23:19:55,KNN-Direct,Darwin,0.4,15,15,3,0.7142857142857143,0.6668681249720976,0.0,0.06886325002415106,0.735734208021313
2026-07-20T23:19:56,KNN-Direct-Weighted,Darwin,0.4,15,15,3,0.7142857142857143,0.6751867080456577,0.0,0.06981424998957664,0.745004374999553
2026-07-20T23:19:57,KNN-Direct-Manhattan,Darwin,0.4,15,15,3,0.7428571428571429,0.6554428330273367,0.0,0.06776700000045821,0.7232132499921136
2026-07-20T23:19:59,KNN-IC,Darwin,0.4,16,16,1,0.8,2.409979749994818,0.1300035830354318,0.02090866700746119,2.560896250011865
2026-07-20T23:20:00,Mean-IC,Darwin,0.4,16,16,3,0.7142857142857143,0.18371187499724329,0.00223912502406165,0.018495625001378357,0.20445079100318253
2026-07-20T23:20:00,KNN-Direct,Darwin,0.4,16,16,1,0.7714285714285715,0.6643027079990134,0.0,0.07101608399534598,0.7353223749669269
2026-07-20T23:20:01,KNN-Direct-Weighted,Darwin,0.4,16,16,1,0.7714285714285715,0.7119969580089673,0.0,0.08122283301781863,0.7932237079949118
2026-07-20T23:20:02,KNN-Direct-Manhattan,Darwin,0.4,16,16,1,0.7714285714285715,0.6741562499664724,0.0,0.06766050000442192,0.7418210839969106
2026-07-20T23:20:04,KNN-IC,Darwin,0.4,17,17,7,0.6285714285714286,2.4283469999791123,0.17364129098132253,0.020779417012818158,2.622771958995145
2026-07-20T23:20:05,Mean-IC,Darwin,0.4,17,17,1,0.6285714285714286,0.18362979200901464,0.0022022919729351997,0.018475207965821028,0.2043112909886986
2026-07-20T23:20:05,KNN-Direct,Darwin,0.4,17,17,13,0.5714285714285714,0.6653207080089487,0.0,0.06875408400082961,0.7340778329526074
2026-07-20T23:20:06,KNN-Direct-Weighted,Darwin,0.4,17,17,13,0.6,0.6732845410006121,0.0,0.06959612498758361,0.7428840420325287
2026-07-20T23:20:07,KNN-Direct-Manhattan,Darwin,0.4,17,17,3,0.6857142857142857,0.6552380420034751,0.0,0.06770437501836568,0.7229464169940911
2026-07-20T23:20:10,KNN-IC,Darwin,0.4,18,18,4,0.6857142857142857,2.44359116704436,0.17187308298889548,0.020652250037528574,2.6361208749585785
2026-07-20T23:20:10,Mean-IC,Darwin,0.4,18,18,7,0.5428571428571428,0.18321408395422623,0.002294458041433245,0.018474791024345905,0.20398720900993794
2026-07-20T23:20:10,KNN-Direct,Darwin,0.4,18,18,15,0.5714285714285714,0.6658195829950273,0.0,0.06865629198728129,0.7344787499750964
2026-07-20T23:20:11,KNN-Direct-Weighted,Darwin,0.4,18,18,9,0.6,0.6757488339790143,0.0,0.06947929202578962,0.7452315830159932
2026-07-20T23:20:12,KNN-Direct-Manhattan,Darwin,0.4,18,18,9,0.6285714285714286,0.6711418339982629,0.0,0.06769233295926824,0.7388380000484176
2026-07-20T23:20:15,KNN-IC,Darwin,0.4,19,19,1,0.6857142857142857,2.4464569160481915,0.13032766699325293,0.02092004200676456,2.59770916600246
2026-07-20T23:20:15,Mean-IC,Darwin,0.4,19,19,1,0.5428571428571428,0.18335445900447667,0.002219584013801068,0.0183703750371933,0.20394854195183143
2026-07-20T23:20:15,KNN-Direct,Darwin,0.4,19,19,5,0.7142857142857143,0.665376000048127,0.0,0.06844554201234132,0.7338246669969521
2026-07-20T23:20:16,KNN-Direct-Weighted,Darwin,0.4,19,19,4,0.6571428571428571,0.7188389169750735,0.0,0.07260450004832819,0.791447458032053
2026-07-20T23:20:17,KNN-Direct-Manhattan,Darwin,0.4,19,19,4,0.7428571428571429,0.664578249969054,0.0,0.06754554196959361,0.7321278749732301
2026-07-20T23:20:20,KNN-IC,Darwin,0.4,20,20,3,0.6857142857142857,2.432705583050847,0.14397504198132083,0.020692499994765967,2.5973771670251153
2026-07-20T23:20:20,Mean-IC,Darwin,0.4,20,20,1,0.6,0.1840571669745259,0.002420833974611014,0.018796458025462925,0.20527912495890632
2026-07-20T23:20:21,KNN-Direct,Darwin,0.4,20,20,14,0.7428571428571429,0.6647970420308411,0.0,0.06845095800235868,0.7332511250278912
2026-07-20T23:20:21,KNN-Direct-Weighted,Darwin,0.4,20,20,4,0.8,0.6742466660216451,0.0,0.06981545902090147,0.7440659580170177
2026-07-20T23:20:22,KNN-Direct-Manhattan,Darwin,0.4,20,20,6,0.8571428571428571,0.6538753750501201,0.0,0.06753425003262237,0.7214130000211298
2026-07-20T23:20:25,KNN-IC,Darwin,0.4,21,21,1,0.7714285714285715,2.4338947500218637,0.13012416695710272,0.02073816698975861,2.584761083009653
2026-07-20T23:20:25,Mean-IC,Darwin,0.4,21,21,3,0.6571428571428571,0.18356483400566503,0.0022070420091040432,0.018282042001374066,0.20405837503494695
2026-07-20T23:20:26,KNN-Direct,Darwin,0.4,21,21,1,0.7428571428571429,0.6642227499978617,0.0,0.06919054203899577,0.7334170829853974
2026-07-20T23:20:26,KNN-Direct-Weighted,Darwin,0.4,21,21,3,0.7714285714285715,0.6751477500074543,0.0,0.0697735829744488,0.7449248330085538
2026-07-20T23:20:27,KNN-Direct-Manhattan,Darwin,0.4,21,21,5,0.7428571428571429,0.6537477090023458,0.0,0.06782383302925155,0.7215752500342205
2026-07-20T23:20:30,KNN-IC,Darwin,0.4,22,22,7,0.6571428571428571,2.4148719589575194,0.17567637498723343,0.02102770801866427,2.6115807500318624
2026-07-20T23:20:30,Mean-IC,Darwin,0.4,22,22,4,0.6571428571428571,0.18352733401115984,0.002225583011750132,0.018342208000831306,0.20409874996403232
2026-07-20T23:20:31,KNN-Direct,Darwin,0.4,22,22,3,0.6857142857142857,0.6649982500239275,0.0,0.0688313749851659,0.7338329170015641
2026-07-20T23:20:31,KNN-Direct-Weighted,Darwin,0.4,22,22,4,0.6857142857142857,0.7272195830009878,0.0,0.0700102910050191,0.797233542019967
2026-07-20T23:20:32,KNN-Direct-Manhattan,Darwin,0.4,22,22,3,0.6571428571428571,0.6549476669752039,0.0,0.06811054103309289,0.7230614579748362
2026-07-20T23:20:35,KNN-IC,Darwin,0.4,23,23,2,0.6857142857142857,2.446146750007756,0.13733504200354218,0.020905292010866106,2.604391750006471
2026-07-20T23:20:35,Mean-IC,Darwin,0.4,23,23,1,0.7142857142857143,0.1830962499952875,0.0022243749699555337,0.01838854100788012,0.20371345803141594
2026-07-20T23:20:38,KNN-Direct,Darwin,0.4,23,23,4,0.6857142857142857,0.6733792910235934,0.0,0.06872625002870336,0.7421089159906842
2026-07-20T23:20:39,KNN-Direct-Weighted,Darwin,0.4,23,23,1,0.7142857142857143,0.697182249976322,0.0,0.06989762495504692,0.7670831250143237
2026-07-20T23:20:39,KNN-Direct-Manhattan,Darwin,0.4,23,23,6,0.7428571428571429,0.6534081249847077,0.0,0.0676924170111306,0.7211039999965578
2026-07-20T23:20:42,KNN-IC,Darwin,0.4,24,24,1,0.7142857142857143,2.401781624997966,0.12993329198798165,0.020602624979801476,2.5523212919943035
2026-07-20T23:20:42,Mean-IC,Darwin,0.4,24,24,1,0.5714285714285714,0.18341637501725927,0.002218749956227839,0.018344792013522238,0.20398404099978507
2026-07-20T23:20:43,KNN-Direct,Darwin,0.4,24,24,3,0.7142857142857143,0.6650851249578409,0.0,0.06854054098948836,0.7336288749938831
2026-07-20T23:20:44,KNN-Direct-Weighted,Darwin,0.4,24,24,1,0.6571428571428571,0.6740007500047795,0.0,0.06994358298834413,0.7439485419890843
2026-07-20T23:20:44,KNN-Direct-Manhattan,Darwin,0.4,24,24,3,0.6857142857142857,0.6581498750019819,0.0,0.06756729201879352,0.725721082999371
2026-07-20T23:20:47,KNN-IC,Darwin,0.4,25,25,2,0.6285714285714286,2.4588605830213055,0.13802408298943192,0.020609250001143664,2.6174983750097454
2026-07-20T23:20:47,Mean-IC,Darwin,0.4,25,25,1,0.5428571428571428,0.18368270801147446,0.0021888340124860406,0.01843016699422151,0.2043049160274677
2026-07-20T23:20:48,KNN-Direct,Darwin,0.4,25,25,1,0.5714285714285714,0.6656485000276007,0.0,0.06891620898386464,0.7345680420403369
2026-07-20T23:20:49,KNN-Direct-Weighted,Darwin,0.4,25,25,3,0.6,0.7396165839745663,0.0,0.07022474997211248,0.8098452500416897
2026-07-20T23:20:49,KNN-Direct-Manhattan,Darwin,0.4,25,25,1,0.6,0.6556966659845784,0.0,0.06748608301859349,0.723186707997229
2026-07-20T23:20:52,KNN-IC,Darwin,0.4,26,26,1,0.7428571428571429,2.5229706250247546,0.12992337497416884,0.020684415998402983,2.6735830000252463
2026-07-20T23:20:52,Mean-IC,Darwin,0.4,26,26,3,0.7714285714285715,0.183122375048697,0.0023847920238040388,0.018555582966655493,0.2040670839487575
2026-07-20T23:20:53,KNN-Direct,Darwin,0.4,26,26,3,0.8,0.6636059160227887,0.0,0.06881004199385643,0.7324191249790601
2026-07-20T23:20:54,KNN-Direct-Weighted,Darwin,0.4,26,26,7,0.8285714285714286,0.674139374983497,0.0,0.06984899996314198,0.743992083997
2026-07-20T23:20:54,KNN-Direct-Manhattan,Darwin,0.4,26,26,1,0.8,0.6550540419993922,0.0,0.06766787503147498,0.7227251669974066
2026-07-20T23:20:57,KNN-IC,Darwin,0.4,27,27,1,0.7714285714285715,2.429177082958631,0.13071333401603624,0.020865083031821996,2.5807597910170443
2026-07-20T23:20:57,Mean-IC,Darwin,0.4,27,27,1,0.6285714285714286,0.18367820797720924,0.002211207989603281,0.01840166701003909,0.20429462497122586
2026-07-20T23:20:58,KNN-Direct,Darwin,0.4,27,27,3,0.7142857142857143,0.6654265409451909,0.0,0.06858995801303536,0.7340193330310285
2026-07-20T23:20:59,KNN-Direct-Weighted,Darwin,0.4,27,27,1,0.7428571428571429,0.6745764579973184,0.0,0.06946104200324044,0.7440412919968367
2026-07-20T23:20:59,KNN-Direct-Manhattan,Darwin,0.4,27,27,1,0.7428571428571429,0.6550453329691663,0.0,0.06759137497283518,0.7226405830006115
2026-07-20T23:21:02,KNN-IC,Darwin,0.4,28,28,1,0.7142857142857143,2.4627024170476943,0.12987295794300735,0.02090487501118332,2.6134857919532806
2026-07-20T23:21:02,Mean-IC,Darwin,0.4,28,28,1,0.6,0.18391625001095235,0.0022650420432910323,0.01843562495196238,0.20462129201041535
2026-07-20T23:21:03,KNN-Direct,Darwin,0.4,28,28,5,0.7142857142857143,0.6634197909734212,0.0,0.0686522499890998,0.7320752500090748
2026-07-20T23:21:04,KNN-Direct-Weighted,Darwin,0.4,28,28,1,0.6571428571428571,1.0323172079515643,0.0,0.09666625002864748,1.1289874159847386
2026-07-20T23:21:05,KNN-Direct-Manhattan,Darwin,0.4,28,28,5,0.6857142857142857,0.8287829579785466,0.0,0.06752320902887732,0.8963109999895096
2026-07-20T23:21:08,KNN-IC,Darwin,0.4,29,29,1,0.7428571428571429,2.4471929169958457,0.12950412498321384,0.02076754200970754,2.597468874999322
2026-07-20T23:21:08,Mean-IC,Darwin,0.4,29,29,1,0.6285714285714286,0.18363504199078307,0.002195917011704296,0.0182847089599818,0.20412000000942498
2026-07-20T23:21:09,KNN-Direct,Darwin,0.4,29,29,1,0.7142857142857143,0.666659249982331,0.0,0.06874487502500415,0.735407792031765
2026-07-20T23:21:09,KNN-Direct-Weighted,Darwin,0.4,29,29,4,0.7428571428571429,0.6765712919877842,0.0,0.06977687502512708,0.7463517499854788
2026-07-20T23:21:10,KNN-Direct-Manhattan,Darwin,0.4,29,29,1,0.7714285714285715,0.654602833034005,0.0,0.06777837499976158,0.7223847080022097
2026-07-20T23:21:13,KNN-IC,Darwin,0.4,30,30,2,0.5714285714285714,2.4488027920015156,0.13642933301161975,0.02078187500592321,2.606017917045392
2026-07-20T23:21:13,Mean-IC,Darwin,0.4,30,30,1,0.5428571428571428,0.18315387499751523,0.002225333999376744,0.018555874994490296,0.20393908297410235
2026-07-20T23:21:14,KNN-Direct,Darwin,0.4,30,30,4,0.6,0.6651500840089284,0.0,0.0686762910336256,0.7338296250090934
2026-07-20T23:21:14,KNN-Direct-Weighted,Darwin,0.4,30,30,6,0.6,0.68253112497041,0.0,0.06976495898561552,0.7522998750209808
2026-07-20T23:21:15,KNN-Direct-Manhattan,Darwin,0.4,30,30,1,0.6857142857142857,0.6544730410096236,0.0,0.06758879200788215,0.7220655420096591
2026-07-20T23:21:18,KNN-IC,Darwin,0.4,31,31,1,0.6571428571428571,2.44430758303497,0.12830862496048212,0.020457333012018353,2.593077750003431
2026-07-20T23:21:18,Mean-IC,Darwin,0.4,31,31,1,0.6571428571428571,0.18360887502785772,0.0023542919661849737,0.018273958994541317,0.2042410420253873
2026-07-20T23:21:19,KNN-Direct,Darwin,0.4,31,31,4,0.7428571428571429,0.7415103330276906,0.0,0.07066779100568965,0.8121817909996025
2026-07-20T23:21:19,KNN-Direct-Weighted,Darwin,0.4,31,31,1,0.7142857142857143,0.674788250005804,0.0,0.06972283404320478,0.744514582969714
2026-07-20T23:21:20,KNN-Direct-Manhattan,Darwin,0.4,31,31,4,0.6857142857142857,0.6545497089973651,0.0,0.06755391700426117,0.7221069590304978
2026-07-20T23:21:23,KNN-IC,Darwin,0.4,32,32,1,0.7714285714285715,2.448831624991726,0.12771949998568743,0.020483957952819765,2.5970396669581532
2026-07-20T23:21:23,Mean-IC,Darwin,0.4,32,32,1,0.6857142857142857,0.18349404202308506,0.0022256249794736505,0.018435791018418968,0.2041597919887863
2026-07-20T23:21:24,KNN-Direct,Darwin,0.4,32,32,4,0.7714285714285715,0.6647767919930629,0.0,0.06852729199454188,0.7333071249886416
2026-07-20T23:21:24,KNN-Direct-Weighted,Darwin,0.4,32,32,1,0.8,0.6753223750274628,0.0,0.06967975001316518,0.7450054999790154
2026-07-20T23:21:25,KNN-Direct-Manhattan,Darwin,0.4,32,32,3,0.7714285714285715,0.6536056250333786,0.0,0.06763874995522201,0.7212477080174722
2026-07-20T23:21:28,KNN-IC,Darwin,0.4,33,33,1,0.8,2.441915125004016,0.1300152920302935,0.020573791989590973,2.5925084160408005
2026-07-20T23:21:28,Mean-IC,Darwin,0.4,33,33,1,0.7142857142857143,0.1830807919614017,0.0022321660071611404,0.019086125015746802,0.20440449996385723
2026-07-20T23:21:29,KNN-Direct,Darwin,0.4,33,33,1,0.8285714285714286,0.6586157499696128,0.0,0.06882874999428168,0.7274476250167936
2026-07-20T23:21:29,KNN-Direct-Weighted,Darwin,0.4,33,33,1,0.8,0.6738811670220457,0.0,0.06974437495227903,0.7436288750031963
2026-07-20T23:21:30,KNN-Direct-Manhattan,Darwin,0.4,33,33,1,0.7714285714285715,0.6540453750058077,0.0,0.06774533295538276,0.7217940000118688
2026-07-20T23:21:33,KNN-IC,Darwin,0.4,34,34,1,0.6571428571428571,2.451848208962474,0.1303718329872936,0.0205844160518609,2.602808166993782
2026-07-20T23:21:33,Mean-IC,Darwin,0.4,34,34,1,0.5428571428571428,0.18340229196473956,0.0022280000266619027,0.01846799999475479,0.2041020420147106
2026-07-20T23:21:34,KNN-Direct,Darwin,0.4,34,34,1,0.7428571428571429,0.8763389170053415,0.0,0.06836745800683275,0.9447090420289896
2026-07-20T23:21:35,KNN-Direct-Weighted,Darwin,0.4,34,34,1,0.7142857142857143,0.6884491250384599,0.0,0.06993583298753947,0.7583885419880971
2026-07-20T23:21:35,KNN-Direct-Manhattan,Darwin,0.4,34,34,1,0.7428571428571429,0.6773152920068242,0.0,0.06838562502525747,0.74570433300687
2026-07-20T23:21:38,KNN-IC,Darwin,0.4,35,35,3,0.7142857142857143,2.6287214169860817,0.14549954200629145,0.02106079098302871,2.7952864579856396
2026-07-20T23:21:38,Mean-IC,Darwin,0.4,35,35,1,0.6857142857142857,0.18571991700446233,0.002272041980177164,0.018546833016443998,0.2065430000075139
2026-07-20T23:21:39,KNN-Direct,Darwin,0.4,35,35,5,0.7142857142857143,0.6720732499961741,0.0,0.06994954199763015,0.7420257499907166
2026-07-20T23:21:40,KNN-Direct-Weighted,Darwin,0.4,35,35,5,0.7428571428571429,0.6818650829955004,0.0,0.07035604200791568,0.752224792027846
2026-07-20T23:21:41,KNN-Direct-Manhattan,Darwin,0.4,35,35,3,0.7428571428571429,0.6626436249935068,0.0,0.06849783303914592,0.7311443749931641
2026-07-20T23:21:44,KNN-IC,Darwin,0.4,36,36,1,0.6,2.764719792001415,0.13125962496269494,0.020762667001690716,2.9167463750345632
2026-07-20T23:21:44,Mean-IC,Darwin,0.4,36,36,5,0.5428571428571428,0.1831174159888178,0.0023116660304367542,0.029844916018191725,0.21528008300811052
2026-07-20T23:21:45,KNN-Direct,Darwin,0.4,36,36,3,0.7142857142857143,0.6921180000063032,0.0,0.06872054096311331,0.7608424999634735
2026-07-20T23:21:45,KNN-Direct-Weighted,Darwin,0.4,36,36,12,0.6571428571428571,0.6722223750548437,0.0,0.06930049997754395,0.7415263339644298
2026-07-20T23:21:46,KNN-Direct-Manhattan,Darwin,0.4,36,36,1,0.7428571428571429,0.6519163330085576,0.0,0.0673584999749437,0.7192791660199873
2026-07-20T23:21:49,KNN-IC,Darwin,0.4,37,37,1,0.6571428571428571,2.5308809999842197,0.14897620800184086,0.022014708956703544,2.7018774999887682
2026-07-20T23:21:49,Mean-IC,Darwin,0.4,37,37,1,0.5142857142857142,0.19411341700470075,0.0023084169952198863,0.01884916698327288,0.21527670900104567
2026-07-20T23:21:50,KNN-Direct,Darwin,0.4,37,37,1,0.6,0.6741122499806806,0.0,0.06986450002295896,0.7439803750021383
2026-07-20T23:21:50,KNN-Direct-Weighted,Darwin,0.4,37,37,1,0.6571428571428571,0.6816340830409899,0.0,0.0704242920037359,0.7520619580172934
2026-07-20T23:21:51,KNN-Direct-Manhattan,Darwin,0.4,37,37,1,0.5714285714285714,0.6613364169606939,0.0,0.0683689170400612,0.7297093750094064
2026-07-20T23:21:54,KNN-IC,Darwin,0.4,38,38,3,0.7142857142857143,2.594640583032742,0.14751374995103106,0.020738957973662764,2.7629007910145447
2026-07-20T23:21:54,Mean-IC,Darwin,0.4,38,38,1,0.6571428571428571,0.1856652499991469,0.002236791013274342,0.018604124954435974,0.20651095802895725
2026-07-20T23:21:55,KNN-Direct,Darwin,0.4,38,38,5,0.6571428571428571,0.673472375026904,0.0,0.06973516696598381,0.7432136660208926
2026-07-20T23:21:56,KNN-Direct-Weighted,Darwin,0.4,38,38,7,0.7428571428571429,0.6819052909850143,0.0,0.07017937500495464,0.752091999980621
2026-07-20T23:21:56,KNN-Direct-Manhattan,Darwin,0.4,38,38,3,0.6571428571428571,0.6612016250146553,0.0,0.06798574997810647,0.7291917920229025
2026-07-20T23:21:59,KNN-IC,Darwin,0.4,39,39,2,0.7714285714285715,2.498219083994627,0.14253454195568338,0.021035624959040433,2.661794584011659
2026-07-20T23:21:59,Mean-IC,Darwin,0.4,39,39,1,0.6285714285714286,0.18719933298416436,0.002242207992821932,0.018687082978431135,0.20813329197699204
2026-07-20T23:22:00,KNN-Direct,Darwin,0.4,39,39,1,0.6571428571428571,0.6820071249967441,0.0,0.0702959590125829,0.7523062920081429
2026-07-20T23:22:01,KNN-Direct-Weighted,Darwin,0.4,39,39,1,0.6571428571428571,0.7251602920005098,0.0,0.07064379198709503,0.7958084580022842
2026-07-20T23:22:02,KNN-Direct-Manhattan,Darwin,0.4,39,39,1,0.7428571428571429,0.7907541250460781,0.0,0.06899166700895876,0.8597487090155482
2026-07-20T23:22:05,KNN-IC,Darwin,0.5,0,0,1,0.6857142857142857,2.758965457964223,0.13349487504456192,0.02135129098314792,2.9138165829936042
2026-07-20T23:22:05,Mean-IC,Darwin,0.5,0,0,3,0.45714285714285713,0.18641629198100418,0.002384625026024878,0.01861120801186189,0.20741691603325307
2026-07-20T23:22:05,KNN-Direct,Darwin,0.5,0,0,3,0.6571428571428571,0.6388463749899529,0.0,0.06584933400154114,0.7046992909745313
2026-07-20T23:22:06,KNN-Direct-Weighted,Darwin,0.5,0,0,1,0.6857142857142857,0.6472087079891935,0.0,0.06758549995720387,0.7147984590264969
2026-07-20T23:22:07,KNN-Direct-Manhattan,Darwin,0.5,0,0,5,0.6,0.6282826669630595,0.0,0.06492525001522154,0.6932116249809042
2026-07-20T23:22:10,KNN-IC,Darwin,0.5,1,1,1,0.6857142857142857,2.587104915990494,0.14306654199026525,0.023948458023369312,2.7541284580365755
2026-07-20T23:22:10,Mean-IC,Darwin,0.5,1,1,1,0.4857142857142857,0.2283195829950273,0.0028071670094504952,0.027363625005818903,0.25850458297645673
2026-07-20T23:22:11,KNN-Direct,Darwin,0.5,1,1,5,0.6571428571428571,0.6425482910126448,0.0,0.06596112495753914,0.7085129580227658
2026-07-20T23:22:11,KNN-Direct-Weighted,Darwin,0.5,1,1,3,0.6285714285714286,0.4042047499679029,0.0,0.042032500030472875,0.44624037499306723
2026-07-20T23:22:12,KNN-Direct-Manhattan,Darwin,0.5,1,1,4,0.6571428571428571,0.41424570803064853,0.0,0.04706125002121553,0.46130987495416775
2026-07-20T23:22:14,KNN-IC,Darwin,0.5,2,2,1,0.5142857142857142,2.242468625016045,0.16910708404611796,0.026097958034370095,2.4376799589954317
2026-07-20T23:22:14,Mean-IC,Darwin,0.5,2,2,1,0.42857142857142855,0.2221212080330588,0.0028019999735988677,0.02193966699996963,0.24686933297198266
2026-07-20T23:22:15,KNN-Direct,Darwin,0.5,2,2,1,0.45714285714285713,0.7447510830243118,0.0,0.07665937498677522,0.82141466694884
2026-07-20T23:22:16,KNN-Direct-Weighted,Darwin,0.5,2,2,1,0.4857142857142857,0.7099805839825422,0.0,0.06637137499637902,0.7763561670435593
2026-07-20T23:22:17,KNN-Direct-Manhattan,Darwin,0.5,2,2,1,0.5714285714285714,0.608843624999281,0.0,0.05758858402259648,0.6664366249460727
2026-07-20T23:22:19,KNN-IC,Darwin,0.5,3,3,1,0.6571428571428571,2.207367458031513,0.11065862502437085,0.017414750007446855,2.335444708005525
2026-07-20T23:22:19,Mean-IC,Darwin,0.5,3,3,1,0.45714285714285713,0.1452980829635635,0.001866667007561773,0.014374207996297628,0.1615424580522813
2026-07-20T23:22:20,KNN-Direct,Darwin,0.5,3,3,1,0.6,0.44497029099147767,0.0,0.043663958029355854,0.4886364999692887
2026-07-20T23:22:20,KNN-Direct-Weighted,Darwin,0.5,3,3,4,0.6857142857142857,0.4094508329872042,0.0,0.040582916990388185,0.4500362499966286
2026-07-20T23:22:20,KNN-Direct-Manhattan,Darwin,0.5,3,3,1,0.6571428571428571,0.37430500000482425,0.0,0.03692737495293841,0.411235083010979
2026-07-20T23:22:22,KNN-IC,Darwin,0.5,4,4,2,0.8,1.4755066660000011,0.08140570897376165,0.012511208013165742,1.5694266660138965
2026-07-20T23:22:22,Mean-IC,Darwin,0.5,4,4,3,0.6,0.10902595898369327,0.001413875026628375,0.010947874980047345,0.12139045901130885
2026-07-20T23:22:22,KNN-Direct,Darwin,0.5,4,4,15,0.6571428571428571,0.3708874170552008,0.0,0.03775866696378216,0.4086485409643501
2026-07-20T23:22:23,KNN-Direct-Weighted,Darwin,0.5,4,4,15,0.6571428571428571,0.3731918329722248,0.0,0.03891308302991092,0.4121079579927027
2026-07-20T23:22:23,KNN-Direct-Manhattan,Darwin,0.5,4,4,12,0.7142857142857143,0.36416462500346825,0.0,0.03746762499213219,0.40163445903453976
2026-07-20T23:22:25,KNN-IC,Darwin,0.5,5,5,1,0.6285714285714286,1.4681030829669908,0.07754491700325161,0.012290582992136478,1.5579412920051254
2026-07-20T23:22:25,Mean-IC,Darwin,0.5,5,5,1,0.5714285714285714,0.10839983401820064,0.0014730829861946404,0.011041791993193328,0.12091770902043208
2026-07-20T23:22:25,KNN-Direct,Darwin,0.5,5,5,1,0.6,0.38094462495064363,0.0,0.039489250048063695,0.42043649998959154
2026-07-20T23:22:26,KNN-Direct-Weighted,Darwin,0.5,5,5,1,0.6857142857142857,0.39430220797657967,0.0,0.03938991599716246,0.4336954580503516
2026-07-20T23:22:26,KNN-Direct-Manhattan,Darwin,0.5,5,5,1,0.5142857142857142,0.36690837499918416,0.0,0.03859533398644999,0.40550687501672655
2026-07-20T23:22:28,KNN-IC,Darwin,0.5,6,6,6,0.6571428571428571,1.5371539579937235,0.1099394999910146,0.013149207981768996,1.6602471660007723
2026-07-20T23:22:28,Mean-IC,Darwin,0.5,6,6,3,0.5714285714285714,0.1122959170024842,0.001714250014629215,0.01131220901152119,0.12532562500564381
2026-07-20T23:22:28,KNN-Direct,Darwin,0.5,6,6,6,0.6571428571428571,0.37772729102289304,0.0,0.0376526250038296,0.41538233298342675
2026-07-20T23:22:29,KNN-Direct-Weighted,Darwin,0.5,6,6,5,0.6285714285714286,0.38654270803090185,0.0,0.03863900003489107,0.42518466705223545
2026-07-20T23:22:29,KNN-Direct-Manhattan,Darwin,0.5,6,6,8,0.6571428571428571,0.369401584030129,0.0,0.03861175000201911,0.40801616600947455
2026-07-20T23:22:31,KNN-IC,Darwin,0.5,7,7,2,0.8285714285714286,1.4835436660214327,0.08738445898052305,0.012297250039409846,1.5832282919436693
2026-07-20T23:22:31,Mean-IC,Darwin,0.5,7,7,1,0.7142857142857143,0.10761233401717618,0.0014612500090152025,0.011463749979157,0.1205408750101924
2026-07-20T23:22:31,KNN-Direct,Darwin,0.5,7,7,4,0.8,0.37915987498126924,0.0,0.03937554202275351,0.4185376669629477
2026-07-20T23:22:32,KNN-Direct-Weighted,Darwin,0.5,7,7,11,0.6571428571428571,0.37847270898055285,0.0,0.038587375020142645,0.4170629160362296
2026-07-20T23:22:32,KNN-Direct-Manhattan,Darwin,0.5,7,7,3,0.7428571428571429,0.3682425409788266,0.0,0.03752999997232109,0.4057754999957979
2026-07-20T23:22:34,KNN-IC,Darwin,0.5,8,8,1,0.6857142857142857,1.6466354579897597,0.07752879202598706,0.01280458300607279,1.7369724580203183
2026-07-20T23:22:34,Mean-IC,Darwin,0.5,8,8,3,0.5428571428571428,0.10986195801524445,0.001895874971523881,0.011052665999159217,0.12281391699798405
2026-07-20T23:22:35,KNN-Direct,Darwin,0.5,8,8,3,0.6571428571428571,0.37594704201910645,0.0,0.0379470830084756,0.41389650001656264
2026-07-20T23:22:35,KNN-Direct-Weighted,Darwin,0.5,8,8,4,0.6857142857142857,0.38067908299854025,0.0,0.03832166700158268,0.41900329204509035
2026-07-20T23:22:35,KNN-Direct-Manhattan,Darwin,0.5,8,8,1,0.6285714285714286,0.3707062500179745,0.0,0.03773454099427909,0.4084432919626124
2026-07-20T23:22:37,KNN-IC,Darwin,0.5,9,9,1,0.42857142857142855,1.484898124996107,0.07919304200913757,0.012354000005871058,1.5764486659900285
2026-07-20T23:22:37,Mean-IC,Darwin,0.5,9,9,1,0.4,0.11005037499126047,0.0017397909541614354,0.010820916970260441,0.12261429196223617
2026-07-20T23:22:37,KNN-Direct,Darwin,0.5,9,9,1,0.3142857142857143,0.37692474998766556,0.0,0.03863904200261459,0.41556600003968924
2026-07-20T23:22:38,KNN-Direct-Weighted,Darwin,0.5,9,9,1,0.37142857142857144,0.38108966598520055,0.0,0.03891454200493172,0.42000695801107213
2026-07-20T23:22:38,KNN-Direct-Manhattan,Darwin,0.5,9,9,1,0.4857142857142857,0.35971874999813735,0.0,0.03827641601674259,0.39799820800544694
2026-07-20T23:22:40,KNN-IC,Darwin,0.5,10,10,2,0.7428571428571429,1.4608920420287177,0.08154412498697639,0.01225762499962002,1.5546975409961306
2026-07-20T23:22:40,Mean-IC,Darwin,0.5,10,10,4,0.7428571428571429,0.10821208299603313,0.0014267090009525418,0.010775999980978668,0.12041799997678027
2026-07-20T23:22:40,KNN-Direct,Darwin,0.5,10,10,3,0.8,0.3666011249879375,0.0,0.03756287501892075,0.4041659169597551
2026-07-20T23:22:41,KNN-Direct-Weighted,Darwin,0.5,10,10,6,0.8285714285714286,0.3701527920202352,0.0,0.037908916012384,0.4080645000212826
2026-07-20T23:22:41,KNN-Direct-Manhattan,Darwin,0.5,10,10,3,0.8285714285714286,0.36937133298488334,0.0,0.03751879197079688,0.4068928339984268
2026-07-20T23:22:43,KNN-IC,Darwin,0.5,11,11,3,0.7142857142857143,1.4449437910225242,0.08504904096480459,0.012265666970051825,1.5422617080039345
2026-07-20T23:22:43,Mean-IC,Darwin,0.5,11,11,1,0.6857142857142857,0.10722474998328835,0.0014086250448599458,0.010412417002953589,0.11904808302642778
2026-07-20T23:22:43,KNN-Direct,Darwin,0.5,11,11,7,0.7714285714285715,0.3666450829477981,0.0,0.038577415980398655,0.4052247909712605
2026-07-20T23:22:44,KNN-Direct-Weighted,Darwin,0.5,11,11,5,0.6857142857142857,0.38426091702422127,0.0,0.03933775000041351,0.42360466602258384
2026-07-20T23:22:44,KNN-Direct-Manhattan,Darwin,0.5,11,11,1,0.6857142857142857,0.3874778330209665,0.0,0.0395865419995971,0.4270674579893239
2026-07-20T23:22:46,KNN-IC,Darwin,0.5,12,12,2,0.6,1.6105118750128895,0.08112516603432596,0.011781665962189436,1.703420832986012
2026-07-20T23:22:46,Mean-IC,Darwin,0.5,12,12,1,0.4,0.10722020798129961,0.0013944170204922557,0.010558459034655243,0.11917537497356534
2026-07-20T23:22:46,KNN-Direct,Darwin,0.5,12,12,4,0.6285714285714286,0.36823479196755216,0.0,0.03901158302323893,0.40724849997786805
2026-07-20T23:22:47,KNN-Direct-Weighted,Darwin,0.5,12,12,3,0.6285714285714286,0.38883929199073464,0.0,0.03842754097422585,0.42726954200770706
2026-07-20T23:22:47,KNN-Direct-Manhattan,Darwin,0.5,12,12,1,0.6571428571428571,0.3726204169797711,0.0,0.03951829200377688,0.41214112495072186
2026-07-20T23:22:49,KNN-IC,Darwin,0.5,13,13,3,0.6,1.656614332983736,0.0860525409807451,0.01245779194869101,1.7551302909851074
2026-07-20T23:22:49,Mean-IC,Darwin,0.5,13,13,3,0.5428571428571428,0.10860258404863998,0.0014409160357899964,0.010532209009397775,0.12057883298257366
2026-07-20T23:22:50,KNN-Direct,Darwin,0.5,13,13,3,0.7142857142857143,0.44285670801764354,0.0,0.03988570801448077,0.482747332949657
2026-07-20T23:22:50,KNN-Direct-Weighted,Darwin,0.5,13,13,11,0.6571428571428571,0.38402150000911206,0.0,0.03979491698555648,0.4238217080128379
2026-07-20T23:22:50,KNN-Direct-Manhattan,Darwin,0.5,13,13,3,0.6571428571428571,0.37395433301571757,0.0,0.040271833015140146,0.4142295829951763
2026-07-20T23:22:52,KNN-IC,Darwin,0.5,14,14,2,0.7142857142857143,1.5309875829843804,0.10125404200516641,0.013591959024779499,1.6458382499986328
2026-07-20T23:22:52,Mean-IC,Darwin,0.5,14,14,1,0.6857142857142857,0.11805895902216434,0.0014726660447195172,0.011483917012810707,0.13101891602855176
2026-07-20T23:22:53,KNN-Direct,Darwin,0.5,14,14,1,0.7142857142857143,0.41492108401143923,0.0,0.03906433400698006,0.45398754195775837
2026-07-20T23:22:53,KNN-Direct-Weighted,Darwin,0.5,14,14,8,0.7142857142857143,0.45342333300504833,0.0,0.06512937502702698,0.5185560000245459
2026-07-20T23:22:54,KNN-Direct-Manhattan,Darwin,0.5,14,14,3,0.7714285714285715,0.3693465000251308,0.0,0.037816083000507206,0.4071662500500679
2026-07-20T23:22:55,KNN-IC,Darwin,0.5,15,15,3,0.7714285714285715,1.4632493329700083,0.0843639169470407,0.011799584026448429,1.5594154160353355
2026-07-20T23:22:55,Mean-IC,Darwin,0.5,15,15,1,0.5714285714285714,0.10627541702706367,0.0014116669772192836,0.01061629201285541,0.1183061670162715
2026-07-20T23:22:56,KNN-Direct,Darwin,0.5,15,15,5,0.7428571428571429,0.3687460419605486,0.0,0.03776341601042077,0.40651150001212955
2026-07-20T23:22:56,KNN-Direct-Weighted,Darwin,0.5,15,15,10,0.7714285714285715,0.37246662500547245,0.0,0.03879170800792053,0.41126091696787626
2026-07-20T23:22:56,KNN-Direct-Manhattan,Darwin,0.5,15,15,3,0.7714285714285715,0.35985204100143164,0.0,0.037566166021861136,0.3974205000558868
2026-07-20T23:22:58,KNN-IC,Darwin,0.5,16,16,1,0.6857142857142857,1.448044791992288,0.07573979097651318,0.01231274998281151,1.5361000830307603
2026-07-20T23:22:58,Mean-IC,Darwin,0.5,16,16,3,0.6285714285714286,0.10611787502421066,0.0014431659947149456,0.010768999985884875,0.11833291698712856
2026-07-20T23:22:59,KNN-Direct,Darwin,0.5,16,16,1,0.6571428571428571,0.376467208028771,0.0,0.04037737497128546,0.4168470409931615
2026-07-20T23:22:59,KNN-Direct-Weighted,Darwin,0.5,16,16,1,0.7142857142857143,0.4016595410066657,0.0,0.040698083001188934,0.4423633750411682
2026-07-20T23:22:59,KNN-Direct-Manhattan,Darwin,0.5,16,16,5,0.8,0.38576800003647804,0.0,0.04200741701060906,0.42777866701362655
2026-07-20T23:23:01,KNN-IC,Darwin,0.5,17,17,1,0.7714285714285715,1.634456957981456,0.07763462502043694,0.012272791005671024,1.7243671249598265
2026-07-20T23:23:01,Mean-IC,Darwin,0.5,17,17,1,0.5714285714285714,0.11148287501418963,0.001449708011932671,0.011218999978154898,0.12415541603695601
2026-07-20T23:23:02,KNN-Direct,Darwin,0.5,17,17,5,0.7142857142857143,0.37832895800238475,0.0,0.039823625003919005,0.4181552089867182
2026-07-20T23:23:02,KNN-Direct-Weighted,Darwin,0.5,17,17,4,0.6571428571428571,0.3791755840065889,0.0,0.04012916696956381,0.4193073330097832
2026-07-20T23:23:03,KNN-Direct-Manhattan,Darwin,0.5,17,17,3,0.7714285714285715,0.3762413749936968,0.0,0.038811667007394135,0.4150565000018105
2026-07-20T23:23:04,KNN-IC,Darwin,0.5,18,18,2,0.7142857142857143,1.6504241669899784,0.08549124997807667,0.01244733395287767,1.7483665839536116
2026-07-20T23:23:04,Mean-IC,Darwin,0.5,18,18,5,0.5428571428571428,0.10778949997620657,0.0014099580002948642,0.010531208012253046,0.11973299999954179
2026-07-20T23:23:05,KNN-Direct,Darwin,0.5,18,18,8,0.7142857142857143,0.3646148329717107,0.0,0.037832166999578476,0.4024490839801729
2026-07-20T23:23:05,KNN-Direct-Weighted,Darwin,0.5,18,18,1,0.6285714285714286,0.3774035829701461,0.0,0.04063983401283622,0.41804662498179823
2026-07-20T23:23:06,KNN-Direct-Manhattan,Darwin,0.5,18,18,1,0.6285714285714286,0.4494072499801405,0.0,0.03863733302569017,0.48804674996063113
2026-07-20T23:23:07,KNN-IC,Darwin,0.5,19,19,2,0.6571428571428571,1.492774249985814,0.08117862499784678,0.015918874996714294,1.5898763749864884
2026-07-20T23:23:07,Mean-IC,Darwin,0.5,19,19,1,0.5142857142857142,0.1214618330122903,0.0015879590064287186,0.011046958970837295,0.1341032920172438
2026-07-20T23:23:08,KNN-Direct,Darwin,0.5,19,19,7,0.6571428571428571,0.39021629199851304,0.0,0.04025883402209729,0.43047762499190867
2026-07-20T23:23:08,KNN-Direct-Weighted,Darwin,0.5,19,19,3,0.5714285714285714,0.3952745829592459,0.0,0.040125500003341585,0.435402958013583
2026-07-20T23:23:09,KNN-Direct-Manhattan,Darwin,0.5,19,19,9,0.6857142857142857,0.3808672920567915,0.0,0.04011000000173226,0.42098029097542167
2026-07-20T23:23:11,KNN-IC,Darwin,0.5,20,20,2,0.7428571428571429,1.705627084011212,0.08533074997831136,0.012801666045561433,1.8037642079871148
2026-07-20T23:23:11,Mean-IC,Darwin,0.5,20,20,1,0.5428571428571428,0.1101945000118576,0.001519459008704871,0.011063417012337595,0.12278045801213011
2026-07-20T23:23:11,KNN-Direct,Darwin,0.5,20,20,3,0.8,0.3895455420133658,0.0,0.04000287497183308,0.42955058300867677
2026-07-20T23:23:12,KNN-Direct-Weighted,Darwin,0.5,20,20,3,0.7428571428571429,0.39844554202863947,0.0,0.04069341701688245,0.4391417079605162
2026-07-20T23:23:12,KNN-Direct-Manhattan,Darwin,0.5,20,20,1,0.8,0.40723183297086507,0.0,0.038326375011820346,0.44556270801695064
2026-07-20T23:23:14,KNN-IC,Darwin,0.5,21,21,5,0.7428571428571429,1.5383030829834752,0.11730237503070384,0.012858333007898182,1.6684679590398446
2026-07-20T23:23:14,Mean-IC,Darwin,0.5,21,21,1,0.6571428571428571,0.11707133398158476,0.001822791004087776,0.011649959022179246,0.1305475000408478
2026-07-20T23:23:14,KNN-Direct,Darwin,0.5,21,21,7,0.7428571428571429,0.37118849996477365,0.0,0.03742370899999514,0.4086145830224268
2026-07-20T23:23:15,KNN-Direct-Weighted,Darwin,0.5,21,21,7,0.7428571428571429,0.3829534590477124,0.0,0.044844624993856996,0.4278012089780532
2026-07-20T23:23:15,KNN-Direct-Manhattan,Darwin,0.5,21,21,1,0.6857142857142857,0.41459291602950543,0.0,0.03803104202961549,0.4526265420136042
2026-07-20T23:23:17,KNN-IC,Darwin,0.5,22,22,1,0.6571428571428571,1.6318087080144323,0.07766558299772441,0.011852041992824525,1.7213295419933274
2026-07-20T23:23:17,Mean-IC,Darwin,0.5,22,22,1,0.6285714285714286,0.1372400420368649,0.00145295902621001,0.011657833005301654,0.15035741601604968
2026-07-20T23:23:17,KNN-Direct,Darwin,0.5,22,22,3,0.6571428571428571,0.4363166250404902,0.0,0.04079537501093,0.47711458400590345
2026-07-20T23:23:18,KNN-Direct-Weighted,Darwin,0.5,22,22,1,0.6857142857142857,0.42080375005025417,0.0,0.04262791702058166,0.46343474998138845
2026-07-20T23:23:18,KNN-Direct-Manhattan,Darwin,0.5,22,22,3,0.6571428571428571,0.457642916997429,0.0,0.06879629200557247,0.5264434170094319
2026-07-20T23:23:20,KNN-IC,Darwin,0.5,23,23,2,0.6857142857142857,1.830663790984545,0.08588791702641174,0.012871583981905133,1.9294333329889923
2026-07-20T23:23:20,Mean-IC,Darwin,0.5,23,23,1,0.6571428571428571,0.11541412497172132,0.0014359159977175295,0.011398249946068972,0.12825258303200826
2026-07-20T23:23:21,KNN-Direct,Darwin,0.5,23,23,7,0.7142857142857143,0.37255691597238183,0.0,0.037960374960675836,0.4105618750327267
2026-07-20T23:23:21,KNN-Direct-Weighted,Darwin,0.5,23,23,7,0.6571428571428571,0.3748177499510348,0.0,0.03841045801527798,0.4132407080032863
2026-07-20T23:23:22,KNN-Direct-Manhattan,Darwin,0.5,23,23,4,0.6571428571428571,0.36297562503023073,0.0,0.03735175001202151,0.4003298750030808
2026-07-20T23:23:23,KNN-IC,Darwin,0.5,24,24,1,0.6571428571428571,1.4640759169706143,0.07729704200755805,0.012333291990216821,1.5537102909875102
2026-07-20T23:23:23,Mean-IC,Darwin,0.5,24,24,1,0.6,0.10761145903961733,0.0014796670293435454,0.01101166702574119,0.12010629096766934
2026-07-20T23:23:24,KNN-Direct,Darwin,0.5,24,24,1,0.6285714285714286,0.36752612504642457,0.0,0.03824362496379763,0.40577229199698195
2026-07-20T23:23:24,KNN-Direct-Weighted,Darwin,0.5,24,24,3,0.6571428571428571,0.38945974997477606,0.0,0.04066079203039408,0.43012412497773767
2026-07-20T23:23:25,KNN-Direct-Manhattan,Darwin,0.5,24,24,1,0.7428571428571429,0.3700423330301419,0.0,0.03741604194510728,0.40746095799840987
2026-07-20T23:23:26,KNN-IC,Darwin,0.5,25,25,1,0.5714285714285714,1.6670370000065304,0.07740662497235462,0.01244458300061524,1.7568922499776818
2026-07-20T23:23:26,Mean-IC,Darwin,0.5,25,25,1,0.5428571428571428,0.10770304198376834,0.0014337500324472785,0.010996124998200685,0.12013616698095575
2026-07-20T23:23:27,KNN-Direct,Darwin,0.5,25,25,1,0.6285714285714286,0.3691140000009909,0.0,0.037768499983940274,0.40688500000396743
2026-07-20T23:23:27,KNN-Direct-Weighted,Darwin,0.5,25,25,3,0.6,0.38998174999142066,0.0,0.038873333018273115,0.42885779205244035
2026-07-20T23:23:28,KNN-Direct-Manhattan,Darwin,0.5,25,25,1,0.6,0.37143383297370747,0.0,0.039834666007664055,0.4112717919633724
2026-07-20T23:23:29,KNN-IC,Darwin,0.5,26,26,2,0.7428571428571429,1.528963292017579,0.08501116599654779,0.012252792017534375,1.6262308330042288
2026-07-20T23:23:29,Mean-IC,Darwin,0.5,26,26,3,0.6857142857142857,0.11013225000351667,0.0015109579544514418,0.011033291986677796,0.12268016597954556
2026-07-20T23:23:30,KNN-Direct,Darwin,0.5,26,26,9,0.8857142857142857,0.36942241701763123,0.0,0.03799633396556601,0.40742054203292355
2026-07-20T23:23:30,KNN-Direct-Weighted,Darwin,0.5,26,26,3,0.8,0.380463499983307,0.0,0.04091329197399318,0.42137941700639203
2026-07-20T23:23:31,KNN-Direct-Manhattan,Darwin,0.5,26,26,9,0.8,0.3784287499729544,0.0,0.03902104200096801,0.4174523329711519
2026-07-20T23:23:32,KNN-IC,Darwin,0.5,27,27,2,0.7714285714285715,1.495979166997131,0.08677070797421038,0.013250040996354073,1.5960086249979213
2026-07-20T23:23:32,Mean-IC,Darwin,0.5,27,27,1,0.5714285714285714,0.11452587501844391,0.001588250044733286,0.011609375011175871,0.12773075001314282
2026-07-20T23:23:33,KNN-Direct,Darwin,0.5,27,27,3,0.8285714285714286,0.3866610000259243,0.0,0.04009924997808412,0.42676245799520984
2026-07-20T23:23:33,KNN-Direct-Weighted,Darwin,0.5,27,27,3,0.8,0.5257472079829313,0.0,0.04182179196504876,0.5675727499765344
2026-07-20T23:23:34,KNN-Direct-Manhattan,Darwin,0.5,27,27,1,0.8,0.3863052499946207,0.0,0.04002995905466378,0.4263380410266109
2026-07-20T23:23:36,KNN-IC,Darwin,0.5,28,28,6,0.7714285714285715,1.5221855830168352,0.10543366603087634,0.01224345900118351,1.6398664580192417
2026-07-20T23:23:36,Mean-IC,Darwin,0.5,28,28,4,0.6285714285714286,0.10813141596736386,0.001454416022170335,0.011208916024770588,0.12080004200106487
2026-07-20T23:23:36,KNN-Direct,Darwin,0.5,28,28,1,0.7142857142857143,0.3761844169930555,0.0,0.03846108302241191,0.4146480839699507
2026-07-20T23:23:36,KNN-Direct-Weighted,Darwin,0.5,28,28,1,0.7142857142857143,0.3783597079454921,0.0,0.03882279200479388,0.41718554199906066
2026-07-20T23:23:37,KNN-Direct-Manhattan,Darwin,0.5,28,28,3,0.7428571428571429,0.36174545797985047,0.0,0.03851970803225413,0.40026791696436703
2026-07-20T23:23:39,KNN-IC,Darwin,0.5,29,29,10,0.7142857142857143,1.540660625032615,0.11669545900076628,0.012950250005815178,1.670310832967516
2026-07-20T23:23:39,Mean-IC,Darwin,0.5,29,29,1,0.6285714285714286,0.1133399999816902,0.0016159579972736537,0.01113612501649186,0.12609508296009153
2026-07-20T23:23:39,KNN-Direct,Darwin,0.5,29,29,3,0.8285714285714286,0.37897808401612565,0.0,0.03812779200961813,0.41710829199291766
2026-07-20T23:23:40,KNN-Direct-Weighted,Darwin,0.5,29,29,3,0.8,0.38245291699422523,0.0,0.039133082958869636,0.42158841696800664
2026-07-20T23:23:40,KNN-Direct-Manhattan,Darwin,0.5,29,29,1,0.8857142857142857,0.36913704202743247,0.0,0.03755595796974376,0.406695916026365
2026-07-20T23:23:42,KNN-IC,Darwin,0.5,30,30,1,0.5714285714285714,1.5170214159879833,0.07744945801096037,0.011920708988327533,1.6063945419737138
2026-07-20T23:23:42,Mean-IC,Darwin,0.5,30,30,1,0.5714285714285714,0.10768170899245888,0.0014352910220623016,0.011134249973110855,0.1202546670101583
2026-07-20T23:23:42,KNN-Direct,Darwin,0.5,30,30,6,0.6,0.37206308398162946,0.0,0.039676374988630414,0.4117415410000831
2026-07-20T23:23:43,KNN-Direct-Weighted,Darwin,0.5,30,30,1,0.6285714285714286,0.42386774998158216,0.0,0.04166516603436321,0.4655364160425961
2026-07-20T23:23:43,KNN-Direct-Manhattan,Darwin,0.5,30,30,1,0.6857142857142857,0.3879177919588983,0.0,0.03880729101365432,0.42672829201910645
2026-07-20T23:23:45,KNN-IC,Darwin,0.5,31,31,1,0.6571428571428571,1.4914224590174854,0.07869145798031241,0.012335625011473894,1.5824536250438541
2026-07-20T23:23:45,Mean-IC,Darwin,0.5,31,31,3,0.6,0.11044020799454302,0.0014377079787664115,0.011148958001285791,0.1230303340125829
2026-07-20T23:23:45,KNN-Direct,Darwin,0.5,31,31,7,0.7142857142857143,0.36934808403020725,0.0,0.037889958010055125,0.4072403329773806
2026-07-20T23:23:46,KNN-Direct-Weighted,Darwin,0.5,31,31,5,0.7142857142857143,0.3778122919611633,0.0,0.03877441701479256,0.4165892089949921
2026-07-20T23:23:46,KNN-Direct-Manhattan,Darwin,0.5,31,31,7,0.6857142857142857,0.3651083330041729,0.0,0.037576292001176625,0.4026875410345383
2026-07-20T23:23:48,KNN-IC,Darwin,0.5,32,32,1,0.6571428571428571,1.4865502910106443,0.07800512498943135,0.012277000001631677,1.576835999963805
2026-07-20T23:23:48,Mean-IC,Darwin,0.5,32,32,1,0.6,0.11028783401707187,0.0014439589576795697,0.011097375012468547,0.12283204199047759
2026-07-20T23:23:48,KNN-Direct,Darwin,0.5,32,32,3,0.7714285714285715,0.37091758399037644,0.0,0.038760208000894636,0.40967979200650007
2026-07-20T23:23:49,KNN-Direct-Weighted,Darwin,0.5,32,32,3,0.7428571428571429,0.4714620420127176,0.0,0.03976675000740215,0.5112315829610452
2026-07-20T23:23:49,KNN-Direct-Manhattan,Darwin,0.5,32,32,3,0.8,0.39164891600375995,0.0,0.039762499975040555,0.4314147080294788
2026-07-20T23:23:51,KNN-IC,Darwin,0.5,33,33,2,0.8571428571428571,1.5410351249738596,0.0818365000304766,0.011905500025022775,1.6347805419936776
2026-07-20T23:23:51,Mean-IC,Darwin,0.5,33,33,1,0.7142857142857143,0.11037462501553819,0.001440291991457343,0.011996458983048797,0.12381525000091642
2026-07-20T23:23:51,KNN-Direct,Darwin,0.5,33,33,1,0.7714285714285715,0.374266583006829,0.0,0.03842858300777152,0.4126977080013603
2026-07-20T23:23:52,KNN-Direct-Weighted,Darwin,0.5,33,33,4,0.8857142857142857,0.3784160000504926,0.0,0.04042837501037866,0.4188469159998931
2026-07-20T23:23:52,KNN-Direct-Manhattan,Darwin,0.5,33,33,5,0.9142857142857143,0.3724488749867305,0.0,0.03854966699145734,0.41100320796249434
2026-07-20T23:23:54,KNN-IC,Darwin,0.5,34,34,1,0.6571428571428571,1.523603459005244,0.07754083297913894,0.01211354200495407,1.6132607079925947
2026-07-20T23:23:54,Mean-IC,Darwin,0.5,34,34,3,0.6,0.10768958303378895,0.0014178339624777436,0.011051334033254534,0.12016254098853096
2026-07-20T23:23:54,KNN-Direct,Darwin,0.5,34,34,4,0.7428571428571429,0.3692502079647966,0.0,0.03767624997999519,0.40692904201569036
2026-07-20T23:23:55,KNN-Direct-Weighted,Darwin,0.5,34,34,3,0.7428571428571429,0.37565020797774196,0.0,0.03842929203528911,0.4140823329798877
2026-07-20T23:23:55,KNN-Direct-Manhattan,Darwin,0.5,34,34,1,0.7428571428571429,0.36322104098508134,0.0,0.03752124996390194,0.400745291961357
2026-07-20T23:23:57,KNN-IC,Darwin,0.5,35,35,4,0.8,1.5522648749756627,0.10556654201354831,0.012422791973222047,1.6702617919654585
2026-07-20T23:23:57,Mean-IC,Darwin,0.5,35,35,8,0.6,0.10754808294586837,0.0015250839642249048,0.010987417015712708,0.12006370798917487
2026-07-20T23:23:57,KNN-Direct,Darwin,0.5,35,35,10,0.7428571428571429,0.38979858299717307,0.0,0.07118258398259059,0.46098375000292435
2026-07-20T23:23:58,KNN-Direct-Weighted,Darwin,0.5,35,35,4,0.8,0.40897741698427126,0.0,0.042394959018565714,0.4513752500060946
2026-07-20T23:23:58,KNN-Direct-Manhattan,Darwin,0.5,35,35,3,0.8285714285714286,0.39019666699459776,0.0,0.038005084032192826,0.4282046659500338
2026-07-20T23:24:00,KNN-IC,Darwin,0.5,36,36,2,0.7428571428571429,1.5931201659841463,0.08843404101207852,0.01257525000255555,1.6941332090063952
2026-07-20T23:24:00,Mean-IC,Darwin,0.5,36,36,3,0.5428571428571428,0.12350525002693757,0.0018048749770969152,0.011345750011969358,0.13665983401006088
2026-07-20T23:24:00,KNN-Direct,Darwin,0.5,36,36,12,0.6857142857142857,0.38414154201745987,0.0,0.0393268340267241,0.4234708329895511
2026-07-20T23:24:01,KNN-Direct-Weighted,Darwin,0.5,36,36,3,0.6571428571428571,0.3882436249987222,0.0,0.0400393339805305,0.4282856250065379
2026-07-20T23:24:01,KNN-Direct-Manhattan,Darwin,0.5,36,36,5,0.6571428571428571,0.3740199170424603,0.0,0.0396584999980405,0.41368158400291577
2026-07-20T23:24:03,KNN-IC,Darwin,0.5,37,37,2,0.6,1.6842960420181043,0.08718083298299462,0.012726415996439755,1.784208209021017
2026-07-20T23:24:03,Mean-IC,Darwin,0.5,37,37,1,0.5142857142857142,0.1122952500008978,0.0016307090409100056,0.01127800001995638,0.12520741700427607
2026-07-20T23:24:04,KNN-Direct,Darwin,0.5,37,37,8,0.6,0.5752026249538176,0.0,0.04144095897208899,0.6166500829858705
2026-07-20T23:24:04,KNN-Direct-Weighted,Darwin,0.5,37,37,3,0.5714285714285714,0.4802576669608243,0.0,0.039637999958358705,0.5199000830180012
2026-07-20T23:24:05,KNN-Direct-Manhattan,Darwin,0.5,37,37,1,0.6,0.3887106250040233,0.0,0.07098404195858166,0.4596972079598345
2026-07-20T23:24:06,KNN-IC,Darwin,0.5,38,38,1,0.7142857142857143,1.648690624977462,0.07799083302961662,0.012343666981905699,1.739028749987483
2026-07-20T23:24:07,Mean-IC,Darwin,0.5,38,38,3,0.6,0.11682020802982152,0.0014549170155078173,0.011115500004962087,0.1293938749586232
2026-07-20T23:24:07,KNN-Direct,Darwin,0.5,38,38,3,0.6285714285714286,0.3823939170106314,0.0,0.03892329096561298,0.42131970898481086
2026-07-20T23:24:07,KNN-Direct-Weighted,Darwin,0.5,38,38,11,0.6571428571428571,0.3815050409757532,0.0,0.03881695802556351,0.4203245840035379
2026-07-20T23:24:08,KNN-Direct-Manhattan,Darwin,0.5,38,38,5,0.6285714285714286,0.36776541598374024,0.0,0.03771916701225564,0.4054871660191566
2026-07-20T23:24:09,KNN-IC,Darwin,0.5,39,39,4,0.7142857142857143,1.4823915839660913,0.10478429199429229,0.012299709022045135,1.5994802500354126
2026-07-20T23:24:10,Mean-IC,Darwin,0.5,39,39,1,0.6571428571428571,0.10834733297815546,0.0014948329771868885,0.010868290963117033,0.12071425002068281
2026-07-20T23:24:10,KNN-Direct,Darwin,0.5,39,39,1,0.7714285714285715,0.3704503750195727,0.0,0.038118875003419816,0.4085709170321934
2026-07-20T23:24:10,KNN-Direct-Weighted,Darwin,0.5,39,39,5,0.7142857142857143,0.37639445799868554,0.0,0.03916975000174716,0.41556670801946893
2026-07-20T23:24:11,KNN-Direct-Manhattan,Darwin,0.5,39,39,15,0.6,0.47651225002482533,0.0,0.03971062501659617,0.516225790954195
