timestamp,method,dataset,missing_rate,trial,seed,n_neighbors,accuracy,tuning_time_sec,train_time_sec,predict_time_sec,total_time_sec
2026-07-21T00:00:06,KNN-IC,Micromass,0.1,0,0,3,0.8333333333333334,4.411144834011793,0.2468685419880785,0.07788799999980256,4.735906291985884
2026-07-21T00:00:06,Mean-IC,Micromass,0.1,0,0,3,0.8194444444444444,0.5399929999839514,0.0032612080103717744,0.05517895799130201,0.5984380000154488
2026-07-21T00:00:09,KNN-Direct,Micromass,0.1,0,0,1,0.6944444444444444,2.351745916996151,0.0,0.24049962498247623,2.5922482919995673
2026-07-21T00:00:11,KNN-Direct-Weighted,Micromass,0.1,0,0,1,0.7083333333333334,2.3700721250497736,0.0,0.2442219159565866,2.614297666004859
2026-07-21T00:00:14,KNN-Direct-Manhattan,Micromass,0.1,0,0,4,0.8888888888888888,2.336193541996181,0.0,0.24008520797360688,2.576282333000563
2026-07-21T00:00:19,KNN-IC,Micromass,0.1,1,1,2,0.875,4.781684209010564,0.23980545799713582,0.07754949998343363,5.099043374997564
2026-07-21T00:00:20,Mean-IC,Micromass,0.1,1,1,1,0.8333333333333334,0.5489940829575062,0.0035275000263936818,0.055047708039637655,0.6075730829616077
2026-07-21T00:00:22,KNN-Direct,Micromass,0.1,1,1,3,0.6666666666666666,2.342558291973546,0.0,0.24335720803355798,2.585917959047947
2026-07-21T00:00:25,KNN-Direct-Weighted,Micromass,0.1,1,1,3,0.6666666666666666,2.418033791007474,0.0,0.24608062498737127,2.664117874985095
2026-07-21T00:00:27,KNN-Direct-Manhattan,Micromass,0.1,1,1,1,0.8472222222222222,2.3327105829957873,0.0,0.23914766701636836,2.571861291944515
2026-07-21T00:00:33,KNN-IC,Micromass,0.1,2,2,1,0.8333333333333334,4.775587958982214,0.22806079196743667,0.07864820800023153,5.082301083020866
2026-07-21T00:00:33,Mean-IC,Micromass,0.1,2,2,1,0.8472222222222222,0.5461797919706441,0.0030522079905495048,0.05534987500868738,0.6045855419943109
2026-07-21T00:00:36,KNN-Direct,Micromass,0.1,2,2,1,0.6805555555555556,2.3645549590000883,0.0,0.24427083396585658,2.6088279579998925
2026-07-21T00:00:38,KNN-Direct-Weighted,Micromass,0.1,2,2,6,0.6805555555555556,2.3794100409722887,0.0,0.24618158303201199,2.625594125012867
2026-07-21T00:00:41,KNN-Direct-Manhattan,Micromass,0.1,2,2,4,0.7916666666666666,2.3325668750330806,0.0,0.24113695899723098,2.5737060419633053
2026-07-21T00:00:46,KNN-IC,Micromass,0.1,3,3,1,0.7777777777777778,4.641457916004583,0.23174991697305813,0.07797570899128914,4.951190790976398
2026-07-21T00:00:46,Mean-IC,Micromass,0.1,3,3,1,0.7222222222222222,0.5417466660146601,0.003037500020582229,0.05566679098410532,0.6004556660191156
2026-07-21T00:00:49,KNN-Direct,Micromass,0.1,3,3,1,0.6666666666666666,2.443599207967054,0.0,0.2433885419741273,2.686990332964342
2026-07-21T00:00:52,KNN-Direct-Weighted,Micromass,0.1,3,3,1,0.6666666666666666,2.3578704580431804,0.0,0.24374679202446714,2.601619875000324
2026-07-21T00:00:54,KNN-Direct-Manhattan,Micromass,0.1,3,3,1,0.8611111111111112,2.318337250035256,0.0,0.23986370902275667,2.558203541964758
2026-07-21T00:00:59,KNN-IC,Micromass,0.1,4,4,2,0.8888888888888888,4.567136458994355,0.23912241600919515,0.07824479101691395,4.884507124952506
2026-07-21T00:01:00,Mean-IC,Micromass,0.1,4,4,1,0.8194444444444444,0.5418961250106804,0.0030221249908208847,0.05510724999476224,0.6000289170187898
2026-07-21T00:01:03,KNN-Direct,Micromass,0.1,4,4,4,0.75,2.441810499993153,0.0,0.2437671250081621,2.6855801249621436
2026-07-21T00:01:05,KNN-Direct-Weighted,Micromass,0.1,4,4,10,0.75,2.3880644169985317,0.0,0.25075266597559676,2.6388222919777036
2026-07-21T00:01:08,KNN-Direct-Manhattan,Micromass,0.1,4,4,4,0.9166666666666666,2.3951355000026524,0.0,0.24295862502185628,2.6381184999481775
2026-07-21T00:01:13,KNN-IC,Micromass,0.1,5,5,2,0.8055555555555556,4.364774833025876,0.24070545798167586,0.078571040998213,4.684056041995063
2026-07-21T00:01:13,Mean-IC,Micromass,0.1,5,5,1,0.7916666666666666,0.5455060839885846,0.0030451660277321935,0.055252290971111506,0.6038074580137618
2026-07-21T00:01:16,KNN-Direct,Micromass,0.1,5,5,1,0.625,2.4780147499986924,0.0,0.2614972090232186,2.739514041983057
2026-07-21T00:01:19,KNN-Direct-Weighted,Micromass,0.1,5,5,3,0.6527777777777778,2.3872702500084415,0.0,0.2719984999857843,2.6592716249870136
2026-07-21T00:01:21,KNN-Direct-Manhattan,Micromass,0.1,5,5,4,0.8611111111111112,2.364211999985855,0.0,0.24174029100686312,2.6059566250187345
2026-07-21T00:01:26,KNN-IC,Micromass,0.1,6,6,2,0.7916666666666666,4.335696249967441,0.23973741702502593,0.0780198749853298,4.653458042012062
2026-07-21T00:01:26,Mean-IC,Micromass,0.1,6,6,1,0.7916666666666666,0.5428826659917831,0.0029890419682487845,0.055128833977505565,0.6010046669980511
2026-07-21T00:01:29,KNN-Direct,Micromass,0.1,6,6,1,0.7361111111111112,2.3554975840379484,0.0,0.24404245900223032,2.5995427499874495
2026-07-21T00:01:32,KNN-Direct-Weighted,Micromass,0.1,6,6,1,0.7361111111111112,2.4714551659999415,0.0,0.2459282079944387,2.7173857500310987
2026-07-21T00:01:34,KNN-Direct-Manhattan,Micromass,0.1,6,6,1,0.8611111111111112,2.3348313749884255,0.0,0.24841441703028977,2.5832489579916
2026-07-21T00:01:39,KNN-IC,Micromass,0.1,7,7,2,0.8055555555555556,4.678679625038058,0.23821579100331292,0.07779462495818734,4.994694166991394
2026-07-21T00:01:40,Mean-IC,Micromass,0.1,7,7,1,0.7361111111111112,0.5438954589772038,0.002961666032206267,0.05507383402436972,0.6019344999804161
2026-07-21T00:01:42,KNN-Direct,Micromass,0.1,7,7,1,0.6944444444444444,2.353315290994942,0.0,0.24370458297198638,2.5970221669995226
2026-07-21T00:01:45,KNN-Direct-Weighted,Micromass,0.1,7,7,15,0.625,2.372640000015963,0.0,0.24457870796322823,2.6172214999678545
2026-07-21T00:01:48,KNN-Direct-Manhattan,Micromass,0.1,7,7,1,0.8472222222222222,2.4333480420173146,0.0,0.2402569159748964,2.673607458011247
2026-07-21T00:01:53,KNN-IC,Micromass,0.1,8,8,2,0.8194444444444444,4.508171457971912,0.24244662502314895,0.0775248339632526,4.828146625019144
2026-07-21T00:01:53,Mean-IC,Micromass,0.1,8,8,1,0.7777777777777778,0.5421570000471547,0.00327316700713709,0.05472200002986938,0.6001555420225486
2026-07-21T00:01:56,KNN-Direct,Micromass,0.1,8,8,5,0.6805555555555556,2.347202833974734,0.0,0.24180908396374434,2.589013958990108
2026-07-21T00:01:58,KNN-Direct-Weighted,Micromass,0.1,8,8,3,0.6944444444444444,2.354434165987186,0.0,0.242964333971031,2.5974012080114335
2026-07-21T00:02:01,KNN-Direct-Manhattan,Micromass,0.1,8,8,1,0.75,2.4928717500297353,0.0,0.24073116696672514,2.7336058749933727
2026-07-21T00:02:06,KNN-IC,Micromass,0.1,9,9,3,0.8472222222222222,4.566996707988437,0.24656150001101196,0.07760720903752372,4.891169374983292
2026-07-21T00:02:07,Mean-IC,Micromass,0.1,9,9,3,0.8333333333333334,0.5420229170122184,0.0029986670124344528,0.05473354202695191,0.59975883300649
2026-07-21T00:02:09,KNN-Direct,Micromass,0.1,9,9,8,0.6527777777777778,2.342998042004183,0.0,0.24248512496706098,2.5854851250187494
2026-07-21T00:02:12,KNN-Direct-Weighted,Micromass,0.1,9,9,8,0.6388888888888888,2.3625227920128964,0.0,0.24292712495662272,2.605453124968335
2026-07-21T00:02:14,KNN-Direct-Manhattan,Micromass,0.1,9,9,1,0.8194444444444444,2.3173437080113217,0.0,0.23982962500303984,2.5571758750011213
2026-07-21T00:02:19,KNN-IC,Micromass,0.1,10,10,2,0.8888888888888888,4.545095000008587,0.24529425002401695,0.08127866697032005,4.8716726250131615
2026-07-21T00:02:20,Mean-IC,Micromass,0.1,10,10,1,0.8611111111111112,0.539858624979388,0.0031785829924046993,0.054770874965470284,0.5978117909980938
2026-07-21T00:02:22,KNN-Direct,Micromass,0.1,10,10,1,0.7083333333333334,2.35136891604634,0.0,0.24298824998550117,2.594365416036453
2026-07-21T00:02:25,KNN-Direct-Weighted,Micromass,0.1,10,10,1,0.7361111111111112,2.372813750000205,0.0,0.2447900829720311,2.6176090000080876
2026-07-21T00:02:28,KNN-Direct-Manhattan,Micromass,0.1,10,10,1,0.8611111111111112,2.3261657080147415,0.0,0.23946183401858434,2.5656304589938372
2026-07-21T00:02:33,KNN-IC,Micromass,0.1,11,11,4,0.8333333333333334,4.664166166970972,0.30687487503746524,0.07817558402894065,5.049220416985918
2026-07-21T00:02:33,Mean-IC,Micromass,0.1,11,11,1,0.8333333333333334,0.5403171250363812,0.003024665988050401,0.05485662497812882,0.5982023329706863
2026-07-21T00:02:36,KNN-Direct,Micromass,0.1,11,11,6,0.7222222222222222,2.4475870419992134,0.0,0.24267920898273587,2.6902681250358
2026-07-21T00:02:39,KNN-Direct-Weighted,Micromass,0.1,11,11,6,0.7222222222222222,2.3654183329781517,0.0,0.2449923329986632,2.6104132919572294
2026-07-21T00:02:41,KNN-Direct-Manhattan,Micromass,0.1,11,11,1,0.9166666666666666,2.3200817079632543,0.0,0.239839416986797,2.559923916007392
2026-07-21T00:02:46,KNN-IC,Micromass,0.1,12,12,3,0.8194444444444444,4.660210374975577,0.245945832983125,0.07840704201953486,4.984567250008695
2026-07-21T00:02:47,Mean-IC,Micromass,0.1,12,12,1,0.8055555555555556,0.5398094999836758,0.003035250003449619,0.05517262499779463,0.5980209999834187
2026-07-21T00:02:49,KNN-Direct,Micromass,0.1,12,12,4,0.6944444444444444,2.34924733400112,0.0,0.2460238749627024,2.5952745000249706
2026-07-21T00:02:52,KNN-Direct-Weighted,Micromass,0.1,12,12,4,0.6944444444444444,2.3610496670007706,0.0,0.24387549998937175,2.6049276249832474
2026-07-21T00:02:55,KNN-Direct-Manhattan,Micromass,0.1,12,12,1,0.9027777777777778,2.3199065419612452,0.0,0.23945883300621063,2.5593685830244794
2026-07-21T00:02:59,KNN-IC,Micromass,0.1,13,13,2,0.8472222222222222,4.332921624998562,0.23377312504453585,0.07730262505356222,4.644001125008799
2026-07-21T00:03:00,Mean-IC,Micromass,0.1,13,13,1,0.875,0.5375155420042574,0.0029483329853974283,0.05477554100798443,0.5952433330239728
2026-07-21T00:03:02,KNN-Direct,Micromass,0.1,13,13,1,0.7361111111111112,2.4315580840338953,0.0,0.24032720900140703,2.671887542004697
2026-07-21T00:03:05,KNN-Direct-Weighted,Micromass,0.1,13,13,1,0.7222222222222222,2.592390375037212,0.0,0.24244258395629004,2.834838333015796
2026-07-21T00:03:08,KNN-Direct-Manhattan,Micromass,0.1,13,13,1,0.8611111111111112,2.306560708966572,0.0,0.2374464999884367,2.544010291050654
2026-07-21T00:03:13,KNN-IC,Micromass,0.1,14,14,3,0.8333333333333334,4.463844916026574,0.24701608304167166,0.0783030420425348,4.789167332986835
2026-07-21T00:03:13,Mean-IC,Micromass,0.1,14,14,4,0.8333333333333334,0.5451670000329614,0.0032404580269940197,0.05540083296364173,0.6038116250419989
2026-07-21T00:03:16,KNN-Direct,Micromass,0.1,14,14,15,0.6388888888888888,2.4273638330050744,0.0,0.24668466701405123,2.674050665984396
2026-07-21T00:03:19,KNN-Direct-Weighted,Micromass,0.1,14,14,12,0.6944444444444444,2.373508542019408,0.0,0.2486124169663526,2.622124499990605
2026-07-21T00:03:21,KNN-Direct-Manhattan,Micromass,0.1,14,14,13,0.8888888888888888,2.3392791250371374,0.0,0.2406077500199899,2.5798899159999564
2026-07-21T00:03:26,KNN-IC,Micromass,0.1,15,15,1,0.8611111111111112,4.339076625008602,0.22783291700761765,0.07861045800382271,4.645523832994513
2026-07-21T00:03:26,Mean-IC,Micromass,0.1,15,15,1,0.8611111111111112,0.5422207079827785,0.0036244159564375877,0.055370874993968755,0.6012199170072563
2026-07-21T00:03:29,KNN-Direct,Micromass,0.1,15,15,7,0.8194444444444444,2.33759354200447,0.0,0.24154183297650889,2.5791377919958904
2026-07-21T00:03:32,KNN-Direct-Weighted,Micromass,0.1,15,15,9,0.7916666666666666,2.540966125030536,0.0,0.24458387499907985,2.785552541958168
2026-07-21T00:03:34,KNN-Direct-Manhattan,Micromass,0.1,15,15,1,0.9166666666666666,2.3313673330121674,0.0,0.23927004198776558,2.5706404999946244
2026-07-21T00:03:39,KNN-IC,Micromass,0.1,16,16,3,0.9166666666666666,4.540493083011825,0.2487598750158213,0.07821025000885129,4.867466500028968
2026-07-21T00:03:40,Mean-IC,Micromass,0.1,16,16,3,0.8888888888888888,0.5416878340183757,0.003276707953773439,0.05500649998430163,0.5999745419831015
2026-07-21T00:03:42,KNN-Direct,Micromass,0.1,16,16,3,0.7638888888888888,2.3566533330013044,0.0,0.24113133299397305,2.5977869590278715
2026-07-21T00:03:45,KNN-Direct-Weighted,Micromass,0.1,16,16,3,0.7638888888888888,2.37062291696202,0.0,0.24390941701130942,2.6145350410370156
2026-07-21T00:03:48,KNN-Direct-Manhattan,Micromass,0.1,16,16,1,0.8888888888888888,2.4134735420229845,0.0,0.2405115000437945,2.6539877090253867
2026-07-21T00:03:52,KNN-IC,Micromass,0.1,17,17,8,0.7083333333333334,4.401832124975044,0.2734188750036992,0.07860066700959578,4.753856208000798
2026-07-21T00:03:53,Mean-IC,Micromass,0.1,17,17,3,0.8611111111111112,0.5394885420100763,0.0032780409674160182,0.05490549997193739,0.5976798339979723
2026-07-21T00:03:56,KNN-Direct,Micromass,0.1,17,17,1,0.7222222222222222,2.41674829198746,0.0,0.2425967080052942,2.659347374981735
2026-07-21T00:03:58,KNN-Direct-Weighted,Micromass,0.1,17,17,1,0.7222222222222222,2.362889708019793,0.0,0.24424004199681804,2.6071327080135234
2026-07-21T00:04:01,KNN-Direct-Manhattan,Micromass,0.1,17,17,6,0.9583333333333334,2.4037022500415333,0.0,0.24229745799675584,2.646002583031077
2026-07-21T00:04:06,KNN-IC,Micromass,0.1,18,18,1,0.8055555555555556,4.396476083027665,0.22782029100926593,0.07707833399763331,4.701378499972634
2026-07-21T00:04:06,Mean-IC,Micromass,0.1,18,18,1,0.8194444444444444,0.541940875002183,0.003058292029891163,0.05476962501415983,0.5997723329928704
2026-07-21T00:04:09,KNN-Direct,Micromass,0.1,18,18,3,0.6527777777777778,2.3526862500002608,0.0,0.24241154198534787,2.59510020801099
2026-07-21T00:04:11,KNN-Direct-Weighted,Micromass,0.1,18,18,3,0.6527777777777778,2.3692599589703605,0.0,0.24445041600847617,2.613713208003901
2026-07-21T00:04:14,KNN-Direct-Manhattan,Micromass,0.1,18,18,4,0.8333333333333334,2.3259190000244416,0.0,0.24028550001094118,2.5662076660082676
2026-07-21T00:04:19,KNN-IC,Micromass,0.1,19,19,1,0.7638888888888888,4.58446595800342,0.23040274996310472,0.07819774997187778,4.893070916994475
2026-07-21T00:04:20,Mean-IC,Micromass,0.1,19,19,1,0.7638888888888888,0.548546209000051,0.0030407909653149545,0.05555433296831325,0.6071452089818195
2026-07-21T00:04:22,KNN-Direct,Micromass,0.1,19,19,1,0.6944444444444444,2.3447589999996126,0.0,0.24281454196898267,2.587577666970901
2026-07-21T00:04:25,KNN-Direct-Weighted,Micromass,0.1,19,19,1,0.7083333333333334,2.3663603339809924,0.0,0.24538916698656976,2.6117544160224497
2026-07-21T00:04:27,KNN-Direct-Manhattan,Micromass,0.1,19,19,1,0.8333333333333334,2.330770958971698,0.0,0.23989383300067857,2.5706672920496203
2026-07-21T00:04:32,KNN-IC,Micromass,0.1,20,20,7,0.7916666666666666,4.569916833017487,0.27988908399129286,0.07788070803508162,4.9276905409642495
2026-07-21T00:04:33,Mean-IC,Micromass,0.1,20,20,3,0.8194444444444444,0.542909458046779,0.0031294169602915645,0.05524537496967241,0.6012882079812698
2026-07-21T00:04:35,KNN-Direct,Micromass,0.1,20,20,6,0.6944444444444444,2.3555815420113504,0.0,0.24201495805755258,2.597599041997455
2026-07-21T00:04:38,KNN-Direct-Weighted,Micromass,0.1,20,20,8,0.7083333333333334,2.3734861250268295,0.0,0.24481091601774096,2.618299790949095
2026-07-21T00:04:41,KNN-Direct-Manhattan,Micromass,0.1,20,20,5,0.9027777777777778,2.329596333031077,0.0,0.24062079197028652,2.5702199580264278
2026-07-21T00:04:46,KNN-IC,Micromass,0.1,21,21,1,0.8888888888888888,4.512784874998033,0.30189004103885964,0.08067533397115767,4.89535483304644
2026-07-21T00:04:46,Mean-IC,Micromass,0.1,21,21,15,0.7916666666666666,0.5463440000312403,0.003317791037261486,0.05647583300014958,0.6061411669943482
2026-07-21T00:04:49,KNN-Direct,Micromass,0.1,21,21,7,0.8055555555555556,2.360677457996644,0.0,0.25000375002855435,2.610683750011958
2026-07-21T00:04:51,KNN-Direct-Weighted,Micromass,0.1,21,21,6,0.8611111111111112,2.3658542089979164,0.0,0.24425066699041054,2.6101078749634326
2026-07-21T00:04:54,KNN-Direct-Manhattan,Micromass,0.1,21,21,4,0.8888888888888888,2.3324288749718107,0.0,0.24017383297905326,2.572605457971804
2026-07-21T00:04:59,KNN-IC,Micromass,0.1,22,22,4,0.8472222222222222,4.533268750004936,0.30403466703137383,0.07853479101322591,4.9158426670474
2026-07-21T00:04:59,Mean-IC,Micromass,0.1,22,22,3,0.8055555555555556,0.5429338330286555,0.0032261250307783484,0.055000166001264006,0.6011642079683952
2026-07-21T00:05:02,KNN-Direct,Micromass,0.1,22,22,4,0.6805555555555556,2.4481815840117633,0.0,0.24284191598417237,2.691025707987137
2026-07-21T00:05:05,KNN-Direct-Weighted,Micromass,0.1,22,22,3,0.6666666666666666,2.3749722500215285,0.0,0.24389699997846037,2.618871874990873
2026-07-21T00:05:07,KNN-Direct-Manhattan,Micromass,0.1,22,22,6,0.8611111111111112,2.330598791013472,0.0,0.2396464589983225,2.570247958006803
2026-07-21T00:05:12,KNN-IC,Micromass,0.1,23,23,1,0.6805555555555556,4.307683916995302,0.2248288330156356,0.07835258403792977,4.6108689999673516
2026-07-21T00:05:13,Mean-IC,Micromass,0.1,23,23,1,0.75,0.5389499579905532,0.0033432909986004233,0.05512812500819564,0.5974256250192411
2026-07-21T00:05:15,KNN-Direct,Micromass,0.1,23,23,3,0.7083333333333334,2.341718750016298,0.0,0.24195812497055158,2.5836788340238854
2026-07-21T00:05:18,KNN-Direct-Weighted,Micromass,0.1,23,23,3,0.7083333333333334,2.5774333749432117,0.0,0.2436646670103073,2.8211009170045145
2026-07-21T00:05:21,KNN-Direct-Manhattan,Micromass,0.1,23,23,8,0.7916666666666666,2.3281119579914957,0.0,0.2396226660348475,2.5677372090285644
2026-07-21T00:05:25,KNN-IC,Micromass,0.1,24,24,2,0.8333333333333334,4.471775875019375,0.2383962909807451,0.07799912500195205,4.78817487496417
2026-07-21T00:05:26,Mean-IC,Micromass,0.1,24,24,1,0.7777777777777778,0.5410723749664612,0.00300137500744313,0.05496220802888274,0.5990398339927197
2026-07-21T00:05:29,KNN-Direct,Micromass,0.1,24,24,1,0.7638888888888888,2.3504126250045374,0.0,0.2421172499889508,2.5925325410207734
2026-07-21T00:05:31,KNN-Direct-Weighted,Micromass,0.1,24,24,1,0.7638888888888888,2.4599725830485113,0.0,0.24449562496738508,2.7044710000045598
2026-07-21T00:05:34,KNN-Direct-Manhattan,Micromass,0.1,24,24,3,0.9166666666666666,2.3249359170440584,0.0,0.23914108297321945,2.564079625008162
2026-07-21T00:05:39,KNN-IC,Micromass,0.1,25,25,2,0.8611111111111112,4.50122320803348,0.2364892500336282,0.07747045805444941,4.815187084022909
2026-07-21T00:05:39,Mean-IC,Micromass,0.1,25,25,1,0.8333333333333334,0.5399846669752151,0.00297558301826939,0.05511012498755008,0.5980742910178378
2026-07-21T00:05:42,KNN-Direct,Micromass,0.1,25,25,3,0.75,2.3378622079617344,0.0,0.24041733396006748,2.5782821669708937
2026-07-21T00:05:44,KNN-Direct-Weighted,Micromass,0.1,25,25,3,0.75,2.3557561669731513,0.0,0.2426522079622373,2.598411082988605
2026-07-21T00:05:47,KNN-Direct-Manhattan,Micromass,0.1,25,25,1,0.8888888888888888,2.395014292036649,0.0,0.23880337498849258,2.6338207500521094
2026-07-21T00:05:52,KNN-IC,Micromass,0.1,26,26,2,0.7916666666666666,4.495506332954392,0.23663112497888505,0.07776395801920444,4.809904832975008
2026-07-21T00:05:52,Mean-IC,Micromass,0.1,26,26,1,0.7638888888888888,0.5432415829855017,0.0029637919506058097,0.05560500000137836,0.6018139999941923
2026-07-21T00:05:55,KNN-Direct,Micromass,0.1,26,26,10,0.6111111111111112,2.3547298749908805,0.0,0.24243833299260587,2.5971702089882456
2026-07-21T00:05:58,KNN-Direct-Weighted,Micromass,0.1,26,26,4,0.6388888888888888,2.3702787079964764,0.0,0.24395737500162795,2.6142385830171406
2026-07-21T00:06:00,KNN-Direct-Manhattan,Micromass,0.1,26,26,1,0.875,2.3293017499963753,0.0,0.23991124995518476,2.5692154160351492
2026-07-21T00:06:05,KNN-IC,Micromass,0.1,27,27,2,0.7638888888888888,4.499082333990373,0.23738808400230482,0.07803754199994728,4.814511417003814
2026-07-21T00:06:06,Mean-IC,Micromass,0.1,27,27,1,0.7777777777777778,0.5390904170344584,0.0031800419674254954,0.05485283397138119,0.5971269159927033
2026-07-21T00:06:08,KNN-Direct,Micromass,0.1,27,27,8,0.6805555555555556,2.333255667006597,0.0,0.2421489999978803,2.575406791991554
2026-07-21T00:06:11,KNN-Direct-Weighted,Micromass,0.1,27,27,8,0.6527777777777778,2.3436239170259796,0.0,0.24137358297593892,2.585002292005811
2026-07-21T00:06:13,KNN-Direct-Manhattan,Micromass,0.1,27,27,3,0.8194444444444444,2.2914247910375707,0.0,0.23707487498177215,2.5285031250095926
2026-07-21T00:06:18,KNN-IC,Micromass,0.1,28,28,1,0.7916666666666666,4.355110207980033,0.22521524998592213,0.07752145902486518,4.657850957999472
2026-07-21T00:06:19,Mean-IC,Micromass,0.1,28,28,1,0.8194444444444444,0.5579424999887124,0.003734625002834946,0.05943329201545566,0.621114750043489
2026-07-21T00:06:21,KNN-Direct,Micromass,0.1,28,28,6,0.7222222222222222,2.32475579198217,0.0,0.23943404201418161,2.564192207995802
2026-07-21T00:06:24,KNN-Direct-Weighted,Micromass,0.1,28,28,3,0.7222222222222222,2.552446542016696,0.0,0.24139995797304437,2.7938492499524727
2026-07-21T00:06:27,KNN-Direct-Manhattan,Micromass,0.1,28,28,3,0.8888888888888888,2.301749915990513,0.0,0.23671800002921373,2.538470750034321
2026-07-21T00:06:31,KNN-IC,Micromass,0.1,29,29,3,0.8055555555555556,4.541294207971077,0.24650549999205396,0.07757333299377933,4.865377208974678
2026-07-21T00:06:32,Mean-IC,Micromass,0.1,29,29,4,0.8333333333333334,0.5389636660111137,0.0029912919853813946,0.05528729100478813,0.5972454159636982
2026-07-21T00:06:35,KNN-Direct,Micromass,0.1,29,29,6,0.6944444444444444,2.324593458964955,0.0,0.2401033749920316,2.5646994579583406
2026-07-21T00:06:37,KNN-Direct-Weighted,Micromass,0.1,29,29,7,0.6944444444444444,2.3418612919631414,0.0,0.24165275000268593,2.5835166250471957
2026-07-21T00:06:40,KNN-Direct-Manhattan,Micromass,0.1,29,29,5,0.9027777777777778,2.298213125031907,0.0,0.2371435830136761,2.535359208006412
2026-07-21T00:06:44,KNN-IC,Micromass,0.1,30,30,3,0.7638888888888888,4.457514750014525,0.24540237500332296,0.0778200410422869,4.780740499962121
2026-07-21T00:06:45,Mean-IC,Micromass,0.1,30,30,3,0.7777777777777778,0.540355000004638,0.0030170409590937197,0.054950457997620106,0.5983262090012431
2026-07-21T00:06:48,KNN-Direct,Micromass,0.1,30,30,6,0.6666666666666666,2.476353916048538,0.0,0.2412239999976009,2.717580166994594
2026-07-21T00:06:50,KNN-Direct-Weighted,Micromass,0.1,30,30,3,0.6944444444444444,2.3746579160215333,0.0,0.24362745799589902,2.618287875025999
2026-07-21T00:06:53,KNN-Direct-Manhattan,Micromass,0.1,30,30,6,0.875,2.3153141669463366,0.0,0.2391127499868162,2.554429833951872
2026-07-21T00:06:58,KNN-IC,Micromass,0.1,31,31,1,0.8194444444444444,4.416241791972425,0.2242604999919422,0.07722087495494634,4.717727375042159
2026-07-21T00:06:58,Mean-IC,Micromass,0.1,31,31,4,0.7777777777777778,0.5408364160102792,0.003319542040117085,0.054717374965548515,0.5988773339777254
2026-07-21T00:07:01,KNN-Direct,Micromass,0.1,31,31,1,0.6805555555555556,2.4189619999960996,0.0,0.25313833402469754,2.672102583979722
2026-07-21T00:07:04,KNN-Direct-Weighted,Micromass,0.1,31,31,1,0.6944444444444444,2.384040541946888,0.0,0.24606762500479817,2.6301133750239387
2026-07-21T00:07:06,KNN-Direct-Manhattan,Micromass,0.1,31,31,1,0.8333333333333334,2.319878290989436,0.0,0.23849033302394673,2.5583712909719907
2026-07-21T00:07:11,KNN-IC,Micromass,0.1,32,32,3,0.7916666666666666,4.508690792019479,0.2451740420074202,0.07804599998053163,4.831914499984123
2026-07-21T00:07:12,Mean-IC,Micromass,0.1,32,32,13,0.7361111111111112,0.5376233750139363,0.0032303750049322844,0.0552872089901939,0.5961454159696586
2026-07-21T00:07:14,KNN-Direct,Micromass,0.1,32,32,14,0.6111111111111112,2.337448875012342,0.0,0.24210508400574327,2.5795563330175355
2026-07-21T00:07:17,KNN-Direct-Weighted,Micromass,0.1,32,32,15,0.6527777777777778,2.4538751670042984,0.0,0.24430362496059388,2.6981820829678327
2026-07-21T00:07:19,KNN-Direct-Manhattan,Micromass,0.1,32,32,1,0.8472222222222222,2.3305398750235327,0.0,0.24400283303111792,2.5745454999851063
2026-07-21T00:07:24,KNN-IC,Micromass,0.1,33,33,3,0.8611111111111112,4.433921499992721,0.24554854101734236,0.07733520900364965,4.756808915990405
2026-07-21T00:07:25,Mean-IC,Micromass,0.1,33,33,3,0.8194444444444444,0.5426114999572746,0.0029850410064682364,0.054481875034980476,0.6000821670168079
2026-07-21T00:07:27,KNN-Direct,Micromass,0.1,33,33,10,0.625,2.3294148750137538,0.0,0.24155445798533037,2.5709715000120923
2026-07-21T00:07:30,KNN-Direct-Weighted,Micromass,0.1,33,33,10,0.6388888888888888,2.3444849170045927,0.0,0.24181641696486622,2.586303708027117
2026-07-21T00:07:33,KNN-Direct-Manhattan,Micromass,0.1,33,33,10,0.8333333333333334,2.417382167011965,0.0,0.2375204159761779,2.6549052920308895
2026-07-21T00:07:38,KNN-IC,Micromass,0.1,34,34,11,0.7083333333333334,4.485621541971341,0.3003745829919353,0.07689529104391113,4.8628950829734094
2026-07-21T00:07:38,Mean-IC,Micromass,0.1,34,34,10,0.6666666666666666,0.541102959017735,0.00299370801076293,0.05503520800266415,0.5991367500391789
2026-07-21T00:07:41,KNN-Direct,Micromass,0.1,34,34,5,0.6111111111111112,2.3278259159997106,0.0,0.24033654102822766,2.5681645829463378
2026-07-21T00:07:43,KNN-Direct-Weighted,Micromass,0.1,34,34,9,0.625,2.3541411670157686,0.0,0.24180133396293968,2.5959449580404907
2026-07-21T00:07:46,KNN-Direct-Manhattan,Micromass,0.1,34,34,1,0.8888888888888888,2.3650865419767797,0.0,0.24146904196823016,2.606560374959372
2026-07-21T00:07:51,KNN-IC,Micromass,0.1,35,35,2,0.8333333333333334,4.437837707984727,0.23372308298712596,0.07746791699901223,4.749032916966826
2026-07-21T00:07:51,Mean-IC,Micromass,0.1,35,35,1,0.8333333333333334,0.5371828330098651,0.003013000008650124,0.05452108400641009,0.5947212500032037
2026-07-21T00:07:54,KNN-Direct,Micromass,0.1,35,35,1,0.6666666666666666,2.3723909580148757,0.0,0.24026995903113857,2.612663042033091
2026-07-21T00:07:56,KNN-Direct-Weighted,Micromass,0.1,35,35,3,0.6666666666666666,2.3551794579834677,0.0,0.24264175002463162,2.597823833988514
2026-07-21T00:07:59,KNN-Direct-Manhattan,Micromass,0.1,35,35,1,0.8333333333333334,2.3844255409785546,0.0,0.2379705419880338,2.622398874955252
2026-07-21T00:08:04,KNN-IC,Micromass,0.1,36,36,1,0.75,4.534426208003424,0.22598562500206754,0.07733112497953698,4.8377467499813065
2026-07-21T00:08:05,Mean-IC,Micromass,0.1,36,36,1,0.7777777777777778,0.5391890409518965,0.0030046660103835166,0.054501542006619275,0.5966989159933291
2026-07-21T00:08:07,KNN-Direct,Micromass,0.1,36,36,3,0.6666666666666666,2.3320547079783864,0.0,0.24131024995585904,2.573367375007365
2026-07-21T00:08:10,KNN-Direct-Weighted,Micromass,0.1,36,36,3,0.6527777777777778,2.3528930000029504,0.0,0.24261704098898917,2.5955129170324653
2026-07-21T00:08:12,KNN-Direct-Manhattan,Micromass,0.1,36,36,1,0.8333333333333334,2.312235082965344,0.0,0.23884891701163724,2.551086666993797
2026-07-21T00:08:17,KNN-IC,Micromass,0.1,37,37,4,0.8472222222222222,4.550830417021643,0.2905139169888571,0.07680212496779859,4.918150459008757
2026-07-21T00:08:18,Mean-IC,Micromass,0.1,37,37,1,0.7777777777777778,0.5372039580252022,0.003000332973897457,0.054521917016245425,0.5947300840052776
2026-07-21T00:08:20,KNN-Direct,Micromass,0.1,37,37,4,0.7222222222222222,2.3416267079883255,0.0,0.2399391250219196,2.581568374997005
2026-07-21T00:08:23,KNN-Direct-Weighted,Micromass,0.1,37,37,3,0.7083333333333334,2.345007208001334,0.0,0.24171270802617073,2.5867225829861127
2026-07-21T00:08:26,KNN-Direct-Manhattan,Micromass,0.1,37,37,1,0.8333333333333334,2.313202833000105,0.0,0.23698279104428366,2.550188374996651
2026-07-21T00:08:30,KNN-IC,Micromass,0.1,38,38,1,0.8472222222222222,4.421595249965321,0.22406266699545085,0.07746033399598673,4.723122374969535
2026-07-21T00:08:31,Mean-IC,Micromass,0.1,38,38,4,0.8472222222222222,0.6706829590257257,0.0032408330007456243,0.05665658297948539,0.7305844579823315
2026-07-21T00:08:34,KNN-Direct,Micromass,0.1,38,38,6,0.7083333333333334,2.3278457499691285,0.0,0.23990391695406288,2.5677522910409607
2026-07-21T00:08:36,KNN-Direct-Weighted,Micromass,0.1,38,38,8,0.7083333333333334,2.3491015000035986,0.0,0.2421761670266278,2.5912808750290424
2026-07-21T00:08:39,KNN-Direct-Manhattan,Micromass,0.1,38,38,1,0.875,2.3014550000079907,0.0,0.23744554200675339,2.5389030419755727
2026-07-21T00:08:43,KNN-IC,Micromass,0.1,39,39,4,0.8472222222222222,4.444150208029896,0.2986456250073388,0.07752550003351644,4.820324749976862
2026-07-21T00:08:44,Mean-IC,Micromass,0.1,39,39,4,0.8611111111111112,0.5367455829982646,0.0029742090264335275,0.05471333401510492,0.5944368339842185
2026-07-21T00:08:47,KNN-Direct,Micromass,0.1,39,39,1,0.7361111111111112,2.396727582963649,0.0,0.24062366603175178,2.6373537920298986
2026-07-21T00:08:49,KNN-Direct-Weighted,Micromass,0.1,39,39,1,0.7361111111111112,2.3472701249993406,0.0,0.24208225001348183,2.589355207979679
2026-07-21T00:08:52,KNN-Direct-Manhattan,Micromass,0.1,39,39,3,0.9027777777777778,2.299500332970638,0.0,0.23778000002494082,2.5372836670139804
2026-07-21T00:08:57,KNN-IC,Micromass,0.2,0,0,3,0.8333333333333334,5.021816541033331,0.2805127089959569,0.07647154101869091,5.378804540960118
2026-07-21T00:08:58,Mean-IC,Micromass,0.2,0,0,3,0.8055555555555556,0.5366052080062218,0.003786208981182426,0.054306625039316714,0.5947017500293441
2026-07-21T00:09:01,KNN-Direct,Micromass,0.2,0,0,3,0.6944444444444444,2.9179874589899555,0.0,0.31872966600349173,3.2367192920064554
2026-07-21T00:09:04,KNN-Direct-Weighted,Micromass,0.2,0,0,3,0.6805555555555556,2.8502819589921273,0.0,0.29350766696734354,3.143792584014591
2026-07-21T00:09:07,KNN-Direct-Manhattan,Micromass,0.2,0,0,3,0.8888888888888888,2.8037731670192443,0.0,0.2891173329553567,3.092893916007597
2026-07-21T00:09:13,KNN-IC,Micromass,0.2,1,1,3,0.8472222222222222,5.134346709004603,0.27761220798129216,0.07716308301314712,5.489125624997541
2026-07-21T00:09:13,Mean-IC,Micromass,0.2,1,1,3,0.8472222222222222,0.536510374979116,0.0037557080504484475,0.05466558295302093,0.5949352500028908
2026-07-21T00:09:17,KNN-Direct,Micromass,0.2,1,1,1,0.7083333333333334,2.9286829580087215,0.0,0.2931194579578005,3.221804875007365
2026-07-21T00:09:20,KNN-Direct-Weighted,Micromass,0.2,1,1,1,0.7083333333333334,2.866437750053592,0.0,0.29461775004165247,3.1610585839953274
2026-07-21T00:09:23,KNN-Direct-Manhattan,Micromass,0.2,1,1,1,0.875,2.8194324590149336,0.0,0.290056541969534,3.109491750015877
2026-07-21T00:09:28,KNN-IC,Micromass,0.2,2,2,1,0.8055555555555556,5.256575624982361,0.24548670800868422,0.07671566697536036,5.578781874966808
2026-07-21T00:09:29,Mean-IC,Micromass,0.2,2,2,1,0.8472222222222222,0.5353241249686107,0.003793250012677163,0.05469112499849871,0.5938125000102445
2026-07-21T00:09:32,KNN-Direct,Micromass,0.2,2,2,6,0.7083333333333334,2.910778207995463,0.0,0.2937149999779649,3.2044955829624087
2026-07-21T00:09:35,KNN-Direct-Weighted,Micromass,0.2,2,2,4,0.6805555555555556,2.8534782080096193,0.0,0.29523637500824407,3.148716916970443
2026-07-21T00:09:39,KNN-Direct-Manhattan,Micromass,0.2,2,2,6,0.8055555555555556,2.811114832991734,0.0,0.29126224998617545,3.1023797080270015
2026-07-21T00:09:44,KNN-IC,Micromass,0.2,3,3,2,0.8194444444444444,5.284392666013446,0.26490129198646173,0.07683962502051145,5.626137042010669
2026-07-21T00:09:45,Mean-IC,Micromass,0.2,3,3,1,0.7638888888888888,0.5368507920065895,0.0038257919950410724,0.054694208956789225,0.5953744580037892
2026-07-21T00:09:48,KNN-Direct,Micromass,0.2,3,3,3,0.6666666666666666,2.954305292048957,0.0,0.2929711249889806,3.247278832946904
2026-07-21T00:09:51,KNN-Direct-Weighted,Micromass,0.2,3,3,3,0.6666666666666666,3.130388292018324,0.0,0.2955224580364302,3.425917375017889
2026-07-21T00:09:55,KNN-Direct-Manhattan,Micromass,0.2,3,3,4,0.8333333333333334,2.812206332979258,0.0,0.29416475002653897,3.1063738749944605
2026-07-21T00:10:00,KNN-IC,Micromass,0.2,4,4,2,0.8611111111111112,5.245059749984648,0.26639258302748203,0.07765266700880602,5.589108499989379
2026-07-21T00:10:01,Mean-IC,Micromass,0.2,4,4,3,0.8055555555555556,0.6452116669970565,0.004096916993148625,0.055089499976020306,0.7044021250330843
2026-07-21T00:10:04,KNN-Direct,Micromass,0.2,4,4,1,0.7361111111111112,2.8611175830010325,0.0,0.2952071669860743,3.1563271670020185
2026-07-21T00:10:07,KNN-Direct-Weighted,Micromass,0.2,4,4,3,0.7916666666666666,2.8829614580026828,0.0,0.29753337503643706,3.1804971660021693
2026-07-21T00:10:10,KNN-Direct-Manhattan,Micromass,0.2,4,4,4,0.875,2.833551042014733,0.0,0.29268499999307096,3.126239124976564
2026-07-21T00:10:16,KNN-IC,Micromass,0.2,5,5,2,0.7777777777777778,4.863419040979352,0.26591941696824506,0.1912788749905303,5.320623082981911
2026-07-21T00:10:16,Mean-IC,Micromass,0.2,5,5,1,0.75,0.547781125002075,0.003870333021041006,0.055006583977956325,0.60666183300782
2026-07-21T00:10:19,KNN-Direct,Micromass,0.2,5,5,4,0.6111111111111112,2.88290137500735,0.0,0.2998883330146782,3.182794499967713
2026-07-21T00:10:23,KNN-Direct-Weighted,Micromass,0.2,5,5,4,0.6111111111111112,2.8723883750499226,0.0,0.29617716697975993,3.168568458990194
2026-07-21T00:10:26,KNN-Direct-Manhattan,Micromass,0.2,5,5,5,0.8611111111111112,2.8229339999961667,0.0,0.29197754099732265,3.1149143330403604
2026-07-21T00:10:31,KNN-IC,Micromass,0.2,6,6,2,0.7361111111111112,5.011140292044729,0.3190239160321653,0.08355958299944177,5.413728624989744
2026-07-21T00:10:32,Mean-IC,Micromass,0.2,6,6,1,0.7638888888888888,0.5487673330353573,0.003896209003869444,0.05469129199627787,0.6073585830163211
2026-07-21T00:10:35,KNN-Direct,Micromass,0.2,6,6,4,0.7083333333333334,2.853209416032769,0.0,0.29440204199636355,3.1476135830162093
2026-07-21T00:10:38,KNN-Direct-Weighted,Micromass,0.2,6,6,4,0.7083333333333334,2.9264629999524914,0.0,0.29598583397455513,3.222451541980263
2026-07-21T00:10:41,KNN-Direct-Manhattan,Micromass,0.2,6,6,1,0.8888888888888888,2.849151999980677,0.0,0.29197970899986103,3.1411342909559608
2026-07-21T00:10:47,KNN-IC,Micromass,0.2,7,7,8,0.7777777777777778,5.394086708955001,0.37371474999235943,0.07718087499961257,5.844986500043888
2026-07-21T00:10:48,Mean-IC,Micromass,0.2,7,7,1,0.7222222222222222,0.5373687499668449,0.0037772079813294113,0.054419082996901125,0.5955682909698226
2026-07-21T00:10:51,KNN-Direct,Micromass,0.2,7,7,1,0.7222222222222222,2.8763044579536654,0.0,0.293517249985598,3.1698263750295155
2026-07-21T00:10:54,KNN-Direct-Weighted,Micromass,0.2,7,7,7,0.7083333333333334,2.8866119169979356,0.0,0.29525274998741224,3.1818708750070073
2026-07-21T00:10:57,KNN-Direct-Manhattan,Micromass,0.2,7,7,1,0.875,2.8217453749966808,0.0,0.2958982090349309,3.117646542028524
2026-07-21T00:11:03,KNN-IC,Micromass,0.2,8,8,2,0.75,5.286633750016335,0.26424979203147814,0.07738654199056327,5.628274250018876
2026-07-21T00:11:03,Mean-IC,Micromass,0.2,8,8,1,0.7222222222222222,0.5340360829723068,0.003732916957233101,0.054074958025012165,0.5918480410473421
2026-07-21T00:11:07,KNN-Direct,Micromass,0.2,8,8,13,0.6944444444444444,2.83554245904088,0.0,0.29422970896121114,3.129774625005666
2026-07-21T00:11:10,KNN-Direct-Weighted,Micromass,0.2,8,8,14,0.6944444444444444,2.859872290981002,0.0,0.29488954198313877,3.1547650830470957
2026-07-21T00:11:13,KNN-Direct-Manhattan,Micromass,0.2,8,8,4,0.8611111111111112,2.823627708014101,0.0,0.29253837501164526,3.1161691249581054
2026-07-21T00:11:19,KNN-IC,Micromass,0.2,9,9,1,0.8194444444444444,5.363544459047262,0.5667633750126697,0.0878532089991495,6.018165999965277
2026-07-21T00:11:19,Mean-IC,Micromass,0.2,9,9,1,0.7916666666666666,0.5505869580083527,0.004001250024884939,0.05516320903552696,0.6097550000413321
2026-07-21T00:11:23,KNN-Direct,Micromass,0.2,9,9,6,0.6666666666666666,2.916008749976754,0.0,0.28954224998597056,3.2055531659862027
2026-07-21T00:11:26,KNN-Direct-Weighted,Micromass,0.2,9,9,6,0.6805555555555556,2.827381958020851,0.0,0.29144079197430983,3.1188252499559894
2026-07-21T00:11:29,KNN-Direct-Manhattan,Micromass,0.2,9,9,4,0.8194444444444444,2.7896332079544663,0.0,0.29453258303692564,3.084168542001862
2026-07-21T00:11:34,KNN-IC,Micromass,0.2,10,10,2,0.8611111111111112,5.059486000041943,0.2579719159984961,0.07664479198865592,5.394105374987703
2026-07-21T00:11:35,Mean-IC,Micromass,0.2,10,10,1,0.8055555555555556,0.5281046669697389,0.00363445800030604,0.05344695900566876,0.5851884169969708
2026-07-21T00:11:38,KNN-Direct,Micromass,0.2,10,10,3,0.6666666666666666,2.8170745000243187,0.0,0.29142575000878423,3.1085020410246216
2026-07-21T00:11:41,KNN-Direct-Weighted,Micromass,0.2,10,10,3,0.6666666666666666,2.834626834024675,0.0,0.2917300420231186,3.1263593749608845
2026-07-21T00:11:44,KNN-Direct-Manhattan,Micromass,0.2,10,10,1,0.8611111111111112,2.7878006669925526,0.0,0.28767425002297387,3.075477500038687
2026-07-21T00:11:50,KNN-IC,Micromass,0.2,11,11,4,0.8333333333333334,5.253135124978144,0.380029083986301,0.07671574997948483,5.70988275000127
2026-07-21T00:11:51,Mean-IC,Micromass,0.2,11,11,8,0.7777777777777778,0.5263901250436902,0.0036233330029062927,0.053718124981969595,0.583733250037767
2026-07-21T00:11:54,KNN-Direct,Micromass,0.2,11,11,9,0.75,2.8074937500059605,0.0,0.29018237499985844,3.097677957965061
2026-07-21T00:11:58,KNN-Direct-Weighted,Micromass,0.2,11,11,12,0.6944444444444444,4.1562954999972135,0.0,0.2929194169701077,4.449219749949407
2026-07-21T00:12:01,KNN-Direct-Manhattan,Micromass,0.2,11,11,7,0.9027777777777778,2.7975982089992613,0.0,0.29682512499857694,3.0944258749950677
2026-07-21T00:12:07,KNN-IC,Micromass,0.2,12,12,2,0.8194444444444444,5.851319916953798,0.26701341598527506,0.07733958400785923,6.195682624995243
2026-07-21T00:12:08,Mean-IC,Micromass,0.2,12,12,1,0.7638888888888888,0.5411254999926314,0.003996458952315152,0.05483999999705702,0.5999657079810277
2026-07-21T00:12:11,KNN-Direct,Micromass,0.2,12,12,1,0.6944444444444444,2.846119458961766,0.0,0.2935017499839887,3.1396231669932604
2026-07-21T00:12:14,KNN-Direct-Weighted,Micromass,0.2,12,12,4,0.7083333333333334,2.860602958011441,0.0,0.29513333400245756,3.155739250010811
2026-07-21T00:12:18,KNN-Direct-Manhattan,Micromass,0.2,12,12,3,0.9305555555555556,3.1232666249852628,0.0,0.292251875041984,3.4155214999918826
2026-07-21T00:12:23,KNN-IC,Micromass,0.2,13,13,1,0.9166666666666666,5.1290366660105065,0.2453329170239158,0.07767779100686312,5.452050874999259
2026-07-21T00:12:24,Mean-IC,Micromass,0.2,13,13,1,0.9027777777777778,0.5343311249744147,0.003973958024289459,0.053920165984891355,0.5922284580301493
2026-07-21T00:12:27,KNN-Direct,Micromass,0.2,13,13,14,0.6527777777777778,2.8199995839968324,0.0,0.2913989999797195,3.1114008329459466
2026-07-21T00:12:30,KNN-Direct-Weighted,Micromass,0.2,13,13,14,0.6527777777777778,2.837035458011087,0.0,0.2937604170292616,3.130798833037261
2026-07-21T00:12:33,KNN-Direct-Manhattan,Micromass,0.2,13,13,1,0.875,2.8879993750015274,0.0,0.28875341603998095,3.1767587499925867
2026-07-21T00:12:39,KNN-IC,Micromass,0.2,14,14,1,0.8333333333333334,5.214122125005815,0.2507233340293169,0.07790458295494318,5.542753959016409
2026-07-21T00:12:39,Mean-IC,Micromass,0.2,14,14,1,0.7777777777777778,0.5457068340037949,0.0038181249983608723,0.05541224998887628,0.6049414169974625
2026-07-21T00:12:42,KNN-Direct,Micromass,0.2,14,14,6,0.7916666666666666,2.88350829097908,0.0,0.29690166702494025,3.1804124579648487
2026-07-21T00:12:46,KNN-Direct-Weighted,Micromass,0.2,14,14,6,0.75,2.8987393749994226,0.0,0.3851218749769032,3.283864666998852
2026-07-21T00:12:49,KNN-Direct-Manhattan,Micromass,0.2,14,14,11,0.9027777777777778,2.8889876669854857,0.0,0.29627029196126387,3.1852624579914846
2026-07-21T00:12:54,KNN-IC,Micromass,0.2,15,15,2,0.8888888888888888,5.018928540986963,0.2684221250237897,0.07700154097983614,5.364355584024452
2026-07-21T00:12:55,Mean-IC,Micromass,0.2,15,15,1,0.875,0.5439113330212422,0.0037454169942066073,0.055467542028054595,0.6031280829920433
2026-07-21T00:12:58,KNN-Direct,Micromass,0.2,15,15,6,0.8055555555555556,2.8700142920133658,0.0,0.2961808749823831,3.166197500017006
2026-07-21T00:13:01,KNN-Direct-Weighted,Micromass,0.2,15,15,7,0.8055555555555556,2.9927305830060504,0.0,0.30793295899638906,3.300666375027504
2026-07-21T00:13:05,KNN-Direct-Manhattan,Micromass,0.2,15,15,8,0.9166666666666666,2.840444666973781,0.0,0.29670570796588436,3.1371530000469647
2026-07-21T00:13:10,KNN-IC,Micromass,0.2,16,16,1,0.875,5.584756749973167,0.2518904159660451,0.0779300419962965,5.914588499988895
2026-07-21T00:13:11,Mean-IC,Micromass,0.2,16,16,1,0.8472222222222222,0.5435868329950608,0.00389633298618719,0.05525158304953948,0.6027396669960581
2026-07-21T00:13:14,KNN-Direct,Micromass,0.2,16,16,3,0.75,2.8765435839886777,0.0,0.2978464579791762,3.174392417015042
2026-07-21T00:13:18,KNN-Direct-Weighted,Micromass,0.2,16,16,1,0.7083333333333334,2.9792921660118736,0.0,0.29961799999000505,3.278912624984514
2026-07-21T00:13:21,KNN-Direct-Manhattan,Micromass,0.2,16,16,1,0.8472222222222222,2.8625596659840085,0.0,0.2946084999712184,3.157170791993849
2026-07-21T00:13:26,KNN-IC,Micromass,0.2,17,17,4,0.8194444444444444,5.135491208988242,0.33951133396476507,0.07775325002148747,5.55275920801796
2026-07-21T00:13:27,Mean-IC,Micromass,0.2,17,17,4,0.7777777777777778,0.5417202499811538,0.0038014999590814114,0.05484125000657514,0.6003662919974886
2026-07-21T00:13:30,KNN-Direct,Micromass,0.2,17,17,7,0.7916666666666666,2.8706035829964094,0.0,0.29739154200069606,3.16799725004239
2026-07-21T00:13:33,KNN-Direct-Weighted,Micromass,0.2,17,17,5,0.7916666666666666,2.9597247909987345,0.0,0.2990705000120215,3.258798041031696
2026-07-21T00:13:36,KNN-Direct-Manhattan,Micromass,0.2,17,17,11,0.875,2.8516264999634586,0.0,0.29520533297909424,3.1468342500156723
2026-07-21T00:13:42,KNN-IC,Micromass,0.2,18,18,2,0.7916666666666666,5.150872417027131,0.2666748339543119,0.07776900002500042,5.495320125017315
2026-07-21T00:13:43,Mean-IC,Micromass,0.2,18,18,1,0.7916666666666666,0.5421365829533897,0.0037537500029429793,0.05484462500317022,0.600738667009864
2026-07-21T00:13:46,KNN-Direct,Micromass,0.2,18,18,8,0.6527777777777778,2.8793564999941736,0.0,0.34936566703254357,3.2287246659980156
2026-07-21T00:13:49,KNN-Direct-Weighted,Micromass,0.2,18,18,8,0.6666666666666666,2.9737570840516128,0.0,0.29975291702430695,3.273513499996625
2026-07-21T00:13:52,KNN-Direct-Manhattan,Micromass,0.2,18,18,4,0.8333333333333334,2.8542383330059238,0.0,0.2951418340089731,3.149383417039644
2026-07-21T00:13:58,KNN-IC,Micromass,0.2,19,19,2,0.75,5.17214745900128,0.2686894999933429,0.07800245896214619,5.518846542050596
2026-07-21T00:13:58,Mean-IC,Micromass,0.2,19,19,3,0.7916666666666666,0.5463276249938644,0.003760749998036772,0.05565112497424707,0.6057432499947026
2026-07-21T00:14:02,KNN-Direct,Micromass,0.2,19,19,7,0.6527777777777778,2.9647884169826284,0.0,0.29852087498875335,3.263311500020791
2026-07-21T00:14:05,KNN-Direct-Weighted,Micromass,0.2,19,19,7,0.6805555555555556,2.8997086249873973,0.0,0.29918833298143,3.1988997500156984
2026-07-21T00:14:08,KNN-Direct-Manhattan,Micromass,0.2,19,19,5,0.8333333333333334,2.8491133750067092,0.0,0.2945454999571666,3.1436614579870366
2026-07-21T00:14:14,KNN-IC,Micromass,0.2,20,20,2,0.8333333333333334,5.281481040990911,0.2696370420162566,0.07843345799483359,5.629555624967907
2026-07-21T00:14:14,Mean-IC,Micromass,0.2,20,20,4,0.7916666666666666,0.5450737089850008,0.003872875007800758,0.055422083009034395,0.6043724580085836
2026-07-21T00:14:17,KNN-Direct,Micromass,0.2,20,20,11,0.625,2.9726613750099204,0.0,0.2978117910097353,3.270475333032664
2026-07-21T00:14:21,KNN-Direct-Weighted,Micromass,0.2,20,20,11,0.625,2.908384707989171,0.0,0.3005752920289524,3.2089626250090078
2026-07-21T00:14:24,KNN-Direct-Manhattan,Micromass,0.2,20,20,13,0.9166666666666666,2.862238416040782,0.0,0.2951147919520736,3.1573560829856433
2026-07-21T00:14:29,KNN-IC,Micromass,0.2,21,21,1,0.8611111111111112,5.299574750009924,0.2502590420190245,0.07815749995643273,5.627995082992129
2026-07-21T00:14:30,Mean-IC,Micromass,0.2,21,21,1,0.8611111111111112,0.5426054999697953,0.0038100419915281236,0.054847790976054966,0.601267124991864
2026-07-21T00:14:33,KNN-Direct,Micromass,0.2,21,21,1,0.75,3.00375404197257,0.0,0.2962060419959016,3.299961957964115
2026-07-21T00:14:37,KNN-Direct-Weighted,Micromass,0.2,21,21,7,0.7222222222222222,2.8954708329983987,0.0,0.29934062500251457,3.194814165995922
2026-07-21T00:14:40,KNN-Direct-Manhattan,Micromass,0.2,21,21,5,0.8472222222222222,2.8489730000146665,0.0,0.2958823749795556,3.144858540967107
2026-07-21T00:14:46,KNN-IC,Micromass,0.2,22,22,4,0.8333333333333334,5.559057832986582,0.40898466703947634,0.12045658397255465,6.0885048329946585
2026-07-21T00:14:46,Mean-IC,Micromass,0.2,22,22,3,0.7916666666666666,0.5916117909946479,0.004238624998833984,0.05637591698905453,0.6522315829643048
2026-07-21T00:14:50,KNN-Direct,Micromass,0.2,22,22,5,0.7638888888888888,2.997252542001661,0.0,0.3069361670059152,3.304191290982999
2026-07-21T00:14:53,KNN-Direct-Weighted,Micromass,0.2,22,22,5,0.7777777777777778,3.1620158340083435,0.0,0.3098829590016976,3.4719046659884043
2026-07-21T00:14:57,KNN-Direct-Manhattan,Micromass,0.2,22,22,1,0.9166666666666666,3.050723916036077,0.0,0.29806404100963846,3.3487909169634804
2026-07-21T00:15:02,KNN-IC,Micromass,0.2,23,23,1,0.6944444444444444,5.265033958014101,0.2611210420145653,0.07844562496757135,5.604605000000447
2026-07-21T00:15:03,Mean-IC,Micromass,0.2,23,23,1,0.6805555555555556,0.5456421250128187,0.004253958992194384,0.05517649999819696,0.6050774159957655
2026-07-21T00:15:06,KNN-Direct,Micromass,0.2,23,23,3,0.6805555555555556,2.900248041958548,0.0,0.2988393750274554,3.1990897089708596
2026-07-21T00:15:09,KNN-Direct-Weighted,Micromass,0.2,23,23,3,0.6805555555555556,3.005227916990407,0.0,0.34407554200151935,3.3493092919816263
2026-07-21T00:15:13,KNN-Direct-Manhattan,Micromass,0.2,23,23,1,0.8055555555555556,2.868035667052027,0.0,0.29454362503020093,3.1625827089883387
2026-07-21T00:15:19,KNN-IC,Micromass,0.2,24,24,2,0.8194444444444444,6.012805457983632,0.34610345802502707,0.09292033402016386,6.451834209030494
2026-07-21T00:15:20,Mean-IC,Micromass,0.2,24,24,1,0.7916666666666666,0.5492177910055034,0.0038544160197488964,0.05525058298371732,0.6083267080248334
2026-07-21T00:15:23,KNN-Direct,Micromass,0.2,24,24,3,0.7638888888888888,2.875330916023813,0.0,0.2956046659965068,3.1709395829821005
2026-07-21T00:15:26,KNN-Direct-Weighted,Micromass,0.2,24,24,3,0.7777777777777778,2.888516167004127,0.0,0.2979841670021415,3.186513416992966
2026-07-21T00:15:29,KNN-Direct-Manhattan,Micromass,0.2,24,24,1,0.9027777777777778,2.8456547090318054,0.0,0.29413120896788314,3.1397887919447385
2026-07-21T00:15:35,KNN-IC,Micromass,0.2,25,25,2,0.875,5.459839249961078,0.26944083301350474,0.07773237500805408,5.807023749977816
2026-07-21T00:15:36,Mean-IC,Micromass,0.2,25,25,1,0.8472222222222222,0.5748857909929939,0.004025041998829693,0.05624537501716986,0.6351599580375478
2026-07-21T00:15:39,KNN-Direct,Micromass,0.2,25,25,7,0.7638888888888888,2.9885726670036092,0.0,0.29509404103737324,3.283669625001494
2026-07-21T00:15:42,KNN-Direct-Weighted,Micromass,0.2,25,25,7,0.75,2.880481875035912,0.0,0.29738458403153345,3.1778692079824395
2026-07-21T00:15:45,KNN-Direct-Manhattan,Micromass,0.2,25,25,1,0.8333333333333334,2.8358952089911327,0.0,0.29851808300009,3.1344169579679146
2026-07-21T00:15:51,KNN-IC,Micromass,0.2,26,26,4,0.75,5.5800610419828445,0.4005157079664059,0.07778341602534056,6.058364040974993
2026-07-21T00:15:52,Mean-IC,Micromass,0.2,26,26,5,0.6805555555555556,0.5434858329826966,0.003811167029198259,0.055048709036782384,0.6023498750291765
2026-07-21T00:15:55,KNN-Direct,Micromass,0.2,26,26,3,0.6666666666666666,2.8787284580175765,0.0,0.30149387498386204,3.1802247500163503
2026-07-21T00:15:58,KNN-Direct-Weighted,Micromass,0.2,26,26,4,0.7083333333333334,3.0140905840089545,0.0,0.34401916596107185,3.3581134579726495
2026-07-21T00:16:02,KNN-Direct-Manhattan,Micromass,0.2,26,26,3,0.7777777777777778,3.017471708008088,0.0,0.3169343329500407,3.334408666996751
2026-07-21T00:16:07,KNN-IC,Micromass,0.2,27,27,2,0.8055555555555556,5.306152541015763,0.27056224999250844,0.07758570899022743,5.654304667026736
2026-07-21T00:16:08,Mean-IC,Micromass,0.2,27,27,1,0.75,0.5429047920042649,0.0037855420378036797,0.05463804100872949,0.6013339579803869
2026-07-21T00:16:11,KNN-Direct,Micromass,0.2,27,27,8,0.7083333333333334,2.8660289580002427,0.0,0.2980057919630781,3.164037125010509
2026-07-21T00:16:14,KNN-Direct-Weighted,Micromass,0.2,27,27,10,0.625,2.8885514580179006,0.0,0.29784125002333894,3.18639508303022
2026-07-21T00:16:18,KNN-Direct-Manhattan,Micromass,0.2,27,27,1,0.8472222222222222,2.9286885829642415,0.0,0.2937433330225758,3.2224348330055363
2026-07-21T00:16:23,KNN-IC,Micromass,0.2,28,28,2,0.8055555555555556,4.993555499997456,0.2679067919962108,0.07829620799748227,5.339761749957688
2026-07-21T00:16:24,Mean-IC,Micromass,0.2,28,28,1,0.7777777777777778,0.7963949170080014,0.003961291979067028,0.05527354101650417,0.8556340000359342
2026-07-21T00:16:27,KNN-Direct,Micromass,0.2,28,28,11,0.75,2.858619832957629,0.0,0.29611004202160984,3.1547331670299172
2026-07-21T00:16:30,KNN-Direct-Weighted,Micromass,0.2,28,28,12,0.7777777777777778,2.8797802079934627,0.0,0.29795208299765363,3.1777370420168154
2026-07-21T00:16:33,KNN-Direct-Manhattan,Micromass,0.2,28,28,4,0.8472222222222222,2.93547700002091,0.0,0.2936201249831356,3.2291018330142833
2026-07-21T00:16:39,KNN-IC,Micromass,0.2,29,29,2,0.7916666666666666,5.307374749972951,0.2689033340429887,0.07803904201136902,5.654320792004
2026-07-21T00:16:40,Mean-IC,Micromass,0.2,29,29,5,0.8472222222222222,0.5428992079687305,0.004061250016093254,0.05492554197553545,0.6018899170449004
2026-07-21T00:16:43,KNN-Direct,Micromass,0.2,29,29,8,0.6805555555555556,2.87328520801384,0.0,0.2963214999763295,3.1696090839686804
2026-07-21T00:16:46,KNN-Direct-Weighted,Micromass,0.2,29,29,9,0.6388888888888888,2.8893022080301307,0.0,0.3872133329859935,3.2765182909788564
2026-07-21T00:16:49,KNN-Direct-Manhattan,Micromass,0.2,29,29,6,0.875,2.886768833035603,0.0,0.29680941702099517,3.183581667020917
2026-07-21T00:16:55,KNN-IC,Micromass,0.2,30,30,2,0.7222222222222222,5.228310625010636,0.27069508301792666,0.07831983402138576,5.577329291962087
2026-07-21T00:16:55,Mean-IC,Micromass,0.2,30,30,4,0.7361111111111112,0.5449761669733562,0.003798290970735252,0.05500466702505946,0.6037829580018297
2026-07-21T00:16:59,KNN-Direct,Micromass,0.2,30,30,8,0.6944444444444444,2.8869648330146447,0.0,0.2985449159750715,3.1855123750283383
2026-07-21T00:17:02,KNN-Direct-Weighted,Micromass,0.2,30,30,8,0.7083333333333334,2.9823913750005886,0.0,0.3009700409602374,3.283364250033628
2026-07-21T00:17:05,KNN-Direct-Manhattan,Micromass,0.2,30,30,8,0.8194444444444444,2.861454917001538,0.0,0.29578174999915063,3.1572390840156004
2026-07-21T00:17:11,KNN-IC,Micromass,0.2,31,31,4,0.8194444444444444,5.246233458048664,0.36483158299233764,0.07820379198528826,5.6892729589599185
2026-07-21T00:17:11,Mean-IC,Micromass,0.2,31,31,4,0.7222222222222222,0.5479741250164807,0.003779041988309473,0.05573250004090369,0.6074898330261931
2026-07-21T00:17:14,KNN-Direct,Micromass,0.2,31,31,1,0.6527777777777778,2.882526416971814,0.0,0.2969887499930337,3.1795169999822974
2026-07-21T00:17:18,KNN-Direct-Weighted,Micromass,0.2,31,31,1,0.6666666666666666,2.9802627089666203,0.0,0.2997426249785349,3.280007957946509
2026-07-21T00:17:21,KNN-Direct-Manhattan,Micromass,0.2,31,31,3,0.8611111111111112,2.8636045000166632,0.0,0.2952268330263905,3.158837750030216
2026-07-21T00:17:27,KNN-IC,Micromass,0.2,32,32,15,0.7083333333333334,5.4577927910140716,0.4012097920058295,0.0784890410141088,5.937495333026163
2026-07-21T00:17:27,Mean-IC,Micromass,0.2,32,32,14,0.625,0.5437216249993071,0.0041270419606007636,0.05490379099501297,0.6027562079834752
2026-07-21T00:17:31,KNN-Direct,Micromass,0.2,32,32,15,0.6666666666666666,2.8814518329454586,0.0,0.29871016601100564,3.1801643329672515
2026-07-21T00:17:34,KNN-Direct-Weighted,Micromass,0.2,32,32,3,0.6805555555555556,3.005393667030148,0.0,0.29997612501028925,3.305372625007294
2026-07-21T00:17:37,KNN-Direct-Manhattan,Micromass,0.2,32,32,4,0.8472222222222222,2.862457292038016,0.0,0.29495420795865357,3.157414124987554
2026-07-21T00:17:43,KNN-IC,Micromass,0.2,33,33,9,0.7638888888888888,5.255748667055741,0.39568420802243054,0.07720591698307544,5.728642541973386
2026-07-21T00:17:43,Mean-IC,Micromass,0.2,33,33,1,0.7361111111111112,0.5425280420458876,0.004015000013168901,0.05506554100429639,0.6016122079454362
2026-07-21T00:17:47,KNN-Direct,Micromass,0.2,33,33,11,0.6111111111111112,2.955506541999057,0.0,0.2987375420052558,3.2542466250015423
2026-07-21T00:17:50,KNN-Direct-Weighted,Micromass,0.2,33,33,11,0.6111111111111112,2.897632959007751,0.0,0.29765887500252575,3.19529462500941
2026-07-21T00:17:53,KNN-Direct-Manhattan,Micromass,0.2,33,33,7,0.8055555555555556,2.845347040973138,0.0,0.293826834007632,3.1391770410118625
2026-07-21T00:17:59,KNN-IC,Micromass,0.2,34,34,13,0.6527777777777778,5.33105841698125,0.39154245803365484,0.07787179102888331,5.800476332951803
2026-07-21T00:17:59,Mean-IC,Micromass,0.2,34,34,11,0.6666666666666666,0.544274875021074,0.003800832957495004,0.055278540996368974,0.6033581669908017
2026-07-21T00:18:03,KNN-Direct,Micromass,0.2,34,34,14,0.5972222222222222,2.9516512080444954,0.0,0.29822349996538833,3.2498770839883946
2026-07-21T00:18:06,KNN-Direct-Weighted,Micromass,0.2,34,34,15,0.6111111111111112,2.890025250031613,0.0,0.3033499169978313,3.193377916002646
2026-07-21T00:18:09,KNN-Direct-Manhattan,Micromass,0.2,34,34,12,0.7361111111111112,2.8468890420044772,0.0,0.29424220899818465,3.141133875004016
2026-07-21T00:18:15,KNN-IC,Micromass,0.2,35,35,2,0.8333333333333334,5.127756665984634,0.26843325002118945,0.07836562499869615,5.474558709014673
2026-07-21T00:18:15,Mean-IC,Micromass,0.2,35,35,1,0.8055555555555556,0.541683874966111,0.0040604579844512045,0.05541700002504513,0.6011651250300929
2026-07-21T00:18:18,KNN-Direct,Micromass,0.2,35,35,1,0.75,2.945361457997933,0.0,0.2973992500337772,3.242762833018787
2026-07-21T00:18:22,KNN-Direct-Weighted,Micromass,0.2,35,35,1,0.7222222222222222,2.902457791962661,0.0,0.30084804201032966,3.2033089169999585
2026-07-21T00:18:25,KNN-Direct-Manhattan,Micromass,0.2,35,35,1,0.8333333333333334,2.851645791961346,0.0,0.29503091698279604,3.14667908399133
2026-07-21T00:18:30,KNN-IC,Micromass,0.2,36,36,1,0.7638888888888888,5.238773791992571,0.25139908300479874,0.07873837498482317,5.5689148750388995
2026-07-21T00:18:31,Mean-IC,Micromass,0.2,36,36,1,0.7361111111111112,0.5984904579818249,0.004676332988310605,0.08533191599417478,0.6885039160260931
2026-07-21T00:18:34,KNN-Direct,Micromass,0.2,36,36,3,0.7083333333333334,2.9532238750252873,0.0,0.2980461249826476,3.251273832982406
2026-07-21T00:18:37,KNN-Direct-Weighted,Micromass,0.2,36,36,3,0.7083333333333334,2.907731000042986,0.0,0.30036125000333413,3.2080948330112733
2026-07-21T00:18:41,KNN-Direct-Manhattan,Micromass,0.2,36,36,3,0.8194444444444444,2.9228414579993114,0.0,0.29533754201838747,3.218182040960528
2026-07-21T00:18:46,KNN-IC,Micromass,0.2,37,37,3,0.8333333333333334,5.220759083982557,0.3192465419997461,0.07972537499153987,5.619735250016674
2026-07-21T00:18:47,Mean-IC,Micromass,0.2,37,37,4,0.8194444444444444,0.5442257500253618,0.0038023749948479235,0.05488750000949949,0.6029193750000559
2026-07-21T00:18:50,KNN-Direct,Micromass,0.2,37,37,7,0.7083333333333334,2.878969124983996,0.0,0.2968199170427397,3.1757911249878816
2026-07-21T00:18:53,KNN-Direct-Weighted,Micromass,0.2,37,37,6,0.6944444444444444,2.8913592500030063,0.0,0.3014674170408398,3.1928291660151444
2026-07-21T00:18:56,KNN-Direct-Manhattan,Micromass,0.2,37,37,1,0.8333333333333334,2.845094916992821,0.0,0.2940211250097491,3.139118041959591
2026-07-21T00:19:02,KNN-IC,Micromass,0.2,38,38,4,0.8194444444444444,5.275356292026117,0.37307320797117427,0.07849174999864772,5.726924957998563
2026-07-21T00:19:03,Mean-IC,Micromass,0.2,38,38,1,0.8055555555555556,0.5425263330107555,0.0038244580500759184,0.055006083042826504,0.6013612499809824
2026-07-21T00:19:06,KNN-Direct,Micromass,0.2,38,38,13,0.6805555555555556,2.8747648340067826,0.0,0.3002894999808632,3.1750566249829717
2026-07-21T00:19:09,KNN-Direct-Weighted,Micromass,0.2,38,38,12,0.6666666666666666,2.9067745420034043,0.0,0.2997709999908693,3.2065479590091854
2026-07-21T00:19:12,KNN-Direct-Manhattan,Micromass,0.2,38,38,1,0.8333333333333334,2.851936208026018,0.0,0.29513170797144994,3.147070875042118
2026-07-21T00:19:18,KNN-IC,Micromass,0.2,39,39,1,0.8611111111111112,5.3814397499663755,0.2504060000064783,0.07751920801820233,5.709369166987017
2026-07-21T00:19:19,Mean-IC,Micromass,0.2,39,39,1,0.8611111111111112,0.5508645840454847,0.004222291987389326,0.055449165985919535,0.610539749963209
2026-07-21T00:19:22,KNN-Direct,Micromass,0.2,39,39,1,0.6527777777777778,2.874461415980477,0.0,0.29716604202985764,3.17163012502715
2026-07-21T00:19:25,KNN-Direct-Weighted,Micromass,0.2,39,39,1,0.6527777777777778,2.897728709038347,0.0,0.29874979198211804,3.196481249993667
2026-07-21T00:19:28,KNN-Direct-Manhattan,Micromass,0.2,39,39,3,0.8888888888888888,2.8485087499720976,0.0,0.2946096660452895,3.1431208750000224
2026-07-21T00:19:34,KNN-IC,Micromass,0.3,0,0,2,0.7916666666666666,5.716230666032061,0.28951270901598036,0.07758554100291803,6.083332290989347
2026-07-21T00:19:35,Mean-IC,Micromass,0.3,0,0,3,0.7916666666666666,0.5397269580280408,0.004521708993706852,0.05482387501979247,0.5990766250179149
2026-07-21T00:19:38,KNN-Direct,Micromass,0.3,0,0,3,0.6805555555555556,2.924269374983851,0.0,0.3018770420458168,3.226148374960758
2026-07-21T00:19:41,KNN-Direct-Weighted,Micromass,0.3,0,0,3,0.6805555555555556,2.9354354590177536,0.0,0.3036727919825353,3.2391108329757117
2026-07-21T00:19:45,KNN-Direct-Manhattan,Micromass,0.3,0,0,1,0.875,2.8878615419962443,0.0,0.376336041954346,3.264200375007931
2026-07-21T00:19:51,KNN-IC,Micromass,0.3,1,1,2,0.8611111111111112,5.883090333023574,0.2914550839923322,0.07763808302115649,6.252188583021052
2026-07-21T00:19:51,Mean-IC,Micromass,0.3,1,1,1,0.8055555555555556,0.5422627499792725,0.004530832986347377,0.055106541025452316,0.6019034159835428
2026-07-21T00:19:55,KNN-Direct,Micromass,0.3,1,1,1,0.6944444444444444,2.922105207981076,0.0,0.30179420800413936,3.223901625024155
2026-07-21T00:19:58,KNN-Direct-Weighted,Micromass,0.3,1,1,1,0.6944444444444444,2.9385692090145312,0.0,0.3048344579874538,3.24340633302927
2026-07-21T00:20:01,KNN-Direct-Manhattan,Micromass,0.3,1,1,6,0.8472222222222222,2.895239917037543,0.0,0.3770902499672957,3.2723333750036545
2026-07-21T00:20:08,KNN-IC,Micromass,0.3,2,2,1,0.7361111111111112,6.0337557919556275,0.2648247500183061,0.07700054201995954,6.3755852920003235
2026-07-21T00:20:08,Mean-IC,Micromass,0.3,2,2,1,0.7777777777777778,0.5440752920112573,0.004882749984972179,0.054909541038796306,0.6038709580316208
2026-07-21T00:20:11,KNN-Direct,Micromass,0.3,2,2,7,0.6388888888888888,2.9302323339506984,0.0,0.30362466600490734,3.2338593340246007
2026-07-21T00:20:15,KNN-Direct-Weighted,Micromass,0.3,2,2,3,0.6666666666666666,2.946892917039804,0.0,0.3043643339769915,3.251259583979845
2026-07-21T00:20:18,KNN-Direct-Manhattan,Micromass,0.3,2,2,3,0.8055555555555556,2.985057041980326,0.0,0.2994775829720311,3.284537208965048
2026-07-21T00:20:24,KNN-IC,Micromass,0.3,3,3,2,0.7916666666666666,5.953217125032097,0.2887172079645097,0.07810562499798834,6.320043833984528
2026-07-21T00:20:25,Mean-IC,Micromass,0.3,3,3,1,0.7777777777777778,0.5409494169871323,0.004578666004817933,0.054697959043551236,0.6002298329840414
2026-07-21T00:20:28,KNN-Direct,Micromass,0.3,3,3,6,0.7083333333333334,2.918967709003482,0.0,0.302822208032012,3.2217920830007643
2026-07-21T00:20:31,KNN-Direct-Weighted,Micromass,0.3,3,3,4,0.75,3.02852733299369,0.0,0.30748949997359887,3.3360195420100354
2026-07-21T00:20:35,KNN-Direct-Manhattan,Micromass,0.3,3,3,1,0.8194444444444444,2.899849459005054,0.0,0.2993569169775583,3.199209125014022
2026-07-21T00:20:41,KNN-IC,Micromass,0.3,4,4,2,0.7777777777777778,5.873877041973174,0.2919864170253277,0.08058787498157471,6.2464559999643825
2026-07-21T00:20:41,Mean-IC,Micromass,0.3,4,4,1,0.7916666666666666,0.5439088330022059,0.004741874989122152,0.05499262496596202,0.6036470420076512
2026-07-21T00:20:45,KNN-Direct,Micromass,0.3,4,4,6,0.7777777777777778,2.9340100420522504,0.0,0.3036855840473436,3.23769804200856
2026-07-21T00:20:48,KNN-Direct-Weighted,Micromass,0.3,4,4,6,0.75,3.0711084170034155,0.0,0.3054738329956308,3.3765848749899305
2026-07-21T00:20:51,KNN-Direct-Manhattan,Micromass,0.3,4,4,4,0.8611111111111112,2.91531145904446,0.0,0.30057712498819456,3.2158939160290174
2026-07-21T00:20:57,KNN-IC,Micromass,0.3,5,5,2,0.7777777777777778,5.4954614589805715,0.29337720799958333,0.07736087503144518,5.866202791978139
2026-07-21T00:20:58,Mean-IC,Micromass,0.3,5,5,1,0.75,0.5434034580248408,0.004404459032230079,0.05557391594629735,0.6033889580285177
2026-07-21T00:21:01,KNN-Direct,Micromass,0.3,5,5,6,0.6111111111111112,2.9304769579903223,0.0,0.3935206250171177,3.3239999159704894
2026-07-21T00:21:04,KNN-Direct-Weighted,Micromass,0.3,5,5,6,0.5972222222222222,2.959168542001862,0.0,0.30498029198497534,3.264151707990095
2026-07-21T00:21:08,KNN-Direct-Manhattan,Micromass,0.3,5,5,7,0.8611111111111112,2.9155681669944897,0.0,0.30222449998836964,3.2177951670018956
2026-07-21T00:21:13,KNN-IC,Micromass,0.3,6,6,2,0.75,5.496295458055101,0.293281833990477,0.07826904201647267,5.867850749986246
2026-07-21T00:21:14,Mean-IC,Micromass,0.3,6,6,1,0.7638888888888888,0.542385375010781,0.004709125030785799,0.055229166988283396,0.6023275000043213
2026-07-21T00:21:17,KNN-Direct,Micromass,0.3,6,6,4,0.75,3.0367481670109555,0.0,0.3028264580061659,3.339576667000074
2026-07-21T00:21:21,KNN-Direct-Weighted,Micromass,0.3,6,6,4,0.7361111111111112,2.965758125006687,0.0,0.3046863750205375,3.2704470839817077
2026-07-21T00:21:24,KNN-Direct-Manhattan,Micromass,0.3,6,6,1,0.8333333333333334,2.96993083297275,0.0,0.300060624955222,3.2699939170270227
2026-07-21T00:21:30,KNN-IC,Micromass,0.3,7,7,2,0.7361111111111112,5.872503874998074,0.2918524579727091,0.07759125001030043,6.2419509590254165
2026-07-21T00:21:31,Mean-IC,Micromass,0.3,7,7,6,0.7083333333333334,0.541006000014022,0.004742707998957485,0.05515112495049834,0.6009032500442117
2026-07-21T00:21:34,KNN-Direct,Micromass,0.3,7,7,4,0.7083333333333334,3.095819042006042,0.0,0.3024897089926526,3.398310665972531
2026-07-21T00:21:37,KNN-Direct-Weighted,Micromass,0.3,7,7,1,0.6527777777777778,2.943543415982276,0.0,0.30469025002093986,3.248236374987755
2026-07-21T00:21:41,KNN-Direct-Manhattan,Micromass,0.3,7,7,1,0.8055555555555556,2.89658000000054,0.0,0.3003054169821553,3.196888125035912
2026-07-21T00:21:47,KNN-IC,Micromass,0.3,8,8,4,0.8055555555555556,5.938036500010639,0.4538871250115335,0.07744729099795222,6.469374792010058
2026-07-21T00:21:48,Mean-IC,Micromass,0.3,8,8,1,0.6944444444444444,0.5401720000081696,0.004491542000323534,0.05506716703530401,0.5997344999923371
2026-07-21T00:21:51,KNN-Direct,Micromass,0.3,8,8,12,0.6527777777777778,2.9194922499591485,0.0,0.30100691597908735,3.220501374977175
2026-07-21T00:21:54,KNN-Direct-Weighted,Micromass,0.3,8,8,7,0.7083333333333334,2.934667374996934,0.0,0.30298087501432747,3.2376511250040494
2026-07-21T00:21:57,KNN-Direct-Manhattan,Micromass,0.3,8,8,3,0.8888888888888888,2.887673207966145,0.0,0.2978722919942811,3.1855480410158634
2026-07-21T00:22:04,KNN-IC,Micromass,0.3,9,9,6,0.7916666666666666,6.024448583018966,0.47033666603965685,0.07802612497471273,6.572814915969502
2026-07-21T00:22:05,Mean-IC,Micromass,0.3,9,9,1,0.7638888888888888,0.5432447909843177,0.004469499981496483,0.05523458297830075,0.6029536660062149
2026-07-21T00:22:08,KNN-Direct,Micromass,0.3,9,9,1,0.7222222222222222,2.933369332982693,0.0,0.30202804098371416,3.2353999160113744
2026-07-21T00:22:11,KNN-Direct-Weighted,Micromass,0.3,9,9,4,0.6944444444444444,2.9530899160308763,0.0,0.30690679198596627,3.2599992500036024
2026-07-21T00:22:14,KNN-Direct-Manhattan,Micromass,0.3,9,9,4,0.8472222222222222,2.9060163749963976,0.0,0.30070408299798146,3.206723332987167
2026-07-21T00:22:21,KNN-IC,Micromass,0.3,10,10,2,0.8472222222222222,5.876616000023205,0.2933047079714015,0.07835800002794713,6.2482822079909965
2026-07-21T00:22:21,Mean-IC,Micromass,0.3,10,10,1,0.8194444444444444,0.5436945830006152,0.004472042026463896,0.05517562502063811,0.6033462500199676
2026-07-21T00:22:24,KNN-Direct,Micromass,0.3,10,10,3,0.6805555555555556,2.9377873750054277,0.0,0.3036006250185892,3.2413959999685176
2026-07-21T00:22:28,KNN-Direct-Weighted,Micromass,0.3,10,10,3,0.6944444444444444,2.957846457953565,0.0,0.3046208340092562,3.262472665985115
2026-07-21T00:22:31,KNN-Direct-Manhattan,Micromass,0.3,10,10,6,0.9027777777777778,2.9120816250215285,0.0,0.3007779170293361,3.2128621250158176
2026-07-21T00:22:37,KNN-IC,Micromass,0.3,11,11,2,0.8472222222222222,5.992931917018723,0.29092183301690966,0.07768395799212158,6.361541083024349
2026-07-21T00:22:38,Mean-IC,Micromass,0.3,11,11,1,0.75,0.5426652919850312,0.004501249990426004,0.05502483301097527,0.6021947910194285
2026-07-21T00:22:41,KNN-Direct,Micromass,0.3,11,11,4,0.7638888888888888,2.9339621670078486,0.0,0.37215966603253037,3.306123958027456
2026-07-21T00:22:44,KNN-Direct-Weighted,Micromass,0.3,11,11,4,0.7638888888888888,2.9552276670001447,0.0,0.304979957989417,3.2602101249503903
2026-07-21T00:22:48,KNN-Direct-Manhattan,Micromass,0.3,11,11,4,0.8888888888888888,2.980290582985617,0.0,0.3006498329923488,3.2809428749606013
2026-07-21T00:22:54,KNN-IC,Micromass,0.3,12,12,1,0.7777777777777778,5.92969445802737,0.2650335840298794,0.07778458297252655,6.2725164169678465
2026-07-21T00:22:55,Mean-IC,Micromass,0.3,12,12,1,0.7222222222222222,0.5437927920138463,0.004536624997854233,0.05484216695185751,0.6031754170544446
2026-07-21T00:22:58,KNN-Direct,Micromass,0.3,12,12,4,0.7638888888888888,3.1335236249724403,0.0,0.30164316605078056,3.4351705830194987
2026-07-21T00:23:01,KNN-Direct-Weighted,Micromass,0.3,12,12,4,0.7083333333333334,2.9409760829876177,0.0,0.3949460830190219,3.335925832972862
2026-07-21T00:23:05,KNN-Direct-Manhattan,Micromass,0.3,12,12,1,0.8194444444444444,2.9938049589982256,0.0,0.3005982919712551,3.2944075830164365
2026-07-21T00:23:11,KNN-IC,Micromass,0.3,13,13,1,0.8611111111111112,5.55197525001131,0.26277191599365324,0.07726195896975696,5.8920128750032745
2026-07-21T00:23:11,Mean-IC,Micromass,0.3,13,13,1,0.8888888888888888,0.5405112080043182,0.0043873340473510325,0.05486462498083711,0.5997669160133228
2026-07-21T00:23:14,KNN-Direct,Micromass,0.3,13,13,14,0.7638888888888888,2.909897584002465,0.0,0.3002180000185035,3.210117667040322
2026-07-21T00:23:18,KNN-Direct-Weighted,Micromass,0.3,13,13,15,0.75,3.017552707984578,0.0,0.30196804099250585,3.319523791957181
2026-07-21T00:23:21,KNN-Direct-Manhattan,Micromass,0.3,13,13,1,0.9027777777777778,2.8877730409731157,0.0,0.29751387500436977,3.1852894999901764
2026-07-21T00:23:27,KNN-IC,Micromass,0.3,14,14,6,0.7916666666666666,5.836108792049345,0.43268650001846254,0.07826754200505093,6.3470663750194944
2026-07-21T00:23:28,Mean-IC,Micromass,0.3,14,14,5,0.7222222222222222,0.5441100000170991,0.004547833988908678,0.05527766700834036,0.6039393749670126
2026-07-21T00:23:31,KNN-Direct,Micromass,0.3,14,14,14,0.6944444444444444,2.9399565419880673,0.0,0.3544909590273164,3.2944514579721726
2026-07-21T00:23:34,KNN-Direct-Weighted,Micromass,0.3,14,14,15,0.7222222222222222,2.9930831670062616,0.0,0.3051853329525329,3.298273040971253
2026-07-21T00:23:38,KNN-Direct-Manhattan,Micromass,0.3,14,14,10,0.875,2.9147082090494223,0.0,0.3009217500220984,3.2156327919801697
2026-07-21T00:23:44,KNN-IC,Micromass,0.3,15,15,2,0.8888888888888888,5.596111916995142,0.2901765420101583,0.07691987499129027,5.96321179199731
2026-07-21T00:23:44,Mean-IC,Micromass,0.3,15,15,3,0.7916666666666666,0.5441489169606939,0.004592666984535754,0.055328582995571196,0.6040738330339082
2026-07-21T00:23:48,KNN-Direct,Micromass,0.3,15,15,7,0.7916666666666666,3.0498739579925314,0.0,0.30174358299700543,3.3516198330326006
2026-07-21T00:23:51,KNN-Direct-Weighted,Micromass,0.3,15,15,7,0.7222222222222222,2.946221709018573,0.0,0.30382154195103794,3.250046207976993
2026-07-21T00:23:54,KNN-Direct-Manhattan,Micromass,0.3,15,15,1,0.8888888888888888,2.89479583298089,0.0,0.2992508339812048,3.1940494169830345
2026-07-21T00:24:00,KNN-IC,Micromass,0.3,16,16,2,0.8333333333333334,5.960750958009157,0.2910349579760805,0.0780354579910636,6.329824749962427
2026-07-21T00:24:01,Mean-IC,Micromass,0.3,16,16,1,0.75,0.5449908330338076,0.004512249957770109,0.05525795801077038,0.6047650419641286
2026-07-21T00:24:04,KNN-Direct,Micromass,0.3,16,16,1,0.6944444444444444,3.031427582958713,0.0,0.3027966250083409,3.3342261250363663
2026-07-21T00:24:08,KNN-Direct-Weighted,Micromass,0.3,16,16,3,0.7777777777777778,2.950288666994311,0.0,0.3049604580155574,3.2552517500007525
2026-07-21T00:24:11,KNN-Direct-Manhattan,Micromass,0.3,16,16,1,0.8055555555555556,2.9034056669916026,0.0,0.3002031659707427,3.203611291013658
2026-07-21T00:24:17,KNN-IC,Micromass,0.3,17,17,4,0.8194444444444444,5.712590417009778,0.40371037501608953,0.07795541704399511,6.1942614580038935
2026-07-21T00:24:18,Mean-IC,Micromass,0.3,17,17,3,0.7083333333333334,0.5419100419967435,0.00452887499704957,0.055083459010347724,0.6015266249887645
2026-07-21T00:24:21,KNN-Direct,Micromass,0.3,17,17,6,0.7083333333333334,2.961194500036072,0.0,0.302505417028442,3.2637022910057567
2026-07-21T00:24:24,KNN-Direct-Weighted,Micromass,0.3,17,17,6,0.6944444444444444,2.9508816250017844,0.0,0.30490162497153506,3.2557861249661073
2026-07-21T00:24:27,KNN-Direct-Manhattan,Micromass,0.3,17,17,4,0.8472222222222222,2.9127311669872142,0.0,0.3010901249945164,3.213823792000767
2026-07-21T00:24:34,KNN-IC,Micromass,0.3,18,18,1,0.7222222222222222,5.861083583033178,0.2639902919763699,0.07813908299431205,6.203216666996013
2026-07-21T00:24:34,Mean-IC,Micromass,0.3,18,18,1,0.7777777777777778,0.5432717920048162,0.004452292050700635,0.05527891602832824,0.6030074589652941
2026-07-21T00:24:37,KNN-Direct,Micromass,0.3,18,18,11,0.6527777777777778,2.9335488749784417,0.0,0.30321954103419557,3.2367708749952726
2026-07-21T00:24:41,KNN-Direct-Weighted,Micromass,0.3,18,18,9,0.6805555555555556,2.9487867500283755,0.0,0.30537920899223536,3.2541685000178404
2026-07-21T00:24:44,KNN-Direct-Manhattan,Micromass,0.3,18,18,6,0.7916666666666666,2.9083685420337133,0.0,0.3007010000292212,3.2090724580339156
2026-07-21T00:24:50,KNN-IC,Micromass,0.3,19,19,3,0.7222222222222222,5.785661624977365,0.3111243330058642,0.07769529102370143,6.174485000025015
2026-07-21T00:24:51,Mean-IC,Micromass,0.3,19,19,1,0.7638888888888888,0.5443142500007525,0.004724291968159378,0.054914208012633026,0.6039586669648997
2026-07-21T00:24:54,KNN-Direct,Micromass,0.3,19,19,12,0.6805555555555556,2.933412042038981,0.0,0.3046458749449812,3.2380602919729427
2026-07-21T00:24:57,KNN-Direct-Weighted,Micromass,0.3,19,19,3,0.6388888888888888,2.949909667018801,0.0,0.30475337494863197,3.2546660419902764
2026-07-21T00:25:00,KNN-Direct-Manhattan,Micromass,0.3,19,19,3,0.8333333333333334,2.9040127909975126,0.0,0.3001440410153009,3.2041598330251873
2026-07-21T00:25:07,KNN-IC,Micromass,0.3,20,20,3,0.8055555555555556,5.9829599160002545,0.31377175002126023,0.0777220840100199,6.3744569580303505
2026-07-21T00:25:07,Mean-IC,Micromass,0.3,20,20,1,0.7222222222222222,0.5448626250145026,0.004571750003378838,0.05526029202155769,0.604698000010103
2026-07-21T00:25:11,KNN-Direct,Micromass,0.3,20,20,4,0.7083333333333334,2.9399307079729624,0.0,0.30329100001836196,3.2432238750043325
2026-07-21T00:25:14,KNN-Direct-Weighted,Micromass,0.3,20,20,3,0.7222222222222222,3.0260202910285443,0.0,0.3050058750086464,3.331029082997702
2026-07-21T00:25:17,KNN-Direct-Manhattan,Micromass,0.3,20,20,5,0.8888888888888888,3.0925912500242703,0.0,0.2996385830338113,3.392232291982509
2026-07-21T00:25:23,KNN-IC,Micromass,0.3,21,21,2,0.8888888888888888,5.84600295801647,0.29209666699171066,0.07827758300118148,6.216380624973681
2026-07-21T00:25:24,Mean-IC,Micromass,0.3,21,21,1,0.8888888888888888,0.543145417002961,0.004567333031445742,0.054745292000006884,0.6024622080149129
2026-07-21T00:25:27,KNN-Direct,Micromass,0.3,21,21,5,0.7083333333333334,2.931143208988942,0.0,0.30279858299763873,3.233944207953755
2026-07-21T00:25:31,KNN-Direct-Weighted,Micromass,0.3,21,21,7,0.6944444444444444,2.94734866701765,0.0,0.3047845830442384,3.252136250026524
2026-07-21T00:25:34,KNN-Direct-Manhattan,Micromass,0.3,21,21,1,0.8611111111111112,2.9833020420046523,0.0,0.3003282090066932,3.2836327090044506
2026-07-21T00:25:40,KNN-IC,Micromass,0.3,22,22,2,0.7777777777777778,5.901195457961876,0.2919470419874415,0.07773891603574157,6.27088491601171
2026-07-21T00:25:41,Mean-IC,Micromass,0.3,22,22,13,0.6666666666666666,0.5443409999716096,0.004555500054266304,0.05554041697178036,0.6044407080044039
2026-07-21T00:25:44,KNN-Direct,Micromass,0.3,22,22,7,0.7361111111111112,2.930773333995603,0.0,0.30266325001139194,3.2334442919818684
2026-07-21T00:25:47,KNN-Direct-Weighted,Micromass,0.3,22,22,7,0.7638888888888888,3.0334952080156654,0.0,0.30471649998798966,3.338218374992721
2026-07-21T00:25:51,KNN-Direct-Manhattan,Micromass,0.3,22,22,1,0.8472222222222222,2.907276332960464,0.0,0.30074954201700166,3.208028541994281
2026-07-21T00:25:56,KNN-IC,Micromass,0.3,23,23,2,0.7222222222222222,5.578424499952234,0.29068979097064584,0.0777866670396179,5.946904333017301
2026-07-21T00:25:57,Mean-IC,Micromass,0.3,23,23,1,0.625,0.5430051250150427,0.004597333958372474,0.054791833041235805,0.6023983749910258
2026-07-21T00:26:00,KNN-Direct,Micromass,0.3,23,23,1,0.7222222222222222,2.928615666984115,0.0,0.30126287502935156,3.22988062503282
2026-07-21T00:26:04,KNN-Direct-Weighted,Micromass,0.3,23,23,3,0.6944444444444444,3.0321349169826135,0.0,0.30344987503485754,3.3355875000124797
2026-07-21T00:26:07,KNN-Direct-Manhattan,Micromass,0.3,23,23,8,0.75,2.9033363750204444,0.0,0.3338430830044672,3.237182417011354
2026-07-21T00:26:13,KNN-IC,Micromass,0.3,24,24,2,0.8194444444444444,5.956592709000688,0.292628875002265,0.07864641700871289,6.327873874979559
2026-07-21T00:26:14,Mean-IC,Micromass,0.3,24,24,1,0.7638888888888888,0.5428872919874266,0.004703916027210653,0.054786166991107166,0.6023809160105884
2026-07-21T00:26:17,KNN-Direct,Micromass,0.3,24,24,4,0.8055555555555556,3.0769348749890924,0.0,0.3023590419907123,3.379296166007407
2026-07-21T00:26:21,KNN-Direct-Weighted,Micromass,0.3,24,24,3,0.7916666666666666,3.017692665976938,0.0,0.3051540830056183,3.322851874982007
2026-07-21T00:26:24,KNN-Direct-Manhattan,Micromass,0.3,24,24,1,0.9027777777777778,2.908240083954297,0.0,0.30005737504689023,3.2083001250284724
2026-07-21T00:26:30,KNN-IC,Micromass,0.3,25,25,1,0.7916666666666666,5.88988774997415,0.26457424997352064,0.07810004096245393,6.23256550001679
2026-07-21T00:26:31,Mean-IC,Micromass,0.3,25,25,1,0.8055555555555556,0.541834750038106,0.004400167032144964,0.05496587499510497,0.6012047499534674
2026-07-21T00:26:34,KNN-Direct,Micromass,0.3,25,25,4,0.7361111111111112,3.0167375830351375,0.0,0.3022337920265272,3.318973542016465
2026-07-21T00:26:37,KNN-Direct-Weighted,Micromass,0.3,25,25,4,0.75,2.942615084000863,0.0,0.30363795801531523,3.24625525000738
2026-07-21T00:26:40,KNN-Direct-Manhattan,Micromass,0.3,25,25,3,0.8333333333333334,2.8949669169960544,0.0,0.29921337496489286,3.1941840409999713
2026-07-21T00:26:47,KNN-IC,Micromass,0.3,26,26,1,0.7222222222222222,5.644077165983617,0.36122324998723343,0.07833533303346485,6.08364274998894
2026-07-21T00:26:47,Mean-IC,Micromass,0.3,26,26,5,0.625,0.5525127499713562,0.0044473750167526305,0.05521604197565466,0.6121802090201527
2026-07-21T00:26:50,KNN-Direct,Micromass,0.3,26,26,7,0.7222222222222222,2.935896791983396,0.0,0.30192033300409093,3.237819625006523
2026-07-21T00:26:54,KNN-Direct-Weighted,Micromass,0.3,26,26,7,0.7222222222222222,2.947501333022956,0.0,0.30419237504247576,3.2516965830000117
2026-07-21T00:26:57,KNN-Direct-Manhattan,Micromass,0.3,26,26,12,0.8194444444444444,2.902880957990419,0.0,0.3001492920448072,3.2030328330001794
2026-07-21T00:27:03,KNN-IC,Micromass,0.3,27,27,3,0.8194444444444444,5.82544083299581,0.3124157919664867,0.07757633295841515,6.215436833968852
2026-07-21T00:27:04,Mean-IC,Micromass,0.3,27,27,1,0.6944444444444444,0.5419047090108506,0.004580332955811173,0.05561695899814367,0.6021058330079541
2026-07-21T00:27:07,KNN-Direct,Micromass,0.3,27,27,9,0.6666666666666666,2.9271338749676943,0.0,0.3018903330084868,3.229026667017024
2026-07-21T00:27:10,KNN-Direct-Weighted,Micromass,0.3,27,27,6,0.625,2.938322958012577,0.0,0.30331520905019715,3.241640083026141
2026-07-21T00:27:13,KNN-Direct-Manhattan,Micromass,0.3,27,27,1,0.8333333333333334,2.897968082979787,0.0,0.2988291250076145,3.1967997920000926
2026-07-21T00:27:19,KNN-IC,Micromass,0.3,28,28,1,0.75,5.519445582991466,0.2662577499868348,0.07793599995784461,5.863642958982382
2026-07-21T00:27:20,Mean-IC,Micromass,0.3,28,28,1,0.7222222222222222,0.5439210000331514,0.004587708972394466,0.055730167019646615,0.604242958012037
2026-07-21T00:27:23,KNN-Direct,Micromass,0.3,28,28,5,0.6944444444444444,2.920489666983485,0.0,0.3023852499900386,3.2228773750248365
2026-07-21T00:27:26,KNN-Direct-Weighted,Micromass,0.3,28,28,3,0.6805555555555556,2.940637040999718,0.0,0.3036275420454331,3.244267125031911
2026-07-21T00:27:29,KNN-Direct-Manhattan,Micromass,0.3,28,28,3,0.8472222222222222,2.8901639169780537,0.0,0.30231474997708574,3.1924812499783
2026-07-21T00:27:36,KNN-IC,Micromass,0.3,29,29,10,0.7777777777777778,6.016578042006586,0.4356202500057407,0.07932833302766085,6.5315312500461005
2026-07-21T00:27:37,Mean-IC,Micromass,0.3,29,29,7,0.75,0.5468182920012623,0.004559791996143758,0.05558624997502193,0.606968791980762
2026-07-21T00:27:40,KNN-Direct,Micromass,0.3,29,29,1,0.7361111111111112,2.923483791993931,0.0,0.30242879199795425,3.2259150829631835
2026-07-21T00:27:43,KNN-Direct-Weighted,Micromass,0.3,29,29,7,0.7083333333333334,2.9467456249985844,0.0,0.30404029198689386,3.2507882909849286
2026-07-21T00:27:46,KNN-Direct-Manhattan,Micromass,0.3,29,29,6,0.8333333333333334,2.8979525410104543,0.0,0.36538366600871086,3.263339500001166
2026-07-21T00:27:53,KNN-IC,Micromass,0.3,30,30,2,0.75,5.858837834035512,0.29384766600560397,0.07778295897878706,6.230476166005246
2026-07-21T00:27:53,Mean-IC,Micromass,0.3,30,30,3,0.75,0.5448261250276119,0.004887124989181757,0.05541604198515415,0.6051332500064746
2026-07-21T00:27:56,KNN-Direct,Micromass,0.3,30,30,6,0.6666666666666666,2.942319750029128,0.0,0.3037576249917038,3.246079833013937
2026-07-21T00:28:00,KNN-Direct-Weighted,Micromass,0.3,30,30,7,0.6388888888888888,2.9634909169981256,0.0,0.3051727089914493,3.2686665420187637
2026-07-21T00:28:03,KNN-Direct-Manhattan,Micromass,0.3,30,30,8,0.8333333333333334,2.991490167041775,0.0,0.3016966669820249,3.2931894580251537
2026-07-21T00:28:09,KNN-IC,Micromass,0.3,31,31,1,0.7638888888888888,5.952357209054753,0.2713554169749841,0.080027666001115,6.303744624950923
2026-07-21T00:28:10,Mean-IC,Micromass,0.3,31,31,4,0.7361111111111112,0.5618755830219015,0.004610291973222047,0.055871125019621104,0.6223612499888986
2026-07-21T00:28:13,KNN-Direct,Micromass,0.3,31,31,1,0.7083333333333334,3.0471182499895804,0.0,0.30970991600770503,3.3568309999536723
2026-07-21T00:28:17,KNN-Direct-Weighted,Micromass,0.3,31,31,1,0.7083333333333334,3.1901993330102414,0.0,0.3189736669883132,3.509177458996419
2026-07-21T00:28:20,KNN-Direct-Manhattan,Micromass,0.3,31,31,1,0.7916666666666666,3.1938848750432953,0.0,0.3069575830013491,3.5008452499751
2026-07-21T00:28:27,KNN-IC,Micromass,0.3,32,32,7,0.6666666666666666,6.342705124989152,0.4494634580332786,0.07811479101656005,6.870289665996097
2026-07-21T00:28:28,Mean-IC,Micromass,0.3,32,32,15,0.6111111111111112,0.5418313749833032,0.004707624961156398,0.055056124983821064,0.60159866604954
2026-07-21T00:28:31,KNN-Direct,Micromass,0.3,32,32,6,0.7361111111111112,2.9413645830354653,0.0,0.3031469589914195,3.2445180409704335
2026-07-21T00:28:34,KNN-Direct-Weighted,Micromass,0.3,32,32,6,0.75,3.1165970839792863,0.0,0.30518854199908674,3.421788125007879
2026-07-21T00:28:38,KNN-Direct-Manhattan,Micromass,0.3,32,32,3,0.75,2.9129155419650488,0.0,0.3008261669892818,3.2137442500097677
2026-07-21T00:28:44,KNN-IC,Micromass,0.3,33,33,2,0.6944444444444444,5.804036709014326,0.29162604099838063,0.07807745796162635,6.173744333034847
2026-07-21T00:28:44,Mean-IC,Micromass,0.3,33,33,3,0.7638888888888888,0.5417505420045927,0.004515875014476478,0.05487416696269065,0.6011441250448115
2026-07-21T00:28:48,KNN-Direct,Micromass,0.3,33,33,9,0.6388888888888888,3.011950833024457,0.0,0.3021173750166781,3.3140705420519225
2026-07-21T00:28:51,KNN-Direct-Weighted,Micromass,0.3,33,33,9,0.6527777777777778,3.0942999579710886,0.0,0.3049064999795519,3.3992089580278844
2026-07-21T00:28:54,KNN-Direct-Manhattan,Micromass,0.3,33,33,8,0.75,2.896227999997791,0.0,0.2998535840306431,3.1960844160057604
2026-07-21T00:29:01,KNN-IC,Micromass,0.3,34,34,1,0.6944444444444444,5.887109500006773,0.26429220801219344,0.07759249996161088,6.228997875005007
2026-07-21T00:29:01,Mean-IC,Micromass,0.3,34,34,1,0.6666666666666666,0.543804332963191,0.004507666046265513,0.07562004099600017,0.6239395830198191
2026-07-21T00:29:05,KNN-Direct,Micromass,0.3,34,34,9,0.6111111111111112,2.981104000005871,0.0,0.3039025000180118,3.2850099580246024
2026-07-21T00:29:08,KNN-Direct-Weighted,Micromass,0.3,34,34,4,0.6111111111111112,2.940209958003834,0.0,0.30442929099081084,3.2446422500070184
2026-07-21T00:29:11,KNN-Direct-Manhattan,Micromass,0.3,34,34,1,0.8055555555555556,2.895155500038527,0.0,0.2999928329954855,3.1951512079685926
2026-07-21T00:29:17,KNN-IC,Micromass,0.3,35,35,4,0.7777777777777778,5.786665458988864,0.4618736659758724,0.07769174996064976,6.32623775000684
2026-07-21T00:29:18,Mean-IC,Micromass,0.3,35,35,4,0.7083333333333334,0.5423517919844016,0.004741125041618943,0.055290125019382685,0.6023863330483437
2026-07-21T00:29:21,KNN-Direct,Micromass,0.3,35,35,3,0.7916666666666666,2.9373674169764854,0.0,0.30253441602690145,3.239904167014174
2026-07-21T00:29:25,KNN-Direct-Weighted,Micromass,0.3,35,35,3,0.7916666666666666,3.140084000013303,0.0,0.30418287502834573,3.444271958025638
2026-07-21T00:29:28,KNN-Direct-Manhattan,Micromass,0.3,35,35,3,0.8333333333333334,2.9018059999798425,0.0,0.30031616700580344,3.2021247910452075
2026-07-21T00:29:34,KNN-IC,Micromass,0.3,36,36,4,0.7083333333333334,5.849050290999003,0.46566983399679884,0.07803387497551739,6.392757833003998
2026-07-21T00:29:35,Mean-IC,Micromass,0.3,36,36,4,0.5972222222222222,0.5452620409778319,0.004562792018987238,0.05568124999990687,0.6055097079952247
2026-07-21T00:29:38,KNN-Direct,Micromass,0.3,36,36,4,0.6527777777777778,2.9488981659524143,0.0,0.305042541003786,3.25394291698467
2026-07-21T00:29:41,KNN-Direct-Weighted,Micromass,0.3,36,36,3,0.6805555555555556,2.958869500027504,0.0,0.3362087500281632,3.2950808329624124
2026-07-21T00:29:45,KNN-Direct-Manhattan,Micromass,0.3,36,36,3,0.8055555555555556,2.9229494580067694,0.0,0.3021820830181241,3.2251339579815976
2026-07-21T00:29:51,KNN-IC,Micromass,0.3,37,37,2,0.8194444444444444,5.8364596250467,0.29238391702529043,0.07772187504451722,6.206569375004619
2026-07-21T00:29:51,Mean-IC,Micromass,0.3,37,37,1,0.75,0.5439534169854596,0.004462583048734814,0.05495308298850432,0.6033731669886038
2026-07-21T00:29:55,KNN-Direct,Micromass,0.3,37,37,1,0.6388888888888888,2.918346417020075,0.0,0.3050678329891525,3.2234165420522913
2026-07-21T00:29:58,KNN-Direct-Weighted,Micromass,0.3,37,37,1,0.625,2.9350403749849647,0.0,0.3033324590069242,3.2383754999609664
2026-07-21T00:30:01,KNN-Direct-Manhattan,Micromass,0.3,37,37,1,0.7361111111111112,2.892824082984589,0.0,0.2990894999820739,3.1919159999815747
2026-07-21T00:30:07,KNN-IC,Micromass,0.3,38,38,1,0.7777777777777778,5.865258833975531,0.2659147080266848,0.07784370903391391,6.209020583017264
2026-07-21T00:30:08,Mean-IC,Micromass,0.3,38,38,4,0.7916666666666666,0.5418808329850435,0.0044499170035123825,0.05481070902897045,0.6011457080021501
2026-07-21T00:30:11,KNN-Direct,Micromass,0.3,38,38,8,0.7083333333333334,2.9308354589738883,0.0,0.30192495801020414,3.232762624975294
2026-07-21T00:30:14,KNN-Direct-Weighted,Micromass,0.3,38,38,8,0.7222222222222222,2.9441445830161683,0.0,0.3037350419908762,3.247882334049791
2026-07-21T00:30:18,KNN-Direct-Manhattan,Micromass,0.3,38,38,5,0.8472222222222222,3.048991290968843,0.0,0.29947600001469254,3.3484718749532476
2026-07-21T00:30:24,KNN-IC,Micromass,0.3,39,39,3,0.8472222222222222,5.806703666981775,0.3115898329997435,0.07766333397012204,6.195962666999549
2026-07-21T00:30:25,Mean-IC,Micromass,0.3,39,39,1,0.875,0.5452860000077635,0.004523124953266233,0.05545004195300862,0.6052632500068285
2026-07-21T00:30:28,KNN-Direct,Micromass,0.3,39,39,8,0.6666666666666666,2.923349415999837,0.0,0.30244425003184006,3.22579570801463
2026-07-21T00:30:31,KNN-Direct-Weighted,Micromass,0.3,39,39,4,0.6527777777777778,2.9424903329927474,0.0,0.3048118330189027,3.2473050000262447
2026-07-21T00:30:34,KNN-Direct-Manhattan,Micromass,0.3,39,39,4,0.8611111111111112,2.9880951669765636,0.0,0.2994042080244981,3.287501833983697
2026-07-21T00:30:41,KNN-IC,Micromass,0.4,0,0,1,0.7361111111111112,5.996001332998276,0.27544150000903755,0.0775526249781251,6.348998790956102
2026-07-21T00:30:41,Mean-IC,Micromass,0.4,0,0,1,0.7777777777777778,0.5411687910091132,0.005205374967772514,0.05452254100237042,0.6009006659733132
2026-07-21T00:30:44,KNN-Direct,Micromass,0.4,0,0,1,0.6944444444444444,2.670277708035428,0.0,0.27598741598194465,2.9462673750240356
2026-07-21T00:30:47,KNN-Direct-Weighted,Micromass,0.4,0,0,1,0.6944444444444444,2.7879694160073996,0.0,0.2784365840489045,3.066408666956704
2026-07-21T00:30:50,KNN-Direct-Manhattan,Micromass,0.4,0,0,1,0.875,2.6549460840178654,0.0,0.27450225001666695,2.929450374969747
2026-07-21T00:30:57,KNN-IC,Micromass,0.4,1,1,1,0.8611111111111112,6.077336749993265,0.2782005000044592,0.0779647920280695,6.43350508401636
2026-07-21T00:30:57,Mean-IC,Micromass,0.4,1,1,5,0.75,0.5417000830057077,0.005233999982010573,0.05534924997482449,0.6022874580230564
2026-07-21T00:31:00,KNN-Direct,Micromass,0.4,1,1,1,0.7361111111111112,2.671259958005976,0.0,0.2757459169952199,2.9470080829923972
2026-07-21T00:31:03,KNN-Direct-Weighted,Micromass,0.4,1,1,1,0.7777777777777778,2.842372500046622,0.0,0.2780505840200931,3.1204254170297645
2026-07-21T00:31:06,KNN-Direct-Manhattan,Micromass,0.4,1,1,3,0.8472222222222222,2.6493940000073053,0.0,0.27301145798992366,2.9224078329862095
2026-07-21T00:31:13,KNN-IC,Micromass,0.4,2,2,2,0.8194444444444444,6.284253749996424,0.3066801249515265,0.07823737501166761,6.669175165996421
2026-07-21T00:31:14,Mean-IC,Micromass,0.4,2,2,1,0.7361111111111112,0.5426921249600127,0.005571916000917554,0.054938208020757884,0.6032056669937447
2026-07-21T00:31:17,KNN-Direct,Micromass,0.4,2,2,11,0.7361111111111112,2.6785504589788616,0.0,0.3605987909832038,3.0391516660456546
2026-07-21T00:31:20,KNN-Direct-Weighted,Micromass,0.4,2,2,7,0.7361111111111112,2.7092253750306554,0.0,0.27924470795551315,2.9884723339928314
2026-07-21T00:31:22,KNN-Direct-Manhattan,Micromass,0.4,2,2,10,0.7777777777777778,2.6553660000208765,0.0,0.27348812500713393,2.928856917016674
2026-07-21T00:31:29,KNN-IC,Micromass,0.4,3,3,2,0.7777777777777778,6.330510707979556,0.3071712920209393,0.07793020794633776,6.715615792025346
2026-07-21T00:31:30,Mean-IC,Micromass,0.4,3,3,1,0.7083333333333334,0.5419820420211181,0.005088833975605667,0.05472970800474286,0.6018043750082143
2026-07-21T00:31:33,KNN-Direct,Micromass,0.4,3,3,11,0.7222222222222222,2.764652792015113,0.0,0.2775123339961283,3.042167166946456
2026-07-21T00:31:36,KNN-Direct-Weighted,Micromass,0.4,3,3,5,0.75,2.699471792031545,0.0,0.27894887496950105,2.9784235829720274
2026-07-21T00:31:39,KNN-Direct-Manhattan,Micromass,0.4,3,3,1,0.875,2.6542657500249334,0.0,0.27459091698983684,2.9288590410142206
2026-07-21T00:31:45,KNN-IC,Micromass,0.4,4,4,1,0.8194444444444444,6.35754833399551,0.28158083296148106,0.07785879203584045,6.716991457971744
2026-07-21T00:31:46,Mean-IC,Micromass,0.4,4,4,1,0.8472222222222222,0.5428863749839365,0.0053891660063527524,0.054755166987888515,0.6030342089943588
2026-07-21T00:31:49,KNN-Direct,Micromass,0.4,4,4,1,0.7222222222222222,2.8220029170042835,0.0,0.2778474170481786,3.0998529169592075
2026-07-21T00:31:52,KNN-Direct-Weighted,Micromass,0.4,4,4,1,0.7083333333333334,2.7079214170225896,0.0,0.27945866697700694,2.9873828749987297
2026-07-21T00:31:55,KNN-Direct-Manhattan,Micromass,0.4,4,4,1,0.7638888888888888,2.6620220419717953,0.0,0.2754515410051681,2.937476457969751
2026-07-21T00:32:02,KNN-IC,Micromass,0.4,5,5,2,0.8194444444444444,5.935953042004257,0.37349570798687637,0.10219441703520715,6.411648084002081
2026-07-21T00:32:02,Mean-IC,Micromass,0.4,5,5,1,0.6944444444444444,0.5513648749911226,0.005508167028892785,0.05519208300393075,0.6120682919863611
2026-07-21T00:32:05,KNN-Direct,Micromass,0.4,5,5,3,0.6666666666666666,2.6806594579829834,0.0,0.2771111670299433,2.9577729160082527
2026-07-21T00:32:08,KNN-Direct-Weighted,Micromass,0.4,5,5,6,0.6944444444444444,2.70429254201008,0.0,0.2798357909778133,2.984131333010737
2026-07-21T00:32:11,KNN-Direct-Manhattan,Micromass,0.4,5,5,3,0.7916666666666666,2.6573930839658715,0.0,0.276053374982439,2.933449332951568
2026-07-21T00:32:17,KNN-IC,Micromass,0.4,6,6,2,0.7638888888888888,6.033689500007313,0.31050841603428125,0.07786087499698624,6.422062499972526
2026-07-21T00:32:18,Mean-IC,Micromass,0.4,6,6,3,0.7083333333333334,0.5434658749727532,0.0051792910089716315,0.05514558299910277,0.6037950830068439
2026-07-21T00:32:21,KNN-Direct,Micromass,0.4,6,6,4,0.7361111111111112,2.6991443330189213,0.0,0.27647337497910485,2.9756201669806615
2026-07-21T00:32:24,KNN-Direct-Weighted,Micromass,0.4,6,6,3,0.7916666666666666,2.7085771249840036,0.0,0.27954575000330806,2.988126165990252
2026-07-21T00:32:27,KNN-Direct-Manhattan,Micromass,0.4,6,6,4,0.875,2.6633264999836683,0.0,0.27509000001009554,2.9384192079887725
2026-07-21T00:32:34,KNN-IC,Micromass,0.4,7,7,8,0.6805555555555556,6.392653541057371,0.4896939169848338,0.07710583397420123,6.9594566249870695
2026-07-21T00:32:35,Mean-IC,Micromass,0.4,7,7,6,0.6666666666666666,0.5426611250150017,0.005131707992404699,0.055152291955892,0.6029485000181012
2026-07-21T00:32:38,KNN-Direct,Micromass,0.4,7,7,6,0.6805555555555556,2.871763584029395,0.0,0.27613337500952184,3.14790045900736
2026-07-21T00:32:41,KNN-Direct-Weighted,Micromass,0.4,7,7,10,0.6527777777777778,2.697373457951471,0.0,0.2780302920145914,2.9754112500231713
2026-07-21T00:32:44,KNN-Direct-Manhattan,Micromass,0.4,7,7,1,0.7361111111111112,2.652819000009913,0.0,0.2734039170318283,2.926225874980446
2026-07-21T00:32:50,KNN-IC,Micromass,0.4,8,8,2,0.75,6.379764291981701,0.30521608400158584,0.07718020799802616,6.762164209038019
2026-07-21T00:32:51,Mean-IC,Micromass,0.4,8,8,1,0.6527777777777778,0.5395832089707255,0.005435959028545767,0.05463270901236683,0.5996553340228274
2026-07-21T00:32:54,KNN-Direct,Micromass,0.4,8,8,10,0.7083333333333334,2.6690842080279253,0.0,0.2752729999483563,2.944359125045594
2026-07-21T00:32:57,KNN-Direct-Weighted,Micromass,0.4,8,8,8,0.7222222222222222,2.6888025419902988,0.0,0.2779845829936676,2.966789541998878
2026-07-21T00:33:00,KNN-Direct-Manhattan,Micromass,0.4,8,8,7,0.8333333333333334,2.6415967919747345,0.0,0.27383974997792393,2.9154391670017503
2026-07-21T00:33:07,KNN-IC,Micromass,0.4,9,9,2,0.8055555555555556,6.430141791992355,0.30726162501377985,0.07758295902749524,6.8149900829885155
2026-07-21T00:33:07,Mean-IC,Micromass,0.4,9,9,1,0.6666666666666666,0.5433017089962959,0.005091041035484523,0.055016874975990504,0.6034136670059524
2026-07-21T00:33:10,KNN-Direct,Micromass,0.4,9,9,5,0.6666666666666666,2.68949837499531,0.0,0.27795424999203533,2.967454749974422
2026-07-21T00:33:13,KNN-Direct-Weighted,Micromass,0.4,9,9,11,0.7083333333333334,2.70443362504011,0.0,0.28008774999761954,2.9845242500305176
2026-07-21T00:33:16,KNN-Direct-Manhattan,Micromass,0.4,9,9,3,0.7916666666666666,2.6629042080021463,0.0,0.27482779102865607,2.937734499981161
2026-07-21T00:33:23,KNN-IC,Micromass,0.4,10,10,2,0.8333333333333334,6.196763749991078,0.30939320899778977,0.07811887504067272,6.5842793339979835
2026-07-21T00:33:23,Mean-IC,Micromass,0.4,10,10,1,0.75,0.542257042019628,0.0052802920108661056,0.05515162501251325,0.6026927499915473
2026-07-21T00:33:26,KNN-Direct,Micromass,0.4,10,10,7,0.7361111111111112,2.68892741703894,0.0,0.2775229170219973,2.9664523330284283
2026-07-21T00:33:29,KNN-Direct-Weighted,Micromass,0.4,10,10,4,0.7361111111111112,2.707495959009975,0.0,0.2797559589962475,2.9872543750097975
2026-07-21T00:33:32,KNN-Direct-Manhattan,Micromass,0.4,10,10,5,0.8611111111111112,2.75046295899665,0.0,0.2754088750225492,3.0258750419598073
2026-07-21T00:33:39,KNN-IC,Micromass,0.4,11,11,4,0.8194444444444444,6.29066033300478,0.4957321670372039,0.07800087501527742,6.864396666991524
2026-07-21T00:33:40,Mean-IC,Micromass,0.4,11,11,1,0.8472222222222222,0.5408786250045523,0.0051676660077646375,0.05469654203625396,0.6007466249866411
2026-07-21T00:33:43,KNN-Direct,Micromass,0.4,11,11,4,0.7361111111111112,2.6859550840454176,0.0,0.27787583303870633,2.963833416986745
2026-07-21T00:33:46,KNN-Direct-Weighted,Micromass,0.4,11,11,3,0.75,2.7079703329945914,0.0,0.2843682499951683,2.9923412909847684
2026-07-21T00:33:49,KNN-Direct-Manhattan,Micromass,0.4,11,11,1,0.8333333333333334,2.736880208016373,0.0,0.2815143340267241,3.018402082961984
2026-07-21T00:33:55,KNN-IC,Micromass,0.4,12,12,3,0.8194444444444444,6.331645041005686,0.3300929580000229,0.07750666700303555,6.739248624944594
2026-07-21T00:33:56,Mean-IC,Micromass,0.4,12,12,3,0.7083333333333334,0.5421740830061026,0.005509166978299618,0.054837458999827504,0.6025238329893909
2026-07-21T00:33:59,KNN-Direct,Micromass,0.4,12,12,9,0.6805555555555556,2.6751830829889514,0.0,0.2765566250309348,2.951741833006963
2026-07-21T00:34:02,KNN-Direct-Weighted,Micromass,0.4,12,12,11,0.7361111111111112,2.8155846670269966,0.0,0.2958044999977574,3.111392250051722
2026-07-21T00:34:05,KNN-Direct-Manhattan,Micromass,0.4,12,12,3,0.8888888888888888,2.648339167004451,0.0,0.2740647090249695,2.922406583034899
2026-07-21T00:34:11,KNN-IC,Micromass,0.4,13,13,2,0.8472222222222222,5.774416750005912,0.30385691695846617,0.07699420902645215,6.155271416995674
2026-07-21T00:34:12,Mean-IC,Micromass,0.4,13,13,1,0.8055555555555556,0.5391708340030164,0.005059166986029595,0.054691834026016295,0.5989255409804173
2026-07-21T00:34:15,KNN-Direct,Micromass,0.4,13,13,4,0.6805555555555556,2.6633536249864846,0.0,0.27410987502662465,2.937465416966006
2026-07-21T00:34:18,KNN-Direct-Weighted,Micromass,0.4,13,13,9,0.6805555555555556,2.7624002909869887,0.0,0.2767557500046678,3.039159124949947
2026-07-21T00:34:21,KNN-Direct-Manhattan,Micromass,0.4,13,13,5,0.8472222222222222,2.6482710420386866,0.0,0.27169249998405576,2.9199664169573225
2026-07-21T00:34:28,KNN-IC,Micromass,0.4,14,14,4,0.8055555555555556,6.254760165989865,0.4705353750032373,0.07844845799263567,6.803748500009533
2026-07-21T00:34:28,Mean-IC,Micromass,0.4,14,14,1,0.7083333333333334,0.5461287919897586,0.00528575002681464,0.05536908400245011,0.6067914580344222
2026-07-21T00:34:31,KNN-Direct,Micromass,0.4,14,14,11,0.7222222222222222,2.689720500027761,0.0,0.27772995800478384,2.9674526659655385
2026-07-21T00:34:34,KNN-Direct-Weighted,Micromass,0.4,14,14,12,0.6944444444444444,2.7985212079947814,0.0,0.2803220829810016,3.0788462499622256
2026-07-21T00:34:37,KNN-Direct-Manhattan,Micromass,0.4,14,14,10,0.8472222222222222,2.664210125047248,0.0,0.2757712909951806,2.9399844160070643
2026-07-21T00:34:44,KNN-IC,Micromass,0.4,15,15,2,0.8888888888888888,5.9917834579828195,0.3067088330280967,0.07790220796596259,6.376400000008289
2026-07-21T00:34:44,Mean-IC,Micromass,0.4,15,15,1,0.7638888888888888,0.5434422499965876,0.005420000001322478,0.055473542015533894,0.6043399579939432
2026-07-21T00:34:47,KNN-Direct,Micromass,0.4,15,15,3,0.7361111111111112,2.769655833952129,0.0,0.2876990829827264,3.057357084006071
2026-07-21T00:34:50,KNN-Direct-Weighted,Micromass,0.4,15,15,1,0.7361111111111112,2.6992667079903185,0.0,0.2783127080183476,2.9775822089868598
2026-07-21T00:34:53,KNN-Direct-Manhattan,Micromass,0.4,15,15,3,0.8472222222222222,2.6473638329771347,0.0,0.27453637501457706,2.9219028749503195
2026-07-21T00:35:00,KNN-IC,Micromass,0.4,16,16,2,0.8472222222222222,6.366513707966078,0.3073142089997418,0.07730379200074822,6.75113504199544
2026-07-21T00:35:00,Mean-IC,Micromass,0.4,16,16,1,0.6944444444444444,0.542592958023306,0.005128415999934077,0.055390916008036584,0.6031159159610979
2026-07-21T00:35:04,KNN-Direct,Micromass,0.4,16,16,3,0.7638888888888888,2.7667927499860525,0.0,0.27676154201617464,3.043556125019677
2026-07-21T00:35:06,KNN-Direct-Weighted,Micromass,0.4,16,16,1,0.7777777777777778,2.702115790976677,0.0,0.278262916021049,2.980381207948085
2026-07-21T00:35:09,KNN-Direct-Manhattan,Micromass,0.4,16,16,3,0.8333333333333334,2.6542705420288257,0.0,0.2749424580251798,2.9292156669544056
2026-07-21T00:35:16,KNN-IC,Micromass,0.4,17,17,2,0.7361111111111112,6.0132632910390384,0.3094056670088321,0.07785150001291186,6.4005239580292255
2026-07-21T00:35:16,Mean-IC,Micromass,0.4,17,17,3,0.6944444444444444,0.542492707958445,0.005168834002688527,0.07023254199884832,0.6179014170193113
2026-07-21T00:35:20,KNN-Direct,Micromass,0.4,17,17,3,0.6666666666666666,2.7673437919584103,0.0,0.2875374580034986,3.054884957964532
2026-07-21T00:35:22,KNN-Direct-Weighted,Micromass,0.4,17,17,4,0.6944444444444444,2.7026687909965403,0.0,0.27898225001990795,2.9816540830070153
2026-07-21T00:35:25,KNN-Direct-Manhattan,Micromass,0.4,17,17,5,0.875,2.6570021670195274,0.0,0.2749550830340013,2.931959667010233
2026-07-21T00:35:32,KNN-IC,Micromass,0.4,18,18,4,0.75,6.022303832985926,0.540925209003035,0.07819933403516188,6.6414325420046225
2026-07-21T00:35:33,Mean-IC,Micromass,0.4,18,18,1,0.75,0.5433954169857316,0.0052251669694669545,0.05499458301346749,0.603619042027276
2026-07-21T00:35:36,KNN-Direct,Micromass,0.4,18,18,10,0.5972222222222222,2.681172874988988,0.0,0.2779821250005625,2.9591570829506963
2026-07-21T00:35:39,KNN-Direct-Weighted,Micromass,0.4,18,18,10,0.5972222222222222,2.701506041979883,0.0,0.28307645802851766,2.984585291997064
2026-07-21T00:35:42,KNN-Direct-Manhattan,Micromass,0.4,18,18,5,0.7638888888888888,2.658039624977391,0.0,0.2749196250224486,2.932961917016655
2026-07-21T00:35:48,KNN-IC,Micromass,0.4,19,19,2,0.7638888888888888,6.186838666035328,0.30640670796856284,0.07821004197467119,6.571459790982772
2026-07-21T00:35:49,Mean-IC,Micromass,0.4,19,19,1,0.7083333333333334,0.5746714999550022,0.005726333009079099,0.05524591699941084,0.6356474579661153
2026-07-21T00:35:52,KNN-Direct,Micromass,0.4,19,19,4,0.6944444444444444,2.6925293329986744,0.0,0.27689787501003593,2.9694293750217184
2026-07-21T00:35:55,KNN-Direct-Weighted,Micromass,0.4,19,19,4,0.75,2.8322662499849685,0.0,0.278800250031054,3.1110687920008786
2026-07-21T00:35:58,KNN-Direct-Manhattan,Micromass,0.4,19,19,7,0.8194444444444444,2.6611885000020266,0.0,0.274103167001158,2.9352944159763865
2026-07-21T00:36:05,KNN-IC,Micromass,0.4,20,20,1,0.7361111111111112,6.376878417038824,0.2788770829793066,0.07785066700307652,6.733609959017485
2026-07-21T00:36:05,Mean-IC,Micromass,0.4,20,20,7,0.6111111111111112,0.5467080000089481,0.005344000004697591,0.055366374959703535,0.6074229590012692
2026-07-21T00:36:08,KNN-Direct,Micromass,0.4,20,20,1,0.75,2.6910624579759315,0.0,0.27817179198609665,2.9692363750073127
2026-07-21T00:36:11,KNN-Direct-Weighted,Micromass,0.4,20,20,5,0.7361111111111112,2.707668749964796,0.0,0.2807082920335233,2.9883800410316326
2026-07-21T00:36:14,KNN-Direct-Manhattan,Micromass,0.4,20,20,5,0.8333333333333334,2.664458083047066,0.0,0.27576624997891486,2.9402269999845885
2026-07-21T00:36:21,KNN-IC,Micromass,0.4,21,21,2,0.8194444444444444,6.334360875014681,0.30765495903324336,0.07794166600797325,6.71996074996423
2026-07-21T00:36:21,Mean-IC,Micromass,0.4,21,21,1,0.7361111111111112,0.5419461249839514,0.005113124963827431,0.055201707989908755,0.6022644999902695
2026-07-21T00:36:24,KNN-Direct,Micromass,0.4,21,21,4,0.7083333333333334,2.744746792013757,0.0,0.27760895900428295,3.0223596660071053
2026-07-21T00:36:27,KNN-Direct-Weighted,Micromass,0.4,21,21,3,0.7361111111111112,2.7055015829973854,0.0,0.27830995799740776,2.9838174169999547
2026-07-21T00:36:30,KNN-Direct-Manhattan,Micromass,0.4,21,21,4,0.875,2.6623760419897735,0.0,0.2748527500079945,2.9372312909690663
2026-07-21T00:36:37,KNN-IC,Micromass,0.4,22,22,3,0.7638888888888888,6.438567416975275,0.3344246249762364,0.07808979199035093,6.851085750036873
2026-07-21T00:36:38,Mean-IC,Micromass,0.4,22,22,4,0.6805555555555556,0.5468722090008669,0.005229000002145767,0.054694667051080614,0.6067997919744812
2026-07-21T00:36:41,KNN-Direct,Micromass,0.4,22,22,7,0.7916666666666666,2.686518915987108,0.0,0.27736416703555733,2.9638855420053005
2026-07-21T00:36:44,KNN-Direct-Weighted,Micromass,0.4,22,22,7,0.7916666666666666,2.7026638750103302,0.0,0.27958762500202283,2.9822544169728644
2026-07-21T00:36:47,KNN-Direct-Manhattan,Micromass,0.4,22,22,1,0.8611111111111112,2.6572832920355722,0.0,0.36154524999437854,3.0188306249910966
2026-07-21T00:36:53,KNN-IC,Micromass,0.4,23,23,2,0.6944444444444444,6.053979332966264,0.3049260419793427,0.07834512501722202,6.437254415999632
2026-07-21T00:36:54,Mean-IC,Micromass,0.4,23,23,1,0.5833333333333334,0.5407744580297731,0.005294291011523455,0.05583120899973437,0.6019042920088395
2026-07-21T00:36:57,KNN-Direct,Micromass,0.4,23,23,1,0.6944444444444444,2.678023000014946,0.0,0.27557333395816386,2.953599459026009
2026-07-21T00:37:00,KNN-Direct-Weighted,Micromass,0.4,23,23,1,0.7083333333333334,2.6933020830038004,0.0,0.27843149995896965,2.9717362920055166
2026-07-21T00:37:03,KNN-Direct-Manhattan,Micromass,0.4,23,23,9,0.7222222222222222,2.7390433750115335,0.0,0.2739323750138283,3.012978542014025
2026-07-21T00:37:09,KNN-IC,Micromass,0.4,24,24,2,0.75,6.112147249979898,0.30648004199611023,0.07746020803460851,6.496091291017365
2026-07-21T00:37:10,Mean-IC,Micromass,0.4,24,24,1,0.7916666666666666,0.5438481249730103,0.005232291994616389,0.054970832949038595,0.604055707983207
2026-07-21T00:37:13,KNN-Direct,Micromass,0.4,24,24,3,0.7361111111111112,2.6866595830069855,0.0,0.2768207920016721,2.963482749997638
2026-07-21T00:37:16,KNN-Direct-Weighted,Micromass,0.4,24,24,3,0.7361111111111112,2.7000445000012405,0.0,0.2799304999643937,2.9799777080188505
2026-07-21T00:37:19,KNN-Direct-Manhattan,Micromass,0.4,24,24,1,0.8888888888888888,2.834270875027869,0.0,0.2759939579991624,3.1102707080426626
2026-07-21T00:37:26,KNN-IC,Micromass,0.4,25,25,3,0.7916666666666666,6.315104874956887,0.33152783301193267,0.07803629199042916,6.7246719999820925
2026-07-21T00:37:26,Mean-IC,Micromass,0.4,25,25,1,0.7638888888888888,0.5440237080329098,0.005426166986580938,0.055004209047183394,0.6044582499889657
2026-07-21T00:37:29,KNN-Direct,Micromass,0.4,25,25,8,0.6388888888888888,2.674106082995422,0.0,0.27635295799700543,2.950461499975063
2026-07-21T00:37:32,KNN-Direct-Weighted,Micromass,0.4,25,25,4,0.7222222222222222,2.7827088329941034,0.0,0.28072124999016523,3.0634330000029877
2026-07-21T00:37:35,KNN-Direct-Manhattan,Micromass,0.4,25,25,4,0.7777777777777778,2.6534292089636438,0.0,0.273776333022397,2.927208209002856
2026-07-21T00:37:42,KNN-IC,Micromass,0.4,26,26,11,0.6805555555555556,6.053417250048369,0.502149665961042,0.0782182079856284,6.633788375009317
2026-07-21T00:37:42,Mean-IC,Micromass,0.4,26,26,5,0.7083333333333334,0.5432432499947026,0.00520195800345391,0.055470500024966896,0.6039195420453325
2026-07-21T00:37:45,KNN-Direct,Micromass,0.4,26,26,10,0.6944444444444444,2.684484875004273,0.0,0.2767805409966968,2.9612677909899503
2026-07-21T00:37:49,KNN-Direct-Weighted,Micromass,0.4,26,26,4,0.7361111111111112,2.808738583989907,0.0,0.2816250830073841,3.0903663749923
2026-07-21T00:37:51,KNN-Direct-Manhattan,Micromass,0.4,26,26,5,0.8472222222222222,2.6770472080097534,0.0,0.27543491701362655,2.952491167001426
2026-07-21T00:37:58,KNN-IC,Micromass,0.4,27,27,2,0.7083333333333334,6.055056041979697,0.308763875043951,0.07791041600285098,6.441733832994942
2026-07-21T00:37:59,Mean-IC,Micromass,0.4,27,27,1,0.6527777777777778,0.542561125010252,0.005148582975380123,0.054737749975174665,0.6024512920412235
2026-07-21T00:38:01,KNN-Direct,Micromass,0.4,27,27,7,0.5833333333333334,2.677992874989286,0.0,0.2766974169644527,2.9546927920309827
2026-07-21T00:38:05,KNN-Direct-Weighted,Micromass,0.4,27,27,9,0.6388888888888888,2.820372083049733,0.0,0.2790070420014672,3.099381791020278
2026-07-21T00:38:08,KNN-Direct-Manhattan,Micromass,0.4,27,27,8,0.7916666666666666,2.726826500031166,0.0,0.2742683749529533,3.0010977500351146
2026-07-21T00:38:14,KNN-IC,Micromass,0.4,28,28,2,0.7222222222222222,5.854600999969989,0.3076684160041623,0.07733587501570582,6.239609249983914
2026-07-21T00:38:14,Mean-IC,Micromass,0.4,28,28,1,0.6944444444444444,0.5435657920315862,0.0054710000404156744,0.05487612495198846,0.6039166249684058
2026-07-21T00:38:17,KNN-Direct,Micromass,0.4,28,28,5,0.6944444444444444,2.7622554580448195,0.0,0.27626312494976446,3.0385211250395514
2026-07-21T00:38:20,KNN-Direct-Weighted,Micromass,0.4,28,28,8,0.7222222222222222,2.701662917039357,0.0,0.27817912498721853,2.979844791989308
2026-07-21T00:38:23,KNN-Direct-Manhattan,Micromass,0.4,28,28,6,0.875,2.6470742910169065,0.0,0.2739034580299631,2.9209804159472696
2026-07-21T00:38:30,KNN-IC,Micromass,0.4,29,29,5,0.7361111111111112,6.251272417022847,0.4645572080044076,0.078220458002761,6.794053542020265
2026-07-21T00:38:31,Mean-IC,Micromass,0.4,29,29,3,0.7777777777777778,0.5421595409861766,0.005548291024751961,0.05491449998226017,0.602625707979314
2026-07-21T00:38:34,KNN-Direct,Micromass,0.4,29,29,7,0.7083333333333334,2.783819665957708,0.0,0.2771809169789776,3.0610030829557218
2026-07-21T00:38:37,KNN-Direct-Weighted,Micromass,0.4,29,29,7,0.6944444444444444,2.6994320829981007,0.0,0.27862037502927706,2.97805520799011
2026-07-21T00:38:40,KNN-Direct-Manhattan,Micromass,0.4,29,29,4,0.8333333333333334,2.6559840419795364,0.0,0.2736414580140263,2.929628124984447
2026-07-21T00:38:46,KNN-IC,Micromass,0.4,30,30,4,0.7083333333333334,6.183225999993738,0.4652901670197025,0.07807237503584474,6.726592999999411
2026-07-21T00:38:47,Mean-IC,Micromass,0.4,30,30,1,0.6111111111111112,0.6942690000287257,0.005676792003214359,0.05631149996770546,0.7562612500041723
2026-07-21T00:38:50,KNN-Direct,Micromass,0.4,30,30,14,0.6111111111111112,2.7068395420210436,0.0,0.2791483330074698,2.9859903340111487
2026-07-21T00:38:53,KNN-Direct-Weighted,Micromass,0.4,30,30,15,0.5833333333333334,2.718713750015013,0.0,0.281069332966581,2.9997857499984093
2026-07-21T00:38:56,KNN-Direct-Manhattan,Micromass,0.4,30,30,12,0.8194444444444444,2.6745590420323424,0.0,0.27651308302301913,2.9510746669839136
2026-07-21T00:39:03,KNN-IC,Micromass,0.4,31,31,1,0.7777777777777778,6.296348417003173,0.2791874590329826,0.07802299998002127,6.653562542051077
2026-07-21T00:39:03,Mean-IC,Micromass,0.4,31,31,4,0.6944444444444444,0.5465831669862382,0.005179792002309114,0.05533437494887039,0.6071020410163328
2026-07-21T00:39:06,KNN-Direct,Micromass,0.4,31,31,1,0.6805555555555556,2.6902833330095746,0.0,0.2784164999611676,2.9687021669815294
2026-07-21T00:39:09,KNN-Direct-Weighted,Micromass,0.4,31,31,1,0.6944444444444444,2.7071917499997653,0.0,0.2797800410189666,2.9869752079830505
2026-07-21T00:39:12,KNN-Direct-Manhattan,Micromass,0.4,31,31,3,0.8472222222222222,2.661503458977677,0.0,0.2745010410435498,2.9360072090057656
2026-07-21T00:39:20,KNN-IC,Micromass,0.4,32,32,15,0.6666666666666666,6.630019375006668,0.5244361250079237,0.07802725001238286,7.232488790992647
2026-07-21T00:39:20,Mean-IC,Micromass,0.4,32,32,1,0.7083333333333334,0.5439563330146484,0.005604042031336576,0.05479254201054573,0.6043599169934168
2026-07-21T00:39:23,KNN-Direct,Micromass,0.4,32,32,4,0.6805555555555556,2.6939979580347426,0.0,0.277825458033476,2.971828249981627
2026-07-21T00:39:26,KNN-Direct-Weighted,Micromass,0.4,32,32,4,0.6805555555555556,2.7110710409469903,0.0,0.28100166597869247,2.9920776250073686
2026-07-21T00:39:29,KNN-Direct-Manhattan,Micromass,0.4,32,32,1,0.8194444444444444,2.664437958970666,0.0,0.2760831670020707,2.940523832978215
2026-07-21T00:39:36,KNN-IC,Micromass,0.4,33,33,3,0.7777777777777778,6.406598250032403,0.3310068749706261,0.07920308300526813,6.816812124976423
2026-07-21T00:39:37,Mean-IC,Micromass,0.4,33,33,1,0.7361111111111112,0.8224234170047566,0.008849083038512617,0.0804257079726085,0.9117036249954253
2026-07-21T00:39:40,KNN-Direct,Micromass,0.4,33,33,7,0.75,2.8087125830352306,0.0,0.2748960410244763,3.083614500006661
2026-07-21T00:39:43,KNN-Direct-Weighted,Micromass,0.4,33,33,3,0.7777777777777778,2.6746020420105197,0.0,0.2769335419870913,2.951538374996744
2026-07-21T00:39:46,KNN-Direct-Manhattan,Micromass,0.4,33,33,10,0.8055555555555556,2.6337572910124436,0.0,0.2723467079922557,2.9061067909933627
2026-07-21T00:39:53,KNN-IC,Micromass,0.4,34,34,2,0.7222222222222222,6.376759500009939,0.3042926660273224,0.07684387499466538,6.757899624994025
2026-07-21T00:39:53,Mean-IC,Micromass,0.4,34,34,1,0.6666666666666666,0.5406732499832287,0.005178000021260232,0.05490462499437854,0.600759916997049
2026-07-21T00:39:56,KNN-Direct,Micromass,0.4,34,34,3,0.5694444444444444,2.9036331250099465,0.0,0.3653800419997424,3.269015749974642
2026-07-21T00:40:00,KNN-Direct-Weighted,Micromass,0.4,34,34,3,0.5555555555555556,2.93871679098811,0.0,0.3137345419963822,3.252454500005115
2026-07-21T00:40:03,KNN-Direct-Manhattan,Micromass,0.4,34,34,1,0.7638888888888888,3.0016795420087874,0.0,0.2882238340098411,3.2899062919896096
2026-07-21T00:40:10,KNN-IC,Micromass,0.4,35,35,4,0.7361111111111112,6.041516542027239,0.4839054170297459,0.0775107920053415,6.602936665993184
2026-07-21T00:40:10,Mean-IC,Micromass,0.4,35,35,1,0.6388888888888888,0.5404672080185264,0.005130540987011045,0.05458066600840539,0.600182542053517
2026-07-21T00:40:13,KNN-Direct,Micromass,0.4,35,35,6,0.7083333333333334,2.6661932909628376,0.0,0.27555191598366946,2.9417472920031287
2026-07-21T00:40:16,KNN-Direct-Weighted,Micromass,0.4,35,35,7,0.7222222222222222,2.686120833037421,0.0,0.27713966701412573,2.963263207988348
2026-07-21T00:40:19,KNN-Direct-Manhattan,Micromass,0.4,35,35,3,0.8194444444444444,2.7539887499879114,0.0,0.2730179160134867,3.0270096249878407
2026-07-21T00:40:26,KNN-IC,Micromass,0.4,36,36,1,0.7222222222222222,6.094278207980096,0.27885550004430115,0.07757129200035706,6.450709041964728
2026-07-21T00:40:26,Mean-IC,Micromass,0.4,36,36,1,0.6388888888888888,0.543886957981158,0.005431375000625849,0.054810999950859696,0.604133750020992
2026-07-21T00:40:29,KNN-Direct,Micromass,0.4,36,36,1,0.7361111111111112,2.6800566249876283,0.0,0.27633304096525535,2.9563920829677954
2026-07-21T00:40:32,KNN-Direct-Weighted,Micromass,0.4,36,36,1,0.7638888888888888,2.876741582993418,0.0,0.3392453750129789,3.2159897499950603
2026-07-21T00:40:35,KNN-Direct-Manhattan,Micromass,0.4,36,36,3,0.8055555555555556,2.653019958001096,0.0,0.2739009590004571,2.926923874998465
2026-07-21T00:40:42,KNN-IC,Micromass,0.4,37,37,2,0.8055555555555556,5.980215874966234,0.3039247910492122,0.07683929201448336,6.360983999969903
2026-07-21T00:40:42,Mean-IC,Micromass,0.4,37,37,1,0.7638888888888888,0.5386070000240579,0.005223250016570091,0.05457879201276228,0.5984128330019303
2026-07-21T00:40:45,KNN-Direct,Micromass,0.4,37,37,1,0.7361111111111112,2.658823375008069,0.0,0.2739764580037445,2.932802208000794
2026-07-21T00:40:48,KNN-Direct-Weighted,Micromass,0.4,37,37,9,0.625,2.783477707998827,0.0,0.27556587499566376,3.059046833019238
2026-07-21T00:40:51,KNN-Direct-Manhattan,Micromass,0.4,37,37,4,0.7916666666666666,2.6605608339887112,0.0,0.2704899160307832,2.9310571249807253
2026-07-21T00:40:58,KNN-IC,Micromass,0.4,38,38,1,0.7361111111111112,6.055118667019997,0.27654562500538304,0.07796320802299306,6.409631999966223
2026-07-21T00:40:58,Mean-IC,Micromass,0.4,38,38,1,0.7361111111111112,0.5378507500281557,0.005467541981488466,0.05468083400046453,0.5980031249928288
2026-07-21T00:41:01,KNN-Direct,Micromass,0.4,38,38,11,0.7638888888888888,2.7373027090216056,0.0,0.2745425419998355,3.011847542016767
2026-07-21T00:41:04,KNN-Direct-Weighted,Micromass,0.4,38,38,6,0.75,2.7954992919694632,0.0,0.2769465000019409,3.0724510829895735
2026-07-21T00:41:07,KNN-Direct-Manhattan,Micromass,0.4,38,38,4,0.7916666666666666,2.635878374974709,0.0,0.2720200829789974,2.9079009169945493
2026-07-21T00:41:14,KNN-IC,Micromass,0.4,39,39,2,0.7916666666666666,6.136711957980879,0.30434933298965916,0.07751870900392532,6.518590082996525
2026-07-21T00:41:14,Mean-IC,Micromass,0.4,39,39,1,0.7916666666666666,0.5397797080222517,0.005582457990385592,0.05452870897715911,0.5998946250183508
2026-07-21T00:41:17,KNN-Direct,Micromass,0.4,39,39,1,0.7083333333333334,2.7979466659598984,0.0,0.2973985830321908,3.0953483330085874
2026-07-21T00:41:20,KNN-Direct-Weighted,Micromass,0.4,39,39,1,0.7222222222222222,2.7610906249610707,0.0,0.27687329199397936,3.0379667499801144
2026-07-21T00:41:23,KNN-Direct-Manhattan,Micromass,0.4,39,39,8,0.8472222222222222,2.637691208976321,0.0,0.272470791998785,2.9101647079805844
2026-07-21T00:41:30,KNN-IC,Micromass,0.5,0,0,1,0.7083333333333334,6.144110707973596,0.27999483403982595,0.07676291599636897,6.500872291973792
2026-07-21T00:41:30,Mean-IC,Micromass,0.5,0,0,3,0.7083333333333334,0.5379945000167936,0.005610708030872047,0.05431804194813594,0.5979277500300668
2026-07-21T00:41:33,KNN-Direct,Micromass,0.5,0,0,3,0.7083333333333334,2.4596452499972656,0.0,0.24438045802526176,2.7040280420333147
2026-07-21T00:41:36,KNN-Direct-Weighted,Micromass,0.5,0,0,3,0.7222222222222222,2.395108250027988,0.0,0.24690012499922886,2.6420117910020053
2026-07-21T00:41:38,KNN-Direct-Manhattan,Micromass,0.5,0,0,7,0.8333333333333334,2.34831158304587,0.0,0.24214749998645857,2.5904623749665916
2026-07-21T00:41:45,KNN-IC,Micromass,0.5,1,1,1,0.7916666666666666,6.237905208021402,0.2799435420311056,0.07717920804861933,6.595031582983211
2026-07-21T00:41:46,Mean-IC,Micromass,0.5,1,1,1,0.6388888888888888,0.5375081250094809,0.005919334013015032,0.05498987500322983,0.5984217919758521
2026-07-21T00:41:48,KNN-Direct,Micromass,0.5,1,1,3,0.7083333333333334,2.49743537500035,0.0,0.24532412498956546,2.7427621249808
2026-07-21T00:41:51,KNN-Direct-Weighted,Micromass,0.5,1,1,3,0.7222222222222222,2.404891582962591,0.0,0.2472549169906415,2.652149375004228
2026-07-21T00:41:54,KNN-Direct-Manhattan,Micromass,0.5,1,1,3,0.8055555555555556,2.348626500053797,0.0,0.24293241702253,2.5915615829871967
2026-07-21T00:42:00,KNN-IC,Micromass,0.5,2,2,2,0.8194444444444444,6.404021417023614,0.3149280829820782,0.07721670804312453,6.796171082998626
2026-07-21T00:42:01,Mean-IC,Micromass,0.5,2,2,1,0.7361111111111112,0.5376953340019099,0.005558582954108715,0.05444375000661239,0.5977016249671578
2026-07-21T00:42:04,KNN-Direct,Micromass,0.5,2,2,8,0.6666666666666666,2.5433784169727005,0.0,0.24597566603915766,2.7893568750005215
2026-07-21T00:42:06,KNN-Direct-Weighted,Micromass,0.5,2,2,6,0.625,2.396077375044115,0.0,0.24770033301319927,2.643780833983328
2026-07-21T00:42:09,KNN-Direct-Manhattan,Micromass,0.5,2,2,12,0.7638888888888888,2.3519223750336096,0.0,0.24270295799942687,2.594629083003383
2026-07-21T00:42:16,KNN-IC,Micromass,0.5,3,3,2,0.7916666666666666,6.429043749987613,0.31462554197059944,0.07707737502641976,6.820751291001216
2026-07-21T00:42:16,Mean-IC,Micromass,0.5,3,3,1,0.6388888888888888,0.5384304579929449,0.0058934169937856495,0.05451079102931544,0.5988383750081994
2026-07-21T00:42:19,KNN-Direct,Micromass,0.5,3,3,5,0.75,2.5133219590061344,0.0,0.24515604099724442,2.758480291988235
2026-07-21T00:42:22,KNN-Direct-Weighted,Micromass,0.5,3,3,5,0.7222222222222222,2.3980430840165354,0.0,0.24677804199745879,2.6448240830213763
2026-07-21T00:42:24,KNN-Direct-Manhattan,Micromass,0.5,3,3,1,0.7777777777777778,2.3504065830493346,0.0,0.24198545899707824,2.592395582993049
2026-07-21T00:42:31,KNN-IC,Micromass,0.5,4,4,1,0.7777777777777778,6.389201958023477,0.2811379170161672,0.07752187497681007,6.747865625016857
2026-07-21T00:42:32,Mean-IC,Micromass,0.5,4,4,1,0.75,0.6930495830019936,0.007258417026605457,0.059298291977029294,0.7596115829655901
2026-07-21T00:42:35,KNN-Direct,Micromass,0.5,4,4,4,0.6805555555555556,2.4026318340329453,0.0,0.24668495799414814,2.649319749965798
2026-07-21T00:42:38,KNN-Direct-Weighted,Micromass,0.5,4,4,4,0.6527777777777778,2.620884457952343,0.0,0.3310757920262404,2.9519635000033304
2026-07-21T00:42:40,KNN-Direct-Manhattan,Micromass,0.5,4,4,9,0.8472222222222222,2.362359832972288,0.0,0.24393412499921396,2.606296999962069
2026-07-21T00:42:48,KNN-IC,Micromass,0.5,5,5,5,0.75,6.579799375031143,0.633692917006556,0.10023758403258398,7.313735458010342
2026-07-21T00:42:48,Mean-IC,Micromass,0.5,5,5,1,0.6527777777777778,0.5667220419854857,0.006112625007517636,0.05632570799207315,0.629164915997535
2026-07-21T00:42:51,KNN-Direct,Micromass,0.5,5,5,1,0.7083333333333334,2.446116833947599,0.0,0.24779312504688278,2.6939302919781767
2026-07-21T00:42:54,KNN-Direct-Weighted,Micromass,0.5,5,5,1,0.6944444444444444,2.4113434170139953,0.0,0.248998541967012,2.6603527910192497
2026-07-21T00:42:56,KNN-Direct-Manhattan,Micromass,0.5,5,5,13,0.8055555555555556,2.363424292008858,0.0,0.24447045801207423,2.6078974999836646
2026-07-21T00:43:03,KNN-IC,Micromass,0.5,6,6,1,0.7777777777777778,6.376620499999262,0.2836952499928884,0.0775667920242995,6.737887291004881
2026-07-21T00:43:03,Mean-IC,Micromass,0.5,6,6,1,0.6388888888888888,0.5438592090504244,0.005778374965302646,0.05492912500631064,0.6045715829823166
2026-07-21T00:43:06,KNN-Direct,Micromass,0.5,6,6,4,0.7638888888888888,2.4044526669895276,0.0,0.24870233400724828,2.653157207998447
2026-07-21T00:43:09,KNN-Direct-Weighted,Micromass,0.5,6,6,3,0.7638888888888888,2.5030255829915404,0.0,0.24798129202099517,2.7510100420331582
2026-07-21T00:43:11,KNN-Direct-Manhattan,Micromass,0.5,6,6,3,0.7777777777777778,2.360317374987062,0.0,0.2442221250385046,2.604542625020258
2026-07-21T00:43:19,KNN-IC,Micromass,0.5,7,7,12,0.6527777777777778,6.69975087500643,0.5551663339720108,0.07749300001887605,7.332414709031582
2026-07-21T00:43:19,Mean-IC,Micromass,0.5,7,7,7,0.6111111111111112,0.5406254169647582,0.005762958026025444,0.05521666700951755,0.6016092500067316
2026-07-21T00:43:22,KNN-Direct,Micromass,0.5,7,7,15,0.625,2.378872500034049,0.0,0.2452416659798473,2.6241170419962145
2026-07-21T00:43:25,KNN-Direct-Weighted,Micromass,0.5,7,7,7,0.6666666666666666,2.3922098340117373,0.0,0.24738045799313113,2.639593333005905
2026-07-21T00:43:27,KNN-Direct-Manhattan,Micromass,0.5,7,7,4,0.7638888888888888,2.350052500027232,0.0,0.2426103749894537,2.59266550000757
2026-07-21T00:43:35,KNN-IC,Micromass,0.5,8,8,4,0.7361111111111112,6.8045409170445055,0.5584304580115713,0.08422666700789705,7.4472017920343205
2026-07-21T00:43:35,Mean-IC,Micromass,0.5,8,8,1,0.6527777777777778,0.6084048749762587,0.006555041007231921,0.0614102499675937,0.6763749590027146
2026-07-21T00:43:38,KNN-Direct,Micromass,0.5,8,8,11,0.6388888888888888,2.686056916951202,0.0,0.2771735829883255,2.9632332919863984
2026-07-21T00:43:41,KNN-Direct-Weighted,Micromass,0.5,8,8,9,0.6527777777777778,2.7213697920087725,0.0,0.28455445903819054,3.0059274589875713
2026-07-21T00:43:44,KNN-Direct-Manhattan,Micromass,0.5,8,8,4,0.8055555555555556,2.7307061669998802,0.0,0.28327620797790587,3.013985625002533
2026-07-21T00:43:54,KNN-IC,Micromass,0.5,9,9,2,0.7222222222222222,8.62509374995716,0.3936358340433799,0.09583150001708418,9.114564999996219
2026-07-21T00:43:54,Mean-IC,Micromass,0.5,9,9,1,0.5972222222222222,0.701397624972742,0.007717125001363456,0.0722401249804534,0.7813588749850169
2026-07-21T00:43:58,KNN-Direct,Micromass,0.5,9,9,6,0.7361111111111112,3.0331950000254437,0.0,0.31029629200929776,3.3434944580076262
2026-07-21T00:44:01,KNN-Direct-Weighted,Micromass,0.5,9,9,5,0.7638888888888888,3.079098583024461,0.0,0.3231501249829307,3.4022513749659993
2026-07-21T00:44:05,KNN-Direct-Manhattan,Micromass,0.5,9,9,9,0.7916666666666666,3.336876375018619,0.0,0.3238875839742832,3.660767290974036
2026-07-21T00:44:14,KNN-IC,Micromass,0.5,10,10,4,0.7361111111111112,8.312251166033093,0.653860958002042,0.10786966700106859,9.073986959003378
2026-07-21T00:44:15,Mean-IC,Micromass,0.5,10,10,1,0.6805555555555556,0.7449063340318389,0.007613666995894164,0.07469275000039488,0.8272183329681866
2026-07-21T00:44:18,KNN-Direct,Micromass,0.5,10,10,4,0.7777777777777778,3.3031399589963257,0.0,0.3255371659761295,3.6286802500253543
2026-07-21T00:44:22,KNN-Direct-Weighted,Micromass,0.5,10,10,4,0.7638888888888888,3.064341042016167,0.0,0.3093953750212677,3.3737400420359336
2026-07-21T00:44:25,KNN-Direct-Manhattan,Micromass,0.5,10,10,5,0.875,2.9410714169498533,0.0,0.30328733305213973,3.244362333032768
2026-07-21T00:44:34,KNN-IC,Micromass,0.5,11,11,2,0.7638888888888888,9.022862500045449,0.4398825829848647,0.10274837497854605,9.565498124982696
2026-07-21T00:44:35,Mean-IC,Micromass,0.5,11,11,1,0.6944444444444444,0.8705927499686368,0.008257624984253198,0.0772072920226492,0.9560631249914877
2026-07-21T00:44:39,KNN-Direct,Micromass,0.5,11,11,1,0.6944444444444444,3.026560416969005,0.0,0.3079895419650711,3.3345545830088668
2026-07-21T00:44:42,KNN-Direct-Weighted,Micromass,0.5,11,11,1,0.6944444444444444,3.018252666981425,0.0,0.30887887498829514,3.327137791959103
2026-07-21T00:44:46,KNN-Direct-Manhattan,Micromass,0.5,11,11,1,0.7916666666666666,3.6353760409983806,0.0,0.37384925002697855,4.009245708002709
2026-07-21T00:44:55,KNN-IC,Micromass,0.5,12,12,2,0.8194444444444444,8.807930959039368,0.3573708339827135,0.08790799998678267,9.253215957956854
2026-07-21T00:44:56,Mean-IC,Micromass,0.5,12,12,3,0.7083333333333334,0.6140414999681525,0.006379666971042752,0.061085374967660755,0.6815106670255773
2026-07-21T00:44:59,KNN-Direct,Micromass,0.5,12,12,4,0.75,2.989171624998562,0.0,0.30319454200798646,3.292372540978249
2026-07-21T00:45:03,KNN-Direct-Weighted,Micromass,0.5,12,12,4,0.7083333333333334,2.854576832964085,0.0,0.31049629201879725,3.1650805000099353
2026-07-21T00:45:05,KNN-Direct-Manhattan,Micromass,0.5,12,12,3,0.7777777777777778,2.6781169589958154,0.0,0.2738114169915207,2.9519319579703733
2026-07-21T00:45:12,KNN-IC,Micromass,0.5,13,13,2,0.7916666666666666,6.2063829159596935,0.31331545900320634,0.0774852079921402,6.597187124949414
2026-07-21T00:45:13,Mean-IC,Micromass,0.5,13,13,1,0.7361111111111112,0.5392916669952683,0.006041957996785641,0.05445787502685562,0.5997952079633251
2026-07-21T00:45:15,KNN-Direct,Micromass,0.5,13,13,8,0.6527777777777778,2.4611379170091823,0.0,0.25795108400052413,2.719091958948411
2026-07-21T00:45:18,KNN-Direct-Weighted,Micromass,0.5,13,13,8,0.625,2.752847208001185,0.0,0.25774637499125674,3.010597834014334
2026-07-21T00:45:21,KNN-Direct-Manhattan,Micromass,0.5,13,13,1,0.7777777777777778,2.3863954999833368,0.0,0.24387191596906632,2.6302703749970533
2026-07-21T00:45:28,KNN-IC,Micromass,0.5,14,14,2,0.7916666666666666,6.471702917013317,0.318821958033368,0.07799458398949355,6.868522834032774
2026-07-21T00:45:29,Mean-IC,Micromass,0.5,14,14,1,0.7083333333333334,0.5453984170453623,0.005918957991525531,0.055259125016164035,0.6065805000253022
2026-07-21T00:45:31,KNN-Direct,Micromass,0.5,14,14,13,0.7083333333333334,2.4098831249866635,0.0,0.24921120796352625,2.6590967910015024
2026-07-21T00:45:34,KNN-Direct-Weighted,Micromass,0.5,14,14,15,0.6944444444444444,2.5131955840042792,0.0,0.251547500025481,2.7647462080349214
2026-07-21T00:45:37,KNN-Direct-Manhattan,Micromass,0.5,14,14,8,0.8055555555555556,2.3822216669796035,0.0,0.24645312497159466,2.6286776249762625
2026-07-21T00:45:43,KNN-IC,Micromass,0.5,15,15,5,0.7777777777777778,6.256891500030179,0.5281844160053879,0.08103624999057502,6.866115666984115
2026-07-21T00:45:44,Mean-IC,Micromass,0.5,15,15,1,0.7361111111111112,0.5456742499954998,0.005607958999462426,0.05533766601001844,0.6066236670012586
2026-07-21T00:45:47,KNN-Direct,Micromass,0.5,15,15,5,0.7083333333333334,2.4017997910268605,0.0,0.24715175002347678,2.648953708994668
2026-07-21T00:45:49,KNN-Direct-Weighted,Micromass,0.5,15,15,3,0.6527777777777778,2.516331458988134,0.0,0.24920354201458395,2.765538082981948
2026-07-21T00:45:52,KNN-Direct-Manhattan,Micromass,0.5,15,15,3,0.8333333333333334,2.3709182500024326,0.0,0.24468216695822775,2.6156036669854075
2026-07-21T00:45:59,KNN-IC,Micromass,0.5,16,16,5,0.7916666666666666,6.429877208021935,0.519376625015866,0.07824541599256918,7.027503082994372
2026-07-21T00:46:00,Mean-IC,Micromass,0.5,16,16,1,0.6111111111111112,0.5419851249898784,0.005654332984704524,0.05538508400786668,0.6030289999907836
2026-07-21T00:46:03,KNN-Direct,Micromass,0.5,16,16,12,0.75,2.7859175829798914,0.0,0.24917395901866257,3.03509383299388
2026-07-21T00:46:05,KNN-Direct-Weighted,Micromass,0.5,16,16,9,0.7222222222222222,2.424651542038191,0.0,0.25043462502071634,2.675088791991584
2026-07-21T00:46:08,KNN-Direct-Manhattan,Micromass,0.5,16,16,3,0.8055555555555556,2.3873851250391454,0.0,0.24630066700046882,2.6336884169722907
2026-07-21T00:46:15,KNN-IC,Micromass,0.5,17,17,3,0.7777777777777778,6.284218874992803,0.34589008399052545,0.07808637496782467,6.7081988750142045
2026-07-21T00:46:15,Mean-IC,Micromass,0.5,17,17,3,0.6666666666666666,0.5430521669914015,0.005902666016481817,0.05470174999209121,0.6036599579965696
2026-07-21T00:46:18,KNN-Direct,Micromass,0.5,17,17,1,0.6944444444444444,2.5045877500087954,0.0,0.24860691599315032,2.7531969170086086
2026-07-21T00:46:21,KNN-Direct-Weighted,Micromass,0.5,17,17,1,0.6805555555555556,2.4405396670335904,0.0,0.2502444999990985,2.690786792023573
2026-07-21T00:46:23,KNN-Direct-Manhattan,Micromass,0.5,17,17,7,0.8194444444444444,2.379008666961454,0.0,0.24614404200110584,2.6251553750480525
2026-07-21T00:46:30,KNN-IC,Micromass,0.5,18,18,2,0.7222222222222222,6.366476666007657,0.3170114579843357,0.07780675002140924,6.761298833996989
2026-07-21T00:46:31,Mean-IC,Micromass,0.5,18,18,1,0.7222222222222222,0.543621166027151,0.0056704580201767385,0.05527400004211813,0.6045693749911152
2026-07-21T00:46:34,KNN-Direct,Micromass,0.5,18,18,1,0.6388888888888888,2.481404125050176,0.0,0.24810195801546797,2.7295083749922924
2026-07-21T00:46:36,KNN-Direct-Weighted,Micromass,0.5,18,18,1,0.6388888888888888,2.4227891250047833,0.0,0.250179415976163,2.6729714579996653
2026-07-21T00:46:39,KNN-Direct-Manhattan,Micromass,0.5,18,18,3,0.7361111111111112,2.3796014999970794,0.0,0.2460990420076996,2.625703292025719
2026-07-21T00:46:46,KNN-IC,Micromass,0.5,19,19,2,0.7777777777777778,6.301636999996845,0.31644079100806266,0.07820150000043213,6.69628329097759
2026-07-21T00:46:46,Mean-IC,Micromass,0.5,19,19,1,0.6944444444444444,0.5442594999913126,0.005590457993093878,0.05494933301815763,0.6048028329969384
2026-07-21T00:46:49,KNN-Direct,Micromass,0.5,19,19,5,0.7222222222222222,2.5451401250320487,0.0,0.24795391701627523,2.793096290959511
2026-07-21T00:46:52,KNN-Direct-Weighted,Micromass,0.5,19,19,5,0.7361111111111112,2.426842790970113,0.0,0.2503547500236891,2.6772004590020515
2026-07-21T00:46:54,KNN-Direct-Manhattan,Micromass,0.5,19,19,8,0.7638888888888888,2.3827608750434592,0.0,0.24547041696496308,2.628234292031266
2026-07-21T00:47:01,KNN-IC,Micromass,0.5,20,20,5,0.6805555555555556,6.504612542048562,0.48850620799930766,0.07812716695480049,7.071249624947086
2026-07-21T00:47:02,Mean-IC,Micromass,0.5,20,20,1,0.6666666666666666,0.6049466250115074,0.011552708980161697,0.07543787499889731,0.6919418750330806
2026-07-21T00:47:05,KNN-Direct,Micromass,0.5,20,20,13,0.7361111111111112,2.414014625013806,0.0,0.24886129098013043,2.6628785000066273
2026-07-21T00:47:07,KNN-Direct-Weighted,Micromass,0.5,20,20,14,0.75,2.422606458014343,0.0,0.2573656670283526,2.6799745410098694
2026-07-21T00:47:10,KNN-Direct-Manhattan,Micromass,0.5,20,20,14,0.8055555555555556,2.3805669589783065,0.0,0.2464771659579128,2.627046625013463
2026-07-21T00:47:17,KNN-IC,Micromass,0.5,21,21,3,0.8611111111111112,6.467333666980267,0.361853416019585,0.15740287496009842,6.986595499969553
2026-07-21T00:47:18,Mean-IC,Micromass,0.5,21,21,3,0.8472222222222222,0.5544070419855416,0.00569166598143056,0.0551253329613246,0.6152281670365483
2026-07-21T00:47:20,KNN-Direct,Micromass,0.5,21,21,3,0.6527777777777778,2.4179463330074213,0.0,0.24802025000099093,2.6659690840169787
2026-07-21T00:47:23,KNN-Direct-Weighted,Micromass,0.5,21,21,11,0.7222222222222222,2.4264737499761395,0.0,0.25050112494500354,2.6769781669718213
2026-07-21T00:47:26,KNN-Direct-Manhattan,Micromass,0.5,21,21,5,0.7916666666666666,2.383241541974712,0.0,0.24628395796753466,2.6295281249913387
2026-07-21T00:47:33,KNN-IC,Micromass,0.5,22,22,8,0.7916666666666666,6.671581375005189,0.5145480000064708,0.07731970795430243,7.263452624960337
2026-07-21T00:47:34,Mean-IC,Micromass,0.5,22,22,1,0.625,0.5387772920075804,0.005660374998115003,0.05494470801204443,0.5993860419839621
2026-07-21T00:47:36,KNN-Direct,Micromass,0.5,22,22,8,0.75,2.3987985830171965,0.0,0.24893516604788601,2.6477362089790404
2026-07-21T00:47:39,KNN-Direct-Weighted,Micromass,0.5,22,22,10,0.75,2.428149665996898,0.0,0.24810195801546797,2.676253874960821
2026-07-21T00:47:41,KNN-Direct-Manhattan,Micromass,0.5,22,22,12,0.8611111111111112,2.3715469170128927,0.0,0.24532854201970622,2.616878792003263
2026-07-21T00:47:48,KNN-IC,Micromass,0.5,23,23,4,0.6666666666666666,6.4489210420288146,0.5079916249960661,0.07837174995802343,7.035289041989017
2026-07-21T00:47:49,Mean-IC,Micromass,0.5,23,23,1,0.5277777777777778,0.5534149589948356,0.006018583022523671,0.05509712500497699,0.614534292020835
2026-07-21T00:47:52,KNN-Direct,Micromass,0.5,23,23,3,0.625,2.401836833974812,0.0,0.2472896670224145,2.649128832970746
2026-07-21T00:47:54,KNN-Direct-Weighted,Micromass,0.5,23,23,3,0.6111111111111112,2.4198426250368357,0.0,0.24923804099671543,2.669083624961786
2026-07-21T00:47:57,KNN-Direct-Manhattan,Micromass,0.5,23,23,10,0.75,2.3746045000152662,0.0,0.2448432920500636,2.619449916004669
2026-07-21T00:48:04,KNN-IC,Micromass,0.5,24,24,4,0.8611111111111112,6.429828833963256,0.49912979104556143,0.07755649997852743,7.0065189999877475
2026-07-21T00:48:05,Mean-IC,Micromass,0.5,24,24,1,0.7777777777777778,0.5430178750539199,0.005556000047363341,0.05543279100675136,0.6040105409920216
2026-07-21T00:48:07,KNN-Direct,Micromass,0.5,24,24,5,0.7222222222222222,2.4121677079820074,0.0,0.25108466699020937,2.663254583021626
2026-07-21T00:48:10,KNN-Direct-Weighted,Micromass,0.5,24,24,7,0.7361111111111112,2.423370958014857,0.0,0.2495329580269754,2.6729064169921912
2026-07-21T00:48:13,KNN-Direct-Manhattan,Micromass,0.5,24,24,6,0.8472222222222222,2.377015207952354,0.0,0.2449928750284016,2.6220108330016956
2026-07-21T00:48:20,KNN-IC,Micromass,0.5,25,25,2,0.8055555555555556,6.655353916983586,0.31596904195612296,0.07758050004485995,7.048906791955233
2026-07-21T00:48:20,Mean-IC,Micromass,0.5,25,25,1,0.6527777777777778,0.5437539999838918,0.00568516697967425,0.05499929201323539,0.604441916977521
2026-07-21T00:48:21,KNN-Direct,Micromass,0.5,25,25,10,0.6388888888888888,2.4056482919841073,0.0,0.2473135840264149,2.652966875000857
2026-07-21T00:48:24,KNN-Direct-Weighted,Micromass,0.5,25,25,5,0.6527777777777778,2.4170167499687523,0.0,0.24941633397247642,2.6664363750023767
2026-07-21T00:48:26,KNN-Direct-Manhattan,Micromass,0.5,25,25,11,0.7083333333333334,2.3779127090238035,0.0,0.2449292920064181,2.6228557499707676
2026-07-21T00:48:33,KNN-IC,Micromass,0.5,26,26,2,0.6944444444444444,6.3605008340091445,0.31767466600285843,0.0782263750443235,6.756405499996617
2026-07-21T00:48:34,Mean-IC,Micromass,0.5,26,26,1,0.625,0.5464230829966255,0.005576833966188133,0.055083208018913865,0.6070866669761017
2026-07-21T00:48:36,KNN-Direct,Micromass,0.5,26,26,4,0.75,2.404449832974933,0.0,0.24867412500316277,2.653126333025284
2026-07-21T00:48:39,KNN-Direct-Weighted,Micromass,0.5,26,26,4,0.75,2.4198329159989953,0.0,0.25036233296850696,2.6701978749479167
2026-07-21T00:48:42,KNN-Direct-Manhattan,Micromass,0.5,26,26,6,0.8472222222222222,2.373145208985079,0.0,0.2459415839985013,2.6190894590108655
2026-07-21T00:48:48,KNN-IC,Micromass,0.5,27,27,3,0.6666666666666666,6.415909957955591,0.34532395901624113,0.078023458016105,6.839260957960505
2026-07-21T00:48:49,Mean-IC,Micromass,0.5,27,27,1,0.5833333333333334,0.5446615419932641,0.0055532080004923046,0.055040958046447486,0.6052601670380682
2026-07-21T00:48:52,KNN-Direct,Micromass,0.5,27,27,12,0.6111111111111112,2.457589207973797,0.0,0.2478946250048466,2.7054858750198036
2026-07-21T00:48:54,KNN-Direct-Weighted,Micromass,0.5,27,27,1,0.6805555555555556,2.4185927499784157,0.0,0.24996091600041837,2.6685561249614693
2026-07-21T00:48:57,KNN-Direct-Manhattan,Micromass,0.5,27,27,10,0.7222222222222222,2.367876625037752,0.0,0.24557179200928658,2.613451332959812
2026-07-21T00:49:04,KNN-IC,Micromass,0.5,28,28,4,0.75,6.2847525420365855,0.47498070797882974,0.07806570804677904,6.837802333000582
2026-07-21T00:49:04,Mean-IC,Micromass,0.5,28,28,8,0.7222222222222222,0.5445917079923674,0.005868375010322779,0.055271207995247096,0.6057350410264917
2026-07-21T00:49:07,KNN-Direct,Micromass,0.5,28,28,8,0.6944444444444444,2.4014682910055853,0.0,0.24749083403730765,2.648961375001818
2026-07-21T00:49:10,KNN-Direct-Weighted,Micromass,0.5,28,28,9,0.6805555555555556,2.413101416954305,0.0,0.2493080830317922,2.6624121249769814
2026-07-21T00:49:12,KNN-Direct-Manhattan,Micromass,0.5,28,28,1,0.8333333333333334,2.3666728750104085,0.0,0.2448705840506591,2.6115465000038967
2026-07-21T00:49:20,KNN-IC,Micromass,0.5,29,29,2,0.75,6.813332166988403,0.3158943750313483,0.07730745803564787,7.206542625033762
2026-07-21T00:49:20,Mean-IC,Micromass,0.5,29,29,5,0.6111111111111112,0.5436745000188239,0.005696750013157725,0.05625108303502202,0.6056269999826327
2026-07-21T00:49:23,KNN-Direct,Micromass,0.5,29,29,1,0.625,2.404201416997239,0.0,0.2478912920341827,2.6520951249985956
2026-07-21T00:49:26,KNN-Direct-Weighted,Micromass,0.5,29,29,1,0.6527777777777778,2.4201425000210293,0.0,0.25199583399808034,2.6721407499862835
2026-07-21T00:49:28,KNN-Direct-Manhattan,Micromass,0.5,29,29,6,0.8055555555555556,2.377294374979101,0.0,0.24592254200251773,2.6232193330070004
2026-07-21T00:49:35,KNN-IC,Micromass,0.5,30,30,3,0.7083333333333334,6.456095041008666,0.3476210410008207,0.0778294590418227,6.881548917037435
2026-07-21T00:49:36,Mean-IC,Micromass,0.5,30,30,3,0.5833333333333334,0.5465002080309205,0.005847666994668543,0.05515362502774224,0.6075052079977468
2026-07-21T00:49:38,KNN-Direct,Micromass,0.5,30,30,3,0.6527777777777778,2.4176911669783294,0.0,0.2492322499747388,2.6669257920002565
2026-07-21T00:49:41,KNN-Direct-Weighted,Micromass,0.5,30,30,3,0.6388888888888888,2.4344257920165546,0.0,0.2516861659823917,2.6861146250157617
2026-07-21T00:49:44,KNN-Direct-Manhattan,Micromass,0.5,30,30,3,0.7916666666666666,2.3870728749898262,0.0,0.24674458301160485,2.6338199580204673
2026-07-21T00:49:51,KNN-IC,Micromass,0.5,31,31,4,0.8333333333333334,6.551917499979027,0.48536258400417864,0.07825966697419062,7.115543666004669
2026-07-21T00:49:51,Mean-IC,Micromass,0.5,31,31,1,0.625,0.5455505840363912,0.005615291011054069,0.05509420798625797,0.60626383300405
2026-07-21T00:49:54,KNN-Direct,Micromass,0.5,31,31,1,0.6388888888888888,2.4100144999683835,0.0,0.2486072910251096,2.6586244580103084
2026-07-21T00:49:57,KNN-Direct-Weighted,Micromass,0.5,31,31,5,0.6944444444444444,2.417410208028741,0.0,0.2507511670119129,2.6681646670331247
2026-07-21T00:49:59,KNN-Direct-Manhattan,Micromass,0.5,31,31,4,0.8194444444444444,2.38032633299008,0.0,0.24685337499249727,2.627182250027545
2026-07-21T00:50:06,KNN-IC,Micromass,0.5,32,32,2,0.8055555555555556,6.719854291004594,0.3186821669805795,0.07821162499021739,7.116752290981822
2026-07-21T00:50:07,Mean-IC,Micromass,0.5,32,32,15,0.625,0.5454622090328485,0.005849125038366765,0.05485449999105185,0.6061687920009717
2026-07-21T00:50:10,KNN-Direct,Micromass,0.5,32,32,8,0.7361111111111112,2.4133134169969708,0.0,0.24917616695165634,2.6624921250040643
2026-07-21T00:50:12,KNN-Direct-Weighted,Micromass,0.5,32,32,3,0.8055555555555556,2.433629542007111,0.0,0.2512288329889998,2.6848608330474235
2026-07-21T00:50:15,KNN-Direct-Manhattan,Micromass,0.5,32,32,4,0.7777777777777778,2.395701250003185,0.0,0.3175836669979617,2.7132881249999627
2026-07-21T00:50:22,KNN-IC,Micromass,0.5,33,33,4,0.7638888888888888,6.651153583021369,0.5135133750154637,0.07838916697073728,7.243061374989338
2026-07-21T00:50:23,Mean-IC,Micromass,0.5,33,33,1,0.6388888888888888,0.5408630419988185,0.00572758394991979,0.05475404200842604,0.6013482919661328
2026-07-21T00:50:26,KNN-Direct,Micromass,0.5,33,33,6,0.7638888888888888,2.3945530420169234,0.0,0.2464760830043815,2.641034167027101
2026-07-21T00:50:28,KNN-Direct-Weighted,Micromass,0.5,33,33,4,0.6944444444444444,2.4141838750219904,0.0,0.2489406670210883,2.6631292910315096
2026-07-21T00:50:31,KNN-Direct-Manhattan,Micromass,0.5,33,33,15,0.6944444444444444,2.4503065420431085,0.0,0.24507570802234113,2.6953852080041543
2026-07-21T00:50:38,KNN-IC,Micromass,0.5,34,34,4,0.6527777777777778,6.457487583043985,0.5060267919907346,0.0777883330010809,7.041306915984023
2026-07-21T00:50:39,Mean-IC,Micromass,0.5,34,34,1,0.625,0.5496923330356367,0.006000875029712915,0.056293833011295646,0.6119912919821218
2026-07-21T00:50:41,KNN-Direct,Micromass,0.5,34,34,11,0.625,2.3953976669581607,0.0,0.24755299999378622,2.642953292001039
2026-07-21T00:50:44,KNN-Direct-Weighted,Micromass,0.5,34,34,13,0.5972222222222222,2.4196911670151167,0.0,0.24979720800183713,2.669491000007838
2026-07-21T00:50:47,KNN-Direct-Manhattan,Micromass,0.5,34,34,14,0.7361111111111112,2.5311202079756185,0.0,0.25663554202765226,2.787758708000183
2026-07-21T00:50:53,KNN-IC,Micromass,0.5,35,35,2,0.7916666666666666,6.293939459021203,0.3154218749841675,0.07791208301205188,6.687278375029564
2026-07-21T00:50:54,Mean-IC,Micromass,0.5,35,35,1,0.6111111111111112,0.5423511659610085,0.005600875010713935,0.054980624991003424,0.602936375013087
2026-07-21T00:50:57,KNN-Direct,Micromass,0.5,35,35,4,0.7638888888888888,2.401679792033974,0.0,0.2460404169978574,2.647722750029061
2026-07-21T00:50:59,KNN-Direct-Weighted,Micromass,0.5,35,35,5,0.7777777777777778,2.398947915993631,0.0,0.24765987502178177,2.6466103750281036
2026-07-21T00:51:02,KNN-Direct-Manhattan,Micromass,0.5,35,35,3,0.7777777777777778,2.4328507499885745,0.0,0.24366579100023955,2.676522042020224
2026-07-21T00:51:09,KNN-IC,Micromass,0.5,36,36,2,0.7222222222222222,6.385764291975647,0.3208634579787031,0.07777558296220377,6.784410167019814
2026-07-21T00:51:09,Mean-IC,Micromass,0.5,36,36,1,0.6527777777777778,0.545684540993534,0.005833707982674241,0.05530304100830108,0.6068252499680966
2026-07-21T00:51:12,KNN-Direct,Micromass,0.5,36,36,13,0.625,2.41245170799084,0.0,0.24834337504580617,2.660797457967419
2026-07-21T00:51:15,KNN-Direct-Weighted,Micromass,0.5,36,36,1,0.6944444444444444,2.432775249995757,0.0,0.24921520799398422,2.6819936669780873
2026-07-21T00:51:18,KNN-Direct-Manhattan,Micromass,0.5,36,36,15,0.7222222222222222,2.495331625046674,0.0,0.2446394170401618,2.7399740420514718
2026-07-21T00:51:24,KNN-IC,Micromass,0.5,37,37,4,0.7638888888888888,6.222383417014498,0.4887749169720337,0.07799779198830947,6.789160332991742
2026-07-21T00:51:25,Mean-IC,Micromass,0.5,37,37,1,0.6805555555555556,0.54220666695619,0.005548875022213906,0.054870666994247586,0.6026302499813028
2026-07-21T00:51:28,KNN-Direct,Micromass,0.5,37,37,5,0.6388888888888888,2.399545499996748,0.0,0.2472929159994237,2.646840624976903
2026-07-21T00:51:30,KNN-Direct-Weighted,Micromass,0.5,37,37,3,0.6805555555555556,2.411521750036627,0.0,0.3516331249848008,2.763158125046175
2026-07-21T00:51:33,KNN-Direct-Manhattan,Micromass,0.5,37,37,7,0.8194444444444444,2.400793458975386,0.0,0.24501574999885634,2.645812333037611
2026-07-21T00:51:40,KNN-IC,Micromass,0.5,38,38,3,0.7777777777777778,6.369970791973174,0.34426645800704136,0.07823487499263138,6.792475417023525
2026-07-21T00:51:40,Mean-IC,Micromass,0.5,38,38,1,0.6527777777777778,0.5430723750032485,0.005570166977122426,0.0547718329471536,0.6034175420063548
2026-07-21T00:51:43,KNN-Direct,Micromass,0.5,38,38,11,0.7361111111111112,2.3986293749767356,0.0,0.2487377499928698,2.6473697089822963
2026-07-21T00:51:46,KNN-Direct-Weighted,Micromass,0.5,38,38,12,0.7361111111111112,2.5108204160351306,0.0,0.2502612500102259,2.7610845000017434
2026-07-21T00:51:48,KNN-Direct-Manhattan,Micromass,0.5,38,38,9,0.8055555555555556,2.449863167013973,0.0,0.24534525000490248,2.695210958016105
2026-07-21T00:51:55,KNN-IC,Micromass,0.5,39,39,1,0.7361111111111112,6.419360333005898,0.28338437498314306,0.07754991704132408,6.780298167024739
2026-07-21T00:51:56,Mean-IC,Micromass,0.5,39,39,1,0.6944444444444444,0.5446760409977287,0.005563083977904171,0.05510558298556134,0.6053489579935558
2026-07-21T00:51:59,KNN-Direct,Micromass,0.5,39,39,1,0.7222222222222222,2.3994882500264794,0.0,0.24772799998754635,2.64721887500491
2026-07-21T00:52:01,KNN-Direct-Weighted,Micromass,0.5,39,39,4,0.6805555555555556,2.5063748749671504,0.0,0.24932174995774403,2.7556995839695446
2026-07-21T00:52:04,KNN-Direct-Manhattan,Micromass,0.5,39,39,9,0.8333333333333334,2.372937500011176,0.0,0.24481108301552013,2.617751625017263
