timestamp,method,dataset,missing_rate,trial,seed,n_neighbors,accuracy,tuning_time_sec,train_time_sec,predict_time_sec,total_time_sec
2026-07-21T00:54:25,KNN-IC,Parkinson,0.1,0,0,2,0.8618421052631579,8.483728500024881,0.34670383302727714,0.28042237501358613,9.110859749955125
2026-07-21T00:54:27,Mean-IC,Parkinson,0.1,0,0,1,0.9078947368421053,2.097256292006932,0.00388812500750646,0.21650670800590888,2.3176562499720603
2026-07-21T00:54:37,KNN-Direct,Parkinson,0.1,0,0,1,0.875,8.561271624988876,0.0,0.8608925000298768,9.422167000011541
2026-07-21T00:54:46,KNN-Direct-Weighted,Parkinson,0.1,0,0,1,0.868421052631579,8.315883249975741,0.0,0.9611441669985652,9.277030959026888
2026-07-21T00:54:55,KNN-Direct-Manhattan,Parkinson,0.1,0,0,1,0.9539473684210527,8.090826500032563,0.0,0.8441453750128858,8.934975083975587
2026-07-21T00:55:04,KNN-IC,Parkinson,0.1,1,1,2,0.9276315789473685,8.546045166964177,0.3428698339848779,0.2775219169561751,9.166441500012297
2026-07-21T00:55:06,Mean-IC,Parkinson,0.1,1,1,3,0.8947368421052632,2.065073042002041,0.0038735420093871653,0.21626112499507144,2.2852122919866815
2026-07-21T00:55:15,KNN-Direct,Parkinson,0.1,1,1,1,0.9276315789473685,8.195497417007573,0.0,0.9470218329806812,9.142523000016809
2026-07-21T00:55:25,KNN-Direct-Weighted,Parkinson,0.1,1,1,1,0.9210526315789473,8.547341291967314,0.0,0.8703345829853788,9.417680082959123
2026-07-21T00:55:34,KNN-Direct-Manhattan,Parkinson,0.1,1,1,1,0.9539473684210527,8.13926166598685,0.0,0.8431008749757893,8.982365624979138
2026-07-21T00:55:43,KNN-IC,Parkinson,0.1,2,2,6,0.868421052631579,8.470266249962151,0.5091264999937266,0.3470751669956371,9.326474083994981
2026-07-21T00:55:45,Mean-IC,Parkinson,0.1,2,2,3,0.881578947368421,2.076921084022615,0.003887249971739948,0.3066238340106793,2.3874375419691205
2026-07-21T00:55:55,KNN-Direct,Parkinson,0.1,2,2,4,0.868421052631579,8.233845708018634,0.0,0.8598563330015168,9.093705166014843
2026-07-21T00:56:04,KNN-Direct-Weighted,Parkinson,0.1,2,2,6,0.8421052631578947,8.717228666006122,0.0,0.871888791967649,9.589123791025486
2026-07-21T00:56:13,KNN-Direct-Manhattan,Parkinson,0.1,2,2,1,0.9539473684210527,8.035393790982198,0.0,0.8436777910101227,8.879074750002474
2026-07-21T00:56:22,KNN-IC,Parkinson,0.1,3,3,2,0.8947368421052632,8.289682291971985,0.34434145799605176,0.2824179169838317,8.916446499992162
2026-07-21T00:56:24,Mean-IC,Parkinson,0.1,3,3,1,0.875,2.0652685000095516,0.0038213750231079757,0.21597087499685585,2.285065374977421
2026-07-21T00:56:33,KNN-Direct,Parkinson,0.1,3,3,1,0.8552631578947368,8.263566833978985,0.0,0.8566787500167266,9.120248292048927
2026-07-21T00:56:43,KNN-Direct-Weighted,Parkinson,0.1,3,3,1,0.8618421052631579,8.270387249998748,0.0,0.8680782919982448,9.138468332996126
2026-07-21T00:56:52,KNN-Direct-Manhattan,Parkinson,0.1,3,3,1,0.9407894736842105,8.176645374973305,0.0,0.8426859159953892,9.019333750009537
2026-07-21T00:57:01,KNN-IC,Parkinson,0.1,4,4,1,0.9013157894736842,8.381100874976255,0.3169511249870993,0.40139337501022965,9.099450375011656
2026-07-21T00:57:03,Mean-IC,Parkinson,0.1,4,4,1,0.868421052631579,2.07309666601941,0.003804083971772343,0.21620999998413026,2.2931149170035496
2026-07-21T00:57:12,KNN-Direct,Parkinson,0.1,4,4,1,0.881578947368421,8.179270958004054,0.0,0.8570612089824863,9.03633566701319
2026-07-21T00:57:21,KNN-Direct-Weighted,Parkinson,0.1,4,4,1,0.8881578947368421,8.37998233397957,0.0,0.8678082500118762,9.247793708054814
2026-07-21T00:57:30,KNN-Direct-Manhattan,Parkinson,0.1,4,4,1,0.9605263157894737,8.038820457994007,0.0,0.8432243749848567,8.882047709019389
2026-07-21T00:57:40,KNN-IC,Parkinson,0.1,5,5,4,0.8947368421052632,8.539504290965851,0.5697580830310471,0.27954400004819036,9.388811166980304
2026-07-21T00:57:42,Mean-IC,Parkinson,0.1,5,5,4,0.9013157894736842,2.06752904196037,0.004118791955988854,0.21553866600152105,2.287190625036601
2026-07-21T00:57:51,KNN-Direct,Parkinson,0.1,5,5,4,0.8947368421052632,8.265326332999393,0.0,0.8550681250053458,9.120397125021555
2026-07-21T00:58:00,KNN-Direct-Weighted,Parkinson,0.1,5,5,4,0.9013157894736842,8.253209499991499,0.0,0.8658812909852713,9.119093374989461
2026-07-21T00:58:09,KNN-Direct-Manhattan,Parkinson,0.1,5,5,1,0.9736842105263158,8.104554667021148,0.0,0.8418939579860307,8.946451916010119
2026-07-21T00:58:18,KNN-IC,Parkinson,0.1,6,6,1,0.9013157894736842,8.58929995901417,0.31887020799331367,0.2819242909899913,9.190100416948553
2026-07-21T00:58:20,Mean-IC,Parkinson,0.1,6,6,1,0.8947368421052632,2.068411333952099,0.003829208028037101,0.21657116600545123,2.2888157500419766
2026-07-21T00:58:30,KNN-Direct,Parkinson,0.1,6,6,1,0.8881578947368421,8.171649584022816,0.0,0.8531326249940321,9.024784374982119
2026-07-21T00:58:39,KNN-Direct-Weighted,Parkinson,0.1,6,6,1,0.881578947368421,8.344652957981452,0.0,0.8685799579834566,9.213235832983628
2026-07-21T00:58:48,KNN-Direct-Manhattan,Parkinson,0.1,6,6,1,0.9342105263157895,8.132721417001449,0.0,0.8460716250119731,8.978795957984403
2026-07-21T00:58:57,KNN-IC,Parkinson,0.1,7,7,1,0.9144736842105263,8.648437375028152,0.3171243329998106,0.2795883750077337,9.245154417003505
2026-07-21T00:58:59,Mean-IC,Parkinson,0.1,7,7,1,0.8881578947368421,2.071956207975745,0.0038485839613713324,0.2156496670213528,2.2914585830294527
2026-07-21T00:59:08,KNN-Direct,Parkinson,0.1,7,7,3,0.8289473684210527,8.378533958049957,0.0,0.8571985420421697,9.235735791968182
2026-07-21T00:59:18,KNN-Direct-Weighted,Parkinson,0.1,7,7,1,0.875,8.416912041953765,0.0,0.8718623329768889,9.288781042036135
2026-07-21T00:59:27,KNN-Direct-Manhattan,Parkinson,0.1,7,7,1,0.9407894736842105,8.323574375011958,0.0,0.843751041975338,9.167328082956374
2026-07-21T00:59:36,KNN-IC,Parkinson,0.1,8,8,2,0.9144736842105263,8.523197875008918,0.3425689999712631,0.2815677920007147,9.147339167015161
2026-07-21T00:59:38,Mean-IC,Parkinson,0.1,8,8,1,0.9013157894736842,2.0683930829982273,0.003812874958384782,0.21559670800343156,2.287806708016433
2026-07-21T00:59:48,KNN-Direct,Parkinson,0.1,8,8,1,0.9078947368421053,8.326681167003699,0.0,0.8614314160076901,9.188114541990217
2026-07-21T00:59:57,KNN-Direct-Weighted,Parkinson,0.1,8,8,1,0.9078947368421053,8.274518667021766,0.0,0.8660817909985781,9.140603707986884
2026-07-21T01:00:06,KNN-Direct-Manhattan,Parkinson,0.1,8,8,1,0.9473684210526315,8.121718000038527,0.0,0.8425176249584183,8.964238625019789
2026-07-21T01:00:15,KNN-IC,Parkinson,0.1,9,9,2,0.9210526315789473,8.371181208989583,0.3434161249897443,0.2791075420100242,8.993708916998003
2026-07-21T01:00:17,Mean-IC,Parkinson,0.1,9,9,1,0.9276315789473685,2.1730426250142045,0.00412195804528892,0.22145479102618992,2.3986234170151874
2026-07-21T01:00:26,KNN-Direct,Parkinson,0.1,9,9,1,0.9013157894736842,8.211284791992512,0.0,0.8530917500029318,9.064385167032015
2026-07-21T01:00:35,KNN-Direct-Weighted,Parkinson,0.1,9,9,1,0.9078947368421053,8.454246249981225,0.0,0.8656172080081888,9.319873583037406
2026-07-21T01:00:44,KNN-Direct-Manhattan,Parkinson,0.1,9,9,1,0.9605263157894737,8.065453125047497,0.0,0.8322259580017999,8.897682499955408
2026-07-21T01:00:53,KNN-IC,Parkinson,0.1,10,10,1,0.8947368421052632,8.37919308297569,0.3147108749835752,0.2788944589556195,8.972804541001096
2026-07-21T01:00:56,Mean-IC,Parkinson,0.1,10,10,1,0.8881578947368421,2.045753165963106,0.003990082943346351,0.21342741703847423,2.2631752499728464
2026-07-21T01:01:05,KNN-Direct,Parkinson,0.1,10,10,1,0.8881578947368421,8.180184500000905,0.0,0.8478582499665208,9.028045125014614
2026-07-21T01:01:14,KNN-Direct-Weighted,Parkinson,0.1,10,10,1,0.881578947368421,8.177401540975552,0.0,0.8626869169529527,9.040090999973472
2026-07-21T01:01:23,KNN-Direct-Manhattan,Parkinson,0.1,10,10,1,0.9473684210526315,8.08652233297471,0.0,0.8395268339663744,8.926052332972176
2026-07-21T01:01:32,KNN-IC,Parkinson,0.1,11,11,2,0.9013157894736842,8.755225707951467,0.34599150001304224,0.2767802909947932,9.378002125013154
2026-07-21T01:01:34,Mean-IC,Parkinson,0.1,11,11,7,0.8552631578947368,2.0481125420192257,0.0038147910381667316,0.21388633304741234,2.2658175000105985
2026-07-21T01:01:43,KNN-Direct,Parkinson,0.1,11,11,3,0.8618421052631579,8.092076708970126,0.0,0.8467390830046497,8.938820541021414
2026-07-21T01:01:52,KNN-Direct-Weighted,Parkinson,0.1,11,11,7,0.8355263157894737,8.31556358304806,0.0,0.8622157920035534,9.177783916995395
2026-07-21T01:02:01,KNN-Direct-Manhattan,Parkinson,0.1,11,11,1,0.9342105263157895,8.035167624999303,0.0,0.9500585409696214,8.985229332989547
2026-07-21T01:02:10,KNN-IC,Parkinson,0.1,12,12,2,0.9605263157894737,8.265237249957863,0.3443209169781767,0.27875391603447497,8.888319041987415
2026-07-21T01:02:13,Mean-IC,Parkinson,0.1,12,12,1,0.9144736842105263,2.0536550419637933,0.0038862090441398323,0.21419691701885313,2.2717443340225145
2026-07-21T01:02:22,KNN-Direct,Parkinson,0.1,12,12,1,0.9276315789473685,8.250172000029124,0.0,0.8479563749860972,9.09813108301023
2026-07-21T01:02:31,KNN-Direct-Weighted,Parkinson,0.1,12,12,1,0.9276315789473685,8.191892332979478,0.0,0.9705758329946548,9.162470957962796
2026-07-21T01:02:40,KNN-Direct-Manhattan,Parkinson,0.1,12,12,1,0.9671052631578947,8.03698524995707,0.0,0.843556665990036,8.880544624989852
2026-07-21T01:02:49,KNN-IC,Parkinson,0.1,13,13,2,0.9210526315789473,8.813730833004229,0.34278204099973664,0.27885420800885186,9.435370874998625
2026-07-21T01:02:51,Mean-IC,Parkinson,0.1,13,13,1,0.8881578947368421,2.068443374999333,0.0038448749692179263,0.21672737499466166,2.2890191670157947
2026-07-21T01:03:00,KNN-Direct,Parkinson,0.1,13,13,1,0.9342105263157895,8.172635999973863,0.0,0.8551071250112727,9.027745542000048
2026-07-21T01:03:10,KNN-Direct-Weighted,Parkinson,0.1,13,13,1,0.9342105263157895,8.495003667019773,0.0,0.8669512500055134,9.361957666988019
2026-07-21T01:03:19,KNN-Direct-Manhattan,Parkinson,0.1,13,13,1,0.9539473684210527,8.184110125002917,0.0,0.842642750008963,9.026758583029732
2026-07-21T01:03:28,KNN-IC,Parkinson,0.1,14,14,2,0.9342105263157895,8.191135875007603,0.34109120798530057,0.28028408403042704,8.812518957944121
2026-07-21T01:03:30,Mean-IC,Parkinson,0.1,14,14,1,0.9539473684210527,2.070058749988675,0.003847624990157783,0.2159478329704143,2.289861499972176
2026-07-21T01:03:39,KNN-Direct,Parkinson,0.1,14,14,1,0.9342105263157895,8.257148209027946,0.0,0.8570445000077598,9.114197540970054
2026-07-21T01:03:48,KNN-Direct-Weighted,Parkinson,0.1,14,14,1,0.9342105263157895,8.409853459044825,0.0,0.8674903329811059,9.277346707996912
2026-07-21T01:03:57,KNN-Direct-Manhattan,Parkinson,0.1,14,14,1,0.9539473684210527,8.037349999998696,0.0,0.8448118749656714,8.882168042007834
2026-07-21T01:04:06,KNN-IC,Parkinson,0.1,15,15,4,0.881578947368421,8.389955040998757,0.5234771670075133,0.2818888329784386,9.195325125008821
2026-07-21T01:04:09,Mean-IC,Parkinson,0.1,15,15,4,0.8881578947368421,2.065144833002705,0.0038297499995678663,0.21580979198915884,2.2847886250237934
2026-07-21T01:04:18,KNN-Direct,Parkinson,0.1,15,15,1,0.9078947368421053,8.255794790980872,0.0,0.8620924589922652,9.117889375018422
2026-07-21T01:04:27,KNN-Direct-Weighted,Parkinson,0.1,15,15,4,0.8947368421052632,8.344836750009563,0.0,0.8698745829751715,9.214714083005674
2026-07-21T01:04:36,KNN-Direct-Manhattan,Parkinson,0.1,15,15,1,0.9473684210526315,8.18722737499047,0.0,0.8444015409913845,9.0316315839882
2026-07-21T01:04:45,KNN-IC,Parkinson,0.1,16,16,2,0.881578947368421,8.39421337499516,0.342584791011177,0.28007616696413606,9.016878958034795
2026-07-21T01:04:48,Mean-IC,Parkinson,0.1,16,16,1,0.9144736842105263,2.161839374981355,0.004239416972268373,0.21716287499293685,2.383245166973211
2026-07-21T01:04:57,KNN-Direct,Parkinson,0.1,16,16,1,0.9144736842105263,8.184365082997829,0.0,0.8577082499978133,9.042075624980498
2026-07-21T01:05:06,KNN-Direct-Weighted,Parkinson,0.1,16,16,1,0.9078947368421053,8.355128124996554,0.0,0.8747701660031453,9.229901082988363
2026-07-21T01:05:15,KNN-Direct-Manhattan,Parkinson,0.1,16,16,1,0.9210526315789473,8.040099665988237,0.0,0.8423752080416307,8.882477542036213
2026-07-21T01:05:23,KNN-IC,Parkinson,0.1,17,17,2,0.881578947368421,7.939750334015116,0.3438857079599984,0.2779885840136558,8.561631500022486
2026-07-21T01:05:26,Mean-IC,Parkinson,0.1,17,17,1,0.875,2.068616624979768,0.004211166989989579,0.21756270801415667,2.2903947080485523
2026-07-21T01:05:35,KNN-Direct,Parkinson,0.1,17,17,1,0.9013157894736842,8.27865945798112,0.0,0.8556581659941003,9.134320125041995
2026-07-21T01:05:44,KNN-Direct-Weighted,Parkinson,0.1,17,17,1,0.9078947368421053,8.324811916972976,0.0,0.8684060829691589,9.193221458001062
2026-07-21T01:05:53,KNN-Direct-Manhattan,Parkinson,0.1,17,17,1,0.9539473684210527,8.137807958002668,0.0,0.8435251669725403,8.981335791992024
2026-07-21T01:06:02,KNN-IC,Parkinson,0.1,18,18,2,0.9342105263157895,8.38724883296527,0.3426347089698538,0.2798488329863176,9.009736417036038
2026-07-21T01:06:04,Mean-IC,Parkinson,0.1,18,18,1,0.9210526315789473,2.0691823749803007,0.0038557499647140503,0.21619479201035574,2.289237124961801
2026-07-21T01:06:13,KNN-Direct,Parkinson,0.1,18,18,1,0.9144736842105263,8.346605291997548,0.0,0.8569388340110891,9.203546207980253
2026-07-21T01:06:23,KNN-Direct-Weighted,Parkinson,0.1,18,18,3,0.9013157894736842,8.417959250044078,0.0,0.8703337089973502,9.288295957958326
2026-07-21T01:06:32,KNN-Direct-Manhattan,Parkinson,0.1,18,18,1,0.9671052631578947,8.081390167004429,0.0,0.8922051670379005,8.97359820798738
2026-07-21T01:06:41,KNN-IC,Parkinson,0.1,19,19,1,0.8881578947368421,8.484571457956918,0.31716608302667737,0.2802769590052776,9.082018541987054
2026-07-21T01:06:43,Mean-IC,Parkinson,0.1,19,19,1,0.868421052631579,2.0663278329884633,0.0038196659879758954,0.21671474998584017,2.2868663750123233
2026-07-21T01:06:52,KNN-Direct,Parkinson,0.1,19,19,1,0.881578947368421,8.276892416004557,0.0,0.8557666249689646,9.13266141602071
2026-07-21T01:07:01,KNN-Direct-Weighted,Parkinson,0.1,19,19,1,0.875,8.343800041999202,0.0,0.9975615000003017,9.341364333988167
2026-07-21T01:07:10,KNN-Direct-Manhattan,Parkinson,0.1,19,19,1,0.9407894736842105,8.0543887920212,0.0,0.8419532499974594,8.896344874985516
2026-07-21T01:07:19,KNN-IC,Parkinson,0.1,20,20,1,0.881578947368421,8.284140500007197,0.3185084580327384,0.2811177499825135,8.883771291002631
2026-07-21T01:07:22,Mean-IC,Parkinson,0.1,20,20,7,0.7894736842105263,2.067240457981825,0.0042544169700704515,0.21576695801923051,2.2872656250256114
2026-07-21T01:07:31,KNN-Direct,Parkinson,0.1,20,20,1,0.875,8.179643790994305,0.0,0.8585553330485709,9.038201500021387
2026-07-21T01:07:40,KNN-Direct-Weighted,Parkinson,0.1,20,20,1,0.881578947368421,8.368681041989475,0.0,0.8700094999512658,9.238693292019889
2026-07-21T01:07:49,KNN-Direct-Manhattan,Parkinson,0.1,20,20,1,0.9342105263157895,8.19324716704432,0.0,0.8431467500049621,9.036396542040166
2026-07-21T01:07:58,KNN-IC,Parkinson,0.1,21,21,1,0.9078947368421053,8.469614541972987,0.3216384160332382,0.281574708991684,9.072832333971746
2026-07-21T01:08:00,Mean-IC,Parkinson,0.1,21,21,1,0.8947368421052632,2.065506417013239,0.004097041964996606,0.21554541698424146,2.285152999975253
2026-07-21T01:08:09,KNN-Direct,Parkinson,0.1,21,21,1,0.9078947368421053,8.314959083043505,0.0,0.8549623329890892,9.169923666981049
2026-07-21T01:08:19,KNN-Direct-Weighted,Parkinson,0.1,21,21,1,0.8947368421052632,8.324292166973464,0.0,0.8674960830248892,9.191791000019293
2026-07-21T01:08:27,KNN-Direct-Manhattan,Parkinson,0.1,21,21,1,0.9539473684210527,8.01570112502668,0.0,0.8414259169949219,8.857129624986555
2026-07-21T01:08:37,KNN-IC,Parkinson,0.1,22,22,1,0.9210526315789473,8.598675332963467,0.3184154159971513,0.2812878339900635,9.198383249982726
2026-07-21T01:08:39,Mean-IC,Parkinson,0.1,22,22,1,0.8947368421052632,2.0688838330097497,0.0038302080356515944,0.21612133301096037,2.2888397499918938
2026-07-21T01:08:48,KNN-Direct,Parkinson,0.1,22,22,1,0.9013157894736842,8.275389750022441,0.0,0.8578532499959692,9.133246083976701
2026-07-21T01:08:57,KNN-Direct-Weighted,Parkinson,0.1,22,22,1,0.9078947368421053,8.25283179199323,0.0,0.8672610829817131,9.120096375001594
2026-07-21T01:09:06,KNN-Direct-Manhattan,Parkinson,0.1,22,22,1,0.9539473684210527,8.137717375007924,0.0,0.8443478330154903,8.982067916018423
2026-07-21T01:09:15,KNN-IC,Parkinson,0.1,23,23,1,0.875,8.477605333027896,0.3151576669770293,0.2807099160272628,9.073477084049955
2026-07-21T01:09:18,Mean-IC,Parkinson,0.1,23,23,1,0.8881578947368421,2.302886000019498,0.004153749963734299,0.2152507079881616,2.5222971659968607
2026-07-21T01:09:27,KNN-Direct,Parkinson,0.1,23,23,1,0.8618421052631579,8.173578583053313,0.0,0.9555475839879364,9.12912854203023
2026-07-21T01:09:36,KNN-Direct-Weighted,Parkinson,0.1,23,23,6,0.8618421052631579,8.363644625002053,0.0,0.87233024998568,9.2359779169783
2026-07-21T01:09:45,KNN-Direct-Manhattan,Parkinson,0.1,23,23,1,0.9342105263157895,8.03979462501593,0.0,0.8417732500238344,8.881570582976565
2026-07-21T01:09:54,KNN-IC,Parkinson,0.1,24,24,2,0.8947368421052632,8.454189540992957,0.34341262496309355,0.28179745899979025,9.079404083022382
2026-07-21T01:09:56,Mean-IC,Parkinson,0.1,24,24,1,0.9078947368421053,2.06477850000374,0.003808540990576148,0.21584458398865536,2.284436041023582
2026-07-21T01:10:06,KNN-Direct,Parkinson,0.1,24,24,1,0.9078947368421053,8.3079751249752,0.0,0.8561259580310434,9.164103625051212
2026-07-21T01:10:15,KNN-Direct-Weighted,Parkinson,0.1,24,24,1,0.9210526315789473,8.274214415985625,0.0,0.8689436659915373,9.143161042011343
2026-07-21T01:10:24,KNN-Direct-Manhattan,Parkinson,0.1,24,24,1,0.9473684210526315,8.15028754103696,0.0,0.8417668750043958,8.992056957969908
2026-07-21T01:10:33,KNN-IC,Parkinson,0.1,25,25,1,0.8947368421052632,8.587288209004328,0.3168938329908997,0.2796553749940358,9.183842958009336
2026-07-21T01:10:35,Mean-IC,Parkinson,0.1,25,25,1,0.875,2.0735909580253065,0.00429804198211059,0.21565516595728695,2.293548208021093
2026-07-21T01:10:44,KNN-Direct,Parkinson,0.1,25,25,1,0.9078947368421053,8.15164591697976,0.0,0.8566486250492744,9.008296999963932
2026-07-21T01:10:53,KNN-Direct-Weighted,Parkinson,0.1,25,25,1,0.9078947368421053,8.389635625004303,0.0,0.8675492079928517,9.257187792041805
2026-07-21T01:11:02,KNN-Direct-Manhattan,Parkinson,0.1,25,25,4,0.9013157894736842,8.096578457974829,0.0,0.8434587499941699,8.940040040994063
2026-07-21T01:11:11,KNN-IC,Parkinson,0.1,26,26,3,0.881578947368421,7.846938374976162,0.36700087500503287,0.2810549580026418,8.494998332986142
2026-07-21T01:11:13,Mean-IC,Parkinson,0.1,26,26,6,0.8486842105263158,2.0651628330233507,0.004168833955191076,0.21605391602497548,2.2853902089991607
2026-07-21T01:11:22,KNN-Direct,Parkinson,0.1,26,26,3,0.868421052631579,8.269312374992296,0.0,0.8595773749984801,9.128892041975632
2026-07-21T01:11:32,KNN-Direct-Weighted,Parkinson,0.1,26,26,3,0.8881578947368421,8.261506291979458,0.0,1.0077438340522349,9.269253040954936
2026-07-21T01:11:40,KNN-Direct-Manhattan,Parkinson,0.1,26,26,1,0.9473684210526315,8.028934000001755,0.0,0.8433820420177653,8.872318707988597
2026-07-21T01:11:50,KNN-IC,Parkinson,0.1,27,27,1,0.9013157894736842,8.475792000012007,0.3162817500415258,0.28185670799575746,9.073935124964919
2026-07-21T01:11:52,Mean-IC,Parkinson,0.1,27,27,1,0.8618421052631579,2.068430209008511,0.0038662500446662307,0.216295667050872,2.2885959169943817
2026-07-21T01:12:01,KNN-Direct,Parkinson,0.1,27,27,1,0.881578947368421,8.168047290993854,0.0,0.8571097500389442,9.025159624987282
2026-07-21T01:12:10,KNN-Direct-Weighted,Parkinson,0.1,27,27,1,0.875,8.305354124982841,0.0,0.8688289999845438,9.174186124990229
2026-07-21T01:12:19,KNN-Direct-Manhattan,Parkinson,0.1,27,27,1,0.9342105263157895,8.19036241597496,0.0,0.8427172499941662,9.03308195801219
2026-07-21T01:12:28,KNN-IC,Parkinson,0.1,28,28,1,0.8881578947368421,8.432750874955673,0.3200172919896431,0.2812512920354493,9.034024874970783
2026-07-21T01:12:30,Mean-IC,Parkinson,0.1,28,28,1,0.9013157894736842,2.057468582992442,0.003800665959715843,0.21409904200118035,2.2753722080378793
2026-07-21T01:12:39,KNN-Direct,Parkinson,0.1,28,28,1,0.8881578947368421,8.18778941599885,0.0,0.8509400829789229,9.038732083979994
2026-07-21T01:12:49,KNN-Direct-Weighted,Parkinson,0.1,28,28,1,0.8881578947368421,8.316265415982343,0.0,0.8603724589920603,9.176640750025399
2026-07-21T01:12:58,KNN-Direct-Manhattan,Parkinson,0.1,28,28,1,0.9605263157894737,8.238182041968685,0.0,0.8354989580111578,9.073683416005224
2026-07-21T01:13:07,KNN-IC,Parkinson,0.1,29,29,1,0.8947368421052632,8.434698958008084,0.31798475002869964,0.2794790829648264,9.032166959019378
2026-07-21T01:13:09,Mean-IC,Parkinson,0.1,29,29,1,0.9013157894736842,2.0674229169962928,0.0038025000249035656,0.21567437500925735,2.2869038329808973
2026-07-21T01:13:18,KNN-Direct,Parkinson,0.1,29,29,1,0.881578947368421,8.252505291020498,0.0,0.8546567920129746,9.10716399998637
2026-07-21T01:13:27,KNN-Direct-Weighted,Parkinson,0.1,29,29,1,0.875,8.277538708003704,0.0,0.86697675002506,9.144521583977621
2026-07-21T01:13:36,KNN-Direct-Manhattan,Parkinson,0.1,29,29,1,0.9605263157894737,8.130228834052105,0.0,0.8407785419840366,8.971010125009343
2026-07-21T01:13:46,KNN-IC,Parkinson,0.1,30,30,5,0.8421052631578947,8.453600584005471,0.5344719589920714,0.28178808296797797,9.269865416979883
2026-07-21T01:13:48,Mean-IC,Parkinson,0.1,30,30,3,0.875,2.28062520903768,0.004190250008832663,0.21513362502446398,2.499957457999699
2026-07-21T01:13:57,KNN-Direct,Parkinson,0.1,30,30,8,0.8355263157894737,8.177060916961636,0.0,0.8565973329823464,9.033660749963019
2026-07-21T01:14:06,KNN-Direct-Weighted,Parkinson,0.1,30,30,8,0.8355263157894737,8.3386446670047,0.0,0.8707641250221059,9.209411292045843
2026-07-21T01:14:15,KNN-Direct-Manhattan,Parkinson,0.1,30,30,1,0.9407894736842105,8.098939957970288,0.0,0.8430732500273734,8.94201608397998
2026-07-21T01:14:24,KNN-IC,Parkinson,0.1,31,31,2,0.8618421052631579,8.556691583013162,0.34262370894430205,0.2807856249855831,9.180106042011175
2026-07-21T01:14:27,Mean-IC,Parkinson,0.1,31,31,1,0.8421052631578947,2.0745497919851914,0.0038477909984067082,0.21623358299257234,2.2946356660104357
2026-07-21T01:14:36,KNN-Direct,Parkinson,0.1,31,31,1,0.8223684210526315,8.252310500014573,0.0,0.8573341669980437,9.109647208009847
2026-07-21T01:14:45,KNN-Direct-Weighted,Parkinson,0.1,31,31,1,0.8223684210526315,8.264350083016325,0.0,0.8700711249839514,9.13442383299116
2026-07-21T01:14:54,KNN-Direct-Manhattan,Parkinson,0.1,31,31,1,0.9144736842105263,8.168484332971275,0.0,0.8434717500349507,9.0119590840186
2026-07-21T01:15:02,KNN-IC,Parkinson,0.1,32,32,2,0.9407894736842105,7.870850291044917,0.3428880419814959,0.2813569169957191,8.495102625049185
2026-07-21T01:15:05,Mean-IC,Parkinson,0.1,32,32,1,0.9210526315789473,2.0703831660212018,0.003926208999473602,0.21606608299771324,2.290379624988418
2026-07-21T01:15:14,KNN-Direct,Parkinson,0.1,32,32,1,0.9407894736842105,8.176275833044201,0.0,0.8597302089910954,9.036008332972415
2026-07-21T01:15:23,KNN-Direct-Weighted,Parkinson,0.1,32,32,1,0.9473684210526315,8.375855499994941,0.0,0.8750237920321524,9.250881958985701
2026-07-21T01:15:32,KNN-Direct-Manhattan,Parkinson,0.1,32,32,1,0.9473684210526315,8.472225709003396,0.0,0.8371332500246353,9.30936162499711
2026-07-21T01:15:41,KNN-IC,Parkinson,0.1,33,33,1,0.9013157894736842,7.902706166962162,0.3037927090190351,0.27073583303717896,8.477237584011164
2026-07-21T01:15:43,Mean-IC,Parkinson,0.1,33,33,1,0.9013157894736842,2.018656665983144,0.003801290993578732,0.21137283399002627,2.2338339170091785
2026-07-21T01:15:52,KNN-Direct,Parkinson,0.1,33,33,1,0.9078947368421053,8.015225709008519,0.0,0.8318330000038259,8.847061457985546
2026-07-21T01:16:01,KNN-Direct-Weighted,Parkinson,0.1,33,33,1,0.9144736842105263,8.046529457962606,0.0,0.8385870840284042,8.885120625025593
2026-07-21T01:16:10,KNN-Direct-Manhattan,Parkinson,0.1,33,33,1,0.9539473684210527,7.85596124996664,0.0,0.819294249988161,8.675257958006114
2026-07-21T01:16:19,KNN-IC,Parkinson,0.1,34,34,1,0.9276315789473685,8.435718249995261,0.3085983340279199,0.2764210000168532,9.020742541993968
2026-07-21T01:16:21,Mean-IC,Parkinson,0.1,34,34,1,0.9078947368421053,2.0357356250169687,0.0037507080123759806,0.21232670894823968,2.251818708027713
2026-07-21T01:16:30,KNN-Direct,Parkinson,0.1,34,34,1,0.8947368421052632,8.598661041003652,0.0,0.855032833002042,9.45369633298833
2026-07-21T01:16:39,KNN-Direct-Weighted,Parkinson,0.1,34,34,1,0.9144736842105263,8.357992457982618,0.0,0.8670027499902062,9.225001041020732
2026-07-21T01:16:49,KNN-Direct-Manhattan,Parkinson,0.1,34,34,4,0.9605263157894737,8.28011862502899,0.0,0.8416739579988644,9.121795415994711
2026-07-21T01:16:58,KNN-IC,Parkinson,0.1,35,35,2,0.8881578947368421,8.344595207949169,0.3432385409832932,0.2800504170008935,8.967891249980312
2026-07-21T01:17:00,Mean-IC,Parkinson,0.1,35,35,1,0.8881578947368421,2.06148958299309,0.003837042022496462,0.21685833303490654,2.282189583987929
2026-07-21T01:17:09,KNN-Direct,Parkinson,0.1,35,35,1,0.875,8.312169083976187,0.0,0.8539921659976244,9.166163624962792
2026-07-21T01:17:18,KNN-Direct-Weighted,Parkinson,0.1,35,35,4,0.8947368421052632,8.368096583988518,0.0,0.8654269590042531,9.233527040982153
2026-07-21T01:17:27,KNN-Direct-Manhattan,Parkinson,0.1,35,35,1,0.9342105263157895,8.02862170903245,0.0,0.8414293340174481,8.870054250000976
2026-07-21T01:17:36,KNN-IC,Parkinson,0.1,36,36,1,0.875,8.285281666961964,0.31611483299639076,0.2801554999896325,8.88155645801453
2026-07-21T01:17:38,Mean-IC,Parkinson,0.1,36,36,1,0.868421052631579,2.065843916963786,0.003908750019036233,0.2158473749877885,2.285603958996944
2026-07-21T01:17:47,KNN-Direct,Parkinson,0.1,36,36,1,0.8881578947368421,8.252445166988764,0.0,0.8778343339799903,9.13028199999826
2026-07-21T01:17:57,KNN-Direct-Weighted,Parkinson,0.1,36,36,1,0.881578947368421,8.242517000006046,0.0,0.866275709006004,9.108795500011183
2026-07-21T01:18:06,KNN-Direct-Manhattan,Parkinson,0.1,36,36,1,0.9210526315789473,8.128878958988935,0.0,0.8409238749882206,8.969805542030372
2026-07-21T01:18:14,KNN-IC,Parkinson,0.1,37,37,3,0.875,7.770674958010204,0.3655516250291839,0.27866491698659956,8.414896000002045
2026-07-21T01:18:16,Mean-IC,Parkinson,0.1,37,37,1,0.868421052631579,2.0640000000130385,0.0038748749648220837,0.3041050829924643,2.371985042002052
2026-07-21T01:18:25,KNN-Direct,Parkinson,0.1,37,37,1,0.8947368421052632,8.155196416948456,0.0,0.8583766660303809,9.013575625023805
2026-07-21T01:18:35,KNN-Direct-Weighted,Parkinson,0.1,37,37,3,0.881578947368421,8.38807058398379,0.0,0.8668307499610819,9.254904291010462
2026-07-21T01:18:43,KNN-Direct-Manhattan,Parkinson,0.1,37,37,1,0.9210526315789473,8.015482041984797,0.0,0.8392771660001017,8.854761958005838
2026-07-21T01:18:52,KNN-IC,Parkinson,0.1,38,38,4,0.8881578947368421,7.970264707983006,0.5116325409617275,0.28030533296987414,8.762207125022542
2026-07-21T01:18:55,Mean-IC,Parkinson,0.1,38,38,4,0.8618421052631579,2.0609848750173114,0.003816500015091151,0.21583808300783858,2.2806437090039253
2026-07-21T01:19:04,KNN-Direct,Parkinson,0.1,38,38,3,0.8618421052631579,8.255687416996807,0.0,0.8529362080153078,9.10862591699697
2026-07-21T01:19:13,KNN-Direct-Weighted,Parkinson,0.1,38,38,1,0.9013157894736842,8.251715874997899,0.0,0.8659857499878854,9.117704583972227
2026-07-21T01:19:22,KNN-Direct-Manhattan,Parkinson,0.1,38,38,1,0.9473684210526315,8.141396249993704,0.0,0.8982469160109758,9.039645290991757
2026-07-21T01:19:31,KNN-IC,Parkinson,0.1,39,39,4,0.9078947368421053,8.596984750009142,0.6000784589559771,0.3445381660130806,9.541607375023887
2026-07-21T01:19:34,Mean-IC,Parkinson,0.1,39,39,4,0.8947368421052632,2.0845374159980565,0.003889292012900114,0.2160662499954924,2.3044975840020925
2026-07-21T01:19:43,KNN-Direct,Parkinson,0.1,39,39,4,0.9078947368421053,8.140183291980065,0.0,0.8550159999867901,8.995201666024514
2026-07-21T01:19:52,KNN-Direct-Weighted,Parkinson,0.1,39,39,4,0.9144736842105263,8.347942708001938,0.0,0.8669884160044603,9.214933875016868
2026-07-21T01:20:01,KNN-Direct-Manhattan,Parkinson,0.1,39,39,1,0.9210526315789473,8.011764583992772,0.0,0.8400821669492871,8.8518495419994
2026-07-21T01:20:12,KNN-IC,Parkinson,0.2,0,0,2,0.8881578947368421,10.522556959011126,0.415187708043959,0.27854745800141245,11.21629670803668
2026-07-21T01:20:14,Mean-IC,Parkinson,0.2,0,0,6,0.8618421052631579,2.062587833032012,0.005074791959486902,0.21587387495674193,2.2835409170365892
2026-07-21T01:20:25,KNN-Direct,Parkinson,0.2,0,0,3,0.881578947368421,9.65291562495986,0.0,1.0014423329848796,10.654360582993831
2026-07-21T01:20:36,KNN-Direct-Weighted,Parkinson,0.2,0,0,3,0.881578947368421,9.766507916967385,0.0,1.0103417499922216,10.776852332986891
2026-07-21T01:20:46,KNN-Direct-Manhattan,Parkinson,0.2,0,0,1,0.9671052631578947,9.402728166023735,0.0,0.9842366670491174,10.386967415979598
2026-07-21T01:20:57,KNN-IC,Parkinson,0.2,1,1,2,0.9013157894736842,10.570019042002968,0.41624366701580584,0.27781979099381715,11.26408683299087
2026-07-21T01:21:00,Mean-IC,Parkinson,0.2,1,1,1,0.868421052631579,2.066701000032481,0.005012666981201619,0.21902233397122473,2.290740249969531
2026-07-21T01:21:10,KNN-Direct,Parkinson,0.2,1,1,1,0.9144736842105263,9.66189916699659,0.0,0.9983015829930082,10.660204457992222
2026-07-21T01:21:21,KNN-Direct-Weighted,Parkinson,0.2,1,1,1,0.9078947368421053,9.709084249974694,0.0,1.0094973749946803,10.718585500027984
2026-07-21T01:21:31,KNN-Direct-Manhattan,Parkinson,0.2,1,1,1,0.9605263157894737,9.390259792038705,0.0,1.0551464169984683,10.445414374989923
2026-07-21T01:21:42,KNN-IC,Parkinson,0.2,2,2,1,0.9276315789473685,10.356438416987658,0.368613375001587,0.27938495797570795,11.00444474996766
2026-07-21T01:21:45,Mean-IC,Parkinson,0.2,2,2,4,0.9078947368421053,2.0627517090179026,0.005179125000722706,0.21293425001204014,2.2808692500111647
2026-07-21T01:21:55,KNN-Direct,Parkinson,0.2,2,2,3,0.8421052631578947,9.760749541979749,0.0,0.999591333034914,10.760343166999519
2026-07-21T01:22:06,KNN-Direct-Weighted,Parkinson,0.2,2,2,10,0.7960526315789473,9.724072417011485,0.0,0.9991741249687038,10.72324929194292
2026-07-21T01:22:17,KNN-Direct-Manhattan,Parkinson,0.2,2,2,1,0.9407894736842105,9.332216832961421,0.0,1.0817038749810308,10.4139234580216
2026-07-21T01:22:27,KNN-IC,Parkinson,0.2,3,3,1,0.868421052631579,9.959494082955644,0.37080862501170486,0.27899612503824756,10.609304290963337
2026-07-21T01:22:30,Mean-IC,Parkinson,0.2,3,3,3,0.7960526315789473,2.0613187499693595,0.005284749960992485,0.2134603330050595,2.2800675830221735
2026-07-21T01:22:40,KNN-Direct,Parkinson,0.2,3,3,1,0.8486842105263158,9.578673541953322,0.0,0.9887981250067241,10.567474208015483
2026-07-21T01:22:51,KNN-Direct-Weighted,Parkinson,0.2,3,3,1,0.868421052631579,9.663170957996044,0.0,1.0004194169887342,10.66359279199969
2026-07-21T01:23:01,KNN-Direct-Manhattan,Parkinson,0.2,3,3,1,0.9276315789473685,9.639883707975969,0.0,1.0540623749839142,10.693950166983996
2026-07-21T01:23:12,KNN-IC,Parkinson,0.2,4,4,2,0.881578947368421,10.205261958006304,0.4080625419737771,0.278250792005565,10.891584958997555
2026-07-21T01:23:15,Mean-IC,Parkinson,0.2,4,4,1,0.8421052631578947,2.050559042021632,0.005214250006247312,0.21339758299291134,2.2691750830272213
2026-07-21T01:23:25,KNN-Direct,Parkinson,0.2,4,4,1,0.868421052631579,9.691991708998103,0.0,1.0024174999562092,10.694413624994922
2026-07-21T01:23:36,KNN-Direct-Weighted,Parkinson,0.2,4,4,1,0.868421052631579,9.748985082958825,0.0,1.011237083002925,10.760225708014332
2026-07-21T01:23:47,KNN-Direct-Manhattan,Parkinson,0.2,4,4,1,0.9671052631578947,9.407816791033838,0.0,1.0839379169628955,10.491759416996501
2026-07-21T01:23:58,KNN-IC,Parkinson,0.2,5,5,2,0.9013157894736842,10.335631292022299,0.41613016702467576,0.27887641597772017,11.030643000034615
2026-07-21T01:24:00,Mean-IC,Parkinson,0.2,5,5,1,0.9144736842105263,2.0646456250105985,0.005067457968834788,0.21817083400674164,2.2878885000245646
2026-07-21T01:24:11,KNN-Direct,Parkinson,0.2,5,5,3,0.881578947368421,9.634305917017628,0.0,0.996864499989897,10.63117287500063
2026-07-21T01:24:21,KNN-Direct-Weighted,Parkinson,0.2,5,5,4,0.8881578947368421,9.736855708004441,0.0,1.0093158329837024,10.746174875006545
2026-07-21T01:24:32,KNN-Direct-Manhattan,Parkinson,0.2,5,5,4,0.9407894736842105,9.5130494160112,0.0,1.0621843329863623,10.575236167002004
2026-07-21T01:24:43,KNN-IC,Parkinson,0.2,6,6,1,0.875,10.382205792004243,0.36988562502665445,0.279404999979306,11.031500332988799
2026-07-21T01:24:45,Mean-IC,Parkinson,0.2,6,6,1,0.8881578947368421,2.06484437501058,0.005170334014110267,0.21553312498144805,2.285552249988541
2026-07-21T01:24:56,KNN-Direct,Parkinson,0.2,6,6,4,0.868421052631579,9.634144250012469,0.0,0.9963353750063106,10.63048179197358
2026-07-21T01:25:07,KNN-Direct-Weighted,Parkinson,0.2,6,6,3,0.868421052631579,9.814213124976959,0.0,1.010759708005935,10.824975375027861
2026-07-21T01:25:17,KNN-Direct-Manhattan,Parkinson,0.2,6,6,1,0.9276315789473685,9.398621667001862,0.0,1.0985510419704951,10.497175667027477
2026-07-21T01:25:29,KNN-IC,Parkinson,0.2,7,7,4,0.8355263157894737,10.574507334036753,0.7581131670158356,0.27939387498190627,11.612018625019118
2026-07-21T01:25:31,Mean-IC,Parkinson,0.2,7,7,1,0.8618421052631579,2.0679480839753523,0.00519520795205608,0.21516095794504508,2.2883080830215476
2026-07-21T01:25:42,KNN-Direct,Parkinson,0.2,7,7,1,0.8881578947368421,9.614345084002707,0.0,0.9991477919975296,10.613494999997783
2026-07-21T01:25:53,KNN-Direct-Weighted,Parkinson,0.2,7,7,1,0.881578947368421,9.798927917028777,0.0,1.012872666993644,10.811804166994989
2026-07-21T01:26:03,KNN-Direct-Manhattan,Parkinson,0.2,7,7,1,0.9276315789473685,9.587580082996283,0.0,0.9751816660282202,10.562764375004917
2026-07-21T01:26:14,KNN-IC,Parkinson,0.2,8,8,1,0.9078947368421053,10.51287566695828,0.38412633299594745,0.2788242920069024,11.175833749992307
2026-07-21T01:26:17,Mean-IC,Parkinson,0.2,8,8,4,0.9013157894736842,2.065949374984484,0.005072334024589509,0.3554900420131162,2.426517417014111
2026-07-21T01:26:27,KNN-Direct,Parkinson,0.2,8,8,1,0.881578947368421,9.526080499985255,0.0,0.9968684170162305,10.522952625004109
2026-07-21T01:26:38,KNN-Direct-Weighted,Parkinson,0.2,8,8,1,0.8881578947368421,9.775989041954745,0.0,1.0090371249825694,10.785031249979511
2026-07-21T01:26:49,KNN-Direct-Manhattan,Parkinson,0.2,8,8,1,0.9407894736842105,9.541147499985527,0.0,0.9882011660374701,10.5293541669962
2026-07-21T01:27:00,KNN-IC,Parkinson,0.2,9,9,2,0.9210526315789473,10.303411917004269,0.41352095804177225,0.27835487498668954,10.995293207990471
2026-07-21T01:27:02,Mean-IC,Parkinson,0.2,9,9,1,0.9078947368421053,2.159059875004459,0.0055028750211931765,0.21868575003463775,2.3832527920021676
2026-07-21T01:27:12,KNN-Direct,Parkinson,0.2,9,9,1,0.9407894736842105,9.51597700000275,0.0,0.9976089589763433,10.513588583038654
2026-07-21T01:27:23,KNN-Direct-Weighted,Parkinson,0.2,9,9,1,0.9473684210526315,9.779077083978336,0.0,1.01071179198334,10.789791583025362
2026-07-21T01:27:34,KNN-Direct-Manhattan,Parkinson,0.2,9,9,1,0.9736842105263158,9.53227904101368,0.0,0.9844758340041153,10.516757624980528
2026-07-21T01:27:45,KNN-IC,Parkinson,0.2,10,10,2,0.8947368421052632,10.103941334004048,0.414977208012715,0.2791657920461148,10.79808904096717
2026-07-21T01:27:47,Mean-IC,Parkinson,0.2,10,10,1,0.8618421052631579,2.1738262079888955,0.005563415994402021,0.21790754195535555,2.3973018329706974
2026-07-21T01:27:57,KNN-Direct,Parkinson,0.2,10,10,1,0.868421052631579,9.524868999957107,0.0,0.9991569999838248,10.524028667015955
2026-07-21T01:28:08,KNN-Direct-Weighted,Parkinson,0.2,10,10,1,0.8618421052631579,9.75817637500586,0.0,1.0088718330371194,10.767050708993338
2026-07-21T01:28:19,KNN-Direct-Manhattan,Parkinson,0.2,10,10,1,0.9276315789473685,9.518740249972325,0.0,0.9862710839952342,10.505014542024583
2026-07-21T01:28:30,KNN-IC,Parkinson,0.2,11,11,2,0.9013157894736842,10.244429040991236,0.4180594169883989,0.27701220801100135,10.939504542038776
2026-07-21T01:28:32,Mean-IC,Parkinson,0.2,11,11,1,0.881578947368421,2.168733209022321,0.00527354096993804,0.21971479203784838,2.3937258340301923
2026-07-21T01:28:43,KNN-Direct,Parkinson,0.2,11,11,8,0.8552631578947368,9.531732250005007,0.0,0.9993008750025183,10.531036000000313
2026-07-21T01:28:53,KNN-Direct-Weighted,Parkinson,0.2,11,11,1,0.9013157894736842,9.755789084010758,0.0,1.0094073750078678,10.765199500019662
2026-07-21T01:29:04,KNN-Direct-Manhattan,Parkinson,0.2,11,11,1,0.9407894736842105,9.601525417005178,0.0,0.9854024999658577,10.5869307499961
2026-07-21T01:29:15,KNN-IC,Parkinson,0.2,12,12,1,0.9276315789473685,10.27748975000577,0.37497662502573803,0.2785429159994237,10.931013833032921
2026-07-21T01:29:17,Mean-IC,Parkinson,0.2,12,12,1,0.8881578947368421,2.184933500015177,0.005134959006682038,0.21675704198423773,2.4068294999888167
2026-07-21T01:29:28,KNN-Direct,Parkinson,0.2,12,12,1,0.9210526315789473,9.51399670803221,0.0,0.9999777909833938,10.513976666959934
2026-07-21T01:29:39,KNN-Direct-Weighted,Parkinson,0.2,12,12,1,0.9013157894736842,9.992151875048876,0.0,1.0118497909861617,11.004008332965896
2026-07-21T01:29:49,KNN-Direct-Manhattan,Parkinson,0.2,12,12,1,0.9671052631578947,9.563019833993167,0.0,0.9906570829916745,10.553679958044086
2026-07-21T01:30:01,KNN-IC,Parkinson,0.2,13,13,2,0.9078947368421053,10.472484957950655,0.41671258298447356,0.27779062499757856,11.16699483297998
2026-07-21T01:30:03,Mean-IC,Parkinson,0.2,13,13,1,0.8486842105263158,2.1849785409867764,0.005378542002290487,0.21570054203039035,2.4060650410247035
2026-07-21T01:30:14,KNN-Direct,Parkinson,0.2,13,13,4,0.875,9.53911470802268,0.0,0.987001292000059,10.52611820900347
2026-07-21T01:30:24,KNN-Direct-Weighted,Parkinson,0.2,13,13,4,0.875,9.65095595800085,0.0,0.9990019169636071,10.649960457987618
2026-07-21T01:30:35,KNN-Direct-Manhattan,Parkinson,0.2,13,13,1,0.9539473684210527,9.590971500030719,0.0,0.9859893749817275,10.5769634579774
2026-07-21T01:30:45,KNN-IC,Parkinson,0.2,14,14,1,0.9144736842105263,10.036414957954548,0.3660167080233805,0.28230441600317135,10.684740625030827
2026-07-21T01:30:48,Mean-IC,Parkinson,0.2,14,14,1,0.9407894736842105,2.1668237499543466,0.005010667024180293,0.21530220803106204,2.3871407079859637
2026-07-21T01:30:58,KNN-Direct,Parkinson,0.2,14,14,1,0.9276315789473685,9.528797917009797,0.0,0.9970499590272084,10.52585320797516
2026-07-21T01:31:09,KNN-Direct-Weighted,Parkinson,0.2,14,14,1,0.9210526315789473,9.6993502919795,0.0,1.0066098339739256,10.705962834006641
2026-07-21T01:31:20,KNN-Direct-Manhattan,Parkinson,0.2,14,14,1,0.9473684210526315,9.563686207984574,0.0,0.9850182920345105,10.548710667004343
2026-07-21T01:31:31,KNN-IC,Parkinson,0.2,15,15,4,0.8618421052631579,10.098668958991766,0.7459738330217078,0.27905554097378626,11.123702541051898
2026-07-21T01:31:33,Mean-IC,Parkinson,0.2,15,15,6,0.8486842105263158,2.1561499999952503,0.005151625024154782,0.21594983304385096,2.3772587919957004
2026-07-21T01:31:44,KNN-Direct,Parkinson,0.2,15,15,4,0.8552631578947368,9.50397683295887,0.0,1.0002044169814326,10.504183416021988
2026-07-21T01:31:54,KNN-Direct-Weighted,Parkinson,0.2,15,15,5,0.8486842105263158,9.740930917032529,0.0,1.0103134589735419,10.751247500011232
2026-07-21T01:32:05,KNN-Direct-Manhattan,Parkinson,0.2,15,15,4,0.9078947368421053,9.588955999992322,0.0,0.9855625839554705,10.574523459014017
2026-07-21T01:32:16,KNN-IC,Parkinson,0.2,16,16,1,0.881578947368421,10.437380583025515,0.37276545900385827,0.2825563329970464,11.092706416035071
2026-07-21T01:32:18,Mean-IC,Parkinson,0.2,16,16,1,0.881578947368421,2.171066333015915,0.005247416964266449,0.2144832499907352,2.390801375033334
2026-07-21T01:32:29,KNN-Direct,Parkinson,0.2,16,16,1,0.868421052631579,9.597941750020254,0.0,1.0173897079657763,10.615334082976915
2026-07-21T01:32:40,KNN-Direct-Weighted,Parkinson,0.2,16,16,1,0.881578947368421,9.727681209042203,0.0,1.0110067919595167,10.738690958009101
2026-07-21T01:32:50,KNN-Direct-Manhattan,Parkinson,0.2,16,16,1,0.9210526315789473,9.53209595894441,0.0,0.9864127080072649,10.518511749978643
2026-07-21T01:33:01,KNN-IC,Parkinson,0.2,17,17,3,0.8421052631578947,9.682381667022128,0.4605266659636982,0.2765822500223294,10.419496417045593
2026-07-21T01:33:03,Mean-IC,Parkinson,0.2,17,17,1,0.875,2.1832811670028605,0.005110582977067679,0.21506783401127905,2.4034641250036657
2026-07-21T01:33:14,KNN-Direct,Parkinson,0.2,17,17,1,0.9013157894736842,9.534050791990012,0.0,0.9980921249953099,10.53214762499556
2026-07-21T01:33:24,KNN-Direct-Weighted,Parkinson,0.2,17,17,4,0.8421052631578947,9.639517915959004,0.0,1.0038370830006897,10.643359749985393
2026-07-21T01:33:35,KNN-Direct-Manhattan,Parkinson,0.2,17,17,1,0.9342105263157895,9.504919541999698,0.0,0.9862540409667417,10.491176582989283
2026-07-21T01:33:46,KNN-IC,Parkinson,0.2,18,18,1,0.9276315789473685,10.266611083003227,0.371702375006862,0.2796398749924265,10.917957999976352
2026-07-21T01:33:48,Mean-IC,Parkinson,0.2,18,18,1,0.875,2.2707773750298657,0.0054546669707633555,0.21461133297998458,2.490846708009485
2026-07-21T01:33:59,KNN-Direct,Parkinson,0.2,18,18,1,0.9013157894736842,9.531441083003301,0.0,0.9984934169915505,10.529936916020233
2026-07-21T01:34:10,KNN-Direct-Weighted,Parkinson,0.2,18,18,1,0.9013157894736842,9.737796791014262,0.0,1.0095548749668524,10.747354207967874
2026-07-21T01:34:20,KNN-Direct-Manhattan,Parkinson,0.2,18,18,1,0.9605263157894737,9.51941904204432,0.0,0.9855992920347489,10.50502158299787
2026-07-21T01:34:31,KNN-IC,Parkinson,0.2,19,19,1,0.8947368421052632,10.55245754099451,0.3682063749874942,0.279064083006233,11.199732874985784
2026-07-21T01:34:34,Mean-IC,Parkinson,0.2,19,19,1,0.8947368421052632,2.213733582990244,0.005397207976784557,0.21525070897769183,2.434389458037913
2026-07-21T01:34:44,KNN-Direct,Parkinson,0.2,19,19,1,0.881578947368421,9.535351541999262,0.0,0.9972764169797301,10.532630708010402
2026-07-21T01:34:55,KNN-Direct-Weighted,Parkinson,0.2,19,19,1,0.875,9.716819250024855,0.0,1.0092817089753225,10.726103542023338
2026-07-21T01:35:05,KNN-Direct-Manhattan,Parkinson,0.2,19,19,1,0.9342105263157895,9.504757834016345,0.0,0.9826157499919645,10.487376124947332
2026-07-21T01:35:16,KNN-IC,Parkinson,0.2,20,20,1,0.875,9.981532374978997,0.371435749984812,0.2798716670367867,10.632843667000998
2026-07-21T01:35:19,Mean-IC,Parkinson,0.2,20,20,1,0.8947368421052632,2.232958167034667,0.005172541015781462,0.21533583401469514,2.4534698330098763
2026-07-21T01:35:29,KNN-Direct,Parkinson,0.2,20,20,1,0.881578947368421,9.537212249997538,0.0,0.9977872909512371,10.535002083983272
2026-07-21T01:35:40,KNN-Direct-Weighted,Parkinson,0.2,20,20,1,0.875,9.730527165986132,0.0,1.010775749979075,10.741305875009857
2026-07-21T01:35:50,KNN-Direct-Manhattan,Parkinson,0.2,20,20,1,0.9210526315789473,9.49273437494412,0.0,0.9874479579739273,10.480184999993071
2026-07-21T01:36:01,KNN-IC,Parkinson,0.2,21,21,1,0.9078947368421053,10.497867792029865,0.36985154199646786,0.27921675000106916,11.146940290986095
2026-07-21T01:36:04,Mean-IC,Parkinson,0.2,21,21,1,0.9013157894736842,2.1955944999936037,0.005213083000853658,0.21523941698251292,2.4160510830115527
2026-07-21T01:36:14,KNN-Direct,Parkinson,0.2,21,21,1,0.875,9.627316000056453,0.0,0.9978001249837689,10.625118875002954
2026-07-21T01:36:25,KNN-Direct-Weighted,Parkinson,0.2,21,21,1,0.875,9.743115165969357,0.0,1.009958208014723,10.753076250024606
2026-07-21T01:36:36,KNN-Direct-Manhattan,Parkinson,0.2,21,21,1,0.9407894736842105,9.489992542017717,0.0,0.984054250002373,10.474049792042933
2026-07-21T01:36:47,KNN-IC,Parkinson,0.2,22,22,1,0.9210526315789473,10.556577917013783,0.37695304199587554,0.3420792910037562,11.275616250000894
2026-07-21T01:36:49,Mean-IC,Parkinson,0.2,22,22,1,0.8881578947368421,2.117052750021685,0.005167083989363164,0.21587637503398582,2.3381016660132445
2026-07-21T01:37:00,KNN-Direct,Parkinson,0.2,22,22,1,0.9078947368421053,9.519745917001273,0.0,0.9977511250181124,10.517499207984656
2026-07-21T01:37:11,KNN-Direct-Weighted,Parkinson,0.2,22,22,1,0.9013157894736842,9.718226124998182,0.0,1.010060833999887,10.728290416998789
2026-07-21T01:37:21,KNN-Direct-Manhattan,Parkinson,0.2,22,22,1,0.9473684210526315,9.497759958030656,0.0,0.986465958005283,10.48423158400692
2026-07-21T01:37:32,KNN-IC,Parkinson,0.2,23,23,1,0.8881578947368421,10.452757332997862,0.4688015419524163,0.32724516704911366,11.24880895804381
2026-07-21T01:37:35,Mean-IC,Parkinson,0.2,23,23,1,0.881578947368421,2.0841835840255953,0.0050440410268493,0.2158111670287326,2.305043167027179
2026-07-21T01:37:45,KNN-Direct,Parkinson,0.2,23,23,1,0.868421052631579,9.526818874990568,0.0,0.9984677080065012,10.525289541052189
2026-07-21T01:37:56,KNN-Direct-Weighted,Parkinson,0.2,23,23,1,0.875,9.724228541948833,0.0,1.012517958006356,10.736749249976128
2026-07-21T01:38:06,KNN-Direct-Manhattan,Parkinson,0.2,23,23,1,0.9407894736842105,9.549090250045992,0.0,0.9854048329871148,10.53450095799053
2026-07-21T01:38:18,KNN-IC,Parkinson,0.2,24,24,1,0.8947368421052632,10.326608999981545,0.48675579199334607,0.2820693340036087,11.095438375021331
2026-07-21T01:38:20,Mean-IC,Parkinson,0.2,24,24,1,0.9013157894736842,2.064422250026837,0.005084834003355354,0.21486741700209677,2.284378750016913
2026-07-21T01:38:30,KNN-Direct,Parkinson,0.2,24,24,1,0.875,9.518677833955735,0.0,0.9998131659813225,10.518493041046895
2026-07-21T01:38:41,KNN-Direct-Weighted,Parkinson,0.2,24,24,1,0.868421052631579,9.752108167042024,0.0,1.0121157090179622,10.764226583007257
2026-07-21T01:38:52,KNN-Direct-Manhattan,Parkinson,0.2,24,24,1,0.9605263157894737,9.475986792007461,0.0,0.9875328329508193,10.463522417005152
2026-07-21T01:39:03,KNN-IC,Parkinson,0.2,25,25,1,0.881578947368421,10.491628249990754,0.38697799999499694,0.27852325001731515,11.157133875007275
2026-07-21T01:39:05,Mean-IC,Parkinson,0.2,25,25,1,0.8486842105263158,2.061747291008942,0.005311582994181663,0.21495216601761058,2.282015041972045
2026-07-21T01:39:16,KNN-Direct,Parkinson,0.2,25,25,1,0.8618421052631579,9.505686292017344,0.0,0.995613000006415,10.50130166701274
2026-07-21T01:39:26,KNN-Direct-Weighted,Parkinson,0.2,25,25,1,0.8552631578947368,9.76405437500216,0.0,1.0061525420169346,10.77020970796002
2026-07-21T01:39:37,KNN-Direct-Manhattan,Parkinson,0.2,25,25,1,0.9407894736842105,9.659672542009503,0.0,0.9863421660265885,10.646017999970354
2026-07-21T01:39:47,KNN-IC,Parkinson,0.2,26,26,1,0.8947368421052632,9.631741250050254,0.37614304199814796,0.36068270803662017,10.36857216595672
2026-07-21T01:39:50,Mean-IC,Parkinson,0.2,26,26,1,0.881578947368421,2.065593749983236,0.0054612920503132045,0.2143163340515457,2.285375459003262
2026-07-21T01:40:00,KNN-Direct,Parkinson,0.2,26,26,6,0.8486842105263158,9.529176125011873,0.0,1.000038374972064,10.529216666007414
2026-07-21T01:40:11,KNN-Direct-Weighted,Parkinson,0.2,26,26,6,0.8552631578947368,9.749118500039913,0.0,1.0108584159752354,10.75997987500159
2026-07-21T01:40:21,KNN-Direct-Manhattan,Parkinson,0.2,26,26,1,0.9473684210526315,9.498044167004991,0.0,0.9856304159620777,10.483677749987692
2026-07-21T01:40:32,KNN-IC,Parkinson,0.2,27,27,2,0.8618421052631579,10.244730917038396,0.51020050002262,0.28998279199004173,11.044918124971446
2026-07-21T01:40:35,Mean-IC,Parkinson,0.2,27,27,1,0.8157894736842105,2.065572166000493,0.005122000002302229,0.21543350000865757,2.2861315420013852
2026-07-21T01:40:45,KNN-Direct,Parkinson,0.2,27,27,1,0.868421052631579,9.604990374995396,0.0,0.9990256250021048,10.604018584010191
2026-07-21T01:40:56,KNN-Direct-Weighted,Parkinson,0.2,27,27,3,0.8618421052631579,9.974544500000775,0.0,1.0311542910058051,11.00570154102752
2026-07-21T01:41:07,KNN-Direct-Manhattan,Parkinson,0.2,27,27,1,0.9342105263157895,9.79107475001365,0.0,1.0127127500018105,10.803791541955434
2026-07-21T01:41:18,KNN-IC,Parkinson,0.2,28,28,2,0.9276315789473685,10.593646207998972,0.4239658329752274,0.28082004201132804,11.298438083031215
2026-07-21T01:41:21,Mean-IC,Parkinson,0.2,28,28,1,0.8947368421052632,2.070805625000503,0.005043041019234806,0.21653395902831107,2.292387042019982
2026-07-21T01:41:31,KNN-Direct,Parkinson,0.2,28,28,3,0.8618421052631579,9.546296209038701,0.0,1.0006522919866256,10.54695108300075
2026-07-21T01:41:42,KNN-Direct-Weighted,Parkinson,0.2,28,28,1,0.8947368421052632,9.837593959004153,0.0,1.0128699169727042,10.850467125012074
2026-07-21T01:41:53,KNN-Direct-Manhattan,Parkinson,0.2,28,28,1,0.9605263157894737,9.525825958000496,0.0,0.9876075420179404,10.513436250039376
2026-07-21T01:42:04,KNN-IC,Parkinson,0.2,29,29,2,0.9078947368421053,10.328852457983885,0.4193079170072451,0.2781808340223506,11.02634537499398
2026-07-21T01:42:06,Mean-IC,Parkinson,0.2,29,29,6,0.8355263157894737,2.065638499974739,0.005427124968264252,0.21571483399020508,2.28678491699975
2026-07-21T01:42:17,KNN-Direct,Parkinson,0.2,29,29,1,0.9013157894736842,9.546217874973081,0.0,1.0089773330255412,10.555197708017658
2026-07-21T01:42:27,KNN-Direct-Weighted,Parkinson,0.2,29,29,1,0.8881578947368421,9.786589208000805,0.0,1.0112321249907836,10.797824334003963
2026-07-21T01:42:38,KNN-Direct-Manhattan,Parkinson,0.2,29,29,1,0.9342105263157895,9.506206749996636,0.0,0.9871040830039419,10.49331374996109
2026-07-21T01:42:50,KNN-IC,Parkinson,0.2,30,30,5,0.8289473684210527,10.66554591601016,0.7583284580032341,0.28179449995514005,11.705673624994233
2026-07-21T01:42:52,Mean-IC,Parkinson,0.2,30,30,5,0.8421052631578947,2.068490458012093,0.005051625019405037,0.21565745800035074,2.2892035840195604
2026-07-21T01:43:03,KNN-Direct,Parkinson,0.2,30,30,10,0.8026315789473685,9.837829458003398,0.0,1.1153714999672957,10.953202874981798
2026-07-21T01:43:13,KNN-Direct-Weighted,Parkinson,0.2,30,30,10,0.8092105263157895,9.64827145804884,0.0,1.0163462919881567,10.664620416995604
2026-07-21T01:43:24,KNN-Direct-Manhattan,Parkinson,0.2,30,30,1,0.9342105263157895,9.554163666965906,0.0,0.9897161670378409,10.54388262500288
2026-07-21T01:43:35,KNN-IC,Parkinson,0.2,31,31,2,0.8486842105263158,10.510890332981944,0.4161632090108469,0.2790870000026189,11.206145207979716
2026-07-21T01:43:38,Mean-IC,Parkinson,0.2,31,31,1,0.8092105263157895,2.064682916039601,0.004978124983608723,0.21571966703049839,2.2853849579696544
2026-07-21T01:43:48,KNN-Direct,Parkinson,0.2,31,31,1,0.8223684210526315,9.570271958014928,0.0,1.1012767500360496,10.671551457955502
2026-07-21T01:43:59,KNN-Direct-Weighted,Parkinson,0.2,31,31,1,0.8223684210526315,9.652685875014868,0.0,1.013292750052642,10.665981666010339
2026-07-21T01:44:09,KNN-Direct-Manhattan,Parkinson,0.2,31,31,1,0.9078947368421053,9.542354959005024,0.0,1.0535803330130875,10.595938040991314
2026-07-21T01:44:20,KNN-IC,Parkinson,0.2,32,32,1,0.8947368421052632,9.569264792022295,0.3712230829987675,0.2797179169720039,10.22021133400267
2026-07-21T01:44:22,Mean-IC,Parkinson,0.2,32,32,1,0.8881578947368421,2.0644724590238184,0.005055750021710992,0.2165359589853324,2.2860684579936787
2026-07-21T01:44:33,KNN-Direct,Parkinson,0.2,32,32,1,0.881578947368421,9.549177541979589,0.0,1.0937337500508875,10.642913791991305
2026-07-21T01:44:43,KNN-Direct-Weighted,Parkinson,0.2,32,32,1,0.881578947368421,9.649838416022249,0.0,1.0152782920049503,10.66511962498771
2026-07-21T01:44:54,KNN-Direct-Manhattan,Parkinson,0.2,32,32,1,0.9671052631578947,9.56399437499931,0.0,0.9879764999495819,10.55197633401258
2026-07-21T01:45:05,KNN-IC,Parkinson,0.2,33,33,1,0.9210526315789473,10.201294082973618,0.3744548329850659,0.27866995899239555,10.854423332959414
2026-07-21T01:45:07,Mean-IC,Parkinson,0.2,33,33,1,0.8881578947368421,2.0725393749889918,0.005463209003210068,0.2146896249614656,2.29269629198825
2026-07-21T01:45:18,KNN-Direct,Parkinson,0.2,33,33,1,0.9276315789473685,9.540960457990877,0.0,1.106045999971684,10.647009124979377
2026-07-21T01:45:28,KNN-Direct-Weighted,Parkinson,0.2,33,33,1,0.9210526315789473,9.704973499989137,0.0,1.0121129169710912,10.71708958299132
2026-07-21T01:45:39,KNN-Direct-Manhattan,Parkinson,0.2,33,33,1,0.9605263157894737,9.551849957962986,0.0,0.9860640420229174,10.537916457979009
2026-07-21T01:45:50,KNN-IC,Parkinson,0.2,34,34,2,0.9210526315789473,10.590680541994516,0.42179370898520574,0.28053166600875556,11.29301033297088
2026-07-21T01:45:52,Mean-IC,Parkinson,0.2,34,34,1,0.881578947368421,2.06791612500092,0.00510308297816664,0.21609954198356718,2.2891227919608355
2026-07-21T01:46:03,KNN-Direct,Parkinson,0.2,34,34,4,0.875,9.537293999979738,0.0,1.0900671670096926,10.627363625040743
2026-07-21T01:46:14,KNN-Direct-Weighted,Parkinson,0.2,34,34,3,0.8618421052631579,9.837178500019945,0.0,1.0137633749982342,10.850950749998447
2026-07-21T01:46:25,KNN-Direct-Manhattan,Parkinson,0.2,34,34,1,0.9736842105263158,9.615026500017848,0.0,0.9870214589755051,10.602050542016514
2026-07-21T01:46:36,KNN-IC,Parkinson,0.2,35,35,4,0.9013157894736842,10.360222916991916,0.7844230420305394,0.2803072090027854,11.424958290997893
2026-07-21T01:46:38,Mean-IC,Parkinson,0.2,35,35,4,0.9013157894736842,2.1343000000342727,0.005056624999269843,0.2169887910131365,2.356349458976183
2026-07-21T01:46:49,KNN-Direct,Parkinson,0.2,35,35,1,0.8881578947368421,9.697265999973752,0.0,1.0011543339933269,10.698422792018391
2026-07-21T01:47:00,KNN-Direct-Weighted,Parkinson,0.2,35,35,1,0.8947368421052632,9.655115374946035,0.0,1.01300162501866,10.668120084039401
2026-07-21T01:47:10,KNN-Direct-Manhattan,Parkinson,0.2,35,35,1,0.9473684210526315,9.541802457999438,0.0,0.9867811659933068,10.528586333035491
2026-07-21T01:47:21,KNN-IC,Parkinson,0.2,36,36,1,0.881578947368421,10.319263332989067,0.3683646669960581,0.2815849590115249,10.969217500009108
2026-07-21T01:47:24,Mean-IC,Parkinson,0.2,36,36,3,0.7894736842105263,2.068705250043422,0.005108749959617853,0.2166347499587573,2.290452584042214
2026-07-21T01:47:34,KNN-Direct,Parkinson,0.2,36,36,1,0.8552631578947368,9.64990487502655,0.0,1.005459374981001,10.65536620898638
2026-07-21T01:47:45,KNN-Direct-Weighted,Parkinson,0.2,36,36,1,0.868421052631579,9.660383583046496,0.0,1.0137267499812879,10.674113125016447
2026-07-21T01:47:55,KNN-Direct-Manhattan,Parkinson,0.2,36,36,1,0.9210526315789473,9.567848999984562,0.0,0.9871171669801697,10.554969208023977
2026-07-21T01:48:06,KNN-IC,Parkinson,0.2,37,37,1,0.881578947368421,9.499671207973734,0.37068533402634785,0.27988108299905434,10.150242291972972
2026-07-21T01:48:08,Mean-IC,Parkinson,0.2,37,37,3,0.8486842105263158,2.069446915993467,0.005299750017002225,0.2190912080113776,2.2938418749836273
2026-07-21T01:48:19,KNN-Direct,Parkinson,0.2,37,37,1,0.8618421052631579,9.625076375028584,0.0,1.0052693749894388,10.630348167032935
2026-07-21T01:48:29,KNN-Direct-Weighted,Parkinson,0.2,37,37,1,0.868421052631579,9.644160500029102,0.0,1.0105307920021005,10.654694415978156
2026-07-21T01:48:40,KNN-Direct-Manhattan,Parkinson,0.2,37,37,1,0.9342105263157895,9.526841916027479,0.0,0.9868393749929965,10.513684000005014
2026-07-21T01:48:50,KNN-IC,Parkinson,0.2,38,38,1,0.9013157894736842,9.681844791979529,0.36964216601336375,0.2810337920091115,10.332528250000905
2026-07-21T01:48:52,Mean-IC,Parkinson,0.2,38,38,4,0.8618421052631579,2.0677860410069115,0.005042999982833862,0.21565995801938698,2.288492874999065
2026-07-21T01:49:03,KNN-Direct,Parkinson,0.2,38,38,4,0.8881578947368421,9.547899249999318,0.0,1.0942292499821633,10.642131250002421
2026-07-21T01:49:14,KNN-Direct-Weighted,Parkinson,0.2,38,38,3,0.8552631578947368,9.710697499976959,0.0,1.016158375015948,10.726858499983791
2026-07-21T01:49:24,KNN-Direct-Manhattan,Parkinson,0.2,38,38,1,0.9407894736842105,9.508753250003792,0.0,0.9886999590089545,10.497455874981824
2026-07-21T01:49:35,KNN-IC,Parkinson,0.2,39,39,1,0.881578947368421,10.65587245800998,0.37277733301743865,0.27941133303102106,11.308066374971531
2026-07-21T01:49:38,Mean-IC,Parkinson,0.2,39,39,1,0.8947368421052632,2.288560083019547,0.0054756669560447335,0.21914904104778543,2.5131898329709657
2026-07-21T01:49:49,KNN-Direct,Parkinson,0.2,39,39,4,0.9210526315789473,9.659693833033089,0.0,1.0062758339918219,10.665976832970046
2026-07-21T01:49:59,KNN-Direct-Weighted,Parkinson,0.2,39,39,4,0.9078947368421053,9.661935917043593,0.0,1.0114067909889854,10.673347875010222
2026-07-21T01:50:10,KNN-Direct-Manhattan,Parkinson,0.2,39,39,1,0.9210526315789473,9.518233792041428,0.0,0.9877847089665011,10.506021083972882
2026-07-21T01:50:23,KNN-IC,Parkinson,0.3,0,0,8,0.8355263157894737,12.11155825003516,0.8511126660159789,0.28044491697801277,13.243121749954298
2026-07-21T01:50:25,Mean-IC,Parkinson,0.3,0,0,6,0.8552631578947368,2.0696320830029435,0.006295458995737135,0.21581770799821243,2.2917490420513786
2026-07-21T01:50:36,KNN-Direct,Parkinson,0.3,0,0,14,0.8618421052631579,10.027663792017847,0.0,1.0421462079975754,11.069812500034459
2026-07-21T01:50:48,KNN-Direct-Weighted,Parkinson,0.3,0,0,10,0.8355263157894737,10.034967916959431,0.0,1.1349509170395322,11.16992166696582
2026-07-21T01:50:58,KNN-Direct-Manhattan,Parkinson,0.3,0,0,4,0.9539473684210527,9.797747333010193,0.0,1.029110083996784,10.826860499975737
2026-07-21T01:51:11,KNN-IC,Parkinson,0.3,1,1,2,0.8947368421052632,12.1911117080017,0.4737547499826178,0.27936300000874326,12.944234124966897
2026-07-21T01:51:14,Mean-IC,Parkinson,0.3,1,1,3,0.8289473684210527,2.0792210000217892,0.006189499981701374,0.21638816699851304,2.3018032910185866
2026-07-21T01:51:25,KNN-Direct,Parkinson,0.3,1,1,1,0.9013157894736842,10.637384166999254,0.0,1.0118886250420474,11.649285625026096
2026-07-21T01:51:36,KNN-Direct-Weighted,Parkinson,0.3,1,1,1,0.8947368421052632,9.839007750037126,0.0,1.0240073340246454,10.863024457998108
2026-07-21T01:51:47,KNN-Direct-Manhattan,Parkinson,0.3,1,1,1,0.9605263157894737,9.541519708000124,0.0,1.0008368339622393,10.542359334009234
2026-07-21T01:51:59,KNN-IC,Parkinson,0.3,2,2,1,0.8947368421052632,11.633116916986182,0.39596020797034726,0.270796416036319,12.299876375007443
2026-07-21T01:52:01,Mean-IC,Parkinson,0.3,2,2,4,0.881578947368421,2.0243062080116943,0.0059777910355478525,0.21218583302106708,2.2424738330300897
2026-07-21T01:52:12,KNN-Direct,Parkinson,0.3,2,2,8,0.8355263157894737,9.716035165998619,0.0,1.0108448750106618,10.726882291026413
2026-07-21T01:52:23,KNN-Direct-Weighted,Parkinson,0.3,2,2,10,0.8092105263157895,9.811707416956779,0.0,1.028155667008832,10.839865708956495
2026-07-21T01:52:34,KNN-Direct-Manhattan,Parkinson,0.3,2,2,1,0.9473684210526315,9.575738166982774,0.0,1.0155523749999702,10.591293166973628
2026-07-21T01:52:45,KNN-IC,Parkinson,0.3,3,3,1,0.868421052631579,11.13720400002785,0.3965044589713216,0.2725093339686282,11.80622054199921
2026-07-21T01:52:48,Mean-IC,Parkinson,0.3,3,3,5,0.7828947368421053,2.0241214589914307,0.006046708032954484,0.23843679198762402,2.2686143750324845
2026-07-21T01:52:58,KNN-Direct,Parkinson,0.3,3,3,1,0.8618421052631579,9.706457208027132,0.0,1.0115390409482643,10.717998915992212
2026-07-21T01:53:09,KNN-Direct-Weighted,Parkinson,0.3,3,3,1,0.868421052631579,9.987380959035363,0.0,1.0253991250065155,11.012785208004061
2026-07-21T01:53:20,KNN-Direct-Manhattan,Parkinson,0.3,3,3,1,0.9342105263157895,9.580236750014592,0.0,1.0040392500231974,10.584278833994176
2026-07-21T01:53:32,KNN-IC,Parkinson,0.3,4,4,1,0.881578947368421,11.403002416016534,0.3925987910479307,0.2720870000193827,12.06769129197346
2026-07-21T01:53:34,Mean-IC,Parkinson,0.3,4,4,1,0.8223684210526315,2.044120208011009,0.005939916998613626,0.21239145897561684,2.262453916016966
2026-07-21T01:53:45,KNN-Direct,Parkinson,0.3,4,4,1,0.8618421052631579,9.708872165996581,0.0,1.015465167001821,10.724339333013631
2026-07-21T01:53:56,KNN-Direct-Weighted,Parkinson,0.3,4,4,1,0.8486842105263158,9.834288084006403,0.0,1.0279318750253879,10.86222250002902
2026-07-21T01:54:06,KNN-Direct-Manhattan,Parkinson,0.3,4,4,1,0.9342105263157895,9.590958958026022,0.0,1.006449083040934,10.597410666989163
2026-07-21T01:54:19,KNN-IC,Parkinson,0.3,5,5,1,0.8947368421052632,11.453349874995183,0.3965342079754919,0.2722478749928996,12.122134540986735
2026-07-21T01:54:21,Mean-IC,Parkinson,0.3,5,5,1,0.8355263157894737,2.0255525420070626,0.005977583001367748,0.21128004195634276,2.242812457960099
2026-07-21T01:54:32,KNN-Direct,Parkinson,0.3,5,5,1,0.9013157894736842,9.68685566703789,0.0,1.0135610420256853,10.700419083004817
2026-07-21T01:54:42,KNN-Direct-Weighted,Parkinson,0.3,5,5,1,0.9078947368421053,9.80172595899785,0.0,1.0244925000006333,10.82622408401221
2026-07-21T01:54:53,KNN-Direct-Manhattan,Parkinson,0.3,5,5,3,0.9078947368421053,9.577932583983056,0.0,1.0008791250293143,10.578814290987793
2026-07-21T01:55:05,KNN-IC,Parkinson,0.3,6,6,2,0.8618421052631579,11.593465415993705,0.45466595800826326,0.2746415830333717,12.32277841703035
2026-07-21T01:55:07,Mean-IC,Parkinson,0.3,6,6,1,0.875,2.0273510420229286,0.005929084029048681,0.21087737497873604,2.2441596659482457
2026-07-21T01:55:18,KNN-Direct,Parkinson,0.3,6,6,1,0.8421052631578947,9.70135033299448,0.0,1.0316093330038711,10.732961500005331
2026-07-21T01:55:29,KNN-Direct-Weighted,Parkinson,0.3,6,6,4,0.868421052631579,9.794157166033983,0.0,1.0266720419749618,10.82083183299983
2026-07-21T01:55:40,KNN-Direct-Manhattan,Parkinson,0.3,6,6,1,0.9078947368421053,9.573543957958464,0.0,1.0011205829796381,10.574667332984973
2026-07-21T01:55:52,KNN-IC,Parkinson,0.3,7,7,1,0.9013157894736842,11.804373457969632,0.39433437498519197,0.2751057500136085,12.473817292018794
2026-07-21T01:55:54,Mean-IC,Parkinson,0.3,7,7,1,0.8552631578947368,2.02648349996889,0.005946915945969522,0.2119285420048982,2.2443612909992225
2026-07-21T01:56:05,KNN-Direct,Parkinson,0.3,7,7,1,0.8881578947368421,9.705996249977034,0.0,1.014002582989633,10.720001042005606
2026-07-21T01:56:16,KNN-Direct-Weighted,Parkinson,0.3,7,7,1,0.881578947368421,9.790955291013233,0.0,1.0275467499741353,10.818505875009578
2026-07-21T01:56:27,KNN-Direct-Manhattan,Parkinson,0.3,7,7,1,0.9210526315789473,9.690031041041948,0.0,1.0023251250386238,10.692361458961386
2026-07-21T01:56:39,KNN-IC,Parkinson,0.3,8,8,1,0.881578947368421,11.447565582988318,0.39487566699972376,0.2758388340007514,12.118283167015761
2026-07-21T01:56:41,Mean-IC,Parkinson,0.3,8,8,1,0.868421052631579,2.0303167090169154,0.005953458021394908,0.21211195801151916,2.2483848750125617
2026-07-21T01:56:52,KNN-Direct,Parkinson,0.3,8,8,1,0.9013157894736842,9.698073083010968,0.0,1.0160402919864282,10.71411599998828
2026-07-21T01:57:02,KNN-Direct-Weighted,Parkinson,0.3,8,8,1,0.875,9.78953458298929,0.0,1.0273390419897623,10.816876625001896
2026-07-21T01:57:13,KNN-Direct-Manhattan,Parkinson,0.3,8,8,1,0.9144736842105263,9.595527250028681,0.0,1.0003488750080578,10.595878667023499
2026-07-21T01:57:25,KNN-IC,Parkinson,0.3,9,9,1,0.9013157894736842,11.50568033294985,0.39404154202202335,0.27350962499622256,12.173234209010843
2026-07-21T01:57:28,Mean-IC,Parkinson,0.3,9,9,1,0.868421052631579,2.021885374968406,0.005882582976482809,0.21130708296550438,2.2390777500113472
2026-07-21T01:57:38,KNN-Direct,Parkinson,0.3,9,9,1,0.9078947368421053,9.693039792007767,0.0,1.0123535830061883,10.705395959026646
2026-07-21T01:57:49,KNN-Direct-Weighted,Parkinson,0.3,9,9,1,0.9013157894736842,9.779546917008702,0.0,1.0299693749984726,10.809521707997192
2026-07-21T01:58:00,KNN-Direct-Manhattan,Parkinson,0.3,9,9,1,0.9671052631578947,9.55658625002252,0.0,0.9999801669619046,10.556569542037323
2026-07-21T01:58:12,KNN-IC,Parkinson,0.3,10,10,2,0.875,11.30786416697083,0.45246950001455843,0.27291691600112244,12.033253041969147
2026-07-21T01:58:14,Mean-IC,Parkinson,0.3,10,10,4,0.868421052631579,2.023333500023,0.005898332979995757,0.21138900000369176,2.240623790945392
2026-07-21T01:58:25,KNN-Direct,Parkinson,0.3,10,10,3,0.8552631578947368,9.733096624957398,0.0,1.0161367499968037,10.74924033303978
2026-07-21T01:58:35,KNN-Direct-Weighted,Parkinson,0.3,10,10,1,0.868421052631579,9.810917625029106,0.0,1.0281330830184743,10.83905337494798
2026-07-21T01:58:46,KNN-Direct-Manhattan,Parkinson,0.3,10,10,1,0.9078947368421053,9.565071999968495,0.0,1.0042910419870168,10.569365624978673
2026-07-21T01:58:59,KNN-IC,Parkinson,0.3,11,11,4,0.8552631578947368,11.50238249998074,0.9327367500518449,0.2741469170432538,12.709269042010419
2026-07-21T01:59:01,Mean-IC,Parkinson,0.3,11,11,1,0.8355263157894737,2.0282644589897245,0.005949750018771738,0.2112927499692887,2.245509458996821
2026-07-21T01:59:12,KNN-Direct,Parkinson,0.3,11,11,4,0.8552631578947368,9.727268541988451,0.0,1.0168487079790793,10.744119499984663
2026-07-21T01:59:23,KNN-Direct-Weighted,Parkinson,0.3,11,11,3,0.8486842105263158,9.815892917045858,0.0,1.0253887919825502,10.841284374997485
2026-07-21T01:59:33,KNN-Direct-Manhattan,Parkinson,0.3,11,11,4,0.9144736842105263,9.564825416950043,0.0,1.0159916250267997,10.580819582974073
2026-07-21T01:59:45,KNN-IC,Parkinson,0.3,12,12,1,0.8881578947368421,11.464021541003603,0.4337554589728825,0.34273370797745883,12.240514874982182
2026-07-21T01:59:48,Mean-IC,Parkinson,0.3,12,12,1,0.875,2.021638250036631,0.00598312501097098,0.21117008302826434,2.238797167025041
2026-07-21T01:59:58,KNN-Direct,Parkinson,0.3,12,12,3,0.868421052631579,9.732976708037313,0.0,1.0183089589700103,10.75129216699861
2026-07-21T02:00:09,KNN-Direct-Weighted,Parkinson,0.3,12,12,4,0.875,9.82793174998369,0.0,1.0287614169646986,10.856700374977663
2026-07-21T02:00:20,KNN-Direct-Manhattan,Parkinson,0.3,12,12,1,0.9671052631578947,9.581906291015912,0.0,1.001834458031226,10.583743082999717
2026-07-21T02:00:32,KNN-IC,Parkinson,0.3,13,13,2,0.9013157894736842,11.652490209031384,0.4547218329971656,0.2745646250550635,12.38177945901407
2026-07-21T02:00:35,Mean-IC,Parkinson,0.3,13,13,1,0.8421052631578947,2.0487527920049615,0.005921208008658141,0.21052541601238772,2.2652059589745477
2026-07-21T02:00:45,KNN-Direct,Parkinson,0.3,13,13,6,0.8421052631578947,9.68418208399089,0.0,1.01373899995815,10.697923375002574
2026-07-21T02:00:56,KNN-Direct-Weighted,Parkinson,0.3,13,13,3,0.8552631578947368,9.805598207982257,0.0,1.0251538750017062,10.830754750000779
2026-07-21T02:01:07,KNN-Direct-Manhattan,Parkinson,0.3,13,13,1,0.9407894736842105,9.600012833019719,0.0,1.0093253339873627,10.60934066696791
2026-07-21T02:01:19,KNN-IC,Parkinson,0.3,14,14,2,0.9144736842105263,11.116688292007893,0.4745215000002645,0.27617029199609533,11.867385291028768
2026-07-21T02:01:21,Mean-IC,Parkinson,0.3,14,14,1,0.881578947368421,2.0311156249954365,0.005829125002492219,0.211890707956627,2.2488377499976195
2026-07-21T02:01:32,KNN-Direct,Parkinson,0.3,14,14,1,0.8881578947368421,9.707845499971882,0.0,1.015459791989997,10.72330737503944
2026-07-21T02:01:42,KNN-Direct-Weighted,Parkinson,0.3,14,14,1,0.9013157894736842,9.820073167036753,0.0,1.0251147909439169,10.84519070800161
2026-07-21T02:01:53,KNN-Direct-Manhattan,Parkinson,0.3,14,14,1,0.9342105263157895,9.591596583020873,0.0,1.034603666048497,10.626203207997605
2026-07-21T02:02:05,KNN-IC,Parkinson,0.3,15,15,2,0.8947368421052632,11.134742749971338,0.45657187496544793,0.2759640419972129,11.86728220898658
2026-07-21T02:02:07,Mean-IC,Parkinson,0.3,15,15,1,0.9013157894736842,2.0417379590217024,0.005932333006057888,0.21122495899908245,2.2588978340500034
2026-07-21T02:02:18,KNN-Direct,Parkinson,0.3,15,15,3,0.8486842105263158,9.692944374983199,0.0,1.0144151670392603,10.707361791981384
2026-07-21T02:02:29,KNN-Direct-Weighted,Parkinson,0.3,15,15,3,0.8486842105263158,9.811769332969561,0.0,1.0259197499835864,10.837691666965839
2026-07-21T02:02:39,KNN-Direct-Manhattan,Parkinson,0.3,15,15,4,0.9078947368421053,9.585449542035349,0.0,1.0039849170134403,10.589440250012558
2026-07-21T02:02:52,KNN-IC,Parkinson,0.3,16,16,2,0.8881578947368421,11.527165040955879,0.45066179102286696,0.2741730409907177,12.252005707996432
2026-07-21T02:02:54,Mean-IC,Parkinson,0.3,16,16,4,0.875,2.0230802500154823,0.005845167033839971,0.21133870800258592,2.240269499947317
2026-07-21T02:03:04,KNN-Direct,Parkinson,0.3,16,16,4,0.868421052631579,9.710114332963713,0.0,1.0138756660162471,10.723992332990747
2026-07-21T02:03:15,KNN-Direct-Weighted,Parkinson,0.3,16,16,1,0.8881578947368421,9.867040125012863,0.0,1.0277447500266135,10.894790458027273
2026-07-21T02:03:26,KNN-Direct-Manhattan,Parkinson,0.3,16,16,1,0.9144736842105263,9.58181650005281,0.0,1.002679541008547,10.584500875032973
2026-07-21T02:03:38,KNN-IC,Parkinson,0.3,17,17,4,0.8618421052631579,10.557176125003025,0.8464248329983093,0.274227416026406,11.677831209031865
2026-07-21T02:03:40,Mean-IC,Parkinson,0.3,17,17,3,0.8026315789473685,2.0237926249974407,0.005926207988522947,0.21189137501642108,2.24161758297123
2026-07-21T02:03:51,KNN-Direct,Parkinson,0.3,17,17,6,0.8289473684210527,9.706618166004773,0.0,1.0151008339598775,10.721721249981783
2026-07-21T02:04:01,KNN-Direct-Weighted,Parkinson,0.3,17,17,3,0.868421052631579,9.77912770799594,0.0,1.0257805419969372,10.804914625012316
2026-07-21T02:04:12,KNN-Direct-Manhattan,Parkinson,0.3,17,17,1,0.9276315789473685,9.595533832965884,0.0,1.0013297920231707,10.596866250038147
2026-07-21T02:04:24,KNN-IC,Parkinson,0.3,18,18,2,0.8947368421052632,11.486315250047483,0.4553440000163391,0.2732336249900982,12.2148957499885
2026-07-21T02:04:26,Mean-IC,Parkinson,0.3,18,18,1,0.875,2.030482917034533,0.00604966701939702,0.2161799999885261,2.252719249983784
2026-07-21T02:04:37,KNN-Direct,Parkinson,0.3,18,18,1,0.875,9.712661666970234,0.0,1.0165275420295075,10.729191666003317
2026-07-21T02:04:48,KNN-Direct-Weighted,Parkinson,0.3,18,18,1,0.8947368421052632,9.774807374982629,0.0,1.026300291006919,10.801109957974404
2026-07-21T02:04:59,KNN-Direct-Manhattan,Parkinson,0.3,18,18,1,0.9407894736842105,9.578325375041459,0.0,1.001043165975716,10.579371084051672
2026-07-21T02:05:11,KNN-IC,Parkinson,0.3,19,19,1,0.8552631578947368,11.800059832981788,0.3974831249797717,0.27220195799600333,12.46974795794813
2026-07-21T02:05:13,Mean-IC,Parkinson,0.3,19,19,1,0.8355263157894737,2.024945791985374,0.005945166980382055,0.21219200000632554,2.2430880829924718
2026-07-21T02:05:24,KNN-Direct,Parkinson,0.3,19,19,1,0.8618421052631579,9.717640749993734,0.0,1.077033375040628,10.79467679199297
2026-07-21T02:05:36,KNN-Direct-Weighted,Parkinson,0.3,19,19,1,0.8618421052631579,10.687988916994072,0.0,1.0294098749873228,11.71740416600369
2026-07-21T02:05:47,KNN-Direct-Manhattan,Parkinson,0.3,19,19,1,0.9407894736842105,9.704737958032638,0.0,1.016707833041437,10.72144875000231
2026-07-21T02:05:58,KNN-IC,Parkinson,0.3,20,20,2,0.8618421052631579,11.079379333008546,0.46242283401079476,0.27767191600287333,11.819476916978601
2026-07-21T02:06:01,Mean-IC,Parkinson,0.3,20,20,5,0.7960526315789473,2.0584576670080423,0.0059183749835938215,0.21287941600894555,2.277257916983217
2026-07-21T02:06:11,KNN-Direct,Parkinson,0.3,20,20,1,0.8618421052631579,9.737875290971715,0.0,1.0154026249656454,10.75328016700223
2026-07-21T02:06:22,KNN-Direct-Weighted,Parkinson,0.3,20,20,3,0.8289473684210527,9.809247708006296,0.0,1.0265257919672877,10.835776292020455
2026-07-21T02:06:33,KNN-Direct-Manhattan,Parkinson,0.3,20,20,1,0.9210526315789473,9.69750158401439,0.0,1.001117667008657,10.698621375020593
2026-07-21T02:06:45,KNN-IC,Parkinson,0.3,21,21,2,0.9013157894736842,11.727843208005652,0.45289362501353025,0.2715558339841664,12.452298624964897
2026-07-21T02:06:48,Mean-IC,Parkinson,0.3,21,21,1,0.868421052631579,2.0170955000212416,0.005940750008448958,0.21071762504288927,2.233756249945145
2026-07-21T02:06:58,KNN-Direct,Parkinson,0.3,21,21,1,0.8486842105263158,9.666126208961941,0.0,1.0073195829754695,10.67345129197929
2026-07-21T02:07:09,KNN-Direct-Weighted,Parkinson,0.3,21,21,11,0.8421052631578947,9.803022416017484,0.0,1.0238209160161205,10.826845875009894
2026-07-21T02:07:20,KNN-Direct-Manhattan,Parkinson,0.3,21,21,1,0.9342105263157895,9.568213999969885,0.0,1.000824625021778,10.56904441700317
2026-07-21T02:07:32,KNN-IC,Parkinson,0.3,22,22,2,0.9078947368421053,11.693142665957566,0.45564595801988617,0.2738099579582922,12.422600999998394
2026-07-21T02:07:34,Mean-IC,Parkinson,0.3,22,22,4,0.8618421052631579,2.05142574995989,0.006060208019334823,0.21289962495211512,2.270390874997247
2026-07-21T02:07:45,KNN-Direct,Parkinson,0.3,22,22,1,0.8881578947368421,9.681082167022396,0.0,1.0149788340204395,10.696063000010327
2026-07-21T02:07:56,KNN-Direct-Weighted,Parkinson,0.3,22,22,1,0.8881578947368421,9.812617082963698,0.0,1.0262913329643197,10.838910916994791
2026-07-21T02:08:07,KNN-Direct-Manhattan,Parkinson,0.3,22,22,1,0.9671052631578947,9.57130941702053,0.0,1.0080084590008482,10.579320625052787
2026-07-21T02:08:19,KNN-IC,Parkinson,0.3,23,23,1,0.8881578947368421,11.57520649995422,0.4150462090037763,0.2768995829974301,12.267159083974548
2026-07-21T02:08:21,Mean-IC,Parkinson,0.3,23,23,4,0.8486842105263158,2.0272845000145026,0.006197375012561679,0.2113852080074139,2.244869665999431
2026-07-21T02:08:32,KNN-Direct,Parkinson,0.3,23,23,3,0.8355263157894737,9.701782000018284,0.0,1.014757708995603,10.716541874979157
2026-07-21T02:08:43,KNN-Direct-Weighted,Parkinson,0.3,23,23,8,0.8355263157894737,9.809775165980682,0.0,1.0252404590137303,10.835025499982294
2026-07-21T02:08:53,KNN-Direct-Manhattan,Parkinson,0.3,23,23,1,0.9210526315789473,9.580523459007964,0.0,1.0013489159755409,10.58187504200032
2026-07-21T02:09:05,KNN-IC,Parkinson,0.3,24,24,1,0.8618421052631579,11.493529708008282,0.39664700004504994,0.27609225001651794,12.16627329197945
2026-07-21T02:09:08,Mean-IC,Parkinson,0.3,24,24,1,0.8289473684210527,2.0382314160233364,0.005843208986334503,0.21142833295743912,2.25550500000827
2026-07-21T02:09:18,KNN-Direct,Parkinson,0.3,24,24,1,0.8881578947368421,9.703261333983392,0.0,1.0235297920298763,10.726793500012718
2026-07-21T02:09:29,KNN-Direct-Weighted,Parkinson,0.3,24,24,1,0.881578947368421,9.807921583007555,0.0,1.0273496249574237,10.835274083015975
2026-07-21T02:09:40,KNN-Direct-Manhattan,Parkinson,0.3,24,24,1,0.9671052631578947,9.573857833980583,0.0,0.9995165829895996,10.573377375025302
2026-07-21T02:09:52,KNN-IC,Parkinson,0.3,25,25,2,0.9078947368421053,11.560364291013684,0.4532889589900151,0.32882900000549853,12.342487290967256
2026-07-21T02:09:54,Mean-IC,Parkinson,0.3,25,25,3,0.8552631578947368,2.0453721249941736,0.005992166989017278,0.21207870898069814,2.2634459160035476
2026-07-21T02:10:05,KNN-Direct,Parkinson,0.3,25,25,1,0.8947368421052632,9.701118291995954,0.0,1.012508040992543,10.713628333003726
2026-07-21T02:10:16,KNN-Direct-Weighted,Parkinson,0.3,25,25,1,0.881578947368421,9.797461749985814,0.0,1.0233868750510737,10.82085466699209
2026-07-21T02:10:27,KNN-Direct-Manhattan,Parkinson,0.3,25,25,1,0.9407894736842105,9.592435875034425,0.0,0.9997592080035247,10.592197499994654
2026-07-21T02:10:39,KNN-IC,Parkinson,0.3,26,26,6,0.8618421052631579,10.768029332975857,0.927544999984093,0.2739741670084186,11.969552249996923
2026-07-21T02:10:41,Mean-IC,Parkinson,0.3,26,26,6,0.8026315789473685,2.031144249951467,0.005900624964851886,0.21251995797501877,2.249566791986581
2026-07-21T02:10:52,KNN-Direct,Parkinson,0.3,26,26,6,0.875,9.732846500002779,0.0,1.0174387079896405,10.750287208997179
2026-07-21T02:11:02,KNN-Direct-Weighted,Parkinson,0.3,26,26,6,0.8618421052631579,9.794934583012946,0.0,1.0266450000344776,10.821582041971851
2026-07-21T02:11:13,KNN-Direct-Manhattan,Parkinson,0.3,26,26,3,0.9210526315789473,9.62344887497602,0.0,1.0024747910210863,10.625929666974116
2026-07-21T02:11:25,KNN-IC,Parkinson,0.3,27,27,2,0.8618421052631579,11.38426412496483,0.45786754199070856,0.27151104202494025,12.113645958015695
2026-07-21T02:11:27,Mean-IC,Parkinson,0.3,27,27,1,0.8092105263157895,2.0237740839947946,0.005987959040794522,0.21224587503820658,2.242009915993549
2026-07-21T02:11:38,KNN-Direct,Parkinson,0.3,27,27,1,0.8618421052631579,9.73294429195812,0.0,1.014761374972295,10.747708041977603
2026-07-21T02:11:49,KNN-Direct-Weighted,Parkinson,0.3,27,27,1,0.8618421052631579,9.79399412497878,0.0,1.0509700829861686,10.84496700001182
2026-07-21T02:12:00,KNN-Direct-Manhattan,Parkinson,0.3,27,27,1,0.9407894736842105,9.577369916019961,0.0,1.0009210830321535,10.57829341699835
2026-07-21T02:12:12,KNN-IC,Parkinson,0.3,28,28,1,0.9013157894736842,11.634631791966967,0.3979740830254741,0.27496195904677734,12.307573792000767
2026-07-21T02:12:14,Mean-IC,Parkinson,0.3,28,28,1,0.868421052631579,2.0221842089667916,0.005872167006600648,0.211272792017553,2.239331582968589
2026-07-21T02:12:25,KNN-Direct,Parkinson,0.3,28,28,1,0.8618421052631579,9.710178000037558,0.0,1.0173063750262372,10.727486666000914
2026-07-21T02:12:36,KNN-Direct-Weighted,Parkinson,0.3,28,28,1,0.875,9.820708042010665,0.0,1.0265464159892872,10.84725754201645
2026-07-21T02:12:46,KNN-Direct-Manhattan,Parkinson,0.3,28,28,1,0.9342105263157895,9.577815916971304,0.0,1.003066667006351,10.580884916998912
2026-07-21T02:12:58,KNN-IC,Parkinson,0.3,29,29,2,0.868421052631579,11.497565792000387,0.4562475419952534,0.2718340419814922,12.225653291039634
2026-07-21T02:13:01,Mean-IC,Parkinson,0.3,29,29,1,0.881578947368421,2.023891500022728,0.005983042006846517,0.2114847499760799,2.241367375012487
2026-07-21T02:13:11,KNN-Direct,Parkinson,0.3,29,29,1,0.8486842105263158,9.721133916988038,0.0,1.0159282499807887,10.737064375018235
2026-07-21T02:13:22,KNN-Direct-Weighted,Parkinson,0.3,29,29,1,0.8486842105263158,9.878687708987854,0.0,1.024096124980133,10.902786541031674
2026-07-21T02:13:33,KNN-Direct-Manhattan,Parkinson,0.3,29,29,1,0.9342105263157895,9.537919541995507,0.0,0.9997201249934733,10.537647959019523
2026-07-21T02:13:46,KNN-IC,Parkinson,0.3,30,30,8,0.8355263157894737,11.71945458301343,0.9055153329973109,0.2729579579900019,12.897930583974812
2026-07-21T02:13:48,Mean-IC,Parkinson,0.3,30,30,6,0.8355263157894737,2.0178798330016434,0.006047291972208768,0.2103677080012858,2.234296959009953
2026-07-21T02:13:59,KNN-Direct,Parkinson,0.3,30,30,9,0.7697368421052632,9.697748458012938,0.0,1.017391040979419,10.71514450001996
2026-07-21T02:14:10,KNN-Direct-Weighted,Parkinson,0.3,30,30,8,0.7828947368421053,9.80810687498888,0.0,1.026700041955337,10.834811875014566
2026-07-21T02:14:20,KNN-Direct-Manhattan,Parkinson,0.3,30,30,1,0.9078947368421053,9.577560292033013,0.0,1.0016120000509545,10.579178249987308
2026-07-21T02:14:32,KNN-IC,Parkinson,0.3,31,31,1,0.8355263157894737,11.555874874989968,0.39893275004578754,0.2734824580256827,12.22829462500522
2026-07-21T02:14:35,Mean-IC,Parkinson,0.3,31,31,1,0.8157894736842105,2.0406467089778744,0.00599283300107345,0.21179762500105426,2.2584395830053836
2026-07-21T02:14:45,KNN-Direct,Parkinson,0.3,31,31,1,0.8289473684210527,9.685189166979399,0.0,1.0090669579803944,10.694258250005078
2026-07-21T02:14:56,KNN-Direct-Weighted,Parkinson,0.3,31,31,1,0.8289473684210527,9.814802082953975,0.0,1.0289569579763338,10.84376274998067
2026-07-21T02:15:07,KNN-Direct-Manhattan,Parkinson,0.3,31,31,1,0.9276315789473685,9.59939404099714,0.0,1.0089032919495367,10.608300208987202
2026-07-21T02:15:18,KNN-IC,Parkinson,0.3,32,32,1,0.9078947368421053,10.483348875015508,0.3950110840378329,0.2727239580126479,11.151086499972735
2026-07-21T02:15:20,Mean-IC,Parkinson,0.3,32,32,1,0.881578947368421,2.0468657079618424,0.006107374967541546,0.21223662502598017,2.265215541992802
2026-07-21T02:15:31,KNN-Direct,Parkinson,0.3,32,32,1,0.9144736842105263,9.707445250009187,0.0,1.0157536250189878,10.723201083019376
2026-07-21T02:15:42,KNN-Direct-Weighted,Parkinson,0.3,32,32,1,0.9144736842105263,9.804492999974173,0.0,1.0260759579832666,10.830571708036587
2026-07-21T02:15:52,KNN-Direct-Manhattan,Parkinson,0.3,32,32,1,0.9407894736842105,9.601052832964342,0.0,1.0021002500434406,10.603155667020474
2026-07-21T02:16:04,KNN-IC,Parkinson,0.3,33,33,1,0.9078947368421053,11.144088874978479,0.41263658297248185,0.2738005410064943,11.830529208004009
2026-07-21T02:16:06,Mean-IC,Parkinson,0.3,33,33,1,0.8552631578947368,2.0244493749924004,0.005949541984591633,0.21093291701981798,2.2413337909965776
2026-07-21T02:16:17,KNN-Direct,Parkinson,0.3,33,33,1,0.881578947368421,9.68432900001062,0.0,1.0132934580324218,10.697624624997843
2026-07-21T02:16:28,KNN-Direct-Weighted,Parkinson,0.3,33,33,1,0.8947368421052632,9.790323583001737,0.0,1.0253680419991724,10.815694334043656
2026-07-21T02:16:39,KNN-Direct-Manhattan,Parkinson,0.3,33,33,1,0.9342105263157895,9.653970750048757,0.0,0.9981731660082005,10.652146541979164
2026-07-21T02:16:51,KNN-IC,Parkinson,0.3,34,34,2,0.9013157894736842,11.619064958009403,0.4616418750374578,0.27608495799358934,12.356794249964878
2026-07-21T02:16:53,Mean-IC,Parkinson,0.3,34,34,1,0.8618421052631579,2.0253869580337778,0.005903333018068224,0.2127047089743428,2.243997332989238
2026-07-21T02:17:04,KNN-Direct,Parkinson,0.3,34,34,1,0.8552631578947368,9.71192562498618,0.0,1.032613291987218,10.744540915999096
2026-07-21T02:17:15,KNN-Direct-Weighted,Parkinson,0.3,34,34,1,0.8618421052631579,9.80297287501162,0.0,1.0258927910472266,10.828868707991205
2026-07-21T02:17:25,KNN-Direct-Manhattan,Parkinson,0.3,34,34,1,0.9539473684210527,9.59505312499823,0.0,1.0035820829798467,10.598637916962616
2026-07-21T02:17:38,KNN-IC,Parkinson,0.3,35,35,2,0.8881578947368421,11.419048457988538,0.45519620901905,0.2733525410294533,12.147599832969718
2026-07-21T02:17:40,Mean-IC,Parkinson,0.3,35,35,4,0.8421052631578947,2.0311799579649232,0.005955124972388148,0.21325662499293685,2.250396916002501
2026-07-21T02:17:51,KNN-Direct,Parkinson,0.3,35,35,4,0.9144736842105263,9.722527875041123,0.0,1.015672707988415,10.73820604197681
2026-07-21T02:18:01,KNN-Direct-Weighted,Parkinson,0.3,35,35,8,0.8618421052631579,9.785627709003165,0.0,1.0267069169785827,10.812337292009033
2026-07-21T02:18:12,KNN-Direct-Manhattan,Parkinson,0.3,35,35,1,0.9276315789473685,9.593113458016887,0.0,1.001869167026598,10.594989457982592
2026-07-21T02:18:24,KNN-IC,Parkinson,0.3,36,36,2,0.8289473684210527,11.291789249982685,0.4529967079870403,0.2723403749987483,12.017129209009
2026-07-21T02:18:26,Mean-IC,Parkinson,0.3,36,36,1,0.7763157894736842,2.0239406669861637,0.005850833025760949,0.21115737495711073,2.2409525829716586
2026-07-21T02:18:37,KNN-Direct,Parkinson,0.3,36,36,1,0.8289473684210527,9.703088459034916,0.0,1.011041915975511,10.714132499997504
2026-07-21T02:18:48,KNN-Direct-Weighted,Parkinson,0.3,36,36,1,0.8157894736842105,9.793351290980354,0.0,1.0299248750088736,10.823279000003822
2026-07-21T02:18:58,KNN-Direct-Manhattan,Parkinson,0.3,36,36,1,0.9144736842105263,9.570563082990702,0.0,1.004852749989368,10.57541874999879
2026-07-21T02:19:10,KNN-IC,Parkinson,0.3,37,37,2,0.881578947368421,10.401407458004542,0.4538960420177318,0.27174616599222645,11.127056874975096
2026-07-21T02:19:12,Mean-IC,Parkinson,0.3,37,37,4,0.8355263157894737,2.018774125026539,0.005921499978285283,0.21085666597355157,2.2355554169625975
2026-07-21T02:19:22,KNN-Direct,Parkinson,0.3,37,37,1,0.868421052631579,9.701410415989812,0.0,1.0158590829814784,10.717271542001981
2026-07-21T02:19:33,KNN-Direct-Weighted,Parkinson,0.3,37,37,1,0.868421052631579,9.787263916048687,0.0,1.0212919589830562,10.808558665972669
2026-07-21T02:19:44,KNN-Direct-Manhattan,Parkinson,0.3,37,37,4,0.9210526315789473,9.573821625031997,0.0,1.0017868329887278,10.575610874977428
2026-07-21T02:19:56,KNN-IC,Parkinson,0.3,38,38,4,0.881578947368421,10.726014042040333,0.8506489159772173,0.27483287500217557,11.851498332980555
2026-07-21T02:19:58,Mean-IC,Parkinson,0.3,38,38,4,0.8552631578947368,2.0279039579909295,0.005865249957423657,0.21361920796334743,2.2473907920066267
2026-07-21T02:20:09,KNN-Direct,Parkinson,0.3,38,38,3,0.881578947368421,9.822687958017923,0.0,1.0150673750322312,10.83775795798283
2026-07-21T02:20:20,KNN-Direct-Weighted,Parkinson,0.3,38,38,4,0.8947368421052632,9.78213325003162,0.0,1.0421012499718927,10.824236874992494
2026-07-21T02:20:30,KNN-Direct-Manhattan,Parkinson,0.3,38,38,1,0.9407894736842105,9.593061416002456,0.0,1.0017503330018371,10.594814417010639
2026-07-21T02:20:43,KNN-IC,Parkinson,0.3,39,39,2,0.9013157894736842,11.696381083049346,0.46372054197127,0.27999445801833645,12.440098457969725
2026-07-21T02:20:45,Mean-IC,Parkinson,0.3,39,39,1,0.881578947368421,2.0697047089925036,0.006071750016417354,0.21175745798973367,2.287536457995884
2026-07-21T02:20:56,KNN-Direct,Parkinson,0.3,39,39,3,0.8552631578947368,9.734058125002775,0.0,1.0173548750462942,10.751415374979842
2026-07-21T02:21:07,KNN-Direct-Weighted,Parkinson,0.3,39,39,4,0.868421052631579,9.841534708975814,0.0,1.0326243750168942,10.87416166701587
2026-07-21T02:21:17,KNN-Direct-Manhattan,Parkinson,0.3,39,39,1,0.9144736842105263,9.560196375008672,0.0,0.9998352500260808,10.560034124995582
2026-07-21T02:21:31,KNN-IC,Parkinson,0.4,0,0,13,0.8157894736842105,12.460776666004676,0.9541053749853745,0.2751886250334792,13.690073416975792
2026-07-21T02:21:33,Mean-IC,Parkinson,0.4,0,0,8,0.8026315789473685,2.02756512502674,0.00692650000564754,0.21128658397356048,2.2457802920253016
2026-07-21T02:21:44,KNN-Direct,Parkinson,0.4,0,0,14,0.8421052631578947,9.552267791994382,0.0,0.9795646249549463,10.531835292000324
2026-07-21T02:21:54,KNN-Direct-Weighted,Parkinson,0.4,0,0,6,0.8552631578947368,9.4976983339875,0.0,0.9937653749948367,10.491466957959346
2026-07-21T02:22:04,KNN-Direct-Manhattan,Parkinson,0.4,0,0,3,0.9144736842105263,9.24767658294877,0.0,0.9966734580229968,10.244352583016735
2026-07-21T02:22:18,KNN-IC,Parkinson,0.4,1,1,2,0.881578947368421,12.643088750017341,0.4949620830011554,0.2705078750150278,13.408567875041626
2026-07-21T02:22:20,Mean-IC,Parkinson,0.4,1,1,9,0.7960526315789473,2.063150207977742,0.006970916991122067,0.21081770799355581,2.280941416043788
2026-07-21T02:22:30,KNN-Direct,Parkinson,0.4,1,1,1,0.868421052631579,9.362144667014945,0.0,0.98426241701236,10.34640954202041
2026-07-21T02:22:41,KNN-Direct-Weighted,Parkinson,0.4,1,1,4,0.8881578947368421,9.478655209008139,0.0,0.9912343330215663,10.469892458990216
2026-07-21T02:22:51,KNN-Direct-Manhattan,Parkinson,0.4,1,1,1,0.9210526315789473,9.244911417015828,0.0,0.9659700409974903,10.210883874970023
2026-07-21T02:23:05,KNN-IC,Parkinson,0.4,2,2,7,0.8026315789473685,12.468602749984711,0.9777345000184141,0.27050312503706664,13.716843375004828
2026-07-21T02:23:07,Mean-IC,Parkinson,0.4,2,2,3,0.8092105263157895,2.0335265419562347,0.006929708004463464,0.21184375003213063,2.2523019580403343
2026-07-21T02:23:17,KNN-Direct,Parkinson,0.4,2,2,7,0.8157894736842105,9.37364558299305,0.0,0.9836385829839855,10.357286416983698
2026-07-21T02:23:28,KNN-Direct-Weighted,Parkinson,0.4,2,2,7,0.8223684210526315,9.572619583050255,0.0,0.9943553329794668,10.566977499984205
2026-07-21T02:23:38,KNN-Direct-Manhattan,Parkinson,0.4,2,2,4,0.9144736842105263,9.280213624995667,0.0,0.9703722500125878,10.250588416995015
2026-07-21T02:23:51,KNN-IC,Parkinson,0.4,3,3,1,0.8355263157894737,12.055875167017803,0.42225362500175834,0.2716655000112951,12.749796500022057
2026-07-21T02:23:53,Mean-IC,Parkinson,0.4,3,3,4,0.8092105263157895,2.0233267080038786,0.006966000015381724,0.2122021249961108,2.2424988750135526
2026-07-21T02:24:04,KNN-Direct,Parkinson,0.4,3,3,1,0.8289473684210527,9.395206082961522,0.0,0.9819232079898939,10.377131332992576
2026-07-21T02:24:14,KNN-Direct-Weighted,Parkinson,0.4,3,3,1,0.8421052631578947,9.497366499970667,0.0,0.9928097919910215,10.490179000014905
2026-07-21T02:24:24,KNN-Direct-Manhattan,Parkinson,0.4,3,3,1,0.9078947368421053,9.273551374964882,0.0,0.9703982500359416,10.243952166987583
2026-07-21T02:24:37,KNN-IC,Parkinson,0.4,4,4,2,0.875,12.356621333980002,0.4913653340190649,0.27555491705425084,13.123544208996464
2026-07-21T02:24:40,Mean-IC,Parkinson,0.4,4,4,4,0.8289473684210527,2.0222651670337655,0.006952374998945743,0.2115783749613911,2.240806333022192
2026-07-21T02:24:50,KNN-Direct,Parkinson,0.4,4,4,1,0.8289473684210527,9.39688312500948,0.0,0.9966727920109406,10.393562041979749
2026-07-21T02:25:01,KNN-Direct-Weighted,Parkinson,0.4,4,4,1,0.8289473684210527,9.4894761670148,0.0,0.995207084051799,10.484685625007842
2026-07-21T02:25:11,KNN-Direct-Manhattan,Parkinson,0.4,4,4,1,0.9210526315789473,9.274850249988958,0.0,0.9669008339988068,10.24175375001505
2026-07-21T02:25:24,KNN-IC,Parkinson,0.4,5,5,2,0.8947368421052632,12.367631917004474,0.4951685419655405,0.27437758300220594,13.137180707999505
2026-07-21T02:25:26,Mean-IC,Parkinson,0.4,5,5,1,0.8486842105263158,2.0255985830444843,0.007214833982288837,0.21109616704052314,2.2439156670006923
2026-07-21T02:25:37,KNN-Direct,Parkinson,0.4,5,5,9,0.8092105263157895,9.388611583970487,0.0,0.9793597920215689,10.367973415995948
2026-07-21T02:25:47,KNN-Direct-Weighted,Parkinson,0.4,5,5,10,0.8092105263157895,9.465670874982607,0.0,0.9936489579849876,10.459322417038493
2026-07-21T02:25:57,KNN-Direct-Manhattan,Parkinson,0.4,5,5,1,0.9407894736842105,9.247800250013825,0.0,0.9687332079629414,10.216536124993581
2026-07-21T02:26:11,KNN-IC,Parkinson,0.4,6,6,6,0.8355263157894737,12.564393625012599,1.0434847919968888,0.2751412920188159,13.883025791030377
2026-07-21T02:26:13,Mean-IC,Parkinson,0.4,6,6,4,0.8223684210526315,2.030860707978718,0.007084332988597453,0.2120336249936372,2.2499807499698363
2026-07-21T02:26:25,KNN-Direct,Parkinson,0.4,6,6,1,0.8552631578947368,10.747703125001863,0.0,1.0018344999989495,11.749559417017736
2026-07-21T02:26:37,KNN-Direct-Weighted,Parkinson,0.4,6,6,3,0.8289473684210527,10.329454791964963,0.0,1.032958208990749,11.362418917007744
2026-07-21T02:26:48,KNN-Direct-Manhattan,Parkinson,0.4,6,6,1,0.881578947368421,10.096408709010575,0.0,0.9962279159808531,11.092647916986607
2026-07-21T02:27:02,KNN-IC,Parkinson,0.4,7,7,2,0.8618421052631579,13.98410691699246,0.5172400419833139,0.27842712501296774,14.77977845800342
2026-07-21T02:27:05,Mean-IC,Parkinson,0.4,7,7,1,0.8223684210526315,2.255328333005309,0.008717499964404851,0.2947982089826837,2.558849665976595
2026-07-21T02:27:16,KNN-Direct,Parkinson,0.4,7,7,1,0.8421052631578947,9.954511584015563,0.0,1.0733192919869907,11.027835834014695
2026-07-21T02:27:27,KNN-Direct-Weighted,Parkinson,0.4,7,7,3,0.8289473684210527,9.939698500034865,0.0,1.0222841670038179,10.961989457951859
2026-07-21T02:27:38,KNN-Direct-Manhattan,Parkinson,0.4,7,7,1,0.8881578947368421,9.635220291966107,0.0,1.0875815420295112,10.722804707998876
2026-07-21T02:27:52,KNN-IC,Parkinson,0.4,8,8,2,0.9013157894736842,13.011635791044682,0.5140697080059908,0.2811849999707192,13.806894832989201
2026-07-21T02:27:54,Mean-IC,Parkinson,0.4,8,8,1,0.8552631578947368,2.0749024999677204,0.007389499980490655,0.21666791703319177,2.2989640420419164
2026-07-21T02:28:05,KNN-Direct,Parkinson,0.4,8,8,1,0.875,9.607807540975045,0.0,1.0757319999975152,10.68354212504346
2026-07-21T02:28:15,KNN-Direct-Weighted,Parkinson,0.4,8,8,1,0.8881578947368421,9.789513458032161,0.0,1.0180938330013305,10.807610374991782
2026-07-21T02:28:26,KNN-Direct-Manhattan,Parkinson,0.4,8,8,1,0.9078947368421053,9.560726666997653,0.0,1.0720816669636406,10.63281104201451
2026-07-21T02:28:40,KNN-IC,Parkinson,0.4,9,9,6,0.8486842105263158,12.839628624962643,0.997703958011698,0.2795154579798691,14.116852416016627
2026-07-21T02:28:42,Mean-IC,Parkinson,0.4,9,9,1,0.8421052631578947,2.0633257500012405,0.007132291968446225,0.2153885830193758,2.2858500839793123
2026-07-21T02:28:53,KNN-Direct,Parkinson,0.4,9,9,3,0.881578947368421,9.65611862501828,0.0,1.0031883339979686,10.659309500013478
2026-07-21T02:29:04,KNN-Direct-Weighted,Parkinson,0.4,9,9,3,0.8552631578947368,9.660771000024397,0.0,1.015126832993701,10.675900332978927
2026-07-21T02:29:14,KNN-Direct-Manhattan,Parkinson,0.4,9,9,1,0.9407894736842105,9.528641709010117,0.0,0.9885181249701418,10.517162375035696
2026-07-21T02:29:28,KNN-IC,Parkinson,0.4,10,10,2,0.8552631578947368,12.80620666599134,0.5092753749922849,0.27878633397631347,13.594272166024894
2026-07-21T02:29:30,Mean-IC,Parkinson,0.4,10,10,1,0.8552631578947368,2.0622377910185605,0.007439875043928623,0.21619591704802588,2.285877416958101
2026-07-21T02:29:41,KNN-Direct,Parkinson,0.4,10,10,1,0.8618421052631579,9.676414249988738,0.0,1.003985957999248,10.68040266702883
2026-07-21T02:29:52,KNN-Direct-Weighted,Parkinson,0.4,10,10,1,0.8618421052631579,9.770762458036188,0.0,1.0165020410204306,10.787267167004757
2026-07-21T02:30:02,KNN-Direct-Manhattan,Parkinson,0.4,10,10,1,0.9210526315789473,9.73590787500143,0.0,0.989472665998619,10.725382832984906
2026-07-21T02:30:16,KNN-IC,Parkinson,0.4,11,11,1,0.881578947368421,12.903096582973376,0.43936033302452415,0.27978529199026525,13.622245917038526
2026-07-21T02:30:18,Mean-IC,Parkinson,0.4,11,11,1,0.7894736842105263,2.077985166979488,0.007370291976258159,0.21573541703401133,2.3010953339980915
2026-07-21T02:30:29,KNN-Direct,Parkinson,0.4,11,11,1,0.881578947368421,9.659321291954257,0.0,1.0031179999932647,10.66244166699471
2026-07-21T02:30:40,KNN-Direct-Weighted,Parkinson,0.4,11,11,1,0.881578947368421,9.757741542009171,0.0,1.0178985000238754,10.775642750028055
2026-07-21T02:30:50,KNN-Direct-Manhattan,Parkinson,0.4,11,11,1,0.9342105263157895,9.455944292014465,0.0,1.0730303750024177,10.52897754102014
2026-07-21T02:31:04,KNN-IC,Parkinson,0.4,12,12,2,0.9013157894736842,12.749317666050047,0.5129558749613352,0.2798151250462979,13.54209687502589
2026-07-21T02:31:06,Mean-IC,Parkinson,0.4,12,12,1,0.8026315789473685,2.208185749943368,0.0070968749932944775,0.21613162499852479,2.4314185839612037
2026-07-21T02:31:17,KNN-Direct,Parkinson,0.4,12,12,8,0.8092105263157895,9.584865000040736,0.0,1.032214666949585,10.617084333032835
2026-07-21T02:31:28,KNN-Direct-Weighted,Parkinson,0.4,12,12,6,0.8355263157894737,9.837999458948616,0.0,1.019370624970179,10.857374209037516
2026-07-21T02:31:38,KNN-Direct-Manhattan,Parkinson,0.4,12,12,1,0.9276315789473685,9.541163542016875,0.0,0.992317833006382,10.533484540996142
2026-07-21T02:31:52,KNN-IC,Parkinson,0.4,13,13,2,0.8618421052631579,13.058683958020993,0.5093402499915101,0.2772985420306213,13.845326917013153
2026-07-21T02:31:54,Mean-IC,Parkinson,0.4,13,13,1,0.8355263157894737,2.0673451669863425,0.00732945796335116,0.2164032079745084,2.291081583010964
2026-07-21T02:32:05,KNN-Direct,Parkinson,0.4,13,13,10,0.8157894736842105,9.59034087503096,0.0,1.0765228749951348,10.6668661669828
2026-07-21T02:32:16,KNN-Direct-Weighted,Parkinson,0.4,13,13,8,0.8355263157894737,9.686887457966805,0.0,1.014070916979108,10.700961249996908
2026-07-21T02:32:26,KNN-Direct-Manhattan,Parkinson,0.4,13,13,1,0.9407894736842105,9.554423416033387,0.0,0.9873269170057029,10.541753375029657
2026-07-21T02:32:39,KNN-IC,Parkinson,0.4,14,14,1,0.875,12.44552091701189,0.43404995795572177,0.2810245000291616,13.160599583992735
2026-07-21T02:32:42,Mean-IC,Parkinson,0.4,14,14,1,0.8421052631578947,2.0639634580002166,0.007135917025152594,0.2155541669926606,2.2866577500244603
2026-07-21T02:32:52,KNN-Direct,Parkinson,0.4,14,14,4,0.8552631578947368,9.676053665985819,0.0,1.003859416989144,10.679915666987654
2026-07-21T02:33:03,KNN-Direct-Weighted,Parkinson,0.4,14,14,4,0.8552631578947368,9.774105208052788,0.0,1.0157760420115665,10.789884040947072
2026-07-21T02:33:14,KNN-Direct-Manhattan,Parkinson,0.4,14,14,4,0.9144736842105263,9.954896082985215,0.0,0.9898327910341322,10.944732208969072
2026-07-21T02:33:28,KNN-IC,Parkinson,0.4,15,15,4,0.8421052631578947,12.895831207977608,1.0246513750171289,0.28053512499900535,14.20102224999573
2026-07-21T02:33:31,Mean-IC,Parkinson,0.4,15,15,14,0.8223684210526315,2.0665559170302004,0.0072931250324472785,0.2157614590250887,2.289614708046429
2026-07-21T02:33:41,KNN-Direct,Parkinson,0.4,15,15,3,0.8552631578947368,9.670773416990414,0.0,1.0038133329944685,10.674589125032071
2026-07-21T02:33:52,KNN-Direct-Weighted,Parkinson,0.4,15,15,3,0.8618421052631579,9.814046125044115,0.0,1.0174178330344148,10.831476209044922
2026-07-21T02:34:03,KNN-Direct-Manhattan,Parkinson,0.4,15,15,3,0.881578947368421,9.468315667007118,0.0,0.9904592920211144,10.45877779100556
2026-07-21T02:34:16,KNN-IC,Parkinson,0.4,16,16,2,0.8947368421052632,12.968895541038364,0.511586791020818,0.27977983304299414,13.760267333011143
2026-07-21T02:34:19,Mean-IC,Parkinson,0.4,16,16,1,0.8552631578947368,2.0774189999792725,0.007347041973844171,0.21564445795957,2.3004142910358496
2026-07-21T02:34:29,KNN-Direct,Parkinson,0.4,16,16,1,0.875,9.67803950002417,0.0,1.007261875027325,10.685303792008199
2026-07-21T02:34:40,KNN-Direct-Weighted,Parkinson,0.4,16,16,1,0.881578947368421,9.76021875004517,0.0,1.0164057089714333,10.776627332961652
2026-07-21T02:34:51,KNN-Direct-Manhattan,Parkinson,0.4,16,16,1,0.9013157894736842,9.512006083037704,0.0,1.1121805000002496,10.62418920797063
2026-07-21T02:35:03,KNN-IC,Parkinson,0.4,17,17,2,0.8947368421052632,11.895744999987073,0.5105792080285028,0.2794407079927623,12.685769040952437
2026-07-21T02:35:06,Mean-IC,Parkinson,0.4,17,17,3,0.8092105263157895,2.1565201659686863,0.0072022079839371145,0.21533624996664003,2.379062415973749
2026-07-21T02:35:16,KNN-Direct,Parkinson,0.4,17,17,1,0.868421052631579,9.570053125033155,0.0,1.0026773330173455,10.572732667031232
2026-07-21T02:35:27,KNN-Direct-Weighted,Parkinson,0.4,17,17,1,0.881578947368421,9.745516999973916,0.0,1.0133984580170363,10.75891837500967
2026-07-21T02:35:38,KNN-Direct-Manhattan,Parkinson,0.4,17,17,1,0.9210526315789473,9.513919958029874,0.0,0.9880191669799387,10.501942041970324
2026-07-21T02:35:51,KNN-IC,Parkinson,0.4,18,18,1,0.8947368421052632,13.005824957974255,0.4359819999663159,0.27919120801379904,13.721002499980386
2026-07-21T02:35:54,Mean-IC,Parkinson,0.4,18,18,1,0.881578947368421,2.065280792012345,0.007366292004007846,0.2156715840101242,2.2883229160215706
2026-07-21T02:36:04,KNN-Direct,Parkinson,0.4,18,18,4,0.8947368421052632,9.577512874966487,0.0,1.0031450830283575,10.580660500039812
2026-07-21T02:36:15,KNN-Direct-Weighted,Parkinson,0.4,18,18,1,0.9144736842105263,9.76695204200223,0.0,1.0152682079933584,10.782223167014308
2026-07-21T02:36:26,KNN-Direct-Manhattan,Parkinson,0.4,18,18,1,0.9473684210526315,9.617611958005,0.0,0.9897994580096565,10.607413958001416
2026-07-21T02:36:40,KNN-IC,Parkinson,0.4,19,19,1,0.875,13.21328187501058,0.437001499987673,0.2793343749945052,13.929621959046926
2026-07-21T02:36:42,Mean-IC,Parkinson,0.4,19,19,1,0.8092105263157895,2.065577708010096,0.007153875019866973,0.21553300000960007,2.2882684580399655
2026-07-21T02:36:53,KNN-Direct,Parkinson,0.4,19,19,4,0.8552631578947368,9.806117124971934,0.0,1.0048119580023922,10.810931624961086
2026-07-21T02:37:03,KNN-Direct-Weighted,Parkinson,0.4,19,19,1,0.881578947368421,9.699419416952878,0.0,1.0166141249937937,10.716036249999888
2026-07-21T02:37:14,KNN-Direct-Manhattan,Parkinson,0.4,19,19,1,0.9078947368421053,9.53992766601732,0.0,0.9948334589716978,10.53476375003811
2026-07-21T02:37:27,KNN-IC,Parkinson,0.4,20,20,1,0.8421052631578947,12.402985042019282,0.4374023330165073,0.28048941696761176,13.120880874979775
2026-07-21T02:37:29,Mean-IC,Parkinson,0.4,20,20,1,0.8092105263157895,2.0645885840058327,0.006948833994101733,0.2159674590220675,2.2875082080136053
2026-07-21T02:37:40,KNN-Direct,Parkinson,0.4,20,20,3,0.8223684210526315,9.684206458972767,0.0,1.0038272080128081,10.688036040985025
2026-07-21T02:37:51,KNN-Direct-Weighted,Parkinson,0.4,20,20,1,0.8355263157894737,9.772609542007558,0.0,1.0253597919945605,10.797972125001252
2026-07-21T02:38:01,KNN-Direct-Manhattan,Parkinson,0.4,20,20,3,0.875,9.451164291996974,0.0,1.058894791000057,10.510061667009722
2026-07-21T02:38:15,KNN-IC,Parkinson,0.4,21,21,2,0.8486842105263158,13.035096833016723,0.5093143749982119,0.2775947080226615,13.82201033300953
2026-07-21T02:38:18,Mean-IC,Parkinson,0.4,21,21,4,0.8552631578947368,2.335477750049904,0.007915708003565669,0.21516499994322658,2.5585664590471424
2026-07-21T02:38:28,KNN-Direct,Parkinson,0.4,21,21,1,0.8223684210526315,9.573791459028143,0.0,0.9779832920175977,10.55177800002275
2026-07-21T02:38:39,KNN-Direct-Weighted,Parkinson,0.4,21,21,1,0.8223684210526315,9.506645583023783,0.0,0.9919907500152476,10.498650250025094
2026-07-21T02:38:49,KNN-Direct-Manhattan,Parkinson,0.4,21,21,1,0.9013157894736842,9.241829000005964,0.0,0.9671114580123685,10.208943083009217
2026-07-21T02:39:02,KNN-IC,Parkinson,0.4,22,22,2,0.8881578947368421,12.651584082981572,0.4951261669630185,0.273754584020935,13.420467375020962
2026-07-21T02:39:05,Mean-IC,Parkinson,0.4,22,22,4,0.8552631578947368,2.026995334017556,0.0069909170269966125,0.21104533300967887,2.2450342910015024
2026-07-21T02:39:15,KNN-Direct,Parkinson,0.4,22,22,1,0.875,9.380288541025948,0.0,0.978223291982431,10.35851820796961
2026-07-21T02:39:26,KNN-Direct-Weighted,Parkinson,0.4,22,22,1,0.8618421052631579,9.486710041994229,0.0,0.9931929999729618,10.479905291984323
2026-07-21T02:39:36,KNN-Direct-Manhattan,Parkinson,0.4,22,22,1,0.9539473684210527,9.244461667025462,0.0,0.9876454170444049,10.232109666976612
2026-07-21T02:39:50,KNN-IC,Parkinson,0.4,23,23,4,0.8421052631578947,12.463264791003894,0.9801487500080839,0.27065637498162687,13.7140727910446
2026-07-21T02:39:52,Mean-IC,Parkinson,0.4,23,23,3,0.8026315789473685,2.056132500001695,0.006947540969122201,0.21268737502396107,2.2757698749774136
2026-07-21T02:40:02,KNN-Direct,Parkinson,0.4,23,23,4,0.8355263157894737,9.372278416005429,0.0,0.9803292499855161,10.352613082970493
2026-07-21T02:40:13,KNN-Direct-Weighted,Parkinson,0.4,23,23,4,0.8355263157894737,9.687437292013783,0.0,0.9892354999901727,10.676675542024896
2026-07-21T02:40:23,KNN-Direct-Manhattan,Parkinson,0.4,23,23,1,0.9144736842105263,9.24797662498895,0.0,0.96933616703609,10.217319832998328
2026-07-21T02:40:36,KNN-IC,Parkinson,0.4,24,24,1,0.8289473684210527,12.478987124981359,0.41801129101077095,0.2718770829960704,13.168882792000659
2026-07-21T02:40:38,Mean-IC,Parkinson,0.4,24,24,3,0.7828947368421053,2.0209458749741316,0.006996790994890034,0.21131145796971396,2.239255999971647
2026-07-21T02:40:49,KNN-Direct,Parkinson,0.4,24,24,1,0.8092105263157895,9.397954499989282,0.0,0.9819005409954116,10.37985716597177
2026-07-21T02:40:59,KNN-Direct-Weighted,Parkinson,0.4,24,24,1,0.7894736842105263,9.490591374982614,0.0,0.9924261670093983,10.483020499988925
2026-07-21T02:41:10,KNN-Direct-Manhattan,Parkinson,0.4,24,24,1,0.9407894736842105,9.290732166031376,0.0,0.9684270829893649,10.259161499969196
2026-07-21T02:41:23,KNN-IC,Parkinson,0.4,25,25,2,0.8947368421052632,12.482024541997816,0.49106479197507724,0.2752871669945307,13.248379041033331
2026-07-21T02:41:25,Mean-IC,Parkinson,0.4,25,25,1,0.8157894736842105,2.0307109999703243,0.00692929100478068,0.2119599170400761,2.2496027080342174
2026-07-21T02:41:36,KNN-Direct,Parkinson,0.4,25,25,1,0.8618421052631579,9.379564500006381,0.0,0.9977262089960277,10.37729291699361
2026-07-21T02:41:46,KNN-Direct-Weighted,Parkinson,0.4,25,25,1,0.8881578947368421,9.456658915965818,0.0,0.9943485420080833,10.45101033395622
2026-07-21T02:41:56,KNN-Direct-Manhattan,Parkinson,0.4,25,25,1,0.9210526315789473,9.267137832997832,0.0,0.9669787090388127,10.234119125001598
2026-07-21T02:42:09,KNN-IC,Parkinson,0.4,26,26,11,0.8223684210526315,11.569822208024561,1.0584523329744115,0.2727642090176232,12.901042125013191
2026-07-21T02:42:11,Mean-IC,Parkinson,0.4,26,26,12,0.7631578947368421,2.033141749969218,0.007013374997768551,0.21195337496465072,2.252110875037033
2026-07-21T02:42:22,KNN-Direct,Parkinson,0.4,26,26,3,0.868421052631579,9.40417079103645,0.0,0.9814918749616481,10.38566508301301
2026-07-21T02:42:32,KNN-Direct-Weighted,Parkinson,0.4,26,26,13,0.8223684210526315,9.47103245795006,0.0,0.9893603330128826,10.460395291971508
2026-07-21T02:42:42,KNN-Direct-Manhattan,Parkinson,0.4,26,26,1,0.8947368421052632,9.273366374953184,0.0,0.9681544589693658,10.241526792000514
2026-07-21T02:42:56,KNN-IC,Parkinson,0.4,27,27,1,0.8157894736842105,12.364434416987933,0.42370887502329424,0.27397929201833904,13.062125583004672
2026-07-21T02:42:58,Mean-IC,Parkinson,0.4,27,27,1,0.7763157894736842,2.0307542079826817,0.007022415986284614,0.21195045800413936,2.249729125003796
2026-07-21T02:43:08,KNN-Direct,Parkinson,0.4,27,27,1,0.8355263157894737,9.403288625006098,0.0,0.9825446250033565,10.385835417022463
2026-07-21T02:43:19,KNN-Direct-Weighted,Parkinson,0.4,27,27,1,0.8289473684210527,9.479724500037264,0.0,0.9925789999542758,10.4723060830147
2026-07-21T02:43:29,KNN-Direct-Manhattan,Parkinson,0.4,27,27,1,0.9276315789473685,9.27185516699683,0.0,0.9698952919570729,10.241753458976746
2026-07-21T02:43:42,KNN-IC,Parkinson,0.4,28,28,2,0.8881578947368421,12.598230959032662,0.49170549999689683,0.27287191699724644,13.362819667032454
2026-07-21T02:43:45,Mean-IC,Parkinson,0.4,28,28,1,0.8355263157894737,2.0361057079862803,0.006988040986470878,0.21261091699125245,2.2557138749980368
2026-07-21T02:43:55,KNN-Direct,Parkinson,0.4,28,28,1,0.875,9.402275083994027,0.0,0.9839962919941172,10.386274875025265
2026-07-21T02:44:05,KNN-Direct-Weighted,Parkinson,0.4,28,28,1,0.875,9.481496166961733,0.0,1.0142989580053836,10.495798166026361
2026-07-21T02:44:16,KNN-Direct-Manhattan,Parkinson,0.4,28,28,1,0.9144736842105263,9.273299374966882,0.0,0.9683227920322679,10.241625041991938
2026-07-21T02:44:29,KNN-IC,Parkinson,0.4,29,29,2,0.9013157894736842,12.322065540996846,0.49346287501975894,0.2730307910242118,13.088562290999107
2026-07-21T02:44:31,Mean-IC,Parkinson,0.4,29,29,1,0.8289473684210527,2.0269567919895053,0.006856333988253027,0.21156029199482873,2.245375958038494
2026-07-21T02:44:41,KNN-Direct,Parkinson,0.4,29,29,1,0.868421052631579,9.405916124989744,0.0,0.9815254170098342,10.387443834042642
2026-07-21T02:44:52,KNN-Direct-Weighted,Parkinson,0.4,29,29,10,0.7894736842105263,9.493472458969336,0.0,0.992776958970353,10.48625312501099
2026-07-21T02:45:02,KNN-Direct-Manhattan,Parkinson,0.4,29,29,4,0.8881578947368421,9.257481541950256,0.0,0.9650413329945877,10.222525457968004
2026-07-21T02:45:16,KNN-IC,Parkinson,0.4,30,30,10,0.8026315789473685,12.754987124993932,1.0244872499606572,0.2754634160082787,14.054940333007835
2026-07-21T02:45:18,Mean-IC,Parkinson,0.4,30,30,7,0.8026315789473685,2.029533041000832,0.006857083004433662,0.21113833301933482,2.247531750006601
2026-07-21T02:45:29,KNN-Direct,Parkinson,0.4,30,30,12,0.7960526315789473,9.405887542001437,0.0,0.9810414999956265,10.386931458022445
2026-07-21T02:45:39,KNN-Direct-Weighted,Parkinson,0.4,30,30,5,0.7894736842105263,9.479105999984313,0.0,0.9933314170339145,10.472439916047733
2026-07-21T02:45:50,KNN-Direct-Manhattan,Parkinson,0.4,30,30,1,0.881578947368421,9.282243792025838,0.0,0.9720443750265986,10.254290707991458
2026-07-21T02:46:03,KNN-IC,Parkinson,0.4,31,31,2,0.868421052631579,12.57466054201359,0.4937778330058791,0.2720393749768846,13.34048025001539
2026-07-21T02:46:05,Mean-IC,Parkinson,0.4,31,31,1,0.7763157894736842,2.028512790973764,0.006916332989931107,0.21367733302759007,2.2491092499694787
2026-07-21T02:46:16,KNN-Direct,Parkinson,0.4,31,31,1,0.8223684210526315,9.433968666009605,0.0,0.9827947919839062,10.41676566604292
2026-07-21T02:46:26,KNN-Direct-Weighted,Parkinson,0.4,31,31,1,0.8223684210526315,9.536572875047568,0.0,0.9925289580132812,10.52910454198718
2026-07-21T02:46:36,KNN-Direct-Manhattan,Parkinson,0.4,31,31,1,0.9210526315789473,9.280529667041264,0.0,0.9765992919565178,10.257131416990887
2026-07-21T02:46:49,KNN-IC,Parkinson,0.4,32,32,1,0.875,11.600944167003036,0.4220775829744525,0.27116666699294,12.294190874963533
2026-07-21T02:46:51,Mean-IC,Parkinson,0.4,32,32,1,0.8618421052631579,2.050324374984484,0.007337875023949891,0.21147329098312184,2.269138333038427
2026-07-21T02:47:01,KNN-Direct,Parkinson,0.4,32,32,1,0.8421052631578947,9.483926916029304,0.0,0.9897227499750443,10.473651999956928
2026-07-21T02:47:12,KNN-Direct-Weighted,Parkinson,0.4,32,32,1,0.8618421052631579,9.502502292045392,0.0,0.9946312090032734,10.497135915968101
2026-07-21T02:47:22,KNN-Direct-Manhattan,Parkinson,0.4,32,32,1,0.9276315789473685,9.259039957949426,0.0,0.9689827499678358,10.228025167016312
2026-07-21T02:47:35,KNN-IC,Parkinson,0.4,33,33,2,0.9342105263157895,12.054705707996618,0.4931231249938719,0.2732948330231011,12.821126541006379
2026-07-21T02:47:37,Mean-IC,Parkinson,0.4,33,33,1,0.8618421052631579,2.045822207990568,0.006972291972488165,0.21151425002608448,2.2643149169743992
2026-07-21T02:47:48,KNN-Direct,Parkinson,0.4,33,33,3,0.9013157894736842,9.378846833016723,0.0,0.9775164159946144,10.356365583022125
2026-07-21T02:47:58,KNN-Direct-Weighted,Parkinson,0.4,33,33,3,0.875,9.507764042005874,0.0,0.992581834027078,10.500348625006154
2026-07-21T02:48:08,KNN-Direct-Manhattan,Parkinson,0.4,33,33,4,0.9078947368421053,9.2754759999807,0.0,0.9700213339529,10.245500083023217
2026-07-21T02:48:22,KNN-IC,Parkinson,0.4,34,34,2,0.8947368421052632,12.542971874994691,0.5072372499853373,0.2738394999760203,13.324051500007045
2026-07-21T02:48:24,Mean-IC,Parkinson,0.4,34,34,1,0.8355263157894737,2.034515207982622,0.0068515409948304296,0.21238241699757054,2.253751915995963
2026-07-21T02:48:34,KNN-Direct,Parkinson,0.4,34,34,1,0.8223684210526315,9.390755957982037,0.0,0.9835032920236699,10.374261457996909
2026-07-21T02:48:45,KNN-Direct-Weighted,Parkinson,0.4,34,34,1,0.8289473684210527,9.503944874973968,0.0,0.9935454580117948,10.497492957976647
2026-07-21T02:48:55,KNN-Direct-Manhattan,Parkinson,0.4,34,34,1,0.9473684210526315,9.273825167038012,0.0,0.9713534580077976,10.245184292027261
2026-07-21T02:49:09,KNN-IC,Parkinson,0.4,35,35,6,0.8618421052631579,12.320312374969944,1.0187678329530172,0.2721825839835219,13.611265249957796
2026-07-21T02:49:11,Mean-IC,Parkinson,0.4,35,35,3,0.8026315789473685,2.0332540420349687,0.006896499951835722,0.21232162497472018,2.2524746250128374
2026-07-21T02:49:21,KNN-Direct,Parkinson,0.4,35,35,1,0.875,9.408633125014603,0.0,1.0104559999890625,10.419091625022702
2026-07-21T02:49:32,KNN-Direct-Weighted,Parkinson,0.4,35,35,1,0.868421052631579,9.492461832996923,0.0,0.9922834580065683,10.484748209011741
2026-07-21T02:49:42,KNN-Direct-Manhattan,Parkinson,0.4,35,35,1,0.9078947368421053,9.255377541994676,0.0,0.9671410410082899,10.222521083022002
2026-07-21T02:49:55,KNN-IC,Parkinson,0.4,36,36,1,0.8092105263157895,12.238308291998692,0.4238512920564972,0.27672512497520074,12.938887000025716
2026-07-21T02:49:57,Mean-IC,Parkinson,0.4,36,36,1,0.756578947368421,2.0361780829844065,0.007229666982311755,0.21285100001841784,2.2562640830292366
2026-07-21T02:50:08,KNN-Direct,Parkinson,0.4,36,36,4,0.8026315789473685,9.433647666999605,0.0,0.9822856669779867,10.415935583005194
2026-07-21T02:50:18,KNN-Direct-Weighted,Parkinson,0.4,36,36,1,0.8157894736842105,9.593938958016224,0.0,0.9942418750142679,10.588183249987196
2026-07-21T02:50:28,KNN-Direct-Manhattan,Parkinson,0.4,36,36,4,0.8421052631578947,9.282953291025478,0.0,0.9708632500260137,10.253819166973699
2026-07-21T02:50:41,KNN-IC,Parkinson,0.4,37,37,2,0.9144736842105263,11.333553417003714,0.4929600000032224,0.2732880830299109,12.099804041965399
2026-07-21T02:50:43,Mean-IC,Parkinson,0.4,37,37,1,0.8026315789473685,2.028899041994009,0.00694612500956282,0.2114555420121178,2.24730287498096
2026-07-21T02:50:53,KNN-Direct,Parkinson,0.4,37,37,7,0.8355263157894737,9.396519250003621,0.0,0.9814779169973917,10.37799929099856
2026-07-21T02:51:04,KNN-Direct-Weighted,Parkinson,0.4,37,37,9,0.8223684210526315,9.485408209031448,0.0,0.9932325829868205,10.478643957991153
2026-07-21T02:51:14,KNN-Direct-Manhattan,Parkinson,0.4,37,37,1,0.9078947368421053,9.284154166991357,0.0,0.9699825830175541,10.254139208002016
2026-07-21T02:51:27,KNN-IC,Parkinson,0.4,38,38,4,0.8618421052631579,11.79823400004534,0.9450348329846747,0.27380191697739065,13.01707337499829
2026-07-21T02:51:29,Mean-IC,Parkinson,0.4,38,38,4,0.8421052631578947,2.0214277500053868,0.007336708018556237,0.21141479100333527,2.2401813750038855
2026-07-21T02:51:40,KNN-Direct,Parkinson,0.4,38,38,3,0.868421052631579,9.404041083995253,0.0,0.9825250839930959,10.386568333022296
2026-07-21T02:51:50,KNN-Direct-Weighted,Parkinson,0.4,38,38,4,0.8881578947368421,9.487234667001758,0.0,0.9940116659854539,10.481249083997682
2026-07-21T02:52:00,KNN-Direct-Manhattan,Parkinson,0.4,38,38,1,0.9276315789473685,9.294161083002109,0.0,0.9683677920256741,10.262531832966488
2026-07-21T02:52:14,KNN-IC,Parkinson,0.4,39,39,4,0.875,12.53107316599926,1.0176448329584673,0.27337262500077486,13.822093166993
2026-07-21T02:52:16,Mean-IC,Parkinson,0.4,39,39,4,0.8486842105263158,2.027246375044342,0.007169209013227373,0.21057029196526855,2.2449882910004817
2026-07-21T02:52:27,KNN-Direct,Parkinson,0.4,39,39,1,0.8552631578947368,9.410526250023395,0.0,0.9869796250131913,10.397511458024383
2026-07-21T02:52:37,KNN-Direct-Weighted,Parkinson,0.4,39,39,1,0.868421052631579,9.508535249973647,0.0,0.990054042020347,10.498592124960851
2026-07-21T02:52:48,KNN-Direct-Manhattan,Parkinson,0.4,39,39,4,0.9276315789473685,9.256958374986425,0.0,0.9678165829973295,10.22477745800279
2026-07-21T02:53:02,KNN-IC,Parkinson,0.5,0,0,4,0.8355263157894737,12.923494416987523,0.9735227499622852,0.2715573330060579,14.168577083037235
2026-07-21T02:53:04,Mean-IC,Parkinson,0.5,0,0,15,0.7697368421052632,2.0261611670139246,0.007514958037063479,0.21178283297922462,2.2454613329609856
2026-07-21T02:53:14,KNN-Direct,Parkinson,0.5,0,0,4,0.868421052631579,8.67348562501138,0.0,0.9052355409949087,9.578723291982897
2026-07-21T02:53:23,KNN-Direct-Weighted,Parkinson,0.5,0,0,3,0.8486842105263158,8.757714833016507,0.0,0.9184605409973301,9.676177999994252
2026-07-21T02:53:33,KNN-Direct-Manhattan,Parkinson,0.5,0,0,3,0.8947368421052632,8.500383000005968,0.0,0.897425832983572,9.397811250004452
2026-07-21T02:53:47,KNN-IC,Parkinson,0.5,1,1,1,0.8486842105263158,13.165953333023936,0.44134833401767537,0.2730186670087278,13.880322958983015
2026-07-21T02:53:49,Mean-IC,Parkinson,0.5,1,1,1,0.7697368421052632,2.0243736669654027,0.007657125010155141,0.21257099998183548,2.2446046660188586
2026-07-21T02:53:58,KNN-Direct,Parkinson,0.5,1,1,1,0.8486842105263158,8.665401209029369,0.0,0.9051569589646533,9.570560750027653
2026-07-21T02:54:08,KNN-Direct-Weighted,Parkinson,0.5,1,1,1,0.8618421052631579,8.768618375004735,0.0,0.9161794169922359,9.68480049999198
2026-07-21T02:54:17,KNN-Direct-Manhattan,Parkinson,0.5,1,1,1,0.9144736842105263,8.4877755829948,0.0,0.890543749963399,9.378321833035443
2026-07-21T02:54:32,KNN-IC,Parkinson,0.5,2,2,5,0.8355263157894737,12.871099999989383,0.9871749160229228,0.2733615830074996,14.131638832972385
2026-07-21T02:54:34,Mean-IC,Parkinson,0.5,2,2,3,0.7894736842105263,2.0219257079879753,0.007771458011120558,0.21141124999849126,2.2411110409884714
2026-07-21T02:54:43,KNN-Direct,Parkinson,0.5,2,2,9,0.7894736842105263,8.67512579204049,0.0,0.9076450419961475,9.582773166999687
2026-07-21T02:54:53,KNN-Direct-Weighted,Parkinson,0.5,2,2,8,0.8223684210526315,8.78981158300303,0.0,0.9201362080057152,9.709950375021435
2026-07-21T02:55:02,KNN-Direct-Manhattan,Parkinson,0.5,2,2,9,0.7960526315789473,8.517182624957059,0.0,0.890744874952361,9.407929875014815
2026-07-21T02:55:16,KNN-IC,Parkinson,0.5,3,3,1,0.8552631578947368,12.60486470797332,0.432575499988161,0.2718004579655826,13.309243125026114
2026-07-21T02:55:18,Mean-IC,Parkinson,0.5,3,3,10,0.7763157894736842,2.0293904169811867,0.007572332979179919,0.21238116698805243,2.249346374999732
2026-07-21T02:55:28,KNN-Direct,Parkinson,0.5,3,3,12,0.7763157894736842,8.668595499999356,0.0,0.9092689580284059,9.577866750012618
2026-07-21T02:55:37,KNN-Direct-Weighted,Parkinson,0.5,3,3,1,0.8157894736842105,8.791469499992672,0.0,0.9270574589609168,9.718529834004585
2026-07-21T02:55:47,KNN-Direct-Manhattan,Parkinson,0.5,3,3,1,0.8947368421052632,8.514181874983478,0.0,0.8943263330147602,9.408511249988806
2026-07-21T02:56:00,KNN-IC,Parkinson,0.5,4,4,2,0.8881578947368421,12.830811999971047,0.5102436249726452,0.2737409579567611,13.614800125011243
2026-07-21T02:56:03,Mean-IC,Parkinson,0.5,4,4,4,0.8026315789473685,2.0334479580051266,0.0074783749878406525,0.2115855409647338,2.2525144580285996
2026-07-21T02:56:12,KNN-Direct,Parkinson,0.5,4,4,4,0.8355263157894737,8.696462000021711,0.0,0.9027179999975488,9.599182167032268
2026-07-21T02:56:22,KNN-Direct-Weighted,Parkinson,0.5,4,4,4,0.868421052631579,8.78816033405019,0.0,0.9216873749974184,9.709850125014782
2026-07-21T02:56:31,KNN-Direct-Manhattan,Parkinson,0.5,4,4,4,0.9144736842105263,8.539185333997011,0.0,0.8931737079983577,9.432361375016626
2026-07-21T02:56:45,KNN-IC,Parkinson,0.5,5,5,2,0.8947368421052632,12.79645491600968,0.5132953749853186,0.27133516705362126,13.58108837500913
2026-07-21T02:56:47,Mean-IC,Parkinson,0.5,5,5,1,0.7828947368421053,2.03248283296125,0.007641332980711013,0.21145958302076906,2.2515860000276007
2026-07-21T02:56:57,KNN-Direct,Parkinson,0.5,5,5,14,0.8092105263157895,8.67486133298371,0.0,0.9895183330518194,9.664381707960274
2026-07-21T02:57:07,KNN-Direct-Weighted,Parkinson,0.5,5,5,3,0.8355263157894737,9.41186687501613,0.0,0.9380707910167985,10.34994425001787
2026-07-21T02:57:17,KNN-Direct-Manhattan,Parkinson,0.5,5,5,1,0.9078947368421053,8.507391749997623,0.0,0.890126375015825,9.397520624974277
2026-07-21T02:57:32,KNN-IC,Parkinson,0.5,6,6,3,0.8157894736842105,14.010267917008605,0.6145789579604752,0.2875479169888422,14.91239825001685
2026-07-21T02:57:34,Mean-IC,Parkinson,0.5,6,6,3,0.8223684210526315,2.4449207080178894,0.007779749983455986,0.216812583967112,2.6695160000235774
2026-07-21T02:57:45,KNN-Direct,Parkinson,0.5,6,6,6,0.8355263157894737,9.344470874988474,0.0,0.978718583995942,10.32319154101424
2026-07-21T02:57:54,KNN-Direct-Weighted,Parkinson,0.5,6,6,4,0.7960526315789473,8.89756995800417,0.0,0.9209251250140369,9.818497582979035
2026-07-21T02:58:04,KNN-Direct-Manhattan,Parkinson,0.5,6,6,3,0.8947368421052632,8.523756042006426,0.0,0.8921860420377925,9.415944625041448
2026-07-21T02:58:18,KNN-IC,Parkinson,0.5,7,7,1,0.8421052631578947,13.143679291999433,0.43545083299977705,0.2729510419885628,13.852085457998328
2026-07-21T02:58:20,Mean-IC,Parkinson,0.5,7,7,3,0.7763157894736842,2.0221197080099955,0.007777834020089358,0.21254366601351649,2.242443250026554
2026-07-21T02:58:30,KNN-Direct,Parkinson,0.5,7,7,4,0.8421052631578947,8.711342875030823,0.0,0.9042723329621367,9.615617249975912
2026-07-21T02:58:39,KNN-Direct-Weighted,Parkinson,0.5,7,7,3,0.8552631578947368,8.776897084026132,0.0,0.9177110000164248,9.694610624981578
2026-07-21T02:58:49,KNN-Direct-Manhattan,Parkinson,0.5,7,7,1,0.868421052631579,8.497715542034712,0.0,0.8900445420295,9.38776275003329
2026-07-21T02:59:02,KNN-IC,Parkinson,0.5,8,8,1,0.8486842105263158,12.831605582963675,0.4351744170417078,0.2734294999972917,13.540213291998953
2026-07-21T02:59:04,Mean-IC,Parkinson,0.5,8,8,9,0.8421052631578947,2.029422166000586,0.00755062501411885,0.2122160840081051,2.2491917919833213
2026-07-21T02:59:14,KNN-Direct,Parkinson,0.5,8,8,1,0.8289473684210527,8.674974249966908,0.0,0.9044362910208292,9.579412750026677
2026-07-21T02:59:24,KNN-Direct-Weighted,Parkinson,0.5,8,8,1,0.8552631578947368,8.770143207977526,0.0,0.9199432919849642,9.690093374985736
2026-07-21T02:59:33,KNN-Direct-Manhattan,Parkinson,0.5,8,8,1,0.868421052631579,8.509028500004206,0.0,0.8905934159993194,9.399627916980535
2026-07-21T02:59:47,KNN-IC,Parkinson,0.5,9,9,7,0.8289473684210527,12.741687542002182,1.0355982080218382,0.27580800000578165,14.053099624987226
2026-07-21T02:59:49,Mean-IC,Parkinson,0.5,9,9,1,0.8486842105263158,2.031922542024404,0.007476667000446469,0.2123009170172736,2.251702582987491
2026-07-21T02:59:59,KNN-Direct,Parkinson,0.5,9,9,3,0.8289473684210527,8.654233500012197,0.0,0.9028659170144238,9.557101415994111
2026-07-21T03:00:09,KNN-Direct-Weighted,Parkinson,0.5,9,9,4,0.8486842105263158,8.78293070802465,0.0,0.9141942920396104,9.697129542008042
2026-07-21T03:00:18,KNN-Direct-Manhattan,Parkinson,0.5,9,9,1,0.9144736842105263,8.477477249980439,0.0,0.8875939580029808,9.365076958027203
2026-07-21T03:00:32,KNN-IC,Parkinson,0.5,10,10,1,0.868421052631579,12.781280124967452,0.4370396250160411,0.27618116699159145,13.494503750000149
2026-07-21T03:00:34,Mean-IC,Parkinson,0.5,10,10,3,0.7960526315789473,2.0281564999604598,0.007499333994928747,0.211511250003241,2.247173457988538
2026-07-21T03:00:43,KNN-Direct,Parkinson,0.5,10,10,1,0.8421052631578947,8.67889224999817,0.0,0.9090464999899268,9.587941041972954
2026-07-21T03:00:53,KNN-Direct-Weighted,Parkinson,0.5,10,10,1,0.868421052631579,8.77841216698289,0.0,0.9236952500068583,9.702109917008784
2026-07-21T03:01:02,KNN-Direct-Manhattan,Parkinson,0.5,10,10,3,0.8552631578947368,8.513890333008021,0.0,0.9011222079861909,9.415014875005
2026-07-21T03:01:16,KNN-IC,Parkinson,0.5,11,11,2,0.875,12.976969917013776,0.5162338750087656,0.2725119169917889,13.76571829104796
2026-07-21T03:01:18,Mean-IC,Parkinson,0.5,11,11,6,0.7368421052631579,2.021917583013419,0.00771212502149865,0.2109948750003241,2.2406269579660147
2026-07-21T03:01:28,KNN-Direct,Parkinson,0.5,11,11,4,0.8486842105263158,8.665028708986938,0.0,0.9076257909764536,9.57265687501058
2026-07-21T03:01:38,KNN-Direct-Weighted,Parkinson,0.5,11,11,4,0.8552631578947368,8.763981624972075,0.0,0.9416352920234203,9.705619334010407
2026-07-21T03:01:47,KNN-Direct-Manhattan,Parkinson,0.5,11,11,1,0.9407894736842105,8.508955708995927,0.0,0.8922287920140661,9.401186959003098
2026-07-21T03:02:01,KNN-IC,Parkinson,0.5,12,12,6,0.881578947368421,12.833839499973692,1.0008319999906234,0.27512708300491795,14.109801208018325
2026-07-21T03:02:04,Mean-IC,Parkinson,0.5,12,12,4,0.8223684210526315,2.029225750011392,0.007551333052106202,0.21204487496288493,2.2488240840029903
2026-07-21T03:02:13,KNN-Direct,Parkinson,0.5,12,12,15,0.8157894736842105,8.658544124977197,0.0,0.9052875419729389,9.563833791995421
2026-07-21T03:02:23,KNN-Direct-Weighted,Parkinson,0.5,12,12,1,0.8618421052631579,8.735984084021766,0.0,0.9486870000255294,9.684673625044525
2026-07-21T03:02:32,KNN-Direct-Manhattan,Parkinson,0.5,12,12,1,0.9276315789473685,8.480882124975324,0.0,0.8920944160199724,9.37298029201338
2026-07-21T03:02:47,KNN-IC,Parkinson,0.5,13,13,10,0.8092105263157895,13.082919291045982,0.9949081660015509,0.27477850002469495,14.352608332992531
2026-07-21T03:02:49,Mean-IC,Parkinson,0.5,13,13,1,0.8026315789473685,2.0336959999985993,0.0075371250277385116,0.21265104197664186,2.2538875419995748
2026-07-21T03:02:58,KNN-Direct,Parkinson,0.5,13,13,5,0.8289473684210527,8.735970625013579,0.0,0.9052068329765461,9.641179625003133
2026-07-21T03:03:08,KNN-Direct-Weighted,Parkinson,0.5,13,13,3,0.8355263157894737,8.785247166000772,0.0,0.9191517080180347,9.704401583003346
2026-07-21T03:03:18,KNN-Direct-Manhattan,Parkinson,0.5,13,13,4,0.875,8.483729499974288,0.0,0.8895087920245714,9.373242250003386
2026-07-21T03:03:31,KNN-IC,Parkinson,0.5,14,14,1,0.868421052631579,12.532258375023957,0.4323996670427732,0.27403266698820516,13.238697125052568
2026-07-21T03:03:33,Mean-IC,Parkinson,0.5,14,14,6,0.8092105263157895,2.03324858302949,0.00754595804028213,0.21270337502937764,2.2535005420213565
2026-07-21T03:03:43,KNN-Direct,Parkinson,0.5,14,14,1,0.875,8.69076754100388,0.0,0.9057797499699518,9.596549624984618
2026-07-21T03:03:52,KNN-Direct-Weighted,Parkinson,0.5,14,14,1,0.8552631578947368,8.765447874960955,0.0,0.9330835829605348,9.698537374963053
2026-07-21T03:04:02,KNN-Direct-Manhattan,Parkinson,0.5,14,14,1,0.9276315789473685,8.51605766697321,0.0,0.8916986669646576,9.40775912499521
2026-07-21T03:04:15,KNN-IC,Parkinson,0.5,15,15,1,0.8552631578947368,12.505916042020544,0.43505279201781377,0.2753692919504829,13.216340874962043
2026-07-21T03:04:17,Mean-IC,Parkinson,0.5,15,15,6,0.8289473684210527,2.032061750011053,0.007533291995059699,0.21242012502625585,2.2520206249901094
2026-07-21T03:04:27,KNN-Direct,Parkinson,0.5,15,15,10,0.8552631578947368,8.685285707993899,0.0,0.9067763340426609,9.592064541007858
2026-07-21T03:04:36,KNN-Direct-Weighted,Parkinson,0.5,15,15,1,0.8421052631578947,8.759215832978953,0.0,0.9181072909850627,9.677325833006762
2026-07-21T03:04:46,KNN-Direct-Manhattan,Parkinson,0.5,15,15,3,0.8947368421052632,8.529043540998828,0.0,0.8909901659935713,9.420036749972496
2026-07-21T03:05:00,KNN-IC,Parkinson,0.5,16,16,4,0.875,12.967752666969318,0.9957769160391763,0.2728903329698369,14.236422707966994
2026-07-21T03:05:02,Mean-IC,Parkinson,0.5,16,16,1,0.8223684210526315,2.02572550001787,0.007424208975862712,0.2120555829606019,2.2452074169996195
2026-07-21T03:05:12,KNN-Direct,Parkinson,0.5,16,16,8,0.8618421052631579,8.662342750001699,0.0,0.9044221669901162,9.566767167008948
2026-07-21T03:05:22,KNN-Direct-Weighted,Parkinson,0.5,16,16,8,0.8421052631578947,8.747942582995165,0.0,0.917205375037156,9.665150582964998
2026-07-21T03:05:31,KNN-Direct-Manhattan,Parkinson,0.5,16,16,1,0.8947368421052632,8.523060415987857,0.0,0.8922051250119694,9.41526837501442
2026-07-21T03:05:44,KNN-IC,Parkinson,0.5,17,17,2,0.8881578947368421,12.165884332964197,0.5176280830055475,0.2750549159827642,12.958571667026263
2026-07-21T03:05:46,Mean-IC,Parkinson,0.5,17,17,4,0.7763157894736842,2.025837416993454,0.0075439580250531435,0.21125704102450982,2.2446442920481786
2026-07-21T03:05:56,KNN-Direct,Parkinson,0.5,17,17,10,0.8092105263157895,8.646600999985822,0.0,0.9012232910026796,9.547826541995164
2026-07-21T03:06:05,KNN-Direct-Weighted,Parkinson,0.5,17,17,7,0.7697368421052632,8.743279249989428,0.0,0.9168410829734057,9.660127499955706
2026-07-21T03:06:15,KNN-Direct-Manhattan,Parkinson,0.5,17,17,1,0.9210526315789473,8.507487791997846,0.0,0.8903104999917559,9.397801333048847
2026-07-21T03:06:29,KNN-IC,Parkinson,0.5,18,18,2,0.9078947368421053,13.03727308404632,0.5114583750255406,0.2758706249878742,13.824608416005503
2026-07-21T03:06:31,Mean-IC,Parkinson,0.5,18,18,1,0.8486842105263158,2.0386027920176275,0.0075424169772304595,0.21236620901618153,2.258513666980434
2026-07-21T03:06:41,KNN-Direct,Parkinson,0.5,18,18,1,0.9078947368421053,8.668016041978262,0.0,0.905599792022258,9.573618124995846
2026-07-21T03:06:50,KNN-Direct-Weighted,Parkinson,0.5,18,18,1,0.9013157894736842,8.738009083026554,0.0,0.9215555000118911,9.65956704202108
2026-07-21T03:07:00,KNN-Direct-Manhattan,Parkinson,0.5,18,18,1,0.9473684210526315,8.52702237496851,0.0,0.8907238329993561,9.417748874984682
2026-07-21T03:07:13,KNN-IC,Parkinson,0.5,19,19,1,0.875,13.17609362496296,0.43650745804188773,0.2732310410356149,13.885835166962352
2026-07-21T03:07:16,Mean-IC,Parkinson,0.5,19,19,1,0.7763157894736842,2.023215833993163,0.007514041964896023,0.2113072500214912,2.24204408301739
2026-07-21T03:07:25,KNN-Direct,Parkinson,0.5,19,19,4,0.8421052631578947,8.689604874991346,0.0,0.9042897920007817,9.593896750011481
2026-07-21T03:07:35,KNN-Direct-Weighted,Parkinson,0.5,19,19,1,0.8421052631578947,8.791521583974827,0.0,0.9206755830091424,9.712199833011255
2026-07-21T03:07:44,KNN-Direct-Manhattan,Parkinson,0.5,19,19,1,0.9013157894736842,8.534752583014779,0.0,0.9224548750207759,9.457209790998604
2026-07-21T03:07:58,KNN-IC,Parkinson,0.5,20,20,2,0.8486842105263158,12.364833625033498,0.5123561670188792,0.27687283302657306,13.154065583948977
2026-07-21T03:08:00,Mean-IC,Parkinson,0.5,20,20,7,0.7631578947368421,2.0238919999683276,0.007517583027947694,0.21157004201086238,2.242981834046077
2026-07-21T03:08:09,KNN-Direct,Parkinson,0.5,20,20,8,0.8223684210526315,8.665069665992633,0.0,0.9057267919997685,9.570798708999064
2026-07-21T03:08:19,KNN-Direct-Weighted,Parkinson,0.5,20,20,6,0.8223684210526315,8.74452787503833,0.0,0.9180436669848859,9.662573874986265
2026-07-21T03:08:29,KNN-Direct-Manhattan,Parkinson,0.5,20,20,3,0.9013157894736842,8.523422042024322,0.0,0.8906916250125505,9.414116416010074
2026-07-21T03:08:42,KNN-IC,Parkinson,0.5,21,21,1,0.7960526315789473,13.026468291995116,0.43200112495105714,0.27035508397966623,13.728831708955113
2026-07-21T03:08:45,Mean-IC,Parkinson,0.5,21,21,3,0.8026315789473685,2.0332741670426913,0.007527708017732948,0.212335082993377,2.253139332984574
2026-07-21T03:08:54,KNN-Direct,Parkinson,0.5,21,21,6,0.8421052631578947,8.658987750008237,0.0,0.9054397090221755,9.564429707999807
2026-07-21T03:09:04,KNN-Direct-Weighted,Parkinson,0.5,21,21,6,0.8486842105263158,8.766556125017814,0.0,0.9171098750084639,9.683668625017162
2026-07-21T03:09:13,KNN-Direct-Manhattan,Parkinson,0.5,21,21,1,0.868421052631579,8.571534166985657,0.0,0.909816832980141,9.481354041025043
2026-07-21T03:09:28,KNN-IC,Parkinson,0.5,22,22,4,0.8881578947368421,13.156174250005279,1.042858749977313,0.272771333984565,14.471808500005864
2026-07-21T03:09:30,Mean-IC,Parkinson,0.5,22,22,1,0.8157894736842105,2.0235554589889944,0.00748483301140368,0.21133658301550895,2.2423792500048876
2026-07-21T03:09:40,KNN-Direct,Parkinson,0.5,22,22,1,0.881578947368421,8.694677208026405,0.0,0.9052674580016173,9.59994695900241
2026-07-21T03:09:49,KNN-Direct-Weighted,Parkinson,0.5,22,22,3,0.8486842105263158,8.757421124959365,0.0,0.9176754580112174,9.675099249987397
2026-07-21T03:09:59,KNN-Direct-Manhattan,Parkinson,0.5,22,22,3,0.9078947368421053,8.546833875006996,0.0,0.8886707499623299,9.435506915964652
2026-07-21T03:10:12,KNN-IC,Parkinson,0.5,23,23,1,0.8421052631578947,12.750080582976807,0.43492654198780656,0.274872999987565,13.459882583003491
2026-07-21T03:10:14,Mean-IC,Parkinson,0.5,23,23,4,0.75,2.0384216249804012,0.007460083987098187,0.2119762499933131,2.2578602499561384
2026-07-21T03:10:24,KNN-Direct,Parkinson,0.5,23,23,1,0.8026315789473685,8.66037050000159,0.0,0.9010269999853335,9.561399666010402
2026-07-21T03:10:34,KNN-Direct-Weighted,Parkinson,0.5,23,23,1,0.7828947368421053,8.752941042010207,0.0,0.9176694590132684,9.67061254195869
2026-07-21T03:10:43,KNN-Direct-Manhattan,Parkinson,0.5,23,23,1,0.8947368421052632,8.535272499953862,0.0,0.8948613330139779,9.430137874966022
2026-07-21T03:10:57,KNN-IC,Parkinson,0.5,24,24,2,0.868421052631579,12.933271792018786,0.511568707996048,0.2758760830038227,13.72071958403103
2026-07-21T03:10:59,Mean-IC,Parkinson,0.5,24,24,1,0.8223684210526315,2.0278504579910077,0.007563791994471103,0.21247570897685364,2.247894541011192
2026-07-21T03:11:09,KNN-Direct,Parkinson,0.5,24,24,6,0.8092105263157895,8.68996008404065,0.0,0.9044340000255033,9.594396125001367
2026-07-21T03:11:18,KNN-Direct-Weighted,Parkinson,0.5,24,24,1,0.8421052631578947,8.760273749998305,0.0,0.9164498340105638,9.676726082980167
2026-07-21T03:11:28,KNN-Direct-Manhattan,Parkinson,0.5,24,24,3,0.8881578947368421,8.549119334027637,0.0,0.8907606659922749,9.439882416976616
2026-07-21T03:11:41,KNN-IC,Parkinson,0.5,25,25,1,0.8552631578947368,12.87051012495067,0.4350695420289412,0.27548329200362787,13.581065667036455
2026-07-21T03:11:44,Mean-IC,Parkinson,0.5,25,25,1,0.8355263157894737,2.029119167011231,0.007517250021919608,0.2118864589720033,2.2485250839963555
2026-07-21T03:11:53,KNN-Direct,Parkinson,0.5,25,25,1,0.8092105263157895,8.653333624999505,0.0,0.9182441250304691,9.57158004201483
2026-07-21T03:12:03,KNN-Direct-Weighted,Parkinson,0.5,25,25,6,0.8421052631578947,8.772928624995984,0.0,0.9253036659792997,9.698234958050307
2026-07-21T03:12:12,KNN-Direct-Manhattan,Parkinson,0.5,25,25,1,0.881578947368421,8.533856166992337,0.0,0.891661582980305,9.425520208023954
2026-07-21T03:12:25,KNN-IC,Parkinson,0.5,26,26,1,0.8486842105263158,12.125282458029687,0.43680041702464223,0.2723457500105724,12.83443112502573
2026-07-21T03:12:27,Mean-IC,Parkinson,0.5,26,26,1,0.7697368421052632,2.023702458012849,0.007520416984334588,0.21169199998257682,2.242917249968741
2026-07-21T03:12:37,KNN-Direct,Parkinson,0.5,26,26,6,0.8355263157894737,8.657313834002707,0.0,0.9047595000010915,9.562075334019028
2026-07-21T03:12:47,KNN-Direct-Weighted,Parkinson,0.5,26,26,1,0.8421052631578947,8.781979457999114,0.0,0.9173429580405354,9.699328375048935
2026-07-21T03:12:56,KNN-Direct-Manhattan,Parkinson,0.5,26,26,1,0.881578947368421,8.534026457986329,0.0,0.8909438330447301,9.424972833017819
2026-07-21T03:13:10,KNN-IC,Parkinson,0.5,27,27,1,0.8355263157894737,12.80407595896395,0.43441537499893457,0.27288037503603846,13.51137662504334
2026-07-21T03:13:12,Mean-IC,Parkinson,0.5,27,27,1,0.7302631578947368,2.024127167009283,0.007451041019521654,0.21124633302679285,2.242826540954411
2026-07-21T03:13:21,KNN-Direct,Parkinson,0.5,27,27,1,0.8355263157894737,8.65074554196326,0.0,0.9078945830115117,9.558642000018153
2026-07-21T03:13:31,KNN-Direct-Weighted,Parkinson,0.5,27,27,1,0.8486842105263158,8.780885499960277,0.0,0.91905508300988,9.699943291023374
2026-07-21T03:13:41,KNN-Direct-Manhattan,Parkinson,0.5,27,27,1,0.9013157894736842,8.518501584010664,0.0,0.8921997500001453,9.410704291949514
2026-07-21T03:13:54,KNN-IC,Parkinson,0.5,28,28,2,0.9144736842105263,12.978622083959635,0.5151772910030559,0.2718534159939736,13.765655207971577
2026-07-21T03:13:57,Mean-IC,Parkinson,0.5,28,28,3,0.7960526315789473,2.0241847910219803,0.007578167016617954,0.21066537499427795,2.2424307909677736
2026-07-21T03:14:06,KNN-Direct,Parkinson,0.5,28,28,7,0.8026315789473685,8.642888250004034,0.0,0.9042747920029797,9.547165209020022
2026-07-21T03:14:16,KNN-Direct-Weighted,Parkinson,0.5,28,28,8,0.8421052631578947,8.790001790970564,0.0,0.9196992079960182,9.70970683300402
2026-07-21T03:14:25,KNN-Direct-Manhattan,Parkinson,0.5,28,28,1,0.9144736842105263,8.53454983397387,0.0,0.8910370409721509,9.425589166989084
2026-07-21T03:14:39,KNN-IC,Parkinson,0.5,29,29,1,0.8618421052631579,12.857532666996121,0.44002741697477177,0.2743337499559857,13.571896417008247
2026-07-21T03:14:41,Mean-IC,Parkinson,0.5,29,29,3,0.756578947368421,2.0343968750094064,0.007503166969399899,0.21230691601522267,2.2542094590025954
2026-07-21T03:14:51,KNN-Direct,Parkinson,0.5,29,29,5,0.8092105263157895,8.634201499982737,0.0,0.9028448330354877,9.537048583035357
2026-07-21T03:15:00,KNN-Direct-Weighted,Parkinson,0.5,29,29,1,0.8486842105263158,8.748797542008106,0.0,0.918380375020206,9.667180166987237
2026-07-21T03:15:10,KNN-Direct-Manhattan,Parkinson,0.5,29,29,1,0.8947368421052632,8.519681833975483,0.0,0.8866666249814443,9.40635095804464
2026-07-21T03:15:24,KNN-IC,Parkinson,0.5,30,30,8,0.7960526315789473,13.225073624984361,1.070540000044275,0.27342920802766457,14.569046291988343
2026-07-21T03:15:27,Mean-IC,Parkinson,0.5,30,30,14,0.75,2.0202435409883037,0.0075236670090816915,0.21239516697824,2.2401655829744413
2026-07-21T03:15:36,KNN-Direct,Parkinson,0.5,30,30,14,0.8092105263157895,8.646035875019152,0.0,0.9052372080041096,9.551275125006214
2026-07-21T03:15:46,KNN-Direct-Weighted,Parkinson,0.5,30,30,9,0.7960526315789473,8.799327207962051,0.0,0.9192541249794886,9.718587208015379
2026-07-21T03:15:55,KNN-Direct-Manhattan,Parkinson,0.5,30,30,1,0.8552631578947368,8.528029666049406,0.0,0.8901425420190208,9.418175084050745
2026-07-21T03:16:09,KNN-IC,Parkinson,0.5,31,31,2,0.881578947368421,12.995056708983611,0.5077103750081733,0.2730555000016466,13.775825041986536
2026-07-21T03:16:11,Mean-IC,Parkinson,0.5,31,31,1,0.743421052631579,2.028651916945819,0.007569084002170712,0.21143354201922193,2.247657167026773
2026-07-21T03:16:21,KNN-Direct,Parkinson,0.5,31,31,1,0.8289473684210527,8.648138666991144,0.0,0.9058012079913169,9.553942124999594
2026-07-21T03:16:31,KNN-Direct-Weighted,Parkinson,0.5,31,31,1,0.8552631578947368,8.76800258399453,0.0,0.9192639999673702,9.687273250019643
2026-07-21T03:16:40,KNN-Direct-Manhattan,Parkinson,0.5,31,31,3,0.8289473684210527,8.527477250027005,0.0,0.8897828339831904,9.417262792005204
2026-07-21T03:16:54,KNN-IC,Parkinson,0.5,32,32,1,0.8486842105263158,13.388116083049681,0.48889508296269923,0.28066970803774893,14.157698375056498
2026-07-21T03:16:56,Mean-IC,Parkinson,0.5,32,32,1,0.8157894736842105,2.1205059579806402,0.007702166971284896,0.23048454202944413,2.3586972079938278
2026-07-21T03:17:06,KNN-Direct,Parkinson,0.5,32,32,1,0.8618421052631579,8.78320549998898,0.0,0.9249753750045784,9.708235167025123
2026-07-21T03:17:16,KNN-Direct-Weighted,Parkinson,0.5,32,32,1,0.8618421052631579,9.189175167004578,0.0,0.9374607079662383,10.126649625017308
2026-07-21T03:17:26,KNN-Direct-Manhattan,Parkinson,0.5,32,32,1,0.9078947368421053,8.771897625003476,0.0,0.9107077500084415,9.682608250004705
2026-07-21T03:17:40,KNN-IC,Parkinson,0.5,33,33,2,0.9144736842105263,13.137546249956358,0.5302871249732561,0.2781752919545397,13.94601308304118
2026-07-21T03:17:42,Mean-IC,Parkinson,0.5,33,33,3,0.8223684210526315,2.0669453750015236,0.007679917034693062,0.2149207090260461,2.2895539589808322
2026-07-21T03:17:52,KNN-Direct,Parkinson,0.5,33,33,3,0.8026315789473685,8.851783291029278,0.0,0.9307741660159081,9.782559834013227
2026-07-21T03:18:02,KNN-Direct-Weighted,Parkinson,0.5,33,33,4,0.8486842105263158,9.037874166970141,0.0,0.9393949169898406,9.977271708019543
2026-07-21T03:18:12,KNN-Direct-Manhattan,Parkinson,0.5,33,33,1,0.8947368421052632,8.759491125005297,0.0,0.9108814159990288,9.6703755420167
2026-07-21T03:18:26,KNN-IC,Parkinson,0.5,34,34,2,0.8486842105263158,13.46629704197403,0.530555583012756,0.280575749988202,14.27743279200513
2026-07-21T03:18:28,Mean-IC,Parkinson,0.5,34,34,5,0.7631578947368421,2.0685030830209143,0.007749582990072668,0.21531350002624094,2.2915703329490498
2026-07-21T03:18:38,KNN-Direct,Parkinson,0.5,34,34,1,0.8355263157894737,8.821130249998532,0.0,1.0106952500063926,9.831828000023961
2026-07-21T03:18:48,KNN-Direct-Weighted,Parkinson,0.5,34,34,1,0.8486842105263158,8.966732458036859,0.0,0.9407865829998627,9.907522000023164
2026-07-21T03:18:58,KNN-Direct-Manhattan,Parkinson,0.5,34,34,1,0.9144736842105263,8.846094207954593,0.0,0.9118006249773316,9.757897833012976
2026-07-21T03:19:12,KNN-IC,Parkinson,0.5,35,35,3,0.8223684210526315,13.318958416988607,0.6048830000218004,0.2805665420019068,14.204412374994718
2026-07-21T03:19:14,Mean-IC,Parkinson,0.5,35,35,5,0.8026315789473685,2.0704910419881344,0.007836584001779556,0.21536170796025544,2.293693792016711
2026-07-21T03:19:24,KNN-Direct,Parkinson,0.5,35,35,3,0.8552631578947368,8.999451749958098,0.0,0.9303354170406237,9.9297893330222
2026-07-21T03:19:34,KNN-Direct-Weighted,Parkinson,0.5,35,35,1,0.8552631578947368,8.97984191699652,0.0,0.9403509590192698,9.920195792044979
2026-07-21T03:19:44,KNN-Direct-Manhattan,Parkinson,0.5,35,35,4,0.8881578947368421,8.777685708017088,0.0,0.9117187089868821,9.689407041005325
2026-07-21T03:19:58,KNN-IC,Parkinson,0.5,36,36,2,0.7894736842105263,13.116222834039945,0.5297133749700151,0.27813787502236664,13.924078707990702
2026-07-21T03:20:00,Mean-IC,Parkinson,0.5,36,36,3,0.7171052631578947,2.0672882499638945,0.00788166600978002,0.21559475001413375,2.2907692919834517
2026-07-21T03:20:10,KNN-Direct,Parkinson,0.5,36,36,10,0.8157894736842105,8.950431291013956,0.0,0.926294916018378,9.876728583010845
2026-07-21T03:20:20,KNN-Direct-Weighted,Parkinson,0.5,36,36,8,0.8092105263157895,8.953221250034403,0.0,0.9390509580262005,9.892275124962907
2026-07-21T03:20:29,KNN-Direct-Manhattan,Parkinson,0.5,36,36,4,0.8552631578947368,8.779984708002303,0.0,0.9111537500284612,9.691141166957095
2026-07-21T03:20:43,KNN-IC,Parkinson,0.5,37,37,10,0.8157894736842105,12.416241416998673,1.1311710420413874,0.2777799579780549,13.825196749996394
2026-07-21T03:20:46,Mean-IC,Parkinson,0.5,37,37,1,0.7960526315789473,2.0665645410190336,0.007634499983396381,0.21596508304355666,2.290168834035285
2026-07-21T03:20:56,KNN-Direct,Parkinson,0.5,37,37,1,0.8421052631578947,8.996954791015014,0.0,0.9228492920519784,9.91980654199142
2026-07-21T03:21:05,KNN-Direct-Weighted,Parkinson,0.5,37,37,4,0.8552631578947368,8.947580334031954,0.0,0.943801290995907,9.891384583024774
2026-07-21T03:21:15,KNN-Direct-Manhattan,Parkinson,0.5,37,37,1,0.9078947368421053,8.770206666027661,0.0,0.9085460000205785,9.678755292028654
2026-07-21T03:21:29,KNN-IC,Parkinson,0.5,38,38,3,0.8421052631578947,12.81568454200169,0.6001530420035124,0.280515166989062,13.696357167034876
2026-07-21T03:21:31,Mean-IC,Parkinson,0.5,38,38,1,0.8355263157894737,2.0667719170451164,0.007709749974310398,0.216121583012864,2.290607667004224
2026-07-21T03:21:41,KNN-Direct,Parkinson,0.5,38,38,4,0.8552631578947368,8.934286625008099,0.0,0.9255755830090493,9.859864582947921
2026-07-21T03:21:51,KNN-Direct-Weighted,Parkinson,0.5,38,38,5,0.8552631578947368,8.946718958031852,0.0,0.9378276669885963,9.884550166956615
2026-07-21T03:22:00,KNN-Direct-Manhattan,Parkinson,0.5,38,38,1,0.9276315789473685,8.753653749998193,0.0,0.908364792005159,9.662021375028417
2026-07-21T03:22:15,KNN-IC,Parkinson,0.5,39,39,1,0.875,13.385284417017829,0.44993162498576567,0.27836975001264364,14.113591374945827
2026-07-21T03:22:17,Mean-IC,Parkinson,0.5,39,39,6,0.7894736842105263,2.0709569579921663,0.007703292008955032,0.21600204100832343,2.2946659160079435
2026-07-21T03:22:27,KNN-Direct,Parkinson,0.5,39,39,1,0.868421052631579,8.957622125046328,0.0,0.9303340409533121,9.887958667008206
2026-07-21T03:22:37,KNN-Direct-Weighted,Parkinson,0.5,39,39,1,0.8618421052631579,8.922556624980643,0.0,0.9379140000091866,9.860473708016798
2026-07-21T03:22:46,KNN-Direct-Manhattan,Parkinson,0.5,39,39,1,0.8881578947368421,8.799976875016,0.0,0.908162584004458,9.708142457995564
