timestamp,method,dataset,missing_rate,trial,seed,n_neighbors,accuracy,tuning_time_sec,train_time_sec,predict_time_sec,total_time_sec
2026-07-20T22:51:29,KNN-IC,Parkinson2clc,0.1,0,0,1,0.9487179487179487,0.35303191700950265,0.00796483299927786,0.02146395802265033,0.3824659999809228
2026-07-20T22:51:30,Mean-IC,Parkinson2clc,0.1,0,0,1,0.9487179487179487,0.2096472909906879,0.000705875048879534,0.020970124984160066,0.23132804204942659
2026-07-20T22:51:30,KNN-Direct,Parkinson2clc,0.1,0,0,1,0.9487179487179487,0.4892271250137128,0.0,0.04945212497841567,0.5386845419998281
2026-07-20T22:51:31,KNN-Direct-Weighted,Parkinson2clc,0.1,0,0,1,0.9487179487179487,0.49953354202443734,0.0,0.05076212499989197,0.5503004170022905
2026-07-20T22:51:31,KNN-Direct-Manhattan,Parkinson2clc,0.1,0,0,1,0.9230769230769231,0.5173093330231495,0.0,0.0596304580103606,0.576943832973484
2026-07-20T22:51:32,KNN-IC,Parkinson2clc,0.1,1,1,1,0.8974358974358975,0.6645485000335611,0.017251792014576495,0.08114308404037729,0.7629534580046311
2026-07-20T22:51:33,Mean-IC,Parkinson2clc,0.1,1,1,1,0.9230769230769231,0.45532404200639576,0.001225917018018663,0.03996374999405816,0.49652612500358373
2026-07-20T22:51:34,KNN-Direct,Parkinson2clc,0.1,1,1,1,0.8974358974358975,0.9545193329686299,0.0,0.08335612498922274,1.037883166980464
2026-07-20T22:51:35,KNN-Direct-Weighted,Parkinson2clc,0.1,1,1,1,0.9487179487179487,0.9629489590297453,0.0,0.08410816703690216,1.0470645829918794
2026-07-20T22:51:35,KNN-Direct-Manhattan,Parkinson2clc,0.1,1,1,8,0.9230769230769231,0.5029884579707868,0.0,0.04777108400594443,0.550764125015121
2026-07-20T22:51:36,KNN-IC,Parkinson2clc,0.1,2,2,2,0.8205128205128205,0.3355474999989383,0.007751083001494408,0.021306458045728505,0.36460816604085267
2026-07-20T22:51:36,Mean-IC,Parkinson2clc,0.1,2,2,1,0.8205128205128205,0.20760745799634606,0.000667459040414542,0.020956041989848018,0.22923429199727252
2026-07-20T22:51:36,KNN-Direct,Parkinson2clc,0.1,2,2,1,0.8461538461538461,0.4901593329850584,0.0,0.05020562501158565,0.5403683750191703
2026-07-20T22:51:37,KNN-Direct-Weighted,Parkinson2clc,0.1,2,2,1,0.8461538461538461,0.506415499956347,0.0,0.05072641698643565,0.5571457910118625
2026-07-20T22:51:38,KNN-Direct-Manhattan,Parkinson2clc,0.1,2,2,1,0.8717948717948718,0.47737683297600597,0.0,0.04794716602191329,0.5253274170099758
2026-07-20T22:51:38,KNN-IC,Parkinson2clc,0.1,3,3,3,0.8717948717948718,0.32762895798077807,0.0079166250070557,0.021342666004784405,0.35689145798096433
2026-07-20T22:51:38,Mean-IC,Parkinson2clc,0.1,3,3,4,0.8717948717948718,0.20701299997745082,0.0006478750146925449,0.0208459579735063,0.22851000004447997
2026-07-20T22:51:39,KNN-Direct,Parkinson2clc,0.1,3,3,5,0.8974358974358975,0.49007637496106327,0.0,0.049820416956208646,0.5398996670264751
2026-07-20T22:51:39,KNN-Direct-Weighted,Parkinson2clc,0.1,3,3,6,0.8974358974358975,0.4985917920130305,0.0,0.05075637495610863,0.5493517499999143
2026-07-20T22:51:40,KNN-Direct-Manhattan,Parkinson2clc,0.1,3,3,3,0.8717948717948718,0.47463733301265165,0.0,0.048143249994609505,0.5227837080019526
2026-07-20T22:51:40,KNN-IC,Parkinson2clc,0.1,4,4,6,0.8974358974358975,0.33371650002663955,0.008988041954580694,0.021396666998043656,0.3641045830445364
2026-07-20T22:51:40,Mean-IC,Parkinson2clc,0.1,4,4,5,0.8974358974358975,0.20772733399644494,0.0006483329925686121,0.02070554200327024,0.22908449999522418
2026-07-20T22:51:41,KNN-Direct,Parkinson2clc,0.1,4,4,1,0.8717948717948718,0.49069424998015165,0.0,0.049602875020354986,0.5403001669910736
2026-07-20T22:51:41,KNN-Direct-Weighted,Parkinson2clc,0.1,4,4,1,0.8974358974358975,0.49896574998274446,0.0,0.051264042034745216,0.5502330409944989
2026-07-20T22:51:42,KNN-Direct-Manhattan,Parkinson2clc,0.1,4,4,4,0.9230769230769231,0.6297837079619057,0.0,0.048395208024885505,0.6781822079792619
2026-07-20T22:51:42,KNN-IC,Parkinson2clc,0.1,5,5,1,0.9743589743589743,0.33604983298573643,0.008821041963528842,0.02131599996937439,0.36619033297756687
2026-07-20T22:51:43,Mean-IC,Parkinson2clc,0.1,5,5,1,0.9487179487179487,0.21008891699602827,0.0007542920066043735,0.020782207953743637,0.23162862501339987
2026-07-20T22:51:43,KNN-Direct,Parkinson2clc,0.1,5,5,1,0.9230769230769231,0.4906775829731487,0.0,0.04983533400809392,0.5405162909883074
2026-07-20T22:51:44,KNN-Direct-Weighted,Parkinson2clc,0.1,5,5,1,0.9230769230769231,0.5062317500123754,0.0,0.05038391600828618,0.5566192499827594
2026-07-20T22:51:44,KNN-Direct-Manhattan,Parkinson2clc,0.1,5,5,1,0.8717948717948718,0.4721511250245385,0.0,0.048066832998301834,0.5202217089827172
2026-07-20T22:51:45,KNN-IC,Parkinson2clc,0.1,6,6,1,0.8461538461538461,0.33357479196274653,0.008040457963943481,0.021901833009906113,0.3635207500192337
2026-07-20T22:51:45,Mean-IC,Parkinson2clc,0.1,6,6,1,0.8974358974358975,0.2217512499773875,0.0009137080051004887,0.020952166989445686,0.24362091696821153
2026-07-20T22:51:46,KNN-Direct,Parkinson2clc,0.1,6,6,1,0.8461538461538461,0.5201711249537766,0.0,0.05032700003357604,0.5705014170380309
2026-07-20T22:51:46,KNN-Direct-Weighted,Parkinson2clc,0.1,6,6,1,0.8461538461538461,0.5189940410200506,0.0,0.05106137500843033,0.5700591250206344
2026-07-20T22:51:47,KNN-Direct-Manhattan,Parkinson2clc,0.1,6,6,1,0.8974358974358975,0.49781087500741705,0.0,0.10449354100273922,0.6023091670358554
2026-07-20T22:51:47,KNN-IC,Parkinson2clc,0.1,7,7,1,0.9487179487179487,0.40939166699536145,0.007749292009975761,0.02129499998409301,0.43844079197151586
2026-07-20T22:51:47,Mean-IC,Parkinson2clc,0.1,7,7,9,0.9230769230769231,0.2082211659871973,0.0006821249844506383,0.0207447920111008,0.22965200000908226
2026-07-20T22:51:48,KNN-Direct,Parkinson2clc,0.1,7,7,10,0.9230769230769231,0.488358500006143,0.0,0.049419250048231333,0.5377809159690514
2026-07-20T22:51:48,KNN-Direct-Weighted,Parkinson2clc,0.1,7,7,1,0.9230769230769231,0.4973285419982858,0.0,0.05060504097491503,0.5479372080299072
2026-07-20T22:51:49,KNN-Direct-Manhattan,Parkinson2clc,0.1,7,7,1,0.9487179487179487,0.47280750004574656,0.0,0.047882124956231564,0.5206935000023805
2026-07-20T22:51:49,KNN-IC,Parkinson2clc,0.1,8,8,1,0.8974358974358975,0.33281704201363027,0.007903083052951843,0.021389625035226345,0.3621135000139475
2026-07-20T22:51:50,Mean-IC,Parkinson2clc,0.1,8,8,1,0.9230769230769231,0.2067159169819206,0.0006456670234911144,0.020863334008026868,0.2282284169923514
2026-07-20T22:51:50,KNN-Direct,Parkinson2clc,0.1,8,8,1,0.8974358974358975,0.49535987502895296,0.0,0.04997891699895263,0.5453418330289423
2026-07-20T22:51:51,KNN-Direct-Weighted,Parkinson2clc,0.1,8,8,1,0.8974358974358975,0.5018331669853069,0.0,0.05036624998319894,0.5522027919651009
2026-07-20T22:51:51,KNN-Direct-Manhattan,Parkinson2clc,0.1,8,8,1,0.8974358974358975,0.47608770802617073,0.0,0.04858441598480567,0.5246757499990053
2026-07-20T22:51:52,KNN-IC,Parkinson2clc,0.1,9,9,3,0.9230769230769231,0.46370008296798915,0.008260917034931481,0.021432707959320396,0.4933973749866709
2026-07-20T22:51:52,Mean-IC,Parkinson2clc,0.1,9,9,5,0.9230769230769231,0.2094467499991879,0.0006845419993624091,0.02075158298248425,0.2308862500358373
2026-07-20T22:51:52,KNN-Direct,Parkinson2clc,0.1,9,9,10,0.8717948717948718,0.48595454200403765,0.0,0.049501541012432426,0.535459415987134
2026-07-20T22:51:53,KNN-Direct-Weighted,Parkinson2clc,0.1,9,9,6,0.8974358974358975,0.49793879099888727,0.0,0.05330124997999519,0.5512437500292435
2026-07-20T22:51:54,KNN-Direct-Manhattan,Parkinson2clc,0.1,9,9,3,0.9230769230769231,0.490390750055667,0.0,0.0479542919783853,0.538355416036211
2026-07-20T22:51:54,KNN-IC,Parkinson2clc,0.1,10,10,2,1.0,0.33210829203017056,0.00795658299466595,0.021161084005143493,0.3612292080069892
2026-07-20T22:51:54,Mean-IC,Parkinson2clc,0.1,10,10,3,0.9487179487179487,0.20787183300126344,0.0006745830178260803,0.0209739159909077,0.22952433401951566
2026-07-20T22:51:55,KNN-Direct,Parkinson2clc,0.1,10,10,5,0.9487179487179487,0.4866790000232868,0.0,0.04953137499978766,0.5362137079937384
2026-07-20T22:51:55,KNN-Direct-Weighted,Parkinson2clc,0.1,10,10,6,1.0,0.4975288329878822,0.0,0.050568166945595294,0.5481008749920875
2026-07-20T22:51:56,KNN-Direct-Manhattan,Parkinson2clc,0.1,10,10,12,0.9230769230769231,0.48227012500865385,0.0,0.048093500023242086,0.5303669580025598
2026-07-20T22:51:56,KNN-IC,Parkinson2clc,0.1,11,11,4,0.9487179487179487,0.3383257500245236,0.008461166988126934,0.02109354198910296,0.36788412503665313
2026-07-20T22:51:56,Mean-IC,Parkinson2clc,0.1,11,11,7,0.9487179487179487,0.20703866699477658,0.000638458994217217,0.020872167020570487,0.22855291597079486
2026-07-20T22:51:57,KNN-Direct,Parkinson2clc,0.1,11,11,3,0.9743589743589743,0.4898195000132546,0.0,0.04966575000435114,0.5394885410205461
2026-07-20T22:51:57,KNN-Direct-Weighted,Parkinson2clc,0.1,11,11,3,0.9743589743589743,0.4977178330300376,0.0,0.050547457998618484,0.5482688330230303
2026-07-20T22:51:58,KNN-Direct-Manhattan,Parkinson2clc,0.1,11,11,3,1.0,0.47133087500697,0.0,0.04793379100738093,0.5192682910128497
2026-07-20T22:51:58,KNN-IC,Parkinson2clc,0.1,12,12,4,0.8974358974358975,0.333742875023745,0.008477792027406394,0.021096708020195365,0.363320707983803
2026-07-20T22:51:59,Mean-IC,Parkinson2clc,0.1,12,12,7,0.8205128205128205,0.2073944579460658,0.0006791670457459986,0.02077737497165799,0.22885441698599607
2026-07-20T22:51:59,KNN-Direct,Parkinson2clc,0.1,12,12,6,0.9230769230769231,0.48718458303483203,0.0,0.049521083012223244,0.5367091249790974
2026-07-20T22:52:00,KNN-Direct-Weighted,Parkinson2clc,0.1,12,12,7,0.8974358974358975,0.49519441701704636,0.0,0.050509124994277954,0.5457071249838918
2026-07-20T22:52:00,KNN-Direct-Manhattan,Parkinson2clc,0.1,12,12,13,0.8461538461538461,0.4733112499816343,0.0,0.047909292043186724,0.5212237919913605
2026-07-20T22:52:01,KNN-IC,Parkinson2clc,0.1,13,13,3,0.8461538461538461,0.32456124998861924,0.008141833008266985,0.021105957974214107,0.35381241695722565
2026-07-20T22:52:01,Mean-IC,Parkinson2clc,0.1,13,13,1,0.8717948717948718,0.20679254096467048,0.0006723330006934702,0.02079066605074331,0.22825899999588728
2026-07-20T22:52:01,KNN-Direct,Parkinson2clc,0.1,13,13,6,0.8717948717948718,0.4854232910438441,0.0,0.04926508298376575,0.5346914160181768
2026-07-20T22:52:02,KNN-Direct-Weighted,Parkinson2clc,0.1,13,13,3,0.8717948717948718,0.6646017499733716,0.0,0.10143099998822436,0.766037666995544
2026-07-20T22:52:03,KNN-Direct-Manhattan,Parkinson2clc,0.1,13,13,1,0.8205128205128205,0.5898435420240276,0.0,0.04813116602599621,0.6379795829998329
2026-07-20T22:52:03,KNN-IC,Parkinson2clc,0.1,14,14,1,0.8461538461538461,0.3330032500089146,0.007876833027694374,0.02120899996953085,0.362092291994486
2026-07-20T22:52:03,Mean-IC,Parkinson2clc,0.1,14,14,1,0.8717948717948718,0.2085107919992879,0.0006749170133844018,0.020818708988372236,0.2300077080144547
2026-07-20T22:52:04,KNN-Direct,Parkinson2clc,0.1,14,14,1,0.8461538461538461,0.4863656659726985,0.0,0.04970120801590383,0.5360693749971688
2026-07-20T22:52:04,KNN-Direct-Weighted,Parkinson2clc,0.1,14,14,1,0.8717948717948718,0.5017981249839067,0.0,0.05069795798044652,0.5524997909669764
2026-07-20T22:52:05,KNN-Direct-Manhattan,Parkinson2clc,0.1,14,14,9,0.9230769230769231,0.4762649160111323,0.0,0.04814795800484717,0.5244170410442166
2026-07-20T22:52:05,KNN-IC,Parkinson2clc,0.1,15,15,6,0.9743589743589743,0.33635320799658075,0.008856499975081533,0.02106608299072832,0.36627887503709644
2026-07-20T22:52:06,Mean-IC,Parkinson2clc,0.1,15,15,3,0.9487179487179487,0.20700679201399907,0.000650083995424211,0.02086175000295043,0.2285222500213422
2026-07-20T22:52:06,KNN-Direct,Parkinson2clc,0.1,15,15,1,1.0,0.49016912502702326,0.0,0.05049141694325954,0.5406636670231819
2026-07-20T22:52:07,KNN-Direct-Weighted,Parkinson2clc,0.1,15,15,1,1.0,0.5024344169651158,0.0,0.05097212502732873,0.5534101249650121
2026-07-20T22:52:07,KNN-Direct-Manhattan,Parkinson2clc,0.1,15,15,1,0.9487179487179487,0.4736536249984056,0.0,0.04809966601897031,0.5217567500076257
2026-07-20T22:52:08,KNN-IC,Parkinson2clc,0.1,16,16,14,0.7435897435897436,0.3316399170435034,0.008980249986052513,0.021281416004057974,0.36190529103623703
2026-07-20T22:52:08,Mean-IC,Parkinson2clc,0.1,16,16,6,0.8717948717948718,0.20796395797515288,0.000674000009894371,0.02096658298978582,0.22960754204541445
2026-07-20T22:52:08,KNN-Direct,Parkinson2clc,0.1,16,16,1,0.8205128205128205,0.4867855419870466,0.0,0.049460917012766004,0.5362495830049738
2026-07-20T22:52:09,KNN-Direct-Weighted,Parkinson2clc,0.1,16,16,5,0.8461538461538461,0.49774850002722815,0.0,0.05065804097102955,0.5484100840403698
2026-07-20T22:52:09,KNN-Direct-Manhattan,Parkinson2clc,0.1,16,16,5,0.8205128205128205,0.47223579202545807,0.0,0.04793179203988984,0.5201711250119843
2026-07-20T22:52:10,KNN-IC,Parkinson2clc,0.1,17,17,7,0.8974358974358975,0.33103158400626853,0.008652166987303644,0.021293958998285234,0.3609809170011431
2026-07-20T22:52:10,Mean-IC,Parkinson2clc,0.1,17,17,1,0.9230769230769231,0.20604516699677333,0.0006370419869199395,0.02081483299843967,0.22750041604740545
2026-07-20T22:52:10,KNN-Direct,Parkinson2clc,0.1,17,17,7,0.9230769230769231,0.4848794579738751,0.0,0.049150959006510675,0.5340337090310641
2026-07-20T22:52:11,KNN-Direct-Weighted,Parkinson2clc,0.1,17,17,11,0.9230769230769231,0.49617491697426885,0.0,0.05044179200194776,0.5466203749529086
2026-07-20T22:52:12,KNN-Direct-Manhattan,Parkinson2clc,0.1,17,17,4,0.9743589743589743,0.47152683400781825,0.0,0.04761216702172533,0.5191431249841116
2026-07-20T22:52:12,KNN-IC,Parkinson2clc,0.1,18,18,1,0.9230769230769231,0.33148712501861155,0.007844417006708682,0.02117666701087728,0.3605116250109859
2026-07-20T22:52:12,Mean-IC,Parkinson2clc,0.1,18,18,3,0.8974358974358975,0.206297333992552,0.00064970797393471,0.020856208982877433,0.2278068329906091
2026-07-20T22:52:13,KNN-Direct,Parkinson2clc,0.1,18,18,1,0.9487179487179487,0.48720583302201703,0.0,0.04946079198271036,0.5366694169933908
2026-07-20T22:52:13,KNN-Direct-Weighted,Parkinson2clc,0.1,18,18,1,0.9487179487179487,0.4962587500340305,0.0,0.050447207991965115,0.5467094170162454
2026-07-20T22:52:14,KNN-Direct-Manhattan,Parkinson2clc,0.1,18,18,1,0.9230769230769231,0.47990441700676456,0.0,0.04780204204143956,0.5277099999948405
2026-07-20T22:52:14,KNN-IC,Parkinson2clc,0.1,19,19,1,0.9230769230769231,0.33398983301594853,0.007801332976669073,0.02108204097021371,0.3628792500239797
2026-07-20T22:52:14,Mean-IC,Parkinson2clc,0.1,19,19,1,0.9230769230769231,0.20668291702168062,0.0006634999881498516,0.020850625005550683,0.22820025001419708
2026-07-20T22:52:15,KNN-Direct,Parkinson2clc,0.1,19,19,1,0.9230769230769231,0.4884125829557888,0.0,0.04937595798401162,0.5377914999844506
2026-07-20T22:52:15,KNN-Direct-Weighted,Parkinson2clc,0.1,19,19,1,0.9487179487179487,0.49638512497767806,0.0,0.050437500001862645,0.5468260829802603
2026-07-20T22:52:16,KNN-Direct-Manhattan,Parkinson2clc,0.1,19,19,1,0.8974358974358975,0.4727765830466524,0.0,0.047767709009349346,0.5205477079725824
2026-07-20T22:52:16,KNN-IC,Parkinson2clc,0.1,20,20,5,0.9230769230769231,0.32841399998869747,0.00910766696324572,0.021110291010700166,0.3586350830155425
2026-07-20T22:52:17,Mean-IC,Parkinson2clc,0.1,20,20,3,0.9230769230769231,0.20681379101006314,0.0006572919664904475,0.020696250023320317,0.2281707499641925
2026-07-20T22:52:17,KNN-Direct,Parkinson2clc,0.1,20,20,9,0.8461538461538461,0.5829125830205157,0.0,0.05071262503042817,0.6336285829893313
2026-07-20T22:52:18,KNN-Direct-Weighted,Parkinson2clc,0.1,20,20,9,0.8205128205128205,0.5096601659897715,0.0,0.050830583029892296,0.5604947499814443
2026-07-20T22:52:18,KNN-Direct-Manhattan,Parkinson2clc,0.1,20,20,15,0.8205128205128205,0.4736514580436051,0.0,0.05030966701451689,0.5239690830348991
2026-07-20T22:52:19,KNN-IC,Parkinson2clc,0.1,21,21,1,0.9487179487179487,0.33834091696189716,0.007842249993700534,0.02106904098764062,0.3672558329999447
2026-07-20T22:52:19,Mean-IC,Parkinson2clc,0.1,21,21,1,0.8974358974358975,0.2152659590356052,0.000716332986485213,0.02303970797220245,0.2390259169624187
2026-07-20T22:52:19,KNN-Direct,Parkinson2clc,0.1,21,21,5,0.9487179487179487,0.5227962919743732,0.0,0.05263304099207744,0.5754325420130044
2026-07-20T22:52:20,KNN-Direct-Weighted,Parkinson2clc,0.1,21,21,1,0.9487179487179487,0.5219074170454405,0.0,0.05333079199772328,0.5752425829996355
2026-07-20T22:52:21,KNN-Direct-Manhattan,Parkinson2clc,0.1,21,21,3,0.8974358974358975,0.5600635000155307,0.0,0.048707000038120896,0.6087744169635698
2026-07-20T22:52:21,KNN-IC,Parkinson2clc,0.1,22,22,1,0.9230769230769231,0.3465677499771118,0.007832375005818903,0.021350041031837463,0.37575395801104605
2026-07-20T22:52:21,Mean-IC,Parkinson2clc,0.1,22,22,1,0.9230769230769231,0.2095707500120625,0.0007059579947963357,0.021113541966769844,0.23139387497212738
2026-07-20T22:52:22,KNN-Direct,Parkinson2clc,0.1,22,22,1,0.8974358974358975,0.49248575000092387,0.0,0.049969415995292366,0.5424585830187425
2026-07-20T22:52:22,KNN-Direct-Weighted,Parkinson2clc,0.1,22,22,3,0.8717948717948718,0.5043932500411756,0.0,0.051104208978358656,0.5555114159942605
2026-07-20T22:52:23,KNN-Direct-Manhattan,Parkinson2clc,0.1,22,22,15,0.7692307692307693,0.47720108402427286,0.0,0.04834270797437057,0.5255475830053911
2026-07-20T22:52:23,KNN-IC,Parkinson2clc,0.1,23,23,4,0.9230769230769231,0.33879199996590614,0.008647707989439368,0.021455125010106713,0.3688980829901993
2026-07-20T22:52:24,Mean-IC,Parkinson2clc,0.1,23,23,10,0.9230769230769231,0.21017129195388407,0.0006478750146925449,0.021345374989323318,0.23216837499057874
2026-07-20T22:52:24,KNN-Direct,Parkinson2clc,0.1,23,23,3,0.8974358974358975,0.5007627910235897,0.0,0.05103475000942126,0.5518009579973295
2026-07-20T22:52:25,KNN-Direct-Weighted,Parkinson2clc,0.1,23,23,3,0.9487179487179487,0.5191037089680322,0.0,0.05138645798433572,0.570493874954991
2026-07-20T22:52:25,KNN-Direct-Manhattan,Parkinson2clc,0.1,23,23,3,0.8974358974358975,0.4895391250029206,0.0,0.04868358396925032,0.5382264580111951
2026-07-20T22:52:26,KNN-IC,Parkinson2clc,0.1,24,24,3,0.9230769230769231,0.33838220802135766,0.008167250023689121,0.021569958014879376,0.3681227919878438
2026-07-20T22:52:26,Mean-IC,Parkinson2clc,0.1,24,24,3,0.9230769230769231,0.20962204202078283,0.000696042028721422,0.02134999999543652,0.23167166602797806
2026-07-20T22:52:26,KNN-Direct,Parkinson2clc,0.1,24,24,4,0.8974358974358975,0.4926217499887571,0.0,0.05008299998007715,0.5427077920176089
2026-07-20T22:52:27,KNN-Direct-Weighted,Parkinson2clc,0.1,24,24,3,0.8717948717948718,0.5060608749627136,0.0,0.05099412496201694,0.5570585420355201
2026-07-20T22:52:27,KNN-Direct-Manhattan,Parkinson2clc,0.1,24,24,3,0.9487179487179487,0.4780891669797711,0.0,0.048781000019516796,0.526873999973759
2026-07-20T22:52:28,KNN-IC,Parkinson2clc,0.1,25,25,1,0.8974358974358975,0.3368662089924328,0.0077372079831548035,0.021424832986667752,0.3660314579610713
2026-07-20T22:52:28,Mean-IC,Parkinson2clc,0.1,25,25,11,0.7948717948717948,0.21633329201722518,0.0006824999582022429,0.021064332977402955,0.2380838330136612
2026-07-20T22:52:29,KNN-Direct,Parkinson2clc,0.1,25,25,1,0.8974358974358975,0.4941980409785174,0.0,0.05011329200351611,0.5443142920266837
2026-07-20T22:52:29,KNN-Direct-Weighted,Parkinson2clc,0.1,25,25,1,0.8974358974358975,0.5037900829920545,0.0,0.05326795898145065,0.5570619170321152
2026-07-20T22:52:30,KNN-Direct-Manhattan,Parkinson2clc,0.1,25,25,1,0.9230769230769231,0.4991081670159474,0.0,0.050653207988943905,0.54976500000339
2026-07-20T22:52:30,KNN-IC,Parkinson2clc,0.1,26,26,1,0.9230769230769231,0.3592828330001794,0.00824124994687736,0.021423625003080815,0.388951291970443
2026-07-20T22:52:30,Mean-IC,Parkinson2clc,0.1,26,26,1,0.9230769230769231,0.2557264170027338,0.000822375004645437,0.024492166994605213,0.2810447079828009
2026-07-20T22:52:31,KNN-Direct,Parkinson2clc,0.1,26,26,1,0.9230769230769231,0.4995350000099279,0.0,0.04996166698401794,0.5494999589864165
2026-07-20T22:52:31,KNN-Direct-Weighted,Parkinson2clc,0.1,26,26,1,0.9230769230769231,0.5058175000012852,0.0,0.051054540963377804,0.556876040995121
2026-07-20T22:52:32,KNN-Direct-Manhattan,Parkinson2clc,0.1,26,26,1,0.9487179487179487,0.6641454580239952,0.0,0.05794683296699077,0.7220963329891674
2026-07-20T22:52:33,KNN-IC,Parkinson2clc,0.1,27,27,1,0.8974358974358975,0.3399618329713121,0.007937084010336548,0.021273457969073206,0.3691760830115527
2026-07-20T22:52:33,Mean-IC,Parkinson2clc,0.1,27,27,1,0.8974358974358975,0.21608983300393447,0.0006949170492589474,0.021735290996730328,0.23852349998196587
2026-07-20T22:52:33,KNN-Direct,Parkinson2clc,0.1,27,27,1,0.9487179487179487,0.5091412920155562,0.0,0.05387300002621487,0.5630175420083106
2026-07-20T22:52:34,KNN-Direct-Weighted,Parkinson2clc,0.1,27,27,1,0.9230769230769231,0.5151165840215981,0.0,0.05158779100747779,0.5667084580054507
2026-07-20T22:52:34,KNN-Direct-Manhattan,Parkinson2clc,0.1,27,27,3,0.9230769230769231,0.4976110419956967,0.0,0.05015958397416398,0.5477737920009531
2026-07-20T22:52:35,KNN-IC,Parkinson2clc,0.1,28,28,1,0.9487179487179487,0.3476025409763679,0.008517000009305775,0.025934499979484826,0.3820582909975201
2026-07-20T22:52:35,Mean-IC,Parkinson2clc,0.1,28,28,1,0.8974358974358975,0.21861387498211116,0.000709792017005384,0.0212233749916777,0.24055083299754187
2026-07-20T22:52:36,KNN-Direct,Parkinson2clc,0.1,28,28,1,0.9487179487179487,0.5111773749813437,0.0,0.05207233299734071,0.5632529170252383
2026-07-20T22:52:36,KNN-Direct-Weighted,Parkinson2clc,0.1,28,28,1,0.9487179487179487,0.5264841670286842,0.0,0.05254766595317051,0.5790368749876507
2026-07-20T22:52:37,KNN-Direct-Manhattan,Parkinson2clc,0.1,28,28,1,0.8974358974358975,0.48585416696732864,0.0,0.05044020799687132,0.5362977500190027
2026-07-20T22:52:37,KNN-IC,Parkinson2clc,0.1,29,29,1,0.9230769230769231,0.3377736249822192,0.008269999991171062,0.022760832973290235,0.36880929197650403
2026-07-20T22:52:37,Mean-IC,Parkinson2clc,0.1,29,29,1,0.9230769230769231,0.21587716694921255,0.0007048330153338611,0.021277166961226612,0.23786325001856312
2026-07-20T22:52:38,KNN-Direct,Parkinson2clc,0.1,29,29,1,0.9487179487179487,0.5235313749872148,0.0,0.05208454100647941,0.5756188749801368
2026-07-20T22:52:39,KNN-Direct-Weighted,Parkinson2clc,0.1,29,29,1,0.9487179487179487,0.5108748749480583,0.0,0.05117629200685769,0.5620553329936229
2026-07-20T22:52:39,KNN-Direct-Manhattan,Parkinson2clc,0.1,29,29,1,0.9743589743589743,0.5195287499809638,0.0,0.04912204196443781,0.5686547079822049
2026-07-20T22:52:40,KNN-IC,Parkinson2clc,0.1,30,30,1,0.9230769230769231,0.3531578329857439,0.009593459020834416,0.022321041964460164,0.385076415957883
2026-07-20T22:52:40,Mean-IC,Parkinson2clc,0.1,30,30,1,0.8974358974358975,0.25657687499187887,0.0007190420292317867,0.02268795797135681,0.27998795796884224
2026-07-20T22:52:40,KNN-Direct,Parkinson2clc,0.1,30,30,1,0.9487179487179487,0.5726090419921093,0.0,0.04990812495816499,0.6225207920069806
2026-07-20T22:52:41,KNN-Direct-Weighted,Parkinson2clc,0.1,30,30,1,0.9487179487179487,0.5157402080367319,0.0,0.058197167003527284,0.5739493329892866
2026-07-20T22:52:42,KNN-Direct-Manhattan,Parkinson2clc,0.1,30,30,1,0.8717948717948718,0.48428820801200345,0.0,0.04915458301547915,0.5334462909959257
2026-07-20T22:52:42,KNN-IC,Parkinson2clc,0.1,31,31,1,0.8974358974358975,0.3357730829739012,0.008182125049643219,0.0214134999550879,0.3653720829752274
2026-07-20T22:52:42,Mean-IC,Parkinson2clc,0.1,31,31,1,0.8461538461538461,0.2099155830219388,0.000665250001475215,0.02079479198437184,0.23137925000628456
2026-07-20T22:52:43,KNN-Direct,Parkinson2clc,0.1,31,31,1,0.9487179487179487,0.49446583300596103,0.0,0.05049641599180177,0.5449650420341641
2026-07-20T22:52:43,KNN-Direct-Weighted,Parkinson2clc,0.1,31,31,1,0.9487179487179487,0.5072440840303898,0.0,0.05230366700561717,0.5595514589804225
2026-07-20T22:52:44,KNN-Direct-Manhattan,Parkinson2clc,0.1,31,31,1,0.8717948717948718,0.49955612496705726,0.0,0.0505895420210436,0.5501493750489317
2026-07-20T22:52:44,KNN-IC,Parkinson2clc,0.1,32,32,1,0.9230769230769231,0.34957104199565947,0.008010958961676806,0.021865208982490003,0.37945137498900294
2026-07-20T22:52:44,Mean-IC,Parkinson2clc,0.1,32,32,4,0.9743589743589743,0.20874970796285197,0.0006656249752268195,0.02144137502182275,0.2308604170102626
2026-07-20T22:52:45,KNN-Direct,Parkinson2clc,0.1,32,32,1,0.9230769230769231,0.5039053749642335,0.0,0.04974837496411055,0.5536570000112988
2026-07-20T22:52:46,KNN-Direct-Weighted,Parkinson2clc,0.1,32,32,1,0.9230769230769231,0.505042125005275,0.0,0.05104479199508205,0.5560908329789527
2026-07-20T22:52:46,KNN-Direct-Manhattan,Parkinson2clc,0.1,32,32,1,0.9743589743589743,0.47888229199452326,0.0,0.04888316598953679,0.52776933304267
2026-07-20T22:52:46,KNN-IC,Parkinson2clc,0.1,33,33,6,0.8205128205128205,0.33828420902136713,0.008688624948263168,0.02107462502317503,0.3680509580299258
2026-07-20T22:52:47,Mean-IC,Parkinson2clc,0.1,33,33,1,0.7435897435897436,0.21024024998769164,0.0006656249752268195,0.040913375036325306,0.2518235839670524
2026-07-20T22:52:47,KNN-Direct,Parkinson2clc,0.1,33,33,3,0.8461538461538461,0.5949119590222836,0.0,0.050539708987344056,0.6454569170018658
2026-07-20T22:52:48,KNN-Direct-Weighted,Parkinson2clc,0.1,33,33,3,0.8461538461538461,0.5071549580316059,0.0,0.05102149996673688,0.5581800420186482
2026-07-20T22:52:48,KNN-Direct-Manhattan,Parkinson2clc,0.1,33,33,13,0.8205128205128205,0.48063033301150426,0.0,0.04817416699370369,0.5288081670296378
2026-07-20T22:52:49,KNN-IC,Parkinson2clc,0.1,34,34,1,0.9487179487179487,0.3383920000051148,0.007842166989576072,0.02168500004336238,0.3679227919783443
2026-07-20T22:52:49,Mean-IC,Parkinson2clc,0.1,34,34,1,0.9230769230769231,0.21076366701163352,0.0010411669500172138,0.0211116669815965,0.23292008397402242
2026-07-20T22:52:50,KNN-Direct,Parkinson2clc,0.1,34,34,1,0.9743589743589743,0.49322641600156203,0.0,0.04986724996706471,0.5430967919528484
2026-07-20T22:52:50,KNN-Direct-Weighted,Parkinson2clc,0.1,34,34,1,0.9743589743589743,0.5128232089919038,0.0,0.0512810840154998,0.564108083024621
2026-07-20T22:52:51,KNN-Direct-Manhattan,Parkinson2clc,0.1,34,34,4,0.9230769230769231,0.483236083004158,0.0,0.04847929201787338,0.5317189589841291
2026-07-20T22:52:51,KNN-IC,Parkinson2clc,0.1,35,35,2,0.9743589743589743,0.342485332977958,0.010050624958239496,0.0596713749691844,0.41221191600197926
2026-07-20T22:52:51,Mean-IC,Parkinson2clc,0.1,35,35,3,0.8717948717948718,0.3495889169862494,0.0010406660148873925,0.029011417005676776,0.3796472499961965
2026-07-20T22:52:52,KNN-Direct,Parkinson2clc,0.1,35,35,3,0.9230769230769231,0.5451911250129342,0.0,0.05008987500332296,0.5952854580245912
2026-07-20T22:52:53,KNN-Direct-Weighted,Parkinson2clc,0.1,35,35,1,0.9487179487179487,0.5078989579924382,0.0,0.05111941701034084,0.5590218339930288
2026-07-20T22:52:53,KNN-Direct-Manhattan,Parkinson2clc,0.1,35,35,1,0.8974358974358975,0.4801827910123393,0.0,0.04870783298974857,0.5288938750163652
2026-07-20T22:52:54,KNN-IC,Parkinson2clc,0.1,36,36,2,0.9230769230769231,0.3396377500030212,0.00888504198519513,0.021438917028717697,0.3699649589834735
2026-07-20T22:52:54,Mean-IC,Parkinson2clc,0.1,36,36,15,0.8205128205128205,0.21034091600449756,0.0006571669946424663,0.02105558302719146,0.23205700004473329
2026-07-20T22:52:54,KNN-Direct,Parkinson2clc,0.1,36,36,3,0.8717948717948718,0.4943944579572417,0.0,0.04982079204637557,0.5442215410294011
2026-07-20T22:52:55,KNN-Direct-Weighted,Parkinson2clc,0.1,36,36,3,0.8461538461538461,0.5014246669597924,0.0,0.050910707970615476,0.5523388329893351
2026-07-20T22:52:55,KNN-Direct-Manhattan,Parkinson2clc,0.1,36,36,4,0.8717948717948718,0.47820833302102983,0.0,0.04827029199805111,0.5264822089811787
2026-07-20T22:52:56,KNN-IC,Parkinson2clc,0.1,37,37,2,0.8717948717948718,0.3355846249614842,0.008603042049799114,0.021534792031161487,0.3657262090127915
2026-07-20T22:52:56,Mean-IC,Parkinson2clc,0.1,37,37,1,0.8205128205128205,0.21066862501902506,0.0007477920153178275,0.021160750009585172,0.2325810000183992
2026-07-20T22:52:57,KNN-Direct,Parkinson2clc,0.1,37,37,7,0.8205128205128205,0.4907016250072047,0.0,0.049897000018972903,0.5406020419904962
2026-07-20T22:52:57,KNN-Direct-Weighted,Parkinson2clc,0.1,37,37,7,0.8205128205128205,0.5030035829986446,0.0,0.05095379101112485,0.5539612080319785
2026-07-20T22:52:58,KNN-Direct-Manhattan,Parkinson2clc,0.1,37,37,9,0.7692307692307693,0.47566812497098,0.0,0.04858804197283462,0.5242599999764934
2026-07-20T22:52:58,KNN-IC,Parkinson2clc,0.1,38,38,9,0.9230769230769231,0.3374945829855278,0.008618791995104402,0.021596333011984825,0.3677131669828668
2026-07-20T22:52:58,Mean-IC,Parkinson2clc,0.1,38,38,8,0.8205128205128205,0.20971024996833876,0.0006857499829493463,0.021150165994185954,0.2315496249939315
2026-07-20T22:52:59,KNN-Direct,Parkinson2clc,0.1,38,38,14,0.8461538461538461,0.4940569580066949,0.0,0.049970166001003236,0.5440313749713823
2026-07-20T22:52:59,KNN-Direct-Weighted,Parkinson2clc,0.1,38,38,10,0.8974358974358975,0.5028662919648923,0.0,0.05115574999945238,0.5540255410014652
2026-07-20T22:53:00,KNN-Direct-Manhattan,Parkinson2clc,0.1,38,38,8,0.8461538461538461,0.47643866698490456,0.0,0.04844654101179913,0.5248883339809254
2026-07-20T22:53:00,KNN-IC,Parkinson2clc,0.1,39,39,3,0.9230769230769231,0.33809887495590374,0.008098374994006008,0.021141041012015194,0.3673414579825476
2026-07-20T22:53:00,Mean-IC,Parkinson2clc,0.1,39,39,3,0.8974358974358975,0.20923262502765283,0.0006578750326298177,0.021075083001051098,0.23097041598521173
2026-07-20T22:53:01,KNN-Direct,Parkinson2clc,0.1,39,39,5,0.8717948717948718,0.4918634170317091,0.0,0.050573207961861044,0.5424397920141928
2026-07-20T22:53:02,KNN-Direct-Weighted,Parkinson2clc,0.1,39,39,3,0.8974358974358975,0.5031045419746079,0.0,0.05120750004425645,0.5543188749579713
2026-07-20T22:53:02,KNN-Direct-Manhattan,Parkinson2clc,0.1,39,39,1,0.8717948717948718,0.5748544170055538,0.0,0.04965887498110533,0.6245172080234624
2026-07-20T22:53:03,KNN-IC,Parkinson2clc,0.2,0,0,1,1.0,0.36648450000211596,0.009027707972563803,0.021577667037490755,0.3970943749882281
2026-07-20T22:53:03,Mean-IC,Parkinson2clc,0.2,0,0,1,0.9230769230769231,0.20934087497880682,0.0006933329859748483,0.020904957957100123,0.23094279202632606
2026-07-20T22:53:03,KNN-Direct,Parkinson2clc,0.2,0,0,5,0.9230769230769231,0.496703292010352,0.0,0.05055129202082753,0.5472572080325335
2026-07-20T22:53:04,KNN-Direct-Weighted,Parkinson2clc,0.2,0,0,3,0.9487179487179487,0.510671625030227,0.0,0.05174099997384474,0.5624163749744184
2026-07-20T22:53:04,KNN-Direct-Manhattan,Parkinson2clc,0.2,0,0,5,0.9230769230769231,0.4829766660113819,0.0,0.04887083399808034,0.5318509999779053
2026-07-20T22:53:05,KNN-IC,Parkinson2clc,0.2,1,1,2,0.8974358974358975,0.3435096250032075,0.008647374983411282,0.021102958999108523,0.3732630829908885
2026-07-20T22:53:05,Mean-IC,Parkinson2clc,0.2,1,1,4,0.8974358974358975,0.2083559170132503,0.0006895000115036964,0.020922542025800794,0.2299714580294676
2026-07-20T22:53:06,KNN-Direct,Parkinson2clc,0.2,1,1,1,0.8974358974358975,0.49780470895348117,0.0,0.05022358399583027,0.5480315840104595
2026-07-20T22:53:06,KNN-Direct-Weighted,Parkinson2clc,0.2,1,1,1,0.8974358974358975,0.5071553750312887,0.0,0.051337125012651086,0.5584962499560788
2026-07-20T22:53:07,KNN-Direct-Manhattan,Parkinson2clc,0.2,1,1,5,0.9230769230769231,0.48523620900232345,0.0,0.04880741599481553,0.5340467909700237
2026-07-20T22:53:07,KNN-IC,Parkinson2clc,0.2,2,2,2,0.8461538461538461,0.34951058303704485,0.008969457994680852,0.021362208994105458,0.3798457920202054
2026-07-20T22:53:07,Mean-IC,Parkinson2clc,0.2,2,2,3,0.8205128205128205,0.20914120797533542,0.0009372910135425627,0.020878874987829477,0.23096116696251556
2026-07-20T22:53:08,KNN-Direct,Parkinson2clc,0.2,2,2,1,0.8205128205128205,0.5022855419665575,0.0,0.050489834044128656,0.5527787919854745
2026-07-20T22:53:08,KNN-Direct-Weighted,Parkinson2clc,0.2,2,2,1,0.8461538461538461,0.5158910420141183,0.0,0.05254116602009162,0.5684359999722801
2026-07-20T22:53:09,KNN-Direct-Manhattan,Parkinson2clc,0.2,2,2,1,0.8205128205128205,0.48645870795007795,0.0,0.0488313750247471,0.5352932080277242
2026-07-20T22:53:09,KNN-IC,Parkinson2clc,0.2,3,3,1,0.8717948717948718,0.3569989580428228,0.009318583004642278,0.021958665980491787,0.3882800830178894
2026-07-20T22:53:10,Mean-IC,Parkinson2clc,0.2,3,3,1,0.8974358974358975,0.21069529198575765,0.0006984169594943523,0.020998208958189934,0.2323956670006737
2026-07-20T22:53:10,KNN-Direct,Parkinson2clc,0.2,3,3,8,0.9230769230769231,0.5027424159925431,0.0,0.05081854097079486,0.553564416943118
2026-07-20T22:53:11,KNN-Direct-Weighted,Parkinson2clc,0.2,3,3,6,0.8717948717948718,0.5104362909914926,0.0,0.05176975001813844,0.5622097080340609
2026-07-20T22:53:11,KNN-Direct-Manhattan,Parkinson2clc,0.2,3,3,3,0.9230769230769231,0.4858501660055481,0.0,0.04891399998450652,0.5347680000122637
2026-07-20T22:53:12,KNN-IC,Parkinson2clc,0.2,4,4,6,0.8205128205128205,0.36164429201744497,0.01006150001194328,0.02129337500082329,0.3930026249727234
2026-07-20T22:53:12,Mean-IC,Parkinson2clc,0.2,4,4,5,0.8717948717948718,0.21189387497724965,0.0007446660310961306,0.022050875006243587,0.23469349998049438
2026-07-20T22:53:12,KNN-Direct,Parkinson2clc,0.2,4,4,4,0.8974358974358975,0.50725941703422,0.0,0.05070295900804922,0.5579656659974717
2026-07-20T22:53:13,KNN-Direct-Weighted,Parkinson2clc,0.2,4,4,8,0.8974358974358975,0.5147389579797164,0.0,0.05197541700908914,0.566718167043291
2026-07-20T22:53:14,KNN-Direct-Manhattan,Parkinson2clc,0.2,4,4,3,0.8717948717948718,0.4885667919879779,0.0,0.053541624976787716,0.5421129579772241
2026-07-20T22:53:14,KNN-IC,Parkinson2clc,0.2,5,5,1,0.9230769230769231,0.360128290951252,0.008629125019069761,0.021181832998991013,0.38994512503268197
2026-07-20T22:53:14,Mean-IC,Parkinson2clc,0.2,5,5,1,0.9230769230769231,0.2098762079840526,0.0007103329990059137,0.020888667029794306,0.23147858399897814
2026-07-20T22:53:15,KNN-Direct,Parkinson2clc,0.2,5,5,3,0.9743589743589743,0.4969798329984769,0.0,0.05037662497488782,0.5473597079981118
2026-07-20T22:53:15,KNN-Direct-Weighted,Parkinson2clc,0.2,5,5,1,0.9487179487179487,0.5115408340352587,0.0,0.05148708395427093,0.5630312499706633
2026-07-20T22:53:16,KNN-Direct-Manhattan,Parkinson2clc,0.2,5,5,3,0.9743589743589743,0.48269425000762567,0.0,0.048795416951179504,0.5314965830184519
2026-07-20T22:53:16,KNN-IC,Parkinson2clc,0.2,6,6,3,0.8461538461538461,0.34698337502777576,0.00911887502297759,0.021508375008124858,0.37761424999916926
2026-07-20T22:53:16,Mean-IC,Parkinson2clc,0.2,6,6,1,0.8205128205128205,0.21032849996117875,0.0006738749798387289,0.021013041026890278,0.23201933299424127
2026-07-20T22:53:17,KNN-Direct,Parkinson2clc,0.2,6,6,1,0.8205128205128205,0.6009718750137836,0.0,0.05103358399355784,0.6520085840020329
2026-07-20T22:53:18,KNN-Direct-Weighted,Parkinson2clc,0.2,6,6,3,0.8461538461538461,0.5135869579971768,0.0,0.05189616698771715,0.5654871659935452
2026-07-20T22:53:18,KNN-Direct-Manhattan,Parkinson2clc,0.2,6,6,1,0.7692307692307693,0.48734545800834894,0.0,0.04890424996847287,0.5362541250069626
2026-07-20T22:53:19,KNN-IC,Parkinson2clc,0.2,7,7,1,0.9743589743589743,0.34801558300387114,0.008874582999851555,0.02170591603498906,0.37860024999827147
2026-07-20T22:53:19,Mean-IC,Parkinson2clc,0.2,7,7,9,0.8717948717948718,0.21329279098426923,0.0007200000109151006,0.02152245899196714,0.2355394579935819
2026-07-20T22:53:19,KNN-Direct,Parkinson2clc,0.2,7,7,1,0.9230769230769231,0.49922249995870516,0.0,0.05034524999791756,0.5495712499832734
2026-07-20T22:53:20,KNN-Direct-Weighted,Parkinson2clc,0.2,7,7,10,0.9487179487179487,0.5102249999763444,0.0,0.051721833006013185,0.5619502500048839
2026-07-20T22:53:20,KNN-Direct-Manhattan,Parkinson2clc,0.2,7,7,1,0.9487179487179487,0.4833141249837354,0.0,0.04859379096888006,0.5319117500330321
2026-07-20T22:53:21,KNN-IC,Parkinson2clc,0.2,8,8,1,0.8974358974358975,0.3498490829952061,0.008248415950220078,0.0215267920284532,0.37962762505048886
2026-07-20T22:53:21,Mean-IC,Parkinson2clc,0.2,8,8,1,0.8717948717948718,0.20962729200255126,0.0007056250469759107,0.02111008297652006,0.23144704202422872
2026-07-20T22:53:22,KNN-Direct,Parkinson2clc,0.2,8,8,14,0.8205128205128205,0.49857400002656505,0.0,0.05057516699889675,0.5491525419638492
2026-07-20T22:53:22,KNN-Direct-Weighted,Parkinson2clc,0.2,8,8,1,0.9230769230769231,0.5088406669674441,0.0,0.05159554199781269,0.5604404580080882
2026-07-20T22:53:23,KNN-Direct-Manhattan,Parkinson2clc,0.2,8,8,1,0.8974358974358975,0.4821726249647327,0.0,0.04867033404298127,0.5308464579866268
2026-07-20T22:53:23,KNN-IC,Parkinson2clc,0.2,9,9,3,0.8974358974358975,0.349701791012194,0.009366040991153568,0.021266666008159518,0.38033795898081735
2026-07-20T22:53:23,Mean-IC,Parkinson2clc,0.2,9,9,11,0.8461538461538461,0.2108263749978505,0.0007410830003209412,0.020977792039047927,0.2325492079835385
2026-07-20T22:53:24,KNN-Direct,Parkinson2clc,0.2,9,9,1,0.9230769230769231,0.4964674999937415,0.0,0.050885792006738484,0.5473570409812964
2026-07-20T22:53:24,KNN-Direct-Weighted,Parkinson2clc,0.2,9,9,5,0.9230769230769231,0.5119495000108145,0.0,0.05171108298236504,0.5636639579897746
2026-07-20T22:53:25,KNN-Direct-Manhattan,Parkinson2clc,0.2,9,9,3,0.8974358974358975,0.48555499996291474,0.0,0.04960483300965279,0.5351636249688454
2026-07-20T22:53:25,KNN-IC,Parkinson2clc,0.2,10,10,3,0.9487179487179487,0.34836349997203797,0.00926354102557525,0.02141583396587521,0.37904629204422235
2026-07-20T22:53:26,Mean-IC,Parkinson2clc,0.2,10,10,8,0.9230769230769231,0.2114525840152055,0.0007045840029604733,0.02141433395445347,0.23357570898951963
2026-07-20T22:53:26,KNN-Direct,Parkinson2clc,0.2,10,10,3,0.9487179487179487,0.5086381250293925,0.0,0.05072454200126231,0.5593655410339125
2026-07-20T22:53:27,KNN-Direct-Weighted,Parkinson2clc,0.2,10,10,3,0.9487179487179487,0.5141469580121338,0.0,0.052302166004665196,0.5664527090266347
2026-07-20T22:53:27,KNN-Direct-Manhattan,Parkinson2clc,0.2,10,10,3,0.9743589743589743,0.48827445798087865,0.0,0.04947829101001844,0.5377560839988291
2026-07-20T22:53:28,KNN-IC,Parkinson2clc,0.2,11,11,2,0.9743589743589743,0.3525223329779692,0.008524957986082882,0.02160366700263694,0.3826552919927053
2026-07-20T22:53:28,Mean-IC,Parkinson2clc,0.2,11,11,1,0.8974358974358975,0.2092035420355387,0.0007049589767120779,0.021883333974983543,0.23179649998201057
2026-07-20T22:53:28,KNN-Direct,Parkinson2clc,0.2,11,11,1,0.9230769230769231,0.52091720799217,0.0,0.05420491599943489,0.5751257499796338
2026-07-20T22:53:29,KNN-Direct-Weighted,Parkinson2clc,0.2,11,11,1,0.9487179487179487,0.534812249999959,0.0,0.05648166697937995,0.5912983329617418
2026-07-20T22:53:30,KNN-Direct-Manhattan,Parkinson2clc,0.2,11,11,4,1.0,0.5038305829511955,0.0,0.04993820801610127,0.5537725000176579
2026-07-20T22:53:30,KNN-IC,Parkinson2clc,0.2,12,12,3,0.9230769230769231,0.4315058750216849,0.012279082962777466,0.025306458002887666,0.46909629204310477
2026-07-20T22:53:30,Mean-IC,Parkinson2clc,0.2,12,12,9,0.8205128205128205,0.25244400004157797,0.0007602919940836728,0.02410375000908971,0.27731220895657316
2026-07-20T22:53:31,KNN-Direct,Parkinson2clc,0.2,12,12,9,0.8461538461538461,0.5256527500459924,0.0,0.0521218340145424,0.577778542006854
2026-07-20T22:53:32,KNN-Direct-Weighted,Parkinson2clc,0.2,12,12,7,0.8974358974358975,0.5472799590206705,0.0,0.05339091696077958,0.6006751659442671
2026-07-20T22:53:32,KNN-Direct-Manhattan,Parkinson2clc,0.2,12,12,12,0.8974358974358975,0.6390037499950267,0.0,0.04995874996529892,0.6889669580268674
2026-07-20T22:53:33,KNN-IC,Parkinson2clc,0.2,13,13,9,0.9230769230769231,0.3666124999872409,0.010738291952293366,0.02252425003098324,0.3998790830373764
2026-07-20T22:53:33,Mean-IC,Parkinson2clc,0.2,13,13,3,0.8461538461538461,0.22090958402259275,0.0007477499893866479,0.02198995801154524,0.2436507500242442
2026-07-20T22:53:34,KNN-Direct,Parkinson2clc,0.2,13,13,5,0.8974358974358975,0.5467541249818169,0.0,0.06063795799855143,0.607397208979819
2026-07-20T22:53:34,KNN-Direct-Weighted,Parkinson2clc,0.2,13,13,3,0.8974358974358975,0.5431101249996573,0.0,0.0558104999945499,0.5989250830025412
2026-07-20T22:53:35,KNN-Direct-Manhattan,Parkinson2clc,0.2,13,13,12,0.9230769230769231,0.5118636249681003,0.0,0.049771082994993776,0.5616390829673037
2026-07-20T22:53:35,KNN-IC,Parkinson2clc,0.2,14,14,1,0.9230769230769231,0.3539800000144169,0.008836583001539111,0.02165545802563429,0.384476708015427
2026-07-20T22:53:35,Mean-IC,Parkinson2clc,0.2,14,14,1,0.7948717948717948,0.20875604200409725,0.0006800420233048499,0.02098341699456796,0.23042304103728384
2026-07-20T22:53:36,KNN-Direct,Parkinson2clc,0.2,14,14,1,0.8974358974358975,0.497264375037048,0.0,0.05050433397991583,0.5477720000199042
2026-07-20T22:53:36,KNN-Direct-Weighted,Parkinson2clc,0.2,14,14,1,0.8974358974358975,0.509514625009615,0.0,0.05161812499864027,0.5611364159849472
2026-07-20T22:53:37,KNN-Direct-Manhattan,Parkinson2clc,0.2,14,14,4,0.9487179487179487,0.5006700829835609,0.0,0.04899758298415691,0.5496713749598712
2026-07-20T22:53:37,KNN-IC,Parkinson2clc,0.2,15,15,5,0.9230769230769231,0.3544568750075996,0.011499542044475675,0.022844624996650964,0.3888057089643553
2026-07-20T22:53:38,Mean-IC,Parkinson2clc,0.2,15,15,3,0.9743589743589743,0.2150340829975903,0.0007766250055283308,0.02125445898855105,0.23709058301756158
2026-07-20T22:53:38,KNN-Direct,Parkinson2clc,0.2,15,15,3,0.9487179487179487,0.5038399169570766,0.0,0.05268737504957244,0.5565306670032442
2026-07-20T22:53:39,KNN-Direct-Weighted,Parkinson2clc,0.2,15,15,1,0.9743589743589743,0.5140678750467487,0.0,0.05180920800194144,0.5658813749905676
2026-07-20T22:53:39,KNN-Direct-Manhattan,Parkinson2clc,0.2,15,15,6,0.9487179487179487,0.48256395797943696,0.0,0.04951458296272904,0.532082416000776
2026-07-20T22:53:40,KNN-IC,Parkinson2clc,0.2,16,16,1,0.7948717948717948,0.3492040000273846,0.00917979096993804,0.021937542012892663,0.3803246670286171
2026-07-20T22:53:40,Mean-IC,Parkinson2clc,0.2,16,16,1,0.7948717948717948,0.20813791698310524,0.0006816249806433916,0.020768959017004818,0.22959229099797085
2026-07-20T22:53:40,KNN-Direct,Parkinson2clc,0.2,16,16,1,0.8717948717948718,0.49382195895304903,0.0,0.05042616697028279,0.5442510000430048
2026-07-20T22:53:41,KNN-Direct-Weighted,Parkinson2clc,0.2,16,16,3,0.8205128205128205,0.5029324579518288,0.0,0.050908709003124386,0.5538447920116596
2026-07-20T22:53:41,KNN-Direct-Manhattan,Parkinson2clc,0.2,16,16,5,0.8461538461538461,0.4808270839857869,0.0,0.04873612499795854,0.5295668750186451
2026-07-20T22:53:42,KNN-IC,Parkinson2clc,0.2,17,17,1,0.9230769230769231,0.3454688750207424,0.008159042045008391,0.02115299995057285,0.37478475004900247
2026-07-20T22:53:42,Mean-IC,Parkinson2clc,0.2,17,17,1,0.9230769230769231,0.20755270804511383,0.0006709999870508909,0.021072125004138798,0.22929937503067777
2026-07-20T22:53:43,KNN-Direct,Parkinson2clc,0.2,17,17,7,0.8974358974358975,0.5078157920506783,0.0,0.06560516601894051,0.5734242500038818
2026-07-20T22:53:43,KNN-Direct-Weighted,Parkinson2clc,0.2,17,17,7,0.9230769230769231,0.5152201669989154,0.0,0.05256974999792874,0.5677937910077162
2026-07-20T22:53:44,KNN-Direct-Manhattan,Parkinson2clc,0.2,17,17,6,0.8974358974358975,0.6390337079646997,0.0,0.04921525000827387,0.6882529169670306
2026-07-20T22:53:44,KNN-IC,Parkinson2clc,0.2,18,18,2,0.9487179487179487,0.3454337500152178,0.008705083979293704,0.021174374967813492,0.3753166670212522
2026-07-20T22:53:45,Mean-IC,Parkinson2clc,0.2,18,18,7,0.8974358974358975,0.20835991599597037,0.0006863750168122351,0.02089558297302574,0.22994516597827896
2026-07-20T22:53:45,KNN-Direct,Parkinson2clc,0.2,18,18,6,0.9487179487179487,0.493672417011112,0.0,0.050036333967000246,0.5437118329573423
2026-07-20T22:53:46,KNN-Direct-Weighted,Parkinson2clc,0.2,18,18,1,0.9230769230769231,0.5121720830211416,0.0,0.05127566697774455,0.563451292051468
2026-07-20T22:53:46,KNN-Direct-Manhattan,Parkinson2clc,0.2,18,18,3,0.9230769230769231,0.4792531250277534,0.0,0.0484493330004625,0.5277061250526458
2026-07-20T22:53:47,KNN-IC,Parkinson2clc,0.2,19,19,1,0.9230769230769231,0.3450556250172667,0.008709374989848584,0.021495124965440482,0.37526350002735853
2026-07-20T22:53:47,Mean-IC,Parkinson2clc,0.2,19,19,1,0.9230769230769231,0.30872687499504536,0.0012295840424485505,0.027317125000990927,0.33727762498892844
2026-07-20T22:53:48,KNN-Direct,Parkinson2clc,0.2,19,19,1,0.9230769230769231,0.5809594580205157,0.0,0.05148358299629763,0.6324469579849392
2026-07-20T22:53:48,KNN-Direct-Weighted,Parkinson2clc,0.2,19,19,1,0.9487179487179487,0.5129162090015598,0.0,0.051774125022348017,0.5646941249724478
2026-07-20T22:53:49,KNN-Direct-Manhattan,Parkinson2clc,0.2,19,19,1,0.9487179487179487,0.48328358301660046,0.0,0.04874304198892787,0.5320302499458194
2026-07-20T22:53:49,KNN-IC,Parkinson2clc,0.2,20,20,5,0.8717948717948718,0.3477742500253953,0.009897584037389606,0.02134133398067206,0.3790166659746319
2026-07-20T22:53:49,Mean-IC,Parkinson2clc,0.2,20,20,3,0.8461538461538461,0.20955462503479794,0.0006773750064894557,0.02110845799325034,0.2313436670228839
2026-07-20T22:53:50,KNN-Direct,Parkinson2clc,0.2,20,20,15,0.8461538461538461,0.4981180419563316,0.0,0.050571875006426126,0.5486930420156568
2026-07-20T22:53:50,KNN-Direct-Weighted,Parkinson2clc,0.2,20,20,3,0.8974358974358975,0.508777542039752,0.0,0.05139345797942951,0.5601744580199011
2026-07-20T22:53:51,KNN-Direct-Manhattan,Parkinson2clc,0.2,20,20,5,0.8717948717948718,0.48388862499268726,0.0,0.04910516698146239,0.5329972920008004
2026-07-20T22:53:51,KNN-IC,Parkinson2clc,0.2,21,21,3,0.8974358974358975,0.35361537494463846,0.00863066699821502,0.021462875010911375,0.3837124589481391
2026-07-20T22:53:52,Mean-IC,Parkinson2clc,0.2,21,21,1,0.8974358974358975,0.20999216695781797,0.0006666250410489738,0.021154374990146607,0.23181716701947153
2026-07-20T22:53:52,KNN-Direct,Parkinson2clc,0.2,21,21,3,0.8974358974358975,0.4973523750086315,0.0,0.050443542015273124,0.5477999160066247
2026-07-20T22:53:53,KNN-Direct-Weighted,Parkinson2clc,0.2,21,21,3,0.9230769230769231,0.5121466669952497,0.0,0.05130724998889491,0.5634578749886714
2026-07-20T22:53:53,KNN-Direct-Manhattan,Parkinson2clc,0.2,21,21,7,0.9230769230769231,0.48117562499828637,0.0,0.048790582979563624,0.5299712090054527
2026-07-20T22:53:54,KNN-IC,Parkinson2clc,0.2,22,22,1,0.9230769230769231,0.34704175003571436,0.008583249989897013,0.021289708034601063,0.37691808299859986
2026-07-20T22:53:54,Mean-IC,Parkinson2clc,0.2,22,22,1,0.8461538461538461,0.20987341599538922,0.0006912499666213989,0.021108958986587822,0.2316772080375813
2026-07-20T22:53:54,KNN-Direct,Parkinson2clc,0.2,22,22,3,0.8461538461538461,0.498120708973147,0.0,0.050703875022009015,0.5488279159762897
2026-07-20T22:53:55,KNN-Direct-Weighted,Parkinson2clc,0.2,22,22,1,0.8717948717948718,0.5085807499708608,0.0,0.05182062502717599,0.5604048750246875
2026-07-20T22:53:55,KNN-Direct-Manhattan,Parkinson2clc,0.2,22,22,8,0.7948717948717948,0.4832749579800293,0.0,0.04903283400926739,0.5323110830504447
2026-07-20T22:53:56,KNN-IC,Parkinson2clc,0.2,23,23,5,0.8974358974358975,0.34762687503825873,0.009824084001593292,0.021779750008136034,0.3792339159990661
2026-07-20T22:53:56,Mean-IC,Parkinson2clc,0.2,23,23,3,0.9487179487179487,0.20959504100028425,0.000669291999656707,0.021191040985286236,0.2314583749976009
2026-07-20T22:53:57,KNN-Direct,Parkinson2clc,0.2,23,23,3,0.8205128205128205,0.49796479096403345,0.0,0.050725000037346035,0.5486925839795731
2026-07-20T22:53:57,KNN-Direct-Weighted,Parkinson2clc,0.2,23,23,3,0.8461538461538461,0.5089125840459019,0.0,0.051741499977651983,0.5606581669999287
2026-07-20T22:53:58,KNN-Direct-Manhattan,Parkinson2clc,0.2,23,23,1,0.8461538461538461,0.48348762502428144,0.0,0.04917812504572794,0.5326698340359144
2026-07-20T22:53:58,KNN-IC,Parkinson2clc,0.2,24,24,3,0.8974358974358975,0.3481707919854671,0.008642708009574562,0.021348208014387637,0.37816495896549895
2026-07-20T22:53:58,Mean-IC,Parkinson2clc,0.2,24,24,1,0.9230769230769231,0.21005479199811816,0.0006757499650120735,0.020996332983486354,0.23173045902512968
2026-07-20T22:53:59,KNN-Direct,Parkinson2clc,0.2,24,24,7,0.8974358974358975,0.4976767919724807,0.0,0.050676917016971856,0.5483571250224486
2026-07-20T22:53:59,KNN-Direct-Weighted,Parkinson2clc,0.2,24,24,5,0.9230769230769231,0.511002792045474,0.0,0.05153929098742083,0.5625479169539176
2026-07-20T22:54:00,KNN-Direct-Manhattan,Parkinson2clc,0.2,24,24,3,0.8974358974358975,0.48603654198814183,0.0,0.048928292002528906,0.5349686249974184
2026-07-20T22:54:00,KNN-IC,Parkinson2clc,0.2,25,25,1,0.9230769230769231,0.3445833340520039,0.008733749971725047,0.021133416972588748,0.374454417033121
2026-07-20T22:54:01,Mean-IC,Parkinson2clc,0.2,25,25,8,0.8205128205128205,0.20969395799329504,0.0006752090412192047,0.021076625038404018,0.23144941602367908
2026-07-20T22:54:01,KNN-Direct,Parkinson2clc,0.2,25,25,1,0.8974358974358975,0.4968182919546962,0.0,0.050516540999524295,0.5473377919988707
2026-07-20T22:54:02,KNN-Direct-Weighted,Parkinson2clc,0.2,25,25,1,0.9230769230769231,0.5083666670252569,0.0,0.055156542046461254,0.563527874997817
2026-07-20T22:54:03,KNN-Direct-Manhattan,Parkinson2clc,0.2,25,25,5,0.8717948717948718,0.7632377499830909,0.0,0.05700991698540747,0.8202525830129161
2026-07-20T22:54:03,KNN-IC,Parkinson2clc,0.2,26,26,2,0.9230769230769231,0.3485164160374552,0.008746374980546534,0.021417667041532695,0.3786840420216322
2026-07-20T22:54:03,Mean-IC,Parkinson2clc,0.2,26,26,1,0.8717948717948718,0.2102419160073623,0.0006976249860599637,0.021128457970917225,0.2320713329827413
2026-07-20T22:54:04,KNN-Direct,Parkinson2clc,0.2,26,26,1,0.9230769230769231,0.4985832499805838,0.0,0.050488124950788915,0.5490744169801474
2026-07-20T22:54:04,KNN-Direct-Weighted,Parkinson2clc,0.2,26,26,1,0.9230769230769231,0.5100700000184588,0.0,0.051510666962713,0.5615844590356573
2026-07-20T22:54:05,KNN-Direct-Manhattan,Parkinson2clc,0.2,26,26,1,0.8974358974358975,0.4838856249698438,0.0,0.04903854097938165,0.5329275410040282
2026-07-20T22:54:05,KNN-IC,Parkinson2clc,0.2,27,27,1,0.8974358974358975,0.346626499958802,0.00868708302732557,0.021384875057265162,0.3767016670317389
2026-07-20T22:54:05,Mean-IC,Parkinson2clc,0.2,27,27,4,0.9487179487179487,0.2104280000203289,0.000685541017446667,0.020918083027936518,0.2320349169895053
2026-07-20T22:54:06,KNN-Direct,Parkinson2clc,0.2,27,27,1,0.8461538461538461,0.4978770829620771,0.0,0.050683624984230846,0.5485635830555111
2026-07-20T22:54:06,KNN-Direct-Weighted,Parkinson2clc,0.2,27,27,1,0.9230769230769231,0.508198750030715,0.0,0.05194099998334423,0.5601431250106543
2026-07-20T22:54:07,KNN-Direct-Manhattan,Parkinson2clc,0.2,27,27,1,0.8717948717948718,0.4854669169872068,0.0,0.04908404196612537,0.5345547080505639
2026-07-20T22:54:07,KNN-IC,Parkinson2clc,0.2,28,28,1,0.9230769230769231,0.3481088330154307,0.008314582984894514,0.021781374991405755,0.3782085409620777
2026-07-20T22:54:08,Mean-IC,Parkinson2clc,0.2,28,28,1,0.8461538461538461,0.2090951250283979,0.0006905000191181898,0.021260167006403208,0.23104962502839044
2026-07-20T22:54:08,KNN-Direct,Parkinson2clc,0.2,28,28,3,0.9230769230769231,0.49832866701763123,0.0,0.05067949998192489,0.5490110830287449
2026-07-20T22:54:09,KNN-Direct-Weighted,Parkinson2clc,0.2,28,28,1,0.9230769230769231,0.5086687080329284,0.0,0.051619165984448045,0.5602919579832815
2026-07-20T22:54:09,KNN-Direct-Manhattan,Parkinson2clc,0.2,28,28,3,0.8974358974358975,0.4832732499926351,0.0,0.04900112497853115,0.5322779580019414
2026-07-20T22:54:10,KNN-IC,Parkinson2clc,0.2,29,29,1,0.9487179487179487,0.346653749991674,0.008753625035751611,0.021239624998997897,0.37665037502301857
2026-07-20T22:54:10,Mean-IC,Parkinson2clc,0.2,29,29,1,0.8974358974358975,0.21033525001257658,0.0006846670294180512,0.02101125003537163,0.2320348329958506
2026-07-20T22:54:10,KNN-Direct,Parkinson2clc,0.2,29,29,1,0.9743589743589743,0.4977028330322355,0.0,0.05036416696384549,0.5480701249907725
2026-07-20T22:54:11,KNN-Direct-Weighted,Parkinson2clc,0.2,29,29,1,0.9743589743589743,0.5081596249947324,0.0,0.051593208976555616,0.5597565839998424
2026-07-20T22:54:12,KNN-Direct-Manhattan,Parkinson2clc,0.2,29,29,7,0.9230769230769231,0.4811830840189941,0.0,0.04957612504949793,0.5307626670110039
2026-07-20T22:54:12,KNN-IC,Parkinson2clc,0.2,30,30,1,0.8717948717948718,0.34811274998355657,0.008165374980308115,0.02144199999747798,0.37772337498608977
2026-07-20T22:54:12,Mean-IC,Parkinson2clc,0.2,30,30,1,0.9487179487179487,0.2091136670205742,0.0006774999783374369,0.021024667017627507,0.2308196669910103
2026-07-20T22:54:13,KNN-Direct,Parkinson2clc,0.2,30,30,1,0.8974358974358975,0.4970956660108641,0.0,0.05188820796320215,0.548987207992468
2026-07-20T22:54:13,KNN-Direct-Weighted,Parkinson2clc,0.2,30,30,1,0.9230769230769231,0.5074049169779755,0.0,0.05165987502550706,0.5590688330121338
2026-07-20T22:54:14,KNN-Direct-Manhattan,Parkinson2clc,0.2,30,30,1,0.8974358974358975,0.48747700004605576,0.0,0.04927591601153836,0.5367586670327
2026-07-20T22:54:14,KNN-IC,Parkinson2clc,0.2,31,31,3,0.8974358974358975,0.34702337498310953,0.008678582962602377,0.02135479199932888,0.377060208003968
2026-07-20T22:54:14,Mean-IC,Parkinson2clc,0.2,31,31,1,0.7948717948717948,0.2094176669488661,0.0006809170008637011,0.02088520902907476,0.23098745796596631
2026-07-20T22:54:15,KNN-Direct,Parkinson2clc,0.2,31,31,8,0.9230769230769231,0.4994914169656113,0.0,0.050500083016231656,0.549996874993667
2026-07-20T22:54:16,KNN-Direct-Weighted,Parkinson2clc,0.2,31,31,7,0.8974358974358975,0.5088865000288934,0.0,0.05174200003966689,0.5606316659832373
2026-07-20T22:54:16,KNN-Direct-Manhattan,Parkinson2clc,0.2,31,31,1,0.8461538461538461,0.48387208295753226,0.0,0.04921179101802409,0.5330870840116404
2026-07-20T22:54:16,KNN-IC,Parkinson2clc,0.2,32,32,1,0.9230769230769231,0.3466594160418026,0.00845008302712813,0.021430291992146522,0.3765435829991475
2026-07-20T22:54:17,Mean-IC,Parkinson2clc,0.2,32,32,1,0.8974358974358975,0.20992320898221806,0.0006880839937366545,0.021573791978880763,0.2321897919755429
2026-07-20T22:54:17,KNN-Direct,Parkinson2clc,0.2,32,32,1,0.9487179487179487,0.5491192499757744,0.0,0.0509636250208132,0.6000868330011144
2026-07-20T22:54:18,KNN-Direct-Weighted,Parkinson2clc,0.2,32,32,1,0.9487179487179487,0.5099035830353387,0.0,0.05128908297047019,0.5611960419919342
2026-07-20T22:54:18,KNN-Direct-Manhattan,Parkinson2clc,0.2,32,32,1,0.9743589743589743,0.48257062502671033,0.0,0.04903620795812458,0.5316100839991122
2026-07-20T22:54:19,KNN-IC,Parkinson2clc,0.2,33,33,1,0.717948717948718,0.3469503330416046,0.008206041995435953,0.021313584002200514,0.3764735829900019
2026-07-20T22:54:19,Mean-IC,Parkinson2clc,0.2,33,33,3,0.8461538461538461,0.21007708297111094,0.0006822499562986195,0.02121733402600512,0.23198074998799711
2026-07-20T22:54:20,KNN-Direct,Parkinson2clc,0.2,33,33,1,0.7948717948717948,0.495428082998842,0.0,0.050818666990380734,0.5462496660184115
2026-07-20T22:54:20,KNN-Direct-Weighted,Parkinson2clc,0.2,33,33,1,0.7948717948717948,0.5069949169992469,0.0,0.051572708995081484,0.5585711669991724
2026-07-20T22:54:21,KNN-Direct-Manhattan,Parkinson2clc,0.2,33,33,8,0.7692307692307693,0.481609667011071,0.0,0.049045124964322895,0.5306581670301966
2026-07-20T22:54:21,KNN-IC,Parkinson2clc,0.2,34,34,1,0.8974358974358975,0.34969341597752646,0.00853925000410527,0.021486292011104524,0.3797224590089172
2026-07-20T22:54:21,Mean-IC,Parkinson2clc,0.2,34,34,1,0.8717948717948718,0.2100224579917267,0.000680041965097189,0.02078937500482425,0.2314952079905197
2026-07-20T22:54:22,KNN-Direct,Parkinson2clc,0.2,34,34,3,0.8717948717948718,0.4983420000062324,0.0,0.05055329197784886,0.548898332985118
2026-07-20T22:54:22,KNN-Direct-Weighted,Parkinson2clc,0.2,34,34,3,0.8974358974358975,0.5106224589981139,0.0,0.051282625005114824,0.5619088750099763
2026-07-20T22:54:23,KNN-Direct-Manhattan,Parkinson2clc,0.2,34,34,5,0.9230769230769231,0.4835227499715984,0.0,0.04896712495246902,0.5324931250070222
2026-07-20T22:54:23,KNN-IC,Parkinson2clc,0.2,35,35,1,0.8461538461538461,0.34746437502326444,0.008027165953535587,0.021619083010591567,0.37711408402537927
2026-07-20T22:54:24,Mean-IC,Parkinson2clc,0.2,35,35,3,0.8717948717948718,0.20958050002809614,0.0006644170498475432,0.02113795798504725,0.23138658399693668
2026-07-20T22:54:24,KNN-Direct,Parkinson2clc,0.2,35,35,4,0.8974358974358975,0.4987496670219116,0.0,0.05070495797554031,0.5494578329962678
2026-07-20T22:54:25,KNN-Direct-Weighted,Parkinson2clc,0.2,35,35,4,0.8717948717948718,0.513204290997237,0.0,0.05191783397458494,0.5651262089959346
2026-07-20T22:54:25,KNN-Direct-Manhattan,Parkinson2clc,0.2,35,35,4,0.8717948717948718,0.48331487498944625,0.0,0.04882920900126919,0.5321478749974631
2026-07-20T22:54:26,KNN-IC,Parkinson2clc,0.2,36,36,1,0.8205128205128205,0.3469348750077188,0.008074583951383829,0.021230375044979155,0.3762435410171747
2026-07-20T22:54:26,Mean-IC,Parkinson2clc,0.2,36,36,6,0.7692307692307693,0.21026041702134535,0.0006693340255878866,0.021063874999526888,0.23199708299944177
2026-07-20T22:54:26,KNN-Direct,Parkinson2clc,0.2,36,36,3,0.8205128205128205,0.49847029201919213,0.0,0.050658666994422674,0.5491323339520022
2026-07-20T22:54:27,KNN-Direct-Weighted,Parkinson2clc,0.2,36,36,3,0.7948717948717948,0.5085159169975668,0.0,0.05161445896374062,0.5601336249965243
2026-07-20T22:54:27,KNN-Direct-Manhattan,Parkinson2clc,0.2,36,36,3,0.8717948717948718,0.4831607500091195,0.0,0.04897895798785612,0.5321427920134738
2026-07-20T22:54:28,KNN-IC,Parkinson2clc,0.2,37,37,1,0.9487179487179487,0.34561737498734146,0.00832579197594896,0.021361917024478316,0.37530866696033627
2026-07-20T22:54:28,Mean-IC,Parkinson2clc,0.2,37,37,3,0.7435897435897436,0.21026074996916577,0.0009227920090779662,0.02089812495978549,0.23208504199283198
2026-07-20T22:54:29,KNN-Direct,Parkinson2clc,0.2,37,37,15,0.7948717948717948,0.4976786250481382,0.0,0.050650999997742474,0.5483329170383513
2026-07-20T22:54:29,KNN-Direct-Weighted,Parkinson2clc,0.2,37,37,15,0.7948717948717948,0.5083264999557287,0.0,0.051824624999426305,0.5601555000175722
2026-07-20T22:54:30,KNN-Direct-Manhattan,Parkinson2clc,0.2,37,37,14,0.7692307692307693,0.4827889580046758,0.0,0.04890958301257342,0.5317017079796642
2026-07-20T22:54:30,KNN-IC,Parkinson2clc,0.2,38,38,6,0.8461538461538461,0.3473984579904936,0.009487708972301334,0.021382291975896806,0.3782721669995226
2026-07-20T22:54:30,Mean-IC,Parkinson2clc,0.2,38,38,6,0.8205128205128205,0.2099989170092158,0.0006728340522386134,0.021070500020869076,0.23174537502927706
2026-07-20T22:54:31,KNN-Direct,Parkinson2clc,0.2,38,38,8,0.9230769230769231,0.5554150409880094,0.0,0.08117766596842557,0.6365967500023544
2026-07-20T22:54:32,KNN-Direct-Weighted,Parkinson2clc,0.2,38,38,3,0.8717948717948718,1.0180575419799425,0.0,0.09692262497264892,1.1149866670020856
2026-07-20T22:54:33,KNN-Direct-Manhattan,Parkinson2clc,0.2,38,38,7,0.8717948717948718,0.8222579999710433,0.0,0.09132687503006309,0.913591084012296
2026-07-20T22:54:34,KNN-IC,Parkinson2clc,0.2,39,39,1,0.8974358974358975,0.5382185420021415,0.011787084047682583,0.02964616601821035,0.5796601669862866
2026-07-20T22:54:34,Mean-IC,Parkinson2clc,0.2,39,39,1,0.8205128205128205,0.24166341702220961,0.0007161250105127692,0.02109066699631512,0.2634742499794811
2026-07-20T22:54:34,KNN-Direct,Parkinson2clc,0.2,39,39,7,0.8717948717948718,0.4981602920452133,0.0,0.050989125040359795,0.5491523749660701
2026-07-20T22:54:35,KNN-Direct-Weighted,Parkinson2clc,0.2,39,39,7,0.8974358974358975,0.5086953340214677,0.0,0.05185858299955726,0.5605572080239654
2026-07-20T22:54:35,KNN-Direct-Manhattan,Parkinson2clc,0.2,39,39,7,0.8205128205128205,0.48275899997679517,0.0,0.0491299579734914,0.5318922079750337
2026-07-20T22:54:36,KNN-IC,Parkinson2clc,0.3,0,0,3,0.9230769230769231,0.35550816694740206,0.009040125005412847,0.021579957974608988,0.386131374980323
2026-07-20T22:54:36,Mean-IC,Parkinson2clc,0.3,0,0,1,0.9487179487179487,0.20946645899675786,0.0007148750009946525,0.02118637500097975,0.23137125000357628
2026-07-20T22:54:37,KNN-Direct,Parkinson2clc,0.3,0,0,5,0.9487179487179487,0.501204542000778,0.0,0.050703832996077836,0.5519114999915473
2026-07-20T22:54:37,KNN-Direct-Weighted,Parkinson2clc,0.3,0,0,4,0.8717948717948718,0.5107861250289716,0.0,0.051875874982215464,0.5626651659840718
2026-07-20T22:54:38,KNN-Direct-Manhattan,Parkinson2clc,0.3,0,0,10,0.9487179487179487,0.48612845898605883,0.0,0.04924366605700925,0.5353753749513999
2026-07-20T22:54:38,KNN-IC,Parkinson2clc,0.3,1,1,2,0.8717948717948718,0.3510901250410825,0.009227417001966387,0.02126720902742818,0.38158824999118224
2026-07-20T22:54:38,Mean-IC,Parkinson2clc,0.3,1,1,3,0.8717948717948718,0.20964491600170732,0.0006973330164328218,0.020918458001688123,0.23126400000182912
2026-07-20T22:54:39,KNN-Direct,Parkinson2clc,0.3,1,1,1,0.8974358974358975,0.49828050000360236,0.0,0.050623291986994445,0.5489067920134403
2026-07-20T22:54:39,KNN-Direct-Weighted,Parkinson2clc,0.3,1,1,1,0.8974358974358975,0.50744279200444,0.0,0.051639540994074196,0.5590858749928884
2026-07-20T22:54:40,KNN-Direct-Manhattan,Parkinson2clc,0.3,1,1,4,0.9230769230769231,0.4839548329473473,0.0,0.04914600000483915,0.5331043750047684
2026-07-20T22:54:40,KNN-IC,Parkinson2clc,0.3,2,2,2,0.9230769230769231,0.35489345801761374,0.009331708017271012,0.021237209031824023,0.385466042032931
2026-07-20T22:54:41,Mean-IC,Parkinson2clc,0.3,2,2,3,0.8974358974358975,0.20967933296924457,0.0007229580078274012,0.021119374956469983,0.23152508301427588
2026-07-20T22:54:41,KNN-Direct,Parkinson2clc,0.3,2,2,1,0.8717948717948718,0.4994355419767089,0.0,0.05063258303562179,0.5500708330073394
2026-07-20T22:54:42,KNN-Direct-Weighted,Parkinson2clc,0.3,2,2,1,0.8461538461538461,0.5100151670048945,0.0,0.051666082988958806,0.561684708984103
2026-07-20T22:54:42,KNN-Direct-Manhattan,Parkinson2clc,0.3,2,2,3,0.8717948717948718,0.4846207500086166,0.0,0.04928233299870044,0.5339067500317469
2026-07-20T22:54:43,KNN-IC,Parkinson2clc,0.3,3,3,1,0.9230769230769231,0.3539391669910401,0.008831290993839502,0.021443916019052267,0.38421841600211337
2026-07-20T22:54:43,Mean-IC,Parkinson2clc,0.3,3,3,1,0.8205128205128205,0.2117023749742657,0.0007110000005923212,0.02111299999523908,0.23352979199262336
2026-07-20T22:54:43,KNN-Direct,Parkinson2clc,0.3,3,3,1,0.8717948717948718,0.4993631250108592,0.0,0.05145733302924782,0.5508247079560533
2026-07-20T22:54:44,KNN-Direct-Weighted,Parkinson2clc,0.3,3,3,1,0.8717948717948718,0.5147529160021804,0.0,0.05198670900426805,0.5667436659568921
2026-07-20T22:54:45,KNN-Direct-Manhattan,Parkinson2clc,0.3,3,3,1,0.8461538461538461,0.4850992080173455,0.0,0.04891233303351328,0.5340149170369841
2026-07-20T22:54:45,KNN-IC,Parkinson2clc,0.3,4,4,3,0.8717948717948718,0.3557204999960959,0.009639249998144805,0.021485332981683314,0.38684891699813306
2026-07-20T22:54:45,Mean-IC,Parkinson2clc,0.3,4,4,3,0.7948717948717948,0.21044379199156538,0.0006907499628141522,0.020841707999352366,0.2319799160468392
2026-07-20T22:54:46,KNN-Direct,Parkinson2clc,0.3,4,4,3,0.8461538461538461,0.5002565839677118,0.0,0.050597542023751885,0.5508572500548325
2026-07-20T22:54:46,KNN-Direct-Weighted,Parkinson2clc,0.3,4,4,3,0.8974358974358975,0.5131205419893377,0.0,0.051614125026389956,0.5647384580224752
2026-07-20T22:54:47,KNN-Direct-Manhattan,Parkinson2clc,0.3,4,4,4,0.8974358974358975,0.5503359589492902,0.0,0.061958624981343746,0.6123006250127219
2026-07-20T22:54:47,KNN-IC,Parkinson2clc,0.3,5,5,1,0.8974358974358975,0.3617903330014087,0.009119833004660904,0.021427208033856004,0.3923425829852931
2026-07-20T22:54:48,Mean-IC,Parkinson2clc,0.3,5,5,1,0.8717948717948718,0.2109268750064075,0.0007179580279625952,0.021027499984484166,0.2326759159914218
2026-07-20T22:54:48,KNN-Direct,Parkinson2clc,0.3,5,5,4,0.9230769230769231,0.4989274170366116,0.0,0.050606541975867,0.5495371249853633
2026-07-20T22:54:49,KNN-Direct-Weighted,Parkinson2clc,0.3,5,5,4,0.9230769230769231,0.5082287090481259,0.0,0.05164945899741724,0.5598818750004284
2026-07-20T22:54:49,KNN-Direct-Manhattan,Parkinson2clc,0.3,5,5,5,0.8717948717948718,0.4836487079737708,0.0,0.04898662504274398,0.5326392919523641
2026-07-20T22:54:50,KNN-IC,Parkinson2clc,0.3,6,6,2,0.8205128205128205,0.35387429199181497,0.009183875052258372,0.02143391699064523,0.38449550000950694
2026-07-20T22:54:50,Mean-IC,Parkinson2clc,0.3,6,6,1,0.7435897435897436,0.21035520901205018,0.0006959169986657798,0.020945917000062764,0.23200083401752636
2026-07-20T22:54:50,KNN-Direct,Parkinson2clc,0.3,6,6,1,0.8717948717948718,0.4995581670082174,0.0,0.05053129099542275,0.5500925419619307
2026-07-20T22:54:51,KNN-Direct-Weighted,Parkinson2clc,0.3,6,6,1,0.8205128205128205,0.5096162089612335,0.0,0.05182958400109783,0.5614492919994518
2026-07-20T22:54:51,KNN-Direct-Manhattan,Parkinson2clc,0.3,6,6,5,0.9230769230769231,0.4874581670155749,0.0,0.04922504199203104,0.5366867500124499
2026-07-20T22:54:52,KNN-IC,Parkinson2clc,0.3,7,7,2,0.9230769230769231,0.3536178749636747,0.009049458021763712,0.021354291995521635,0.3840253750095144
2026-07-20T22:54:52,Mean-IC,Parkinson2clc,0.3,7,7,12,0.8461538461538461,0.21341841702815145,0.0007562499959021807,0.022287500032689422,0.2364659160375595
2026-07-20T22:54:53,KNN-Direct,Parkinson2clc,0.3,7,7,14,0.8461538461538461,0.5023362500360236,0.0,0.05092466698260978,0.5532638750155456
2026-07-20T22:54:53,KNN-Direct-Weighted,Parkinson2clc,0.3,7,7,9,0.8717948717948718,0.5127914160257205,0.0,0.051768000004813075,0.5645627499907278
2026-07-20T22:54:54,KNN-Direct-Manhattan,Parkinson2clc,0.3,7,7,3,0.9487179487179487,0.4865652919979766,0.0,0.049409792001824826,0.5359783329768106
2026-07-20T22:54:54,KNN-IC,Parkinson2clc,0.3,8,8,4,0.9230769230769231,0.3561720830039121,0.010444208979606628,0.021674791991245,0.3882947919773869
2026-07-20T22:54:54,Mean-IC,Parkinson2clc,0.3,8,8,1,0.8974358974358975,0.20979004201944917,0.0007026670500636101,0.021341416984796524,0.23183783300919458
2026-07-20T22:54:55,KNN-Direct,Parkinson2clc,0.3,8,8,1,0.8461538461538461,0.5008190830121748,0.0,0.0508342920220457,0.5516560000251047
2026-07-20T22:54:55,KNN-Direct-Weighted,Parkinson2clc,0.3,8,8,5,0.8717948717948718,0.5113287909771316,0.0,0.05184116697637364,0.5631739579839632
2026-07-20T22:54:56,KNN-Direct-Manhattan,Parkinson2clc,0.3,8,8,1,0.8205128205128205,0.48565670900279656,0.0,0.04916550003690645,0.5348259170423262
2026-07-20T22:54:56,KNN-IC,Parkinson2clc,0.3,9,9,3,0.8717948717948718,0.3566473330138251,0.009468582982663065,0.02131445804843679,0.3874338329769671
2026-07-20T22:54:57,Mean-IC,Parkinson2clc,0.3,9,9,14,0.8461538461538461,0.21062387502752244,0.0006738330121152103,0.021120416990015656,0.23242154199397191
2026-07-20T22:54:57,KNN-Direct,Parkinson2clc,0.3,9,9,4,0.8974358974358975,0.4989396670134738,0.0,0.05068187497090548,0.5496247920091264
2026-07-20T22:54:58,KNN-Direct-Weighted,Parkinson2clc,0.3,9,9,3,0.9230769230769231,0.5089413750101812,0.0,0.051402791985310614,0.5603476249962114
2026-07-20T22:54:58,KNN-Direct-Manhattan,Parkinson2clc,0.3,9,9,1,0.8205128205128205,0.4832718340330757,0.0,0.04905779199907556,0.5323332920088433
2026-07-20T22:54:59,KNN-IC,Parkinson2clc,0.3,10,10,1,0.9230769230769231,0.35525600000983104,0.008383207954466343,0.021311916003469378,0.38495483301812783
2026-07-20T22:54:59,Mean-IC,Parkinson2clc,0.3,10,10,10,0.8205128205128205,0.20960583299165592,0.0006977079901844263,0.021025582973379642,0.23133266699733213
2026-07-20T22:55:00,KNN-Direct,Parkinson2clc,0.3,10,10,11,0.8717948717948718,0.6036897909943946,0.0,0.05070712498854846,0.6544001250294968
2026-07-20T22:55:00,KNN-Direct-Weighted,Parkinson2clc,0.3,10,10,4,0.8717948717948718,0.5098851249786094,0.0,0.05182862497167662,0.561717625008896
2026-07-20T22:55:01,KNN-Direct-Manhattan,Parkinson2clc,0.3,10,10,9,0.8974358974358975,0.4844405830372125,0.0,0.049168458965141326,0.5336127919727005
2026-07-20T22:55:01,KNN-IC,Parkinson2clc,0.3,11,11,1,0.9230769230769231,0.35483191697858274,0.00868545804405585,0.02143537503434345,0.38495654199505225
2026-07-20T22:55:01,Mean-IC,Parkinson2clc,0.3,11,11,4,0.9230769230769231,0.20971424999879673,0.0007587499567307532,0.021261166024487466,0.23173779202625155
2026-07-20T22:55:02,KNN-Direct,Parkinson2clc,0.3,11,11,1,0.8717948717948718,0.5306660000351258,0.0,0.06832345895236358,0.598993000050541
2026-07-20T22:55:02,KNN-Direct-Weighted,Parkinson2clc,0.3,11,11,1,0.8974358974358975,0.5218267920427024,0.0,0.05184712499612942,0.5736780830193311
2026-07-20T22:55:03,KNN-Direct-Manhattan,Parkinson2clc,0.3,11,11,3,0.9230769230769231,0.4858335420140065,0.0,0.04920666600810364,0.5350438330206089
2026-07-20T22:55:03,KNN-IC,Parkinson2clc,0.3,12,12,7,0.8717948717948718,0.3555915839970112,0.010962416999973357,0.021404790983069688,0.38796225003898144
2026-07-20T22:55:04,Mean-IC,Parkinson2clc,0.3,12,12,6,0.8461538461538461,0.20970962499268353,0.0006825829623267055,0.02104679204057902,0.23144208401208743
2026-07-20T22:55:04,KNN-Direct,Parkinson2clc,0.3,12,12,12,0.8974358974358975,0.49912762496387586,0.0,0.05073137499857694,0.5498621669830754
2026-07-20T22:55:05,KNN-Direct-Weighted,Parkinson2clc,0.3,12,12,8,0.8974358974358975,0.510708583984524,0.0,0.05200249998597428,0.5627146660117432
2026-07-20T22:55:05,KNN-Direct-Manhattan,Parkinson2clc,0.3,12,12,12,0.8717948717948718,0.48423129197908565,0.0,0.049313625029753894,0.5335486660478637
2026-07-20T22:55:06,KNN-IC,Parkinson2clc,0.3,13,13,1,0.9487179487179487,0.35496550000971183,0.008340708038304001,0.02105637500062585,0.3843662919825874
2026-07-20T22:55:06,Mean-IC,Parkinson2clc,0.3,13,13,1,0.8717948717948718,0.20942416600883007,0.0007410830003209412,0.020930333994328976,0.2310989589896053
2026-07-20T22:55:06,KNN-Direct,Parkinson2clc,0.3,13,13,4,0.8205128205128205,0.4979212079779245,0.0,0.05057962500723079,0.5485039579798467
2026-07-20T22:55:07,KNN-Direct-Weighted,Parkinson2clc,0.3,13,13,4,0.8205128205128205,0.5093320410232991,0.0,0.05171020800480619,0.5610460000461899
2026-07-20T22:55:08,KNN-Direct-Manhattan,Parkinson2clc,0.3,13,13,3,0.7948717948717948,0.48402599996188655,0.0,0.04926783300470561,0.5332973339827731
2026-07-20T22:55:08,KNN-IC,Parkinson2clc,0.3,14,14,1,0.8717948717948718,0.35297812503995374,0.008599124965257943,0.0211821660050191,0.3827624580007978
2026-07-20T22:55:08,Mean-IC,Parkinson2clc,0.3,14,14,1,0.7692307692307693,0.21142312500160187,0.0006920419982634485,0.020917333022225648,0.23303624999243766
2026-07-20T22:55:09,KNN-Direct,Parkinson2clc,0.3,14,14,1,0.8461538461538461,0.5024058750132099,0.0,0.050688916991930455,0.553098083997611
2026-07-20T22:55:09,KNN-Direct-Weighted,Parkinson2clc,0.3,14,14,3,0.9230769230769231,0.5101819169940427,0.0,0.05173908401047811,0.5619245410198346
2026-07-20T22:55:10,KNN-Direct-Manhattan,Parkinson2clc,0.3,14,14,1,0.8717948717948718,0.48586637497646734,0.0,0.04948691598838195,0.5353575000190176
2026-07-20T22:55:10,KNN-IC,Parkinson2clc,0.3,15,15,2,0.9487179487179487,0.35489654197590426,0.009136374981608242,0.02146174997324124,0.3854980419855565
2026-07-20T22:55:10,Mean-IC,Parkinson2clc,0.3,15,15,1,0.8205128205128205,0.21025699999881908,0.0006911660311743617,0.021179541014134884,0.23213083302835003
2026-07-20T22:55:11,KNN-Direct,Parkinson2clc,0.3,15,15,1,0.8974358974358975,0.5012162500061095,0.0,0.05080325005110353,0.5520225839572959
2026-07-20T22:55:12,KNN-Direct-Weighted,Parkinson2clc,0.3,15,15,1,0.9230769230769231,0.511472208017949,0.0,0.05186624999623746,0.5633421670063399
2026-07-20T22:55:12,KNN-Direct-Manhattan,Parkinson2clc,0.3,15,15,1,0.8717948717948718,0.48471354198409244,0.0,0.049202208989299834,0.5339191249804571
2026-07-20T22:55:12,KNN-IC,Parkinson2clc,0.3,16,16,10,0.7435897435897436,0.35481754201464355,0.010795833019074053,0.0216655419790186,0.3872824580175802
2026-07-20T22:55:13,Mean-IC,Parkinson2clc,0.3,16,16,3,0.717948717948718,0.20980587502708659,0.0007296250551007688,0.021340750041417778,0.23187974997563288
2026-07-20T22:55:13,KNN-Direct,Parkinson2clc,0.3,16,16,3,0.7692307692307693,0.5016052079736255,0.0,0.05081116600194946,0.552419750019908
2026-07-20T22:55:14,KNN-Direct-Weighted,Parkinson2clc,0.3,16,16,3,0.7692307692307693,0.5149907500017434,0.0,0.05250158399576321,0.5674959999741986
2026-07-20T22:55:14,KNN-Direct-Manhattan,Parkinson2clc,0.3,16,16,4,0.8205128205128205,0.4883700410136953,0.0,0.049326291016768664,0.537700291024521
2026-07-20T22:55:15,KNN-IC,Parkinson2clc,0.3,17,17,15,0.8461538461538461,0.35798887501005083,0.011411374958697706,0.021328416012693197,0.3907324159517884
2026-07-20T22:55:15,Mean-IC,Parkinson2clc,0.3,17,17,15,0.8461538461538461,0.21067029202822596,0.0007094169850461185,0.02096150000579655,0.232344624993857
2026-07-20T22:55:16,KNN-Direct,Parkinson2clc,0.3,17,17,4,0.9230769230769231,0.49850641703233123,0.0,0.05076766601996496,0.5492774580488913
2026-07-20T22:55:16,KNN-Direct-Weighted,Parkinson2clc,0.3,17,17,4,0.9230769230769231,0.5087116669747047,0.0,0.051818083971738815,0.560533125011716
2026-07-20T22:55:17,KNN-Direct-Manhattan,Parkinson2clc,0.3,17,17,7,0.8461538461538461,0.48495395900681615,0.0,0.0493472499656491,0.5343046250054613
2026-07-20T22:55:17,KNN-IC,Parkinson2clc,0.3,18,18,5,0.9230769230769231,0.4694112080032937,0.01186683401465416,0.021833582955878228,0.5031158330384642
2026-07-20T22:55:17,Mean-IC,Parkinson2clc,0.3,18,18,1,0.8974358974358975,0.21863241697428748,0.0011670829844661057,0.0217695829924196,0.24157333403127268
2026-07-20T22:55:18,KNN-Direct,Parkinson2clc,0.3,18,18,4,0.8461538461538461,0.5016507910331711,0.0,0.050657665997277945,0.5523117919801734
2026-07-20T22:55:19,KNN-Direct-Weighted,Parkinson2clc,0.3,18,18,3,0.8717948717948718,0.5110571670229547,0.0,0.051778833963908255,0.5628392079961486
2026-07-20T22:55:19,KNN-Direct-Manhattan,Parkinson2clc,0.3,18,18,9,0.9230769230769231,0.4858681249897927,0.0,0.04935591603862122,0.5352277499623597
2026-07-20T22:55:19,KNN-IC,Parkinson2clc,0.3,19,19,4,0.9487179487179487,0.35559429199201986,0.010565999953541905,0.021661709004547447,0.38782533298945054
2026-07-20T22:55:20,Mean-IC,Parkinson2clc,0.3,19,19,3,0.8717948717948718,0.20991262496681884,0.0007529170252382755,0.021355416043661535,0.23202470800606534
2026-07-20T22:55:20,KNN-Direct,Parkinson2clc,0.3,19,19,4,0.8974358974358975,0.5001621659612283,0.0,0.05068666598526761,0.5508517080452293
2026-07-20T22:55:21,KNN-Direct-Weighted,Parkinson2clc,0.3,19,19,1,0.8717948717948718,0.5090110000455752,0.0,0.0519144160207361,0.5609285830287263
2026-07-20T22:55:21,KNN-Direct-Manhattan,Parkinson2clc,0.3,19,19,1,0.8717948717948718,0.4850128329708241,0.0,0.04910283297067508,0.5341197079978883
2026-07-20T22:55:22,KNN-IC,Parkinson2clc,0.3,20,20,9,0.8461538461538461,0.3529972499818541,0.0108946249820292,0.021125958010088652,0.38502170896390453
2026-07-20T22:55:22,Mean-IC,Parkinson2clc,0.3,20,20,5,0.8974358974358975,0.22306379198562354,0.0007793749682605267,0.021392624999862164,0.2452391249826178
2026-07-20T22:55:23,KNN-Direct,Parkinson2clc,0.3,20,20,10,0.7948717948717948,0.4994541669730097,0.0,0.05043312499765307,0.5498906659777276
2026-07-20T22:55:23,KNN-Direct-Weighted,Parkinson2clc,0.3,20,20,12,0.8205128205128205,0.5093494579778053,0.0,0.0519874999881722,0.5613404169562273
2026-07-20T22:55:24,KNN-Direct-Manhattan,Parkinson2clc,0.3,20,20,7,0.8717948717948718,0.4854144579730928,0.0,0.04925716604338959,0.5346749579766765
2026-07-20T22:55:24,KNN-IC,Parkinson2clc,0.3,21,21,2,0.8974358974358975,0.3567475829622708,0.00912187498761341,0.021182374970521778,0.3870555419707671
2026-07-20T22:55:24,Mean-IC,Parkinson2clc,0.3,21,21,4,0.8974358974358975,0.21029529196675867,0.0007131659658625722,0.02112275001127273,0.23213487502653152
2026-07-20T22:55:25,KNN-Direct,Parkinson2clc,0.3,21,21,4,0.8461538461538461,0.4988837910350412,0.0,0.05075158301042393,0.5496388329775073
2026-07-20T22:55:25,KNN-Direct-Weighted,Parkinson2clc,0.3,21,21,4,0.8974358974358975,0.5086215829942375,0.0,0.05145058297784999,0.5600758339860477
2026-07-20T22:55:26,KNN-Direct-Manhattan,Parkinson2clc,0.3,21,21,6,0.8461538461538461,0.48440704197855666,0.0,0.0490649999701418,0.533475291042123
2026-07-20T22:55:26,KNN-IC,Parkinson2clc,0.3,22,22,10,0.8205128205128205,0.3558409159886651,0.011323833023197949,0.021707666979636997,0.3888761670095846
2026-07-20T22:55:27,Mean-IC,Parkinson2clc,0.3,22,22,4,0.7692307692307693,0.20963733398821205,0.0006799999973736703,0.021000167005695403,0.23132083303062245
2026-07-20T22:55:27,KNN-Direct,Parkinson2clc,0.3,22,22,15,0.7692307692307693,0.497968084004242,0.0,0.0506047920207493,0.5485766250058077
2026-07-20T22:55:28,KNN-Direct-Weighted,Parkinson2clc,0.3,22,22,1,0.8717948717948718,0.5079329169820994,0.0,0.05181224999250844,0.5597486249753274
2026-07-20T22:55:28,KNN-Direct-Manhattan,Parkinson2clc,0.3,22,22,4,0.7948717948717948,0.48419104097411036,0.0,0.049171666032634676,0.5333664159988984
2026-07-20T22:55:29,KNN-IC,Parkinson2clc,0.3,23,23,5,0.8974358974358975,0.35528912500012666,0.010603457980323583,0.02170245797606185,0.38759845902677625
2026-07-20T22:55:29,Mean-IC,Parkinson2clc,0.3,23,23,5,0.8717948717948718,0.2093838339787908,0.0007010830449871719,0.02101366699207574,0.2311019169865176
2026-07-20T22:55:29,KNN-Direct,Parkinson2clc,0.3,23,23,3,0.8974358974358975,0.501597042020876,0.0,0.05074358300771564,0.5523438329691999
2026-07-20T22:55:30,KNN-Direct-Weighted,Parkinson2clc,0.3,23,23,3,0.9230769230769231,0.5109315410372801,0.0,0.05164683301700279,0.5625821250141598
2026-07-20T22:55:30,KNN-Direct-Manhattan,Parkinson2clc,0.3,23,23,7,0.8461538461538461,0.48375570902135223,0.0,0.04930991696892306,0.5330684579676017
2026-07-20T22:55:31,KNN-IC,Parkinson2clc,0.3,24,24,1,0.8717948717948718,0.35499254101887345,0.00899062497774139,0.0213802499929443,0.3853667920338921
2026-07-20T22:55:31,Mean-IC,Parkinson2clc,0.3,24,24,5,0.8461538461538461,0.210560749983415,0.0006944999913685024,0.020965834031812847,0.23222445795545354
2026-07-20T22:55:32,KNN-Direct,Parkinson2clc,0.3,24,24,4,0.8974358974358975,0.4988956250017509,0.0,0.05068595800548792,0.5495843749959022
2026-07-20T22:55:32,KNN-Direct-Weighted,Parkinson2clc,0.3,24,24,3,0.8717948717948718,0.5997917909990065,0.0,0.052247374958824366,0.6520431250100955
2026-07-20T22:55:33,KNN-Direct-Manhattan,Parkinson2clc,0.3,24,24,1,0.8717948717948718,0.48646558297332376,0.0,0.04905416601104662,0.5355230839923024
2026-07-20T22:55:33,KNN-IC,Parkinson2clc,0.3,25,25,1,0.8717948717948718,0.352192374994047,0.008216374961193651,0.021475707995705307,0.3818874999997206
2026-07-20T22:55:33,Mean-IC,Parkinson2clc,0.3,25,25,5,0.8461538461538461,0.20989470899803564,0.0006690830341540277,0.021333792014047503,0.23190104099921882
2026-07-20T22:55:34,KNN-Direct,Parkinson2clc,0.3,25,25,4,0.8974358974358975,0.49767195899039507,0.0,0.050638083019293845,0.5483179580187425
2026-07-20T22:55:35,KNN-Direct-Weighted,Parkinson2clc,0.3,25,25,3,0.8717948717948718,0.5083017909782939,0.0,0.05169095902238041,0.5599962499691173
2026-07-20T22:55:35,KNN-Direct-Manhattan,Parkinson2clc,0.3,25,25,6,0.8717948717948718,0.48414462502114475,0.0,0.04886604199418798,0.5330140420119278
2026-07-20T22:55:35,KNN-IC,Parkinson2clc,0.3,26,26,4,0.8974358974358975,0.3542840839945711,0.010724042018409818,0.02153204201022163,0.38654354197205976
2026-07-20T22:55:36,Mean-IC,Parkinson2clc,0.3,26,26,1,0.8717948717948718,0.20999520795885473,0.0007016250165179372,0.02102458302397281,0.23172495799371973
2026-07-20T22:55:36,KNN-Direct,Parkinson2clc,0.3,26,26,4,0.8974358974358975,0.4988875000271946,0.0,0.050588542013429105,0.5494786670315079
2026-07-20T22:55:37,KNN-Direct-Weighted,Parkinson2clc,0.3,26,26,1,0.9230769230769231,0.5120350830256939,0.0,0.05180324998218566,0.5638417080044746
2026-07-20T22:55:37,KNN-Direct-Manhattan,Parkinson2clc,0.3,26,26,3,0.8461538461538461,0.4873757919995114,0.0,0.04917249997379258,0.5365517499740236
2026-07-20T22:55:38,KNN-IC,Parkinson2clc,0.3,27,27,1,0.8717948717948718,0.35452808398986235,0.008430749992839992,0.021370416972786188,0.384332874964457
2026-07-20T22:55:38,Mean-IC,Parkinson2clc,0.3,27,27,1,0.8974358974358975,0.20918783301021904,0.0007128330180421472,0.020935542008373886,0.23083983297692612
2026-07-20T22:55:39,KNN-Direct,Parkinson2clc,0.3,27,27,1,0.7692307692307693,0.4982979170163162,0.0,0.05055120796896517,0.5488523329840973
2026-07-20T22:55:39,KNN-Direct-Weighted,Parkinson2clc,0.3,27,27,1,0.7692307692307693,0.509079749986995,0.0,0.051619833044242114,0.5607035830034874
2026-07-20T22:55:40,KNN-Direct-Manhattan,Parkinson2clc,0.3,27,27,4,0.7948717948717948,0.4838208750006743,0.0,0.049039959034416825,0.5328640000079758
2026-07-20T22:55:40,KNN-IC,Parkinson2clc,0.3,28,28,3,0.8974358974358975,0.3558871659915894,0.008957291021943092,0.02144133299589157,0.38628933299332857
2026-07-20T22:55:40,Mean-IC,Parkinson2clc,0.3,28,28,1,0.8205128205128205,0.2095441659912467,0.0006937920115888119,0.021048374997917563,0.23128991603152826
2026-07-20T22:55:41,KNN-Direct,Parkinson2clc,0.3,28,28,4,0.9487179487179487,0.498369500041008,0.0,0.05051216599531472,0.5488849580287933
2026-07-20T22:55:41,KNN-Direct-Weighted,Parkinson2clc,0.3,28,28,1,0.9743589743589743,0.5098974999855272,0.0,0.051614209020044655,0.561515583016444
2026-07-20T22:55:42,KNN-Direct-Manhattan,Parkinson2clc,0.3,28,28,1,0.8461538461538461,0.4845106669818051,0.0,0.049283833999652416,0.5337983340141363
2026-07-20T22:55:42,KNN-IC,Parkinson2clc,0.3,29,29,2,0.8974358974358975,0.3522756249876693,0.008725833962671459,0.02122616599081084,0.38223091699182987
2026-07-20T22:55:43,Mean-IC,Parkinson2clc,0.3,29,29,5,0.9230769230769231,0.20903850003378466,0.0006773750064894557,0.021077957993838936,0.23079729196615517
2026-07-20T22:55:43,KNN-Direct,Parkinson2clc,0.3,29,29,4,0.8461538461538461,0.5004568750155158,0.0,0.05062258301768452,0.5510822500218637
2026-07-20T22:55:44,KNN-Direct-Weighted,Parkinson2clc,0.3,29,29,4,0.8974358974358975,0.5097389590227976,0.0,0.05192845803685486,0.5616709170280956
2026-07-20T22:55:44,KNN-Direct-Manhattan,Parkinson2clc,0.3,29,29,4,0.8461538461538461,0.48490108299301937,0.0,0.049211291945539415,0.5341163750272244
2026-07-20T22:55:45,KNN-IC,Parkinson2clc,0.3,30,30,8,0.8717948717948718,0.3551198330242187,0.011103458004072309,0.02143012499436736,0.38765704195247963
2026-07-20T22:55:45,Mean-IC,Parkinson2clc,0.3,30,30,9,0.8461538461538461,0.21043066697893664,0.00073441700078547,0.021159542025998235,0.23232824995648116
2026-07-20T22:55:45,KNN-Direct,Parkinson2clc,0.3,30,30,10,0.8974358974358975,0.4995522919925861,0.0,0.05056358402362093,0.5501191249932162
2026-07-20T22:55:46,KNN-Direct-Weighted,Parkinson2clc,0.3,30,30,3,0.8461538461538461,0.5102516249753535,0.0,0.05172254197532311,0.5619780840352178
2026-07-20T22:55:46,KNN-Direct-Manhattan,Parkinson2clc,0.3,30,30,4,0.8717948717948718,0.4854187080054544,0.0,0.04916533298091963,0.5345877080108039
2026-07-20T22:55:47,KNN-IC,Parkinson2clc,0.3,31,31,5,0.8974358974358975,0.44229954201728106,0.019625584012828767,0.033388542011380196,0.49531854200176895
2026-07-20T22:55:47,Mean-IC,Parkinson2clc,0.3,31,31,1,0.9487179487179487,0.24293516698526219,0.0007394170388579369,0.021047208982054144,0.2647258330252953
2026-07-20T22:55:48,KNN-Direct,Parkinson2clc,0.3,31,31,3,0.8461538461538461,0.5016197499935515,0.0,0.051119458046741784,0.552742334024515
2026-07-20T22:55:48,KNN-Direct-Weighted,Parkinson2clc,0.3,31,31,1,0.8717948717948718,0.5120195000199601,0.0,0.05173924996051937,0.5637625000090338
2026-07-20T22:55:49,KNN-Direct-Manhattan,Parkinson2clc,0.3,31,31,3,0.8717948717948718,0.486027083999943,0.0,0.04996279097395018,0.5359940420021303
2026-07-20T22:55:49,KNN-IC,Parkinson2clc,0.3,32,32,2,0.8974358974358975,0.35624325001845136,0.00905454100575298,0.02133116702316329,0.3866325000417419
2026-07-20T22:55:49,Mean-IC,Parkinson2clc,0.3,32,32,1,0.8461538461538461,0.2111680829548277,0.0007029579719528556,0.02107304200762883,0.23294754204107448
2026-07-20T22:55:50,KNN-Direct,Parkinson2clc,0.3,32,32,6,1.0,0.5001638749963604,0.0,0.050691958982497454,0.5508590420358814
2026-07-20T22:55:51,KNN-Direct-Weighted,Parkinson2clc,0.3,32,32,3,0.9743589743589743,0.5100721249473281,0.0,0.05180954100796953,0.5618852500338107
2026-07-20T22:55:51,KNN-Direct-Manhattan,Parkinson2clc,0.3,32,32,3,0.8974358974358975,0.48407974996371195,0.0,0.04893008398357779,0.5330129999783821
2026-07-20T22:55:52,KNN-IC,Parkinson2clc,0.3,33,33,4,0.717948717948718,0.35367354104528204,0.010856540990062058,0.02206545800436288,0.3866017499822192
2026-07-20T22:55:52,Mean-IC,Parkinson2clc,0.3,33,33,9,0.7948717948717948,0.21167849999619648,0.0006977919838391244,0.021104915998876095,0.2334847910096869
2026-07-20T22:55:52,KNN-Direct,Parkinson2clc,0.3,33,33,13,0.8205128205128205,0.49720595800317824,0.0,0.050242750032339245,0.5474523750017397
2026-07-20T22:55:53,KNN-Direct-Weighted,Parkinson2clc,0.3,33,33,7,0.7948717948717948,0.5084689169889316,0.0,0.051771875005215406,0.5602441250230186
2026-07-20T22:55:53,KNN-Direct-Manhattan,Parkinson2clc,0.3,33,33,3,0.6666666666666666,0.4822929590009153,0.0,0.04921591596212238,0.531512167013716
2026-07-20T22:55:54,KNN-IC,Parkinson2clc,0.3,34,34,14,0.8974358974358975,0.35675470798742026,0.01073141599772498,0.021813625004142523,0.389305166027043
2026-07-20T22:55:54,Mean-IC,Parkinson2clc,0.3,34,34,3,0.8205128205128205,0.20913016697159037,0.0006997500313445926,0.021100333018694073,0.23093329201219603
2026-07-20T22:55:55,KNN-Direct,Parkinson2clc,0.3,34,34,11,0.9230769230769231,0.4985989580163732,0.0,0.051002583000808954,0.5496043749735691
2026-07-20T22:55:55,KNN-Direct-Weighted,Parkinson2clc,0.3,34,34,15,0.9230769230769231,0.5094033329514787,0.0,0.051487417018506676,0.5608941250247881
2026-07-20T22:55:56,KNN-Direct-Manhattan,Parkinson2clc,0.3,34,34,3,0.8974358974358975,0.48506662499858066,0.0,0.048982500040438026,0.5340525420033373
2026-07-20T22:55:56,KNN-IC,Parkinson2clc,0.3,35,35,2,0.8717948717948718,0.35468779102666304,0.00885012501385063,0.021361958992201835,0.38490337500115857
2026-07-20T22:55:56,Mean-IC,Parkinson2clc,0.3,35,35,3,0.7948717948717948,0.20869420794770122,0.0007395420107059181,0.021368624991737306,0.23080558300716802
2026-07-20T22:55:57,KNN-Direct,Parkinson2clc,0.3,35,35,5,0.8205128205128205,0.4992934580077417,0.0,0.050625333038624376,0.5499219580087811
2026-07-20T22:55:57,KNN-Direct-Weighted,Parkinson2clc,0.3,35,35,6,0.7948717948717948,0.5086886250064708,0.0,0.051981457974761724,0.5606734580360353
2026-07-20T22:55:58,KNN-Direct-Manhattan,Parkinson2clc,0.3,35,35,7,0.8717948717948718,0.4842938339570537,0.0,0.04889629199169576,0.5331942500197329
2026-07-20T22:55:58,KNN-IC,Parkinson2clc,0.3,36,36,4,0.8461538461538461,0.35359995800536126,0.011019332974683493,0.021378249977715313,0.38600120798218995
2026-07-20T22:55:59,Mean-IC,Parkinson2clc,0.3,36,36,3,0.717948717948718,0.20958541700383648,0.0007263749721460044,0.021049666975159198,0.23136516596423462
2026-07-20T22:55:59,KNN-Direct,Parkinson2clc,0.3,36,36,4,0.8717948717948718,0.49901616701390594,0.0,0.05047650000778958,0.5494954170426354
2026-07-20T22:56:00,KNN-Direct-Weighted,Parkinson2clc,0.3,36,36,4,0.8461538461538461,0.5091700829798356,0.0,0.05178141704527661,0.5609551669913344
2026-07-20T22:56:00,KNN-Direct-Manhattan,Parkinson2clc,0.3,36,36,7,0.8717948717948718,0.48648416600190103,0.0,0.04924162500537932,0.5357294590212405
2026-07-20T22:56:01,KNN-IC,Parkinson2clc,0.3,37,37,2,0.8205128205128205,0.35325212497264147,0.009459000022616237,0.021319416002370417,0.38403424998978153
2026-07-20T22:56:01,Mean-IC,Parkinson2clc,0.3,37,37,8,0.717948717948718,0.2101917089894414,0.0007057079928927124,0.021032334014307708,0.2319334169733338
2026-07-20T22:56:01,KNN-Direct,Parkinson2clc,0.3,37,37,10,0.7435897435897436,0.49817770801018924,0.0,0.05041833402356133,0.5485991250025108
2026-07-20T22:56:02,KNN-Direct-Weighted,Parkinson2clc,0.3,37,37,14,0.7948717948717948,0.6161310000461526,0.0,0.06501358398236334,0.6811486670048907
2026-07-20T22:56:03,KNN-Direct-Manhattan,Parkinson2clc,0.3,37,37,6,0.7948717948717948,0.49611379200359806,0.0,0.050214082992170006,0.546332708967384
2026-07-20T22:56:03,KNN-IC,Parkinson2clc,0.3,38,38,6,0.8461538461538461,0.3559383330284618,0.01058954099426046,0.021529583958908916,0.38806116697378457
2026-07-20T22:56:03,Mean-IC,Parkinson2clc,0.3,38,38,6,0.8205128205128205,0.21081633400171995,0.000689833948854357,0.021248208009637892,0.23275825002929196
2026-07-20T22:56:04,KNN-Direct,Parkinson2clc,0.3,38,38,5,0.8717948717948718,0.49978625000221655,0.0,0.050737917015794665,0.5505277499905787
2026-07-20T22:56:04,KNN-Direct-Weighted,Parkinson2clc,0.3,38,38,7,0.9230769230769231,0.5098978750174865,0.0,0.05173304199706763,0.5616343330475502
2026-07-20T22:56:05,KNN-Direct-Manhattan,Parkinson2clc,0.3,38,38,3,0.8205128205128205,0.4847732500056736,0.0,0.048908457974903286,0.5336852910113521
2026-07-20T22:56:05,KNN-IC,Parkinson2clc,0.3,39,39,1,0.8461538461538461,0.3548067500232719,0.008295417006593198,0.021648958034347743,0.3847549160127528
2026-07-20T22:56:06,Mean-IC,Parkinson2clc,0.3,39,39,5,0.7948717948717948,0.20961804199032485,0.0006738749798387289,0.021224332973361015,0.23151995899388567
2026-07-20T22:56:06,KNN-Direct,Parkinson2clc,0.3,39,39,11,0.8205128205128205,0.4998550830059685,0.0,0.05112025002017617,0.5509789590141736
2026-07-20T22:56:07,KNN-Direct-Weighted,Parkinson2clc,0.3,39,39,11,0.7948717948717948,0.5093573330086656,0.0,0.051858666993211955,0.5612197499722242
2026-07-20T22:56:07,KNN-Direct-Manhattan,Parkinson2clc,0.3,39,39,11,0.8205128205128205,0.48421133297961205,0.0,0.049036291951779276,0.5332509580184706
2026-07-20T22:56:08,KNN-IC,Parkinson2clc,0.4,0,0,2,0.9487179487179487,0.3607393749989569,0.008934207959100604,0.021487999998498708,0.39116475003538653
2026-07-20T22:56:08,Mean-IC,Parkinson2clc,0.4,0,0,1,0.8461538461538461,0.21133012505015358,0.0007071250001899898,0.021398874989245087,0.23343970900168642
2026-07-20T22:56:08,KNN-Direct,Parkinson2clc,0.4,0,0,7,0.9230769230769231,0.4997596250032075,0.0,0.05083908297820017,0.5506019170279615
2026-07-20T22:56:09,KNN-Direct-Weighted,Parkinson2clc,0.4,0,0,9,0.9743589743589743,0.5107957079890184,0.0,0.05207012500613928,0.5628699170192704
2026-07-20T22:56:09,KNN-Direct-Manhattan,Parkinson2clc,0.4,0,0,13,0.9487179487179487,0.48602549999486655,0.0,0.049359916942194104,0.5353887089877389
2026-07-20T22:56:10,KNN-IC,Parkinson2clc,0.4,1,1,1,0.8974358974358975,0.3572031249641441,0.008932791999541223,0.021225792006589472,0.38736525003332645
2026-07-20T22:56:10,Mean-IC,Parkinson2clc,0.4,1,1,3,0.7948717948717948,0.20998679101467133,0.000707958999555558,0.02112287504132837,0.23182116699172184
2026-07-20T22:56:11,KNN-Direct,Parkinson2clc,0.4,1,1,9,0.9230769230769231,0.4971446659765206,0.0,0.05046645802212879,0.5476139159873128
2026-07-20T22:56:11,KNN-Direct-Weighted,Parkinson2clc,0.4,1,1,5,0.9230769230769231,0.5076494590030052,0.0,0.05150833399966359,0.5591617079917341
2026-07-20T22:56:12,KNN-Direct-Manhattan,Parkinson2clc,0.4,1,1,12,0.9230769230769231,0.4816139999893494,0.0,0.04880799999227747,0.5304252079804428
2026-07-20T22:56:12,KNN-IC,Parkinson2clc,0.4,2,2,3,0.8461538461538461,0.36113579204538837,0.009444541996344924,0.021407709049526602,0.3919913750141859
2026-07-20T22:56:12,Mean-IC,Parkinson2clc,0.4,2,2,3,0.8717948717948718,0.20985416701296344,0.0007059589843265712,0.021065249980892986,0.23162879096344113
2026-07-20T22:56:13,KNN-Direct,Parkinson2clc,0.4,2,2,9,0.8974358974358975,0.5014598339912482,0.0,0.05084379197796807,0.5523070839699358
2026-07-20T22:56:13,KNN-Direct-Weighted,Parkinson2clc,0.4,2,2,8,0.9230769230769231,0.5081017920165323,0.0,0.052106750023085624,0.5602119999821298
2026-07-20T22:56:14,KNN-Direct-Manhattan,Parkinson2clc,0.4,2,2,7,0.8205128205128205,0.48556395899504423,0.0,0.049019290949217975,0.5345871250028722
2026-07-20T22:56:14,KNN-IC,Parkinson2clc,0.4,3,3,2,0.8461538461538461,0.36102958396077156,0.009299708006437868,0.021512457984499633,0.3918452499783598
2026-07-20T22:56:15,Mean-IC,Parkinson2clc,0.4,3,3,3,0.8205128205128205,0.21027920802589506,0.0006976669537834823,0.020824709034059197,0.2318050839821808
2026-07-20T22:56:15,KNN-Direct,Parkinson2clc,0.4,3,3,1,0.8461538461538461,0.49834824999561533,0.0,0.05051575001562014,0.5488672499777749
2026-07-20T22:56:16,KNN-Direct-Weighted,Parkinson2clc,0.4,3,3,1,0.8974358974358975,0.508397540950682,0.0,0.05175658396910876,0.5601574169704691
2026-07-20T22:56:16,KNN-Direct-Manhattan,Parkinson2clc,0.4,3,3,1,0.8205128205128205,0.4840342920506373,0.0,0.04897866694955155,0.5330167910433374
2026-07-20T22:56:17,KNN-IC,Parkinson2clc,0.4,4,4,5,0.7948717948717948,0.36133995902491733,0.01093479199334979,0.02171000000089407,0.393988374969922
2026-07-20T22:56:17,Mean-IC,Parkinson2clc,0.4,4,4,3,0.7948717948717948,0.27582750003784895,0.0007819999591447413,0.031701791973318905,0.30831541697261855
2026-07-20T22:56:18,KNN-Direct,Parkinson2clc,0.4,4,4,1,0.7692307692307693,0.5085664999787696,0.0,0.05090870801359415,0.5594786249566823
2026-07-20T22:56:18,KNN-Direct-Weighted,Parkinson2clc,0.4,4,4,1,0.7948717948717948,0.5863884999998845,0.0,0.05187337496317923,0.6382654160261154
2026-07-20T22:56:19,KNN-Direct-Manhattan,Parkinson2clc,0.4,4,4,1,0.7948717948717948,0.4835571250296198,0.0,0.04901645798236132,0.5325778750120662
2026-07-20T22:56:19,KNN-IC,Parkinson2clc,0.4,5,5,10,0.8717948717948718,0.35807237500557676,0.011677834030706435,0.02131970797199756,0.3910733750090003
2026-07-20T22:56:19,Mean-IC,Parkinson2clc,0.4,5,5,1,0.8205128205128205,0.20987854100530967,0.0007183750276453793,0.020896083035040647,0.23149675002787262
2026-07-20T22:56:20,KNN-Direct,Parkinson2clc,0.4,5,5,1,0.8974358974358975,0.49821587500628084,0.0,0.05072187498444691,0.5489407499553636
2026-07-20T22:56:20,KNN-Direct-Weighted,Parkinson2clc,0.4,5,5,12,0.8461538461538461,0.5080532910069451,0.0,0.051642541016917676,0.5596996250096709
2026-07-20T22:56:21,KNN-Direct-Manhattan,Parkinson2clc,0.4,5,5,4,0.9230769230769231,0.485695208015386,0.0,0.048785499995574355,0.5344843330094591
2026-07-20T22:56:21,KNN-IC,Parkinson2clc,0.4,6,6,2,0.7692307692307693,0.3658687919960357,0.009493499994277954,0.02216329099610448,0.3975289160152897
2026-07-20T22:56:22,Mean-IC,Parkinson2clc,0.4,6,6,1,0.7435897435897436,0.21751108398893848,0.0007099589565768838,0.02162929199403152,0.2398539159912616
2026-07-20T22:56:22,KNN-Direct,Parkinson2clc,0.4,6,6,6,0.7948717948717948,0.5019856250146404,0.0,0.050076916988473386,0.5520658750319853
2026-07-20T22:56:23,KNN-Direct-Weighted,Parkinson2clc,0.4,6,6,14,0.8205128205128205,0.5094161669840105,0.0,0.051547583017963916,0.5609673750004731
2026-07-20T22:56:23,KNN-Direct-Manhattan,Parkinson2clc,0.4,6,6,3,0.7692307692307693,0.48621116601862013,0.0,0.04916270897956565,0.5353773750248365
2026-07-20T22:56:24,KNN-IC,Parkinson2clc,0.4,7,7,13,0.8205128205128205,0.359134666970931,0.01172716700239107,0.021493250038474798,0.39235887496033683
2026-07-20T22:56:24,Mean-IC,Parkinson2clc,0.4,7,7,4,0.8717948717948718,0.2110204590135254,0.0007052079890854657,0.020960082998499274,0.23268933402141556
2026-07-20T22:56:24,KNN-Direct,Parkinson2clc,0.4,7,7,9,0.8974358974358975,0.5001976250205189,0.0,0.05041608295869082,0.550617125001736
2026-07-20T22:56:25,KNN-Direct-Weighted,Parkinson2clc,0.4,7,7,1,0.7435897435897436,0.5086249999585561,0.0,0.051792665966786444,0.5604213749757037
2026-07-20T22:56:26,KNN-Direct-Manhattan,Parkinson2clc,0.4,7,7,6,0.8205128205128205,0.4859391250065528,0.0,0.049701582989655435,0.5356439169845544
2026-07-20T22:56:26,KNN-IC,Parkinson2clc,0.4,8,8,1,0.8974358974358975,0.36138049996225163,0.008829250000417233,0.021501542010810226,0.3917147920001298
2026-07-20T22:56:26,Mean-IC,Parkinson2clc,0.4,8,8,1,0.8461538461538461,0.21112920896848664,0.000700749980751425,0.021006583992857486,0.23283970903139561
2026-07-20T22:56:27,KNN-Direct,Parkinson2clc,0.4,8,8,3,0.8205128205128205,0.5005956669920124,0.0,0.0507689579972066,0.5513679579598829
2026-07-20T22:56:27,KNN-Direct-Weighted,Parkinson2clc,0.4,8,8,3,0.8205128205128205,0.51099262497155,0.0,0.051814917009323835,0.5628106669755653
2026-07-20T22:56:28,KNN-Direct-Manhattan,Parkinson2clc,0.4,8,8,3,0.8205128205128205,0.48649916698923334,0.0,0.04952208301983774,0.5360251249512658
2026-07-20T22:56:28,KNN-IC,Parkinson2clc,0.4,9,9,3,0.8461538461538461,0.3594655839842744,0.009531208022963256,0.021339625003747642,0.39034045801963657
2026-07-20T22:56:28,Mean-IC,Parkinson2clc,0.4,9,9,4,0.8205128205128205,0.21050750004360452,0.000708041014149785,0.021083250001538545,0.23230208305176347
2026-07-20T22:56:29,KNN-Direct,Parkinson2clc,0.4,9,9,4,0.8461538461538461,0.4983309169765562,0.0,0.05026058299699798,0.5485947080305777
2026-07-20T22:56:30,KNN-Direct-Weighted,Parkinson2clc,0.4,9,9,5,0.8717948717948718,0.5088478330289945,0.0,0.05182395898737013,0.5606752909952775
2026-07-20T22:56:30,KNN-Direct-Manhattan,Parkinson2clc,0.4,9,9,6,0.8974358974358975,0.48327895801048726,0.0,0.04890483297640458,0.532187459000852
2026-07-20T22:56:31,KNN-IC,Parkinson2clc,0.4,10,10,4,0.8461538461538461,0.36089775001164526,0.010889916040468961,0.021706958999857306,0.39349795802263543
2026-07-20T22:56:31,Mean-IC,Parkinson2clc,0.4,10,10,9,0.7948717948717948,0.20994679199066013,0.0007967919809743762,0.02117637498304248,0.2319240409997292
2026-07-20T22:56:31,KNN-Direct,Parkinson2clc,0.4,10,10,8,0.7948717948717948,0.4982214169576764,0.0,0.05054349999409169,0.548767666972708
2026-07-20T22:56:32,KNN-Direct-Weighted,Parkinson2clc,0.4,10,10,8,0.8461538461538461,0.5454287919565104,0.0,0.06501520803431049,0.6104477500193752
2026-07-20T22:56:32,KNN-Direct-Manhattan,Parkinson2clc,0.4,10,10,14,0.8717948717948718,0.5112887499853969,0.0,0.04947270901175216,0.5607660420355387
2026-07-20T22:56:33,KNN-IC,Parkinson2clc,0.4,11,11,2,0.9487179487179487,0.3715855830232613,0.008919708023313433,0.021600334031973034,0.40210900001693517
2026-07-20T22:56:33,Mean-IC,Parkinson2clc,0.4,11,11,6,0.8205128205128205,0.20982154103694484,0.0007039159536361694,0.021097415999975055,0.2316262919921428
2026-07-20T22:56:34,KNN-Direct,Parkinson2clc,0.4,11,11,10,0.9487179487179487,0.49706108297687024,0.0,0.05044825002551079,0.5475122919888236
2026-07-20T22:56:34,KNN-Direct-Weighted,Parkinson2clc,0.4,11,11,3,0.9487179487179487,0.5087520829983987,0.0,0.05161612498341128,0.5603716669720598
2026-07-20T22:56:35,KNN-Direct-Manhattan,Parkinson2clc,0.4,11,11,6,0.9230769230769231,0.4834122090251185,0.0,0.049116167007014155,0.5325318329851143
2026-07-20T22:56:35,KNN-IC,Parkinson2clc,0.4,12,12,13,0.8461538461538461,0.3618187090032734,0.012285458971746266,0.021569249976892024,0.39567733398871496
2026-07-20T22:56:35,Mean-IC,Parkinson2clc,0.4,12,12,6,0.8461538461538461,0.21032079099677503,0.0007229579496197402,0.02112170896725729,0.23216900002444163
2026-07-20T22:56:36,KNN-Direct,Parkinson2clc,0.4,12,12,13,0.8717948717948718,0.4998902920051478,0.0,0.050408375042025,0.5503021249896847
2026-07-20T22:56:36,KNN-Direct-Weighted,Parkinson2clc,0.4,12,12,12,0.9230769230769231,0.5099291660008021,0.0,0.05131666600937024,0.5612493340158835
2026-07-20T22:56:37,KNN-Direct-Manhattan,Parkinson2clc,0.4,12,12,9,0.8461538461538461,0.4844893330009654,0.0,0.049149916972965,0.5336439160164446
2026-07-20T22:56:37,KNN-IC,Parkinson2clc,0.4,13,13,8,0.8461538461538461,0.3579697080422193,0.010975749988574535,0.02161041699582711,0.3905595410033129
2026-07-20T22:56:38,Mean-IC,Parkinson2clc,0.4,13,13,7,0.8717948717948718,0.20985429105348885,0.0007590000168420374,0.021358666010200977,0.2319755419739522
2026-07-20T22:56:38,KNN-Direct,Parkinson2clc,0.4,13,13,10,0.8461538461538461,0.49749362497823313,0.0,0.05070879199774936,0.5482057909830473
2026-07-20T22:56:39,KNN-Direct-Weighted,Parkinson2clc,0.4,13,13,7,0.8461538461538461,0.5082872079801746,0.0,0.05147295905044302,0.5597633339930326
2026-07-20T22:56:39,KNN-Direct-Manhattan,Parkinson2clc,0.4,13,13,13,0.8205128205128205,0.48310283303726465,0.0,0.0490576250012964,0.5321642909548245
2026-07-20T22:56:40,KNN-IC,Parkinson2clc,0.4,14,14,2,0.9230769230769231,0.3587571249809116,0.00936316599836573,0.021429583022836596,0.38955329201417044
2026-07-20T22:56:40,Mean-IC,Parkinson2clc,0.4,14,14,1,0.6666666666666666,0.2100762499612756,0.0007165420101955533,0.02118954196339473,0.23198587499791756
2026-07-20T22:56:40,KNN-Direct,Parkinson2clc,0.4,14,14,5,0.8974358974358975,0.4989887500414625,0.0,0.05045237496960908,0.5494445420335978
2026-07-20T22:56:41,KNN-Direct-Weighted,Parkinson2clc,0.4,14,14,15,0.8974358974358975,0.5093070839648135,0.0,0.05191170802572742,0.561222042015288
2026-07-20T22:56:42,KNN-Direct-Manhattan,Parkinson2clc,0.4,14,14,14,0.9230769230769231,0.48434145899955183,0.0,0.04934274998959154,0.5336874999920838
2026-07-20T22:56:42,KNN-IC,Parkinson2clc,0.4,15,15,2,0.9230769230769231,0.3617739169858396,0.008850332989823073,0.021432665991596878,0.3920604159939103
2026-07-20T22:56:42,Mean-IC,Parkinson2clc,0.4,15,15,3,0.8974358974358975,0.20982233399990946,0.0006990000256337225,0.021338416961953044,0.2318636670242995
2026-07-20T22:56:43,KNN-Direct,Parkinson2clc,0.4,15,15,1,0.8461538461538461,0.4989586250158027,0.0,0.05097108305199072,0.5499328750302084
2026-07-20T22:56:43,KNN-Direct-Weighted,Parkinson2clc,0.4,15,15,1,0.8717948717948718,0.5120779169956222,0.0,0.05176158400718123,0.5638451669947244
2026-07-20T22:56:44,KNN-Direct-Manhattan,Parkinson2clc,0.4,15,15,8,0.8717948717948718,0.487184084020555,0.0,0.04913249996025115,0.5363203750457615
2026-07-20T22:56:44,KNN-IC,Parkinson2clc,0.4,16,16,4,0.8717948717948718,0.3623824589885771,0.011020292004104704,0.021539082983508706,0.39494562504114583
2026-07-20T22:56:44,Mean-IC,Parkinson2clc,0.4,16,16,3,0.6666666666666666,0.20972604100825265,0.000703292025718838,0.021355208999011666,0.23178799997549504
2026-07-20T22:56:45,KNN-Direct,Parkinson2clc,0.4,16,16,7,0.7435897435897436,0.4978618749883026,0.0,0.050721790990792215,0.548586874967441
2026-07-20T22:56:46,KNN-Direct-Weighted,Parkinson2clc,0.4,16,16,7,0.7948717948717948,0.5097818750073202,0.0,0.05172595800831914,0.5615109999780543
2026-07-20T22:56:46,KNN-Direct-Manhattan,Parkinson2clc,0.4,16,16,9,0.7692307692307693,0.4839899999788031,0.0,0.04908870899816975,0.5330826659919694
2026-07-20T22:56:47,KNN-IC,Parkinson2clc,0.4,17,17,4,0.8717948717948718,0.35775000002468005,0.011472291953396052,0.02138404198922217,0.3906099580344744
2026-07-20T22:56:47,Mean-IC,Parkinson2clc,0.4,17,17,6,0.7948717948717948,0.20991425000829622,0.0006949579692445695,0.021044790977612138,0.2316574170254171
2026-07-20T22:56:47,KNN-Direct,Parkinson2clc,0.4,17,17,6,0.9230769230769231,0.5550992080243304,0.0,0.05078325001522899,0.605885916040279
2026-07-20T22:56:48,KNN-Direct-Weighted,Parkinson2clc,0.4,17,17,6,0.9230769230769231,0.527531125000678,0.0,0.051890915958210826,0.5794312079669908
2026-07-20T22:56:48,KNN-Direct-Manhattan,Parkinson2clc,0.4,17,17,6,0.9230769230769231,0.4839154169894755,0.0,0.04916708299424499,0.5330862500122748
2026-07-20T22:56:49,KNN-IC,Parkinson2clc,0.4,18,18,2,0.7692307692307693,0.3640457500005141,0.008942625019699335,0.02136524999514222,0.39435733400750905
2026-07-20T22:56:49,Mean-IC,Parkinson2clc,0.4,18,18,5,0.8974358974358975,0.2101342499954626,0.0007725839968770742,0.021308208000846207,0.23221879202174023
2026-07-20T22:56:50,KNN-Direct,Parkinson2clc,0.4,18,18,13,0.8974358974358975,0.49969308404251933,0.0,0.05052308301674202,0.5502190830302425
2026-07-20T22:56:50,KNN-Direct-Weighted,Parkinson2clc,0.4,18,18,3,0.8461538461538461,0.5086126670357771,0.0,0.05213316698791459,0.5607497500022873
2026-07-20T22:56:51,KNN-Direct-Manhattan,Parkinson2clc,0.4,18,18,10,0.8717948717948718,0.4858471250045113,0.0,0.0487333339988254,0.5345844170078635
2026-07-20T22:56:51,KNN-IC,Parkinson2clc,0.4,19,19,1,0.8974358974358975,0.3604956250055693,0.009004042018204927,0.02135970798553899,0.3908627500059083
2026-07-20T22:56:51,Mean-IC,Parkinson2clc,0.4,19,19,7,0.8717948717948718,0.20991049997974187,0.000728958984836936,0.021121750003658235,0.2317645419971086
2026-07-20T22:56:52,KNN-Direct,Parkinson2clc,0.4,19,19,10,0.9230769230769231,0.5005780829815194,0.0,0.050488708016928285,0.5510697919526137
2026-07-20T22:56:53,KNN-Direct-Weighted,Parkinson2clc,0.4,19,19,7,0.8717948717948718,0.506797333015129,0.0,0.051447125035338104,0.5582480410230346
2026-07-20T22:56:53,KNN-Direct-Manhattan,Parkinson2clc,0.4,19,19,12,0.8717948717948718,0.4834287500125356,0.0,0.04922962497221306,0.5326619999832474
2026-07-20T22:56:53,KNN-IC,Parkinson2clc,0.4,20,20,9,0.8461538461538461,0.36133133398834616,0.011908166983630508,0.02140879101352766,0.3946517499862239
2026-07-20T22:56:54,Mean-IC,Parkinson2clc,0.4,20,20,13,0.8205128205128205,0.21025224996265024,0.0010467920219525695,0.02111774997320026,0.23242033302085474
2026-07-20T22:56:54,KNN-Direct,Parkinson2clc,0.4,20,20,8,0.8717948717948718,0.49830470798769966,0.0,0.05072833300800994,0.5490364580182359
2026-07-20T22:56:55,KNN-Direct-Weighted,Parkinson2clc,0.4,20,20,5,0.9230769230769231,0.5110739999799989,0.0,0.05188758403528482,0.5629648750182241
2026-07-20T22:56:55,KNN-Direct-Manhattan,Parkinson2clc,0.4,20,20,9,0.8717948717948718,0.48386608297005296,0.0,0.049006291024852544,0.5328759580152109
2026-07-20T22:56:56,KNN-IC,Parkinson2clc,0.4,21,21,1,0.8717948717948718,0.35896066698478535,0.008923083019908518,0.021246374992188066,0.3891339169931598
2026-07-20T22:56:56,Mean-IC,Parkinson2clc,0.4,21,21,1,0.7948717948717948,0.20994604198494926,0.0007024170481599867,0.021120249992236495,0.2317721659783274
2026-07-20T22:56:57,KNN-Direct,Parkinson2clc,0.4,21,21,11,0.8461538461538461,0.49670349998632446,0.0,0.050813040987122804,0.5475199169595726
2026-07-20T22:56:57,KNN-Direct-Weighted,Parkinson2clc,0.4,21,21,10,0.8461538461538461,0.5090211249771528,0.0,0.05147683300310746,0.5605015410110354
2026-07-20T22:56:58,KNN-Direct-Manhattan,Parkinson2clc,0.4,21,21,11,0.8205128205128205,0.48126799997407943,0.0,0.04893975000595674,0.5302112090284936
2026-07-20T22:56:58,KNN-IC,Parkinson2clc,0.4,22,22,2,0.8461538461538461,0.36107158300001174,0.008779667026828974,0.02189716702559963,0.39175208401866257
2026-07-20T22:56:58,Mean-IC,Parkinson2clc,0.4,22,22,3,0.7435897435897436,0.20933791698189452,0.0007037919713184237,0.02090416697319597,0.23094937502173707
2026-07-20T22:56:59,KNN-Direct,Parkinson2clc,0.4,22,22,4,0.8717948717948718,0.5018306249985471,0.0,0.05040249996818602,0.5522363749914803
2026-07-20T22:56:59,KNN-Direct-Weighted,Parkinson2clc,0.4,22,22,3,0.8974358974358975,0.5083605829859152,0.0,0.05214595899451524,0.5605102499830537
2026-07-20T22:57:00,KNN-Direct-Manhattan,Parkinson2clc,0.4,22,22,6,0.8717948717948718,0.4848953749751672,0.0,0.04893437499413267,0.5338338339934126
2026-07-20T22:57:00,KNN-IC,Parkinson2clc,0.4,23,23,3,0.8717948717948718,0.36028887500287965,0.009659125003963709,0.021230250014923513,0.39118220802629367
2026-07-20T22:57:01,Mean-IC,Parkinson2clc,0.4,23,23,11,0.8205128205128205,0.210357167001348,0.000747040961869061,0.021026625006925315,0.23213404102716595
2026-07-20T22:57:01,KNN-Direct,Parkinson2clc,0.4,23,23,7,0.8717948717948718,0.4984800409874879,0.0,0.0507643329910934,0.5492474170168862
2026-07-20T22:57:02,KNN-Direct-Weighted,Parkinson2clc,0.4,23,23,7,0.8717948717948718,0.5091658750316128,0.0,0.05159783305134624,0.5607669999590144
2026-07-20T22:57:02,KNN-Direct-Manhattan,Parkinson2clc,0.4,23,23,3,0.8974358974358975,0.5649937500129454,0.0,0.04944033396895975,0.61443745798897
2026-07-20T22:57:03,KNN-IC,Parkinson2clc,0.4,24,24,15,0.8205128205128205,0.3623031660099514,0.01214887504465878,0.021428082953207195,0.3958834999939427
2026-07-20T22:57:03,Mean-IC,Parkinson2clc,0.4,24,24,5,0.8205128205128205,0.21069041697774082,0.0007223749998956919,0.0211520409793593,0.2325678329798393
2026-07-20T22:57:03,KNN-Direct,Parkinson2clc,0.4,24,24,3,0.8717948717948718,0.4995909580029547,0.0,0.05054216703865677,0.5501366250100546
2026-07-20T22:57:04,KNN-Direct-Weighted,Parkinson2clc,0.4,24,24,1,0.9230769230769231,0.5089296670048498,0.0,0.0518787499750033,0.5608119999524206
2026-07-20T22:57:05,KNN-Direct-Manhattan,Parkinson2clc,0.4,24,24,9,0.8974358974358975,0.48347941698739305,0.0,0.04918483301298693,0.5326675419928506
2026-07-20T22:57:05,KNN-IC,Parkinson2clc,0.4,25,25,8,0.8974358974358975,0.3593067500041798,0.011044667044188827,0.02146937500219792,0.39182512497063726
2026-07-20T22:57:05,Mean-IC,Parkinson2clc,0.4,25,25,1,0.8205128205128205,0.2099431250244379,0.0007100829971022904,0.021253291983157396,0.23191024997504428
2026-07-20T22:57:06,KNN-Direct,Parkinson2clc,0.4,25,25,3,0.9230769230769231,0.4972944170003757,0.0,0.05051779199857265,0.5478152909781784
2026-07-20T22:57:06,KNN-Direct-Weighted,Parkinson2clc,0.4,25,25,6,0.8974358974358975,0.5073410420445725,0.0,0.05357883300166577,0.5609237080207095
2026-07-20T22:57:07,KNN-Direct-Manhattan,Parkinson2clc,0.4,25,25,7,0.8974358974358975,0.4841965420055203,0.0,0.0494622919941321,0.5336627079523169
2026-07-20T22:57:07,KNN-IC,Parkinson2clc,0.4,26,26,1,0.8717948717948718,0.3621223749942146,0.009076083020772785,0.02144495799439028,0.3926472499733791
2026-07-20T22:57:07,Mean-IC,Parkinson2clc,0.4,26,26,3,0.7948717948717948,0.20986254198942333,0.0007040000054985285,0.020966332987882197,0.23153570899739861
2026-07-20T22:57:08,KNN-Direct,Parkinson2clc,0.4,26,26,6,0.8717948717948718,0.5911087919957936,0.0,0.09305191703606397,0.6841652089497074
2026-07-20T22:57:09,KNN-Direct-Weighted,Parkinson2clc,0.4,26,26,3,0.8974358974358975,0.7910380829707719,0.0,0.0518499169847928,0.8428931250236928
2026-07-20T22:57:09,KNN-Direct-Manhattan,Parkinson2clc,0.4,26,26,8,0.8461538461538461,0.4840664580115117,0.0,0.04904329095734283,0.5331135420128703
2026-07-20T22:57:10,KNN-IC,Parkinson2clc,0.4,27,27,1,0.8205128205128205,0.3591405840124935,0.00846858398290351,0.021714541013352573,0.38932704098988324
2026-07-20T22:57:10,Mean-IC,Parkinson2clc,0.4,27,27,1,0.8205128205128205,0.21044408401940018,0.0007632499909959733,0.021363750041928142,0.23257454100530595
2026-07-20T22:57:11,KNN-Direct,Parkinson2clc,0.4,27,27,7,0.8461538461538461,0.49995270802173764,0.0,0.05043787497561425,0.5503938749898225
2026-07-20T22:57:11,KNN-Direct-Weighted,Parkinson2clc,0.4,27,27,3,0.7692307692307693,0.509325832943432,0.0,0.0522617909591645,0.5615918340045027
2026-07-20T22:57:12,KNN-Direct-Manhattan,Parkinson2clc,0.4,27,27,7,0.8205128205128205,0.4835634999908507,0.0,0.048975959012750536,0.5325429170043208
2026-07-20T22:57:12,KNN-IC,Parkinson2clc,0.4,28,28,2,0.8974358974358975,0.35968383302679285,0.009328750020358711,0.021344082953874022,0.3903607499669306
2026-07-20T22:57:12,Mean-IC,Parkinson2clc,0.4,28,28,8,0.8205128205128205,0.2103279170114547,0.0007224580040201545,0.02116383396787569,0.2322178750182502
2026-07-20T22:57:13,KNN-Direct,Parkinson2clc,0.4,28,28,4,0.8461538461538461,0.49990704195806757,0.0,0.05063029198208824,0.5505410839687102
2026-07-20T22:57:13,KNN-Direct-Weighted,Parkinson2clc,0.4,28,28,3,0.7948717948717948,0.510223750025034,0.0,0.05278866598382592,0.5630167089984752
2026-07-20T22:57:14,KNN-Direct-Manhattan,Parkinson2clc,0.4,28,28,7,0.7948717948717948,0.4855532920337282,0.0,0.04916620801668614,0.5347234579967335
2026-07-20T22:57:14,KNN-IC,Parkinson2clc,0.4,29,29,2,0.7692307692307693,0.35973174998071045,0.009282457991503179,0.021181583986617625,0.3901990830199793
2026-07-20T22:57:15,Mean-IC,Parkinson2clc,0.4,29,29,9,0.7948717948717948,0.20998833398334682,0.0007207499584183097,0.021156833041459322,0.23186949995579198
2026-07-20T22:57:15,KNN-Direct,Parkinson2clc,0.4,29,29,1,0.8974358974358975,0.49768183403648436,0.0,0.05046420800499618,0.5481490420061164
2026-07-20T22:57:16,KNN-Direct-Weighted,Parkinson2clc,0.4,29,29,7,0.8461538461538461,0.5070584579952992,0.0,0.05187666602432728,0.5589389170054346
2026-07-20T22:57:16,KNN-Direct-Manhattan,Parkinson2clc,0.4,29,29,5,0.8461538461538461,0.48225825000554323,0.0,0.04910520801786333,0.5313671249896288
2026-07-20T22:57:17,KNN-IC,Parkinson2clc,0.4,30,30,11,0.8717948717948718,0.3607959169894457,0.01204329205211252,0.021485833975020796,0.3943285830318928
2026-07-20T22:57:17,Mean-IC,Parkinson2clc,0.4,30,30,9,0.8461538461538461,0.28197220800211653,0.000774166954215616,0.02709720900747925,0.30984820798039436
2026-07-20T22:57:18,KNN-Direct,Parkinson2clc,0.4,30,30,4,0.8461538461538461,0.5203611250035465,0.0,0.051033625029958785,0.5713982919696718
2026-07-20T22:57:18,KNN-Direct-Weighted,Parkinson2clc,0.4,30,30,1,0.8205128205128205,0.5126964999944903,0.0,0.05191537499194965,0.5646156670409255
2026-07-20T22:57:19,KNN-Direct-Manhattan,Parkinson2clc,0.4,30,30,3,0.8461538461538461,0.4848614999791607,0.0,0.0491800419986248,0.5340452920063399
2026-07-20T22:57:19,KNN-IC,Parkinson2clc,0.4,31,31,3,0.8717948717948718,0.36049283400643617,0.009588832966983318,0.02215445798356086,0.3922401670133695
2026-07-20T22:57:19,Mean-IC,Parkinson2clc,0.4,31,31,3,0.7948717948717948,0.20948162500280887,0.0007170829921960831,0.021095999982208014,0.23129874997539446
2026-07-20T22:57:20,KNN-Direct,Parkinson2clc,0.4,31,31,8,0.8717948717948718,0.5025151249719784,0.0,0.051412500033620745,0.5539305830025114
2026-07-20T22:57:20,KNN-Direct-Weighted,Parkinson2clc,0.4,31,31,1,0.8461538461538461,0.5094298340263776,0.0,0.05155625002225861,0.560989250021521
2026-07-20T22:57:21,KNN-Direct-Manhattan,Parkinson2clc,0.4,31,31,5,0.8717948717948718,0.4843426249572076,0.0,0.049004833039361984,0.533351166988723
2026-07-20T22:57:21,KNN-IC,Parkinson2clc,0.4,32,32,2,0.8974358974358975,0.36021262500435114,0.009288457978982478,0.021589916956145316,0.39109504100633785
2026-07-20T22:57:22,Mean-IC,Parkinson2clc,0.4,32,32,1,0.8205128205128205,0.20990183303365484,0.0007286250474862754,0.0210346250096336,0.23166808299720287
2026-07-20T22:57:22,KNN-Direct,Parkinson2clc,0.4,32,32,1,0.8461538461538461,0.49771179200615734,0.0,0.05015337496297434,0.5478685830021277
2026-07-20T22:57:23,KNN-Direct-Weighted,Parkinson2clc,0.4,32,32,1,0.8461538461538461,0.5084376669838093,0.0,0.05170354200527072,0.5601450419635512
2026-07-20T22:57:23,KNN-Direct-Manhattan,Parkinson2clc,0.4,32,32,6,0.9487179487179487,0.4831927079940215,0.0,0.04908600001363084,0.5322821249719709
2026-07-20T22:57:24,KNN-IC,Parkinson2clc,0.4,33,33,2,0.7692307692307693,0.36010945902671665,0.00889100000495091,0.021198917005676776,0.3902024999842979
2026-07-20T22:57:24,Mean-IC,Parkinson2clc,0.4,33,33,7,0.717948717948718,0.21040049998555332,0.0007135409978218377,0.021186916972510517,0.2323047500103712
2026-07-20T22:57:24,KNN-Direct,Parkinson2clc,0.4,33,33,10,0.7692307692307693,0.4976870829705149,0.0,0.050647250027395785,0.5483373340102844
2026-07-20T22:57:25,KNN-Direct-Weighted,Parkinson2clc,0.4,33,33,11,0.6923076923076923,0.506520583992824,0.0,0.05177116597769782,0.5582956669968553
2026-07-20T22:57:26,KNN-Direct-Manhattan,Parkinson2clc,0.4,33,33,7,0.7435897435897436,0.48236708401236683,0.0,0.04905229201540351,0.5314230839721859
2026-07-20T22:57:26,KNN-IC,Parkinson2clc,0.4,34,34,12,0.7948717948717948,0.3609027079655789,0.011373833985999227,0.021523000032175332,0.3938029170385562
2026-07-20T22:57:26,Mean-IC,Parkinson2clc,0.4,34,34,1,0.8461538461538461,0.21000112500041723,0.0007086669793352485,0.021284249960444868,0.23199733399087563
2026-07-20T22:57:27,KNN-Direct,Parkinson2clc,0.4,34,34,7,0.8461538461538461,0.49864766700193286,0.0,0.05027683300431818,0.5489273340208456
2026-07-20T22:57:27,KNN-Direct-Weighted,Parkinson2clc,0.4,34,34,3,0.8974358974358975,0.5090464999666438,0.0,0.05191158299567178,0.5609616250148974
2026-07-20T22:57:28,KNN-Direct-Manhattan,Parkinson2clc,0.4,34,34,15,0.8717948717948718,0.4834545840276405,0.0,0.04908933397382498,0.5325474579585716
2026-07-20T22:57:28,KNN-IC,Parkinson2clc,0.4,35,35,1,0.7948717948717948,0.3601007919642143,0.009014333016239107,0.02129970904206857,0.39041862497106194
2026-07-20T22:57:28,Mean-IC,Parkinson2clc,0.4,35,35,4,0.8461538461538461,0.20962699997471645,0.0007060840143822134,0.020853333990089595,0.23118966695619747
2026-07-20T22:57:29,KNN-Direct,Parkinson2clc,0.4,35,35,8,0.8717948717948718,0.4989632500219159,0.0,0.05075275001581758,0.5497192080365494
2026-07-20T22:57:30,KNN-Direct-Weighted,Parkinson2clc,0.4,35,35,4,0.8717948717948718,0.5077989589772187,0.0,0.05179179197875783,0.5595945420209318
2026-07-20T22:57:30,KNN-Direct-Manhattan,Parkinson2clc,0.4,35,35,4,0.717948717948718,0.48415591596858576,0.0,0.049304415995720774,0.5334639999782667
2026-07-20T22:57:30,KNN-IC,Parkinson2clc,0.4,36,36,2,0.8717948717948718,0.35961520799901336,0.008812292013317347,0.0216612090007402,0.390092084009666
2026-07-20T22:57:31,Mean-IC,Parkinson2clc,0.4,36,36,3,0.7692307692307693,0.20964641601312906,0.0007074999739415944,0.02098416700027883,0.2313417919795029
2026-07-20T22:57:31,KNN-Direct,Parkinson2clc,0.4,36,36,3,0.8974358974358975,0.49900324997724965,0.0,0.050549875013530254,0.5495563329895958
2026-07-20T22:57:32,KNN-Direct-Weighted,Parkinson2clc,0.4,36,36,3,0.8974358974358975,0.5080588330165483,0.0,0.05169608298456296,0.5597589999670163
2026-07-20T22:57:33,KNN-Direct-Manhattan,Parkinson2clc,0.4,36,36,7,0.8205128205128205,0.7729918329860084,0.0,0.049441958020906895,0.8224382079788484
2026-07-20T22:57:33,KNN-IC,Parkinson2clc,0.4,37,37,4,0.7692307692307693,0.35982187499757856,0.011158291017636657,0.021374916017521173,0.3923585409647785
2026-07-20T22:57:33,Mean-IC,Parkinson2clc,0.4,37,37,1,0.7948717948717948,0.20993233297485858,0.0007100829971022904,0.02098245802335441,0.23162825003964826
2026-07-20T22:57:34,KNN-Direct,Parkinson2clc,0.4,37,37,9,0.7948717948717948,0.49707929202122614,0.0,0.05023566703312099,0.5473177080275491
2026-07-20T22:57:34,KNN-Direct-Weighted,Parkinson2clc,0.4,37,37,11,0.8205128205128205,0.5084068340365775,0.0,0.05160995799815282,0.5600204169750214
2026-07-20T22:57:35,KNN-Direct-Manhattan,Parkinson2clc,0.4,37,37,12,0.7435897435897436,0.48266191699076444,0.0,0.04951500002061948,0.5321802499820478
2026-07-20T22:57:35,KNN-IC,Parkinson2clc,0.4,38,38,3,0.8461538461538461,0.35998091602232307,0.009185832983348519,0.021612500015180558,0.3907832080149092
2026-07-20T22:57:36,Mean-IC,Parkinson2clc,0.4,38,38,5,0.717948717948718,0.2094820830388926,0.0007611670298501849,0.02127283299341798,0.23151933401823044
2026-07-20T22:57:36,KNN-Direct,Parkinson2clc,0.4,38,38,1,0.717948717948718,0.499187916982919,0.0,0.05050891701830551,0.5497000420000404
2026-07-20T22:57:37,KNN-Direct-Weighted,Parkinson2clc,0.4,38,38,6,0.8461538461538461,0.5092088750097901,0.0,0.051904792024288327,0.5611172910430469
2026-07-20T22:57:37,KNN-Direct-Manhattan,Parkinson2clc,0.4,38,38,5,0.7948717948717948,0.48333762504626065,0.0,0.049078249954618514,0.5324191669933498
2026-07-20T22:57:38,KNN-IC,Parkinson2clc,0.4,39,39,5,0.8717948717948718,0.3611170840449631,0.011452000006102026,0.021260000008624047,0.393832832982298
2026-07-20T22:57:38,Mean-IC,Parkinson2clc,0.4,39,39,9,0.7692307692307693,0.20975929195992649,0.0007022499921731651,0.02102008298970759,0.23148499999660999
2026-07-20T22:57:38,KNN-Direct,Parkinson2clc,0.4,39,39,7,0.7948717948717948,0.4984739579958841,0.0,0.05059354199329391,0.5490705000120215
2026-07-20T22:57:39,KNN-Direct-Weighted,Parkinson2clc,0.4,39,39,10,0.8461538461538461,0.5095551669946872,0.0,0.05169516697060317,0.5612539170542732
2026-07-20T22:57:39,KNN-Direct-Manhattan,Parkinson2clc,0.4,39,39,11,0.8974358974358975,0.4830206249607727,0.0,0.04937279102159664,0.5323970000026748
2026-07-20T22:57:40,KNN-IC,Parkinson2clc,0.5,0,0,3,0.9230769230769231,0.36301470798207447,0.01001254201401025,0.021517040964681655,0.3945476249791682
2026-07-20T22:57:40,Mean-IC,Parkinson2clc,0.5,0,0,1,0.8974358974358975,0.20991724997293204,0.0007372079999186099,0.020819708006456494,0.2314776250277646
2026-07-20T22:57:41,KNN-Direct,Parkinson2clc,0.5,0,0,10,0.8717948717948718,0.49626725004054606,0.0,0.050361040979623795,0.5466309580369852
2026-07-20T22:57:41,KNN-Direct-Weighted,Parkinson2clc,0.5,0,0,11,0.9230769230769231,0.507071707979776,0.0,0.05132470797980204,0.5584002920077182
2026-07-20T22:57:42,KNN-Direct-Manhattan,Parkinson2clc,0.5,0,0,15,0.7948717948717948,0.48059525003191084,0.0,0.04846287501277402,0.5290619590086862
2026-07-20T22:57:42,KNN-IC,Parkinson2clc,0.5,1,1,2,0.8717948717948718,0.36191970796789974,0.009326124971266836,0.021200999966822565,0.39245024998672307
2026-07-20T22:57:42,Mean-IC,Parkinson2clc,0.5,1,1,1,0.7948717948717948,0.21016658301232383,0.0007109589641913772,0.020983750000596046,0.23186491697560996
2026-07-20T22:57:43,KNN-Direct,Parkinson2clc,0.5,1,1,7,0.8717948717948718,0.5729807500028983,0.0,0.050416166021022946,0.6234039580449462
2026-07-20T22:57:44,KNN-Direct-Weighted,Parkinson2clc,0.5,1,1,3,0.8974358974358975,0.5067198750330135,0.0,0.052924458985216916,0.559647916990798
2026-07-20T22:57:44,KNN-Direct-Manhattan,Parkinson2clc,0.5,1,1,7,0.8974358974358975,0.4803874579956755,0.0,0.048826875048689544,0.5292187909944914
2026-07-20T22:57:44,KNN-IC,Parkinson2clc,0.5,2,2,3,0.7692307692307693,0.3652089159586467,0.009712291008327156,0.02140304201748222,0.3963275419664569
2026-07-20T22:57:45,Mean-IC,Parkinson2clc,0.5,2,2,7,0.8461538461538461,0.21008429100038484,0.0007255409727804363,0.021060542028862983,0.23187391698593274
2026-07-20T22:57:45,KNN-Direct,Parkinson2clc,0.5,2,2,1,0.7948717948717948,0.49501583399251103,0.0,0.05013699998380616,0.5451561660156585
2026-07-20T22:57:46,KNN-Direct-Weighted,Parkinson2clc,0.5,2,2,1,0.8205128205128205,0.5045559999998659,0.0,0.05165441700955853,0.5562142910202965
2026-07-20T22:57:46,KNN-Direct-Manhattan,Parkinson2clc,0.5,2,2,13,0.8461538461538461,0.48158058401895687,0.0,0.04884691705228761,0.5304317920235917
2026-07-20T22:57:47,KNN-IC,Parkinson2clc,0.5,3,3,5,0.7948717948717948,0.36576229199999943,0.011677709000650793,0.02136991696897894,0.3988132500089705
2026-07-20T22:57:47,Mean-IC,Parkinson2clc,0.5,3,3,1,0.7948717948717948,0.30603316699853167,0.0010235829977318645,0.023203125048894435,0.3302640829933807
2026-07-20T22:57:48,KNN-Direct,Parkinson2clc,0.5,3,3,4,0.8205128205128205,0.49714958399999887,0.0,0.05030704097589478,0.5474602920003235
2026-07-20T22:57:48,KNN-Direct-Weighted,Parkinson2clc,0.5,3,3,6,0.8717948717948718,0.5056920409551822,0.0,0.051378458039835095,0.5570741249830462
2026-07-20T22:57:49,KNN-Direct-Manhattan,Parkinson2clc,0.5,3,3,1,0.8205128205128205,0.480471791990567,0.0,0.04877391696209088,0.5292493329616264
2026-07-20T22:57:49,KNN-IC,Parkinson2clc,0.5,4,4,14,0.8205128205128205,0.36372954200487584,0.012177583004813641,0.02195012499578297,0.3978610829799436
2026-07-20T22:57:49,Mean-IC,Parkinson2clc,0.5,4,4,4,0.7948717948717948,0.21032191603444517,0.0007032089633867145,0.02137495798524469,0.23240362503565848
2026-07-20T22:57:50,KNN-Direct,Parkinson2clc,0.5,4,4,3,0.7435897435897436,0.49781754199648276,0.0,0.050431374984327704,0.5482520830119029
2026-07-20T22:57:50,KNN-Direct-Weighted,Parkinson2clc,0.5,4,4,3,0.7948717948717948,0.5098758329986595,0.0,0.05131141596939415,0.5611909169820137
2026-07-20T22:57:51,KNN-Direct-Manhattan,Parkinson2clc,0.5,4,4,5,0.7692307692307693,0.48144466703524813,0.0,0.04865233303280547,0.5301002079504542
2026-07-20T22:57:51,KNN-IC,Parkinson2clc,0.5,5,5,10,0.8717948717948718,0.3623887079884298,0.012126750021707267,0.0214529589866288,0.39597158395918086
2026-07-20T22:57:52,Mean-IC,Parkinson2clc,0.5,5,5,3,0.7692307692307693,0.21377329097595066,0.000727832957636565,0.021136334049515426,0.23564141697715968
2026-07-20T22:57:52,KNN-Direct,Parkinson2clc,0.5,5,5,11,0.8974358974358975,0.4952547919820063,0.0,0.05011933302739635,0.5453774580382742
2026-07-20T22:57:53,KNN-Direct-Weighted,Parkinson2clc,0.5,5,5,11,0.8717948717948718,0.5048250840045512,0.0,0.051352292008232325,0.5561807909980416
2026-07-20T22:57:53,KNN-Direct-Manhattan,Parkinson2clc,0.5,5,5,5,0.8974358974358975,0.48088183300569654,0.0,0.04846729204291478,0.5293532079667784
2026-07-20T22:57:54,KNN-IC,Parkinson2clc,0.5,6,6,1,0.8717948717948718,0.36593558301683515,0.008457040996290743,0.02141966699855402,0.39581587503198534
2026-07-20T22:57:54,Mean-IC,Parkinson2clc,0.5,6,6,1,0.6923076923076923,0.20996254205238074,0.0007040409836918116,0.021173125016503036,0.23184337496059015
2026-07-20T22:57:54,KNN-Direct,Parkinson2clc,0.5,6,6,8,0.6923076923076923,0.49650754197500646,0.0,0.050560458039399236,0.5470711659872904
2026-07-20T22:57:55,KNN-Direct-Weighted,Parkinson2clc,0.5,6,6,14,0.7692307692307693,0.5062029999680817,0.0,0.0515574169694446,0.5577639999683015
2026-07-20T22:57:56,KNN-Direct-Manhattan,Parkinson2clc,0.5,6,6,12,0.717948717948718,0.48112366697750986,0.0,0.04902095801662654,0.5301482079667039
2026-07-20T22:57:56,KNN-IC,Parkinson2clc,0.5,7,7,14,0.8717948717948718,0.36374308401718736,0.012525208003353328,0.021397750009782612,0.3976692500291392
2026-07-20T22:57:56,Mean-IC,Parkinson2clc,0.5,7,7,1,0.8205128205128205,0.2096492910059169,0.0007105830009095371,0.02092575002461672,0.2312892500194721
2026-07-20T22:57:57,KNN-Direct,Parkinson2clc,0.5,7,7,7,0.8717948717948718,0.4962738750036806,0.0,0.05031470797257498,0.5465916249668226
2026-07-20T22:57:57,KNN-Direct-Weighted,Parkinson2clc,0.5,7,7,6,0.7948717948717948,0.5069646670017391,0.0,0.05150574998697266,0.5584742079954594
2026-07-20T22:57:58,KNN-Direct-Manhattan,Parkinson2clc,0.5,7,7,6,0.717948717948718,0.4809403750114143,0.0,0.04867733299033716,0.5296211250242777
2026-07-20T22:57:58,KNN-IC,Parkinson2clc,0.5,8,8,1,0.7435897435897436,0.36476991698145866,0.009090750012546778,0.021392749971710145,0.39525708300061524
2026-07-20T22:57:58,Mean-IC,Parkinson2clc,0.5,8,8,5,0.7692307692307693,0.2098232089774683,0.0007037920295260847,0.02107170899398625,0.23160208301851526
2026-07-20T22:57:59,KNN-Direct,Parkinson2clc,0.5,8,8,4,0.7435897435897436,0.49591975001385435,0.0,0.05037512502167374,0.5462982910103165
2026-07-20T22:58:00,KNN-Direct-Weighted,Parkinson2clc,0.5,8,8,3,0.7692307692307693,0.5059812089893967,0.0,0.051325790991541,0.5573099169996567
2026-07-20T22:58:00,KNN-Direct-Manhattan,Parkinson2clc,0.5,8,8,15,0.7692307692307693,0.48158829199383035,0.0,0.0490666669793427,0.5306589160463773
2026-07-20T22:58:00,KNN-IC,Parkinson2clc,0.5,9,9,15,0.8461538461538461,0.3629678339930251,0.012136041012126952,0.02122112497454509,0.3963285000063479
2026-07-20T22:58:01,Mean-IC,Parkinson2clc,0.5,9,9,8,0.7435897435897436,0.21049658302217722,0.0007050830172374845,0.02092620899202302,0.23213158297585323
2026-07-20T22:58:01,KNN-Direct,Parkinson2clc,0.5,9,9,13,0.8205128205128205,0.49606283399043605,0.0,0.05045345798134804,0.5465196660370566
2026-07-20T22:58:02,KNN-Direct-Weighted,Parkinson2clc,0.5,9,9,12,0.8205128205128205,0.507584249950014,0.0,0.051345417043194175,0.5589333340176381
2026-07-20T22:58:03,KNN-Direct-Manhattan,Parkinson2clc,0.5,9,9,9,0.8205128205128205,0.848875500028953,0.0,0.08585395902628079,0.9347344579873607
2026-07-20T22:58:03,KNN-IC,Parkinson2clc,0.5,10,10,2,0.8717948717948718,0.5483132500085048,0.014647333009634167,0.034637542034033686,0.5976039170054719
2026-07-20T22:58:04,Mean-IC,Parkinson2clc,0.5,10,10,3,0.7948717948717948,0.26109033403918147,0.0007339579751715064,0.02117741701658815,0.28300591703737155
2026-07-20T22:58:04,KNN-Direct,Parkinson2clc,0.5,10,10,10,0.8461538461538461,0.4957023750175722,0.0,0.05015454097883776,0.5458601659629494
2026-07-20T22:58:05,KNN-Direct-Weighted,Parkinson2clc,0.5,10,10,9,0.8461538461538461,0.5055624999804422,0.0,0.05148304195608944,0.5570494999992661
2026-07-20T22:58:05,KNN-Direct-Manhattan,Parkinson2clc,0.5,10,10,4,0.7692307692307693,0.4790375000447966,0.0,0.048288708028849214,0.5273297499516048
2026-07-20T22:58:06,KNN-IC,Parkinson2clc,0.5,11,11,4,0.8974358974358975,0.3630819579702802,0.011226416972931474,0.021523166971746832,0.3958350000320934
2026-07-20T22:58:06,Mean-IC,Parkinson2clc,0.5,11,11,9,0.8205128205128205,0.20937154098646715,0.0007277500117197633,0.021220416005235165,0.23132370796520263
2026-07-20T22:58:06,KNN-Direct,Parkinson2clc,0.5,11,11,3,0.7948717948717948,0.4946652500075288,0.0,0.05029287497745827,0.5449611670337617
2026-07-20T22:58:07,KNN-Direct-Weighted,Parkinson2clc,0.5,11,11,6,0.8974358974358975,0.5036890830378979,0.0,0.0516058339853771,0.5552983750239946
2026-07-20T22:58:08,KNN-Direct-Manhattan,Parkinson2clc,0.5,11,11,6,0.8974358974358975,0.47881070798030123,0.0,0.04880612500710413,0.5276206249836832
2026-07-20T22:58:08,KNN-IC,Parkinson2clc,0.5,12,12,13,0.9230769230769231,0.36383695900440216,0.012314332998357713,0.0213305419893004,0.39748541702283546
2026-07-20T22:58:08,Mean-IC,Parkinson2clc,0.5,12,12,4,0.8717948717948718,0.20989925001049414,0.0007183749694377184,0.021037917002104223,0.23165887501090765
2026-07-20T22:58:09,KNN-Direct,Parkinson2clc,0.5,12,12,11,0.8461538461538461,0.49570433399640024,0.0,0.05011400004150346,0.5458215000107884
2026-07-20T22:58:09,KNN-Direct-Weighted,Parkinson2clc,0.5,12,12,11,0.9230769230769231,0.5065595410414971,0.0,0.05134291702415794,0.557905791036319
2026-07-20T22:58:10,KNN-Direct-Manhattan,Parkinson2clc,0.5,12,12,14,0.8461538461538461,0.48149475001264364,0.0,0.04886691702995449,0.5303653329610825
2026-07-20T22:58:10,KNN-IC,Parkinson2clc,0.5,13,13,7,0.8717948717948718,0.36024741700384766,0.011654958012513816,0.021432749985251576,0.3933387079741806
2026-07-20T22:58:10,Mean-IC,Parkinson2clc,0.5,13,13,11,0.7948717948717948,0.21010075003141537,0.0007089580176398158,0.021163332974538207,0.23197645897744223
2026-07-20T22:58:11,KNN-Direct,Parkinson2clc,0.5,13,13,12,0.8461538461538461,0.4937271660310216,0.0,0.05018587497761473,0.543916457972955
2026-07-20T22:58:12,KNN-Direct-Weighted,Parkinson2clc,0.5,13,13,4,0.8205128205128205,0.5061961669707671,0.0,0.05111100000794977,0.5573109159595333
2026-07-20T22:58:12,KNN-Direct-Manhattan,Parkinson2clc,0.5,13,13,9,0.8717948717948718,0.47953687503468245,0.0,0.04869404103374109,0.5282344580045901
2026-07-20T22:58:12,KNN-IC,Parkinson2clc,0.5,14,14,6,0.8717948717948718,0.36356016696663573,0.011539582978002727,0.021405084000434726,0.39650849997997284
2026-07-20T22:58:13,Mean-IC,Parkinson2clc,0.5,14,14,1,0.7435897435897436,0.20934587495867163,0.0007133749895729125,0.020927875011693686,0.23099091602489352
2026-07-20T22:58:13,KNN-Direct,Parkinson2clc,0.5,14,14,15,0.8717948717948718,0.49623454199172556,0.0,0.05027654202422127,0.546514332992956
2026-07-20T22:58:14,KNN-Direct-Weighted,Parkinson2clc,0.5,14,14,3,0.717948717948718,0.5151644999859855,0.0,0.05145662499126047,0.5666246660402976
2026-07-20T22:58:14,KNN-Direct-Manhattan,Parkinson2clc,0.5,14,14,13,0.8205128205128205,0.4818998329574242,0.0,0.04893629200523719,0.5308402079972439
2026-07-20T22:58:15,KNN-IC,Parkinson2clc,0.5,15,15,2,0.8717948717948718,0.3636616250150837,0.009537875012028962,0.021414541988633573,0.3946175000164658
2026-07-20T22:58:15,Mean-IC,Parkinson2clc,0.5,15,15,1,0.8461538461538461,0.20957166596781462,0.0007262920262292027,0.020810791000258178,0.23111220903228968
2026-07-20T22:58:16,KNN-Direct,Parkinson2clc,0.5,15,15,11,0.8717948717948718,0.49491670896532014,0.0,0.050265958008822054,0.5451857909793034
2026-07-20T22:58:16,KNN-Direct-Weighted,Parkinson2clc,0.5,15,15,15,0.8461538461538461,0.5052453749813139,0.0,0.05176100000971928,0.557009374955669
2026-07-20T22:58:17,KNN-Direct-Manhattan,Parkinson2clc,0.5,15,15,4,0.7948717948717948,0.4805655829841271,0.0,0.04872345901094377,0.529292292019818
2026-07-20T22:58:17,KNN-IC,Parkinson2clc,0.5,16,16,3,0.717948717948718,0.4393201249768026,0.00984058401081711,0.02258925000205636,0.4717543750302866
2026-07-20T22:58:17,Mean-IC,Parkinson2clc,0.5,16,16,7,0.6923076923076923,0.21129649999784306,0.0011765829985961318,0.021126709005329758,0.23360666603548452
2026-07-20T22:58:18,KNN-Direct,Parkinson2clc,0.5,16,16,8,0.7692307692307693,0.4987056669779122,0.0,0.05068729096092284,0.5493962080217898
2026-07-20T22:58:18,KNN-Direct-Weighted,Parkinson2clc,0.5,16,16,6,0.8205128205128205,0.5063417089986615,0.0,0.05164954101201147,0.5579950000392273
2026-07-20T22:58:19,KNN-Direct-Manhattan,Parkinson2clc,0.5,16,16,3,0.717948717948718,0.48104508296819404,0.0,0.04874616698361933,0.5297949580126442
2026-07-20T22:58:19,KNN-IC,Parkinson2clc,0.5,17,17,2,0.8461538461538461,0.36160324997035787,0.009681500028818846,0.02136941597564146,0.3926577919628471
2026-07-20T22:58:20,Mean-IC,Parkinson2clc,0.5,17,17,5,0.8461538461538461,0.21056849998421967,0.0007058329647406936,0.021086915978230536,0.23236483300570399
2026-07-20T22:58:20,KNN-Direct,Parkinson2clc,0.5,17,17,8,0.8461538461538461,0.4957765830331482,0.0,0.050268499995581806,0.5460484999930486
2026-07-20T22:58:21,KNN-Direct-Weighted,Parkinson2clc,0.5,17,17,4,0.7948717948717948,0.5065392089891247,0.0,0.051589000038802624,0.5581314170267433
2026-07-20T22:58:21,KNN-Direct-Manhattan,Parkinson2clc,0.5,17,17,6,0.7948717948717948,0.4806455840007402,0.0,0.04869945801328868,0.5293484590365551
2026-07-20T22:58:22,KNN-IC,Parkinson2clc,0.5,18,18,6,0.8205128205128205,0.36503479204839095,0.011380249983631074,0.021496292029041797,0.39791441697161645
2026-07-20T22:58:22,Mean-IC,Parkinson2clc,0.5,18,18,4,0.8205128205128205,0.20944508298998699,0.0007084169774316251,0.020970292040146887,0.23112725000828505
2026-07-20T22:58:22,KNN-Direct,Parkinson2clc,0.5,18,18,11,0.8461538461538461,0.4934321659966372,0.0,0.05016883398639038,0.5436044170055538
2026-07-20T22:58:23,KNN-Direct-Weighted,Parkinson2clc,0.5,18,18,7,0.8461538461538461,0.505527124973014,0.0,0.051281207997817546,0.5568112500477582
2026-07-20T22:58:24,KNN-Direct-Manhattan,Parkinson2clc,0.5,18,18,13,0.8717948717948718,0.48281904199393466,0.0,0.04869945801328868,0.5315219159820117
2026-07-20T22:58:24,KNN-IC,Parkinson2clc,0.5,19,19,14,0.8717948717948718,0.3637071250122972,0.0120447080116719,0.021612333017401397,0.3973675000015646
2026-07-20T22:58:24,Mean-IC,Parkinson2clc,0.5,19,19,5,0.7435897435897436,0.20913183403899893,0.0007274580420926213,0.0212187499855645,0.23108162503922358
2026-07-20T22:58:25,KNN-Direct,Parkinson2clc,0.5,19,19,10,0.8205128205128205,0.4949723749887198,0.0,0.05049850000068545,0.5454746659961529
2026-07-20T22:58:25,KNN-Direct-Weighted,Parkinson2clc,0.5,19,19,6,0.8205128205128205,0.5049029579968192,0.0,0.051266291993670166,0.5561732500209473
2026-07-20T22:58:26,KNN-Direct-Manhattan,Parkinson2clc,0.5,19,19,5,0.7692307692307693,0.48050741699989885,0.0,0.04889912501676008,0.5294099579914473
2026-07-20T22:58:26,KNN-IC,Parkinson2clc,0.5,20,20,5,0.7948717948717948,0.36475200002314523,0.01154962502187118,0.02158704196335748,0.39789208298316225
2026-07-20T22:58:26,Mean-IC,Parkinson2clc,0.5,20,20,9,0.7435897435897436,0.20990787498885766,0.0007078339694999158,0.020861500001046807,0.23148075002245605
2026-07-20T22:58:27,KNN-Direct,Parkinson2clc,0.5,20,20,10,0.7435897435897436,0.4953755419701338,0.0,0.050532458000816405,0.5459110419615172
2026-07-20T22:58:28,KNN-Direct-Weighted,Parkinson2clc,0.5,20,20,9,0.7435897435897436,0.5157397090224549,0.0,0.051402458047959954,0.5671454580151476
2026-07-20T22:58:28,KNN-Direct-Manhattan,Parkinson2clc,0.5,20,20,10,0.7435897435897436,0.49595395900541916,0.0,0.04963779100216925,0.5455952499760315
2026-07-20T22:58:28,KNN-IC,Parkinson2clc,0.5,21,21,10,0.8717948717948718,0.3784758339752443,0.012188374996185303,0.022096999979112297,0.41276520799146965
2026-07-20T22:58:29,Mean-IC,Parkinson2clc,0.5,21,21,1,0.8717948717948718,0.21688558295136318,0.0007484580273739994,0.0220717090414837,0.23970962496241555
2026-07-20T22:58:29,KNN-Direct,Parkinson2clc,0.5,21,21,5,0.7435897435897436,0.5292222080170177,0.0,0.052433749951887876,0.5816588749876246
2026-07-20T22:58:30,KNN-Direct-Weighted,Parkinson2clc,0.5,21,21,3,0.7692307692307693,0.5413889579940587,0.0,0.0536368329776451,0.5950295000220649
2026-07-20T22:58:30,KNN-Direct-Manhattan,Parkinson2clc,0.5,21,21,5,0.7435897435897436,0.4859632500447333,0.0,0.04964095796458423,0.5356079579796642
2026-07-20T22:58:31,KNN-IC,Parkinson2clc,0.5,22,22,13,0.717948717948718,0.39797904196893796,0.013653250003699213,0.022887833998538554,0.43452520796563476
2026-07-20T22:58:31,Mean-IC,Parkinson2clc,0.5,22,22,14,0.717948717948718,0.21516950003569946,0.0007967500132508576,0.02240029105450958,0.23837066697888076
2026-07-20T22:58:32,KNN-Direct,Parkinson2clc,0.5,22,22,6,0.7435897435897436,0.510211665998213,0.0,0.0501730419928208,0.5603880830458365
2026-07-20T22:58:33,KNN-Direct-Weighted,Parkinson2clc,0.5,22,22,3,0.7948717948717948,1.0139247920014895,0.0,0.11139550001826137,1.1253263329854235
2026-07-20T22:58:33,KNN-Direct-Manhattan,Parkinson2clc,0.5,22,22,3,0.7948717948717948,0.5555630000308156,0.0,0.04893287498271093,0.604503458016552
2026-07-20T22:58:34,KNN-IC,Parkinson2clc,0.5,23,23,5,0.7692307692307693,0.38846870802808553,0.01460237504215911,0.024801833962555975,0.42787708301329985
2026-07-20T22:58:34,Mean-IC,Parkinson2clc,0.5,23,23,6,0.7692307692307693,0.21430666599189863,0.0007597910007461905,0.021303458022885025,0.23637437500292435
2026-07-20T22:58:35,KNN-Direct,Parkinson2clc,0.5,23,23,9,0.8461538461538461,0.4968101250124164,0.0,0.050222709018271416,0.5470361249754205
2026-07-20T22:58:35,KNN-Direct-Weighted,Parkinson2clc,0.5,23,23,9,0.8205128205128205,0.5050872500287369,0.0,0.051153209002222866,0.5562439580098726
2026-07-20T22:58:36,KNN-Direct-Manhattan,Parkinson2clc,0.5,23,23,5,0.7948717948717948,0.48083604098064825,0.0,0.04874041600851342,0.5295797919970937
2026-07-20T22:58:36,KNN-IC,Parkinson2clc,0.5,24,24,13,0.8461538461538461,0.36366641701897606,0.012250542000401765,0.021374583011493087,0.3972949589951895
2026-07-20T22:58:36,Mean-IC,Parkinson2clc,0.5,24,24,1,0.8205128205128205,0.20925770897883922,0.0007048749830573797,0.020888291008304805,0.23085466702468693
2026-07-20T22:58:37,KNN-Direct,Parkinson2clc,0.5,24,24,8,0.8205128205128205,0.49500520899891853,0.0,0.04996612505055964,0.5449746249942109
2026-07-20T22:58:37,KNN-Direct-Weighted,Parkinson2clc,0.5,24,24,13,0.8717948717948718,0.5057916669757105,0.0,0.051517708983737975,0.5573128340183757
2026-07-20T22:58:38,KNN-Direct-Manhattan,Parkinson2clc,0.5,24,24,15,0.8461538461538461,0.4805574160418473,0.0,0.04864708398235962,0.5292078339844011
2026-07-20T22:58:38,KNN-IC,Parkinson2clc,0.5,25,25,1,0.7692307692307693,0.36279333400307223,0.008903792011551559,0.021308083028998226,0.39300845796242356
2026-07-20T22:58:39,Mean-IC,Parkinson2clc,0.5,25,25,7,0.7692307692307693,0.20986337499925867,0.0007650830084457994,0.020912832987960428,0.23154458298813552
2026-07-20T22:58:39,KNN-Direct,Parkinson2clc,0.5,25,25,6,0.8205128205128205,0.4936942079802975,0.0,0.05010391696123406,0.5438014579704031
2026-07-20T22:58:40,KNN-Direct-Weighted,Parkinson2clc,0.5,25,25,5,0.7948717948717948,0.5046626660041511,0.0,0.05137070902856067,0.5560366249992512
2026-07-20T22:58:40,KNN-Direct-Manhattan,Parkinson2clc,0.5,25,25,11,0.8717948717948718,0.4799483750248328,0.0,0.04888595797820017,0.5288376249955036
2026-07-20T22:58:41,KNN-IC,Parkinson2clc,0.5,26,26,2,0.8205128205128205,0.3634877080330625,0.008994625008199364,0.021423415979370475,0.39390887500485405
2026-07-20T22:58:41,Mean-IC,Parkinson2clc,0.5,26,26,1,0.7692307692307693,0.2094332089764066,0.0007065419922582805,0.021249957964755595,0.23139345803065225
2026-07-20T22:58:41,KNN-Direct,Parkinson2clc,0.5,26,26,1,0.6666666666666666,0.4955410830443725,0.0,0.050324458978138864,0.5458689170191064
2026-07-20T22:58:42,KNN-Direct-Weighted,Parkinson2clc,0.5,26,26,7,0.8461538461538461,0.5056572910398245,0.0,0.05130637501133606,0.5569673329591751
2026-07-20T22:58:43,KNN-Direct-Manhattan,Parkinson2clc,0.5,26,26,3,0.717948717948718,0.4804375829990022,0.0,0.048746207961812615,0.5291867089690641
2026-07-20T22:58:43,KNN-IC,Parkinson2clc,0.5,27,27,3,0.8461538461538461,0.3624981250031851,0.009360458003357053,0.021788999962154776,0.3936510000494309
2026-07-20T22:58:43,Mean-IC,Parkinson2clc,0.5,27,27,1,0.8205128205128205,0.20971050002845004,0.0007119160145521164,0.021372499992139637,0.2317984169931151
2026-07-20T22:58:44,KNN-Direct,Parkinson2clc,0.5,27,27,3,0.8461538461538461,0.5003883749595843,0.0,0.05045312503352761,0.5508445830200799
2026-07-20T22:58:44,KNN-Direct-Weighted,Parkinson2clc,0.5,27,27,3,0.8461538461538461,0.5059668750036508,0.0,0.05118933302583173,0.5571593749918975
2026-07-20T22:58:45,KNN-Direct-Manhattan,Parkinson2clc,0.5,27,27,3,0.7948717948717948,0.4803310830029659,0.0,0.04872850002720952,0.5290633330005221
2026-07-20T22:58:45,KNN-IC,Parkinson2clc,0.5,28,28,7,0.8717948717948718,0.3644923330284655,0.01244329201290384,0.021556542022153735,0.39849608298391104
2026-07-20T22:58:45,Mean-IC,Parkinson2clc,0.5,28,28,5,0.7948717948717948,0.21095712500391528,0.000723124947398901,0.021044833003543317,0.2327294169808738
2026-07-20T22:58:46,KNN-Direct,Parkinson2clc,0.5,28,28,5,0.7948717948717948,0.49478683300549164,0.0,0.050285874982364476,0.5450757500366308
2026-07-20T22:58:47,KNN-Direct-Weighted,Parkinson2clc,0.5,28,28,5,0.8461538461538461,0.5068524170201272,0.0,0.05170795798767358,0.5585636670002714
2026-07-20T22:58:47,KNN-Direct-Manhattan,Parkinson2clc,0.5,28,28,3,0.7692307692307693,0.6948888750048354,0.0,0.07441624999046326,0.7693095830036327
2026-07-20T22:58:48,KNN-IC,Parkinson2clc,0.5,29,29,2,0.7948717948717948,0.4212060000281781,0.00962824997259304,0.023633875011000782,0.4544727089814842
2026-07-20T22:58:48,Mean-IC,Parkinson2clc,0.5,29,29,5,0.8205128205128205,0.21209616702981293,0.0007740830187685788,0.02121650002663955,0.23409062495920807
2026-07-20T22:58:49,KNN-Direct,Parkinson2clc,0.5,29,29,9,0.8205128205128205,0.49482995900325477,0.0,0.05044391698902473,0.5452768749673851
2026-07-20T22:58:49,KNN-Direct-Weighted,Parkinson2clc,0.5,29,29,1,0.6666666666666666,0.5051245420472696,0.0,0.051326333021279424,0.5564549999544397
2026-07-20T22:58:50,KNN-Direct-Manhattan,Parkinson2clc,0.5,29,29,1,0.5384615384615384,0.4809530419879593,0.0,0.04869708395563066,0.5296543330186978
2026-07-20T22:58:50,KNN-IC,Parkinson2clc,0.5,30,30,6,0.8717948717948718,0.3640476660220884,0.011332500027492642,0.02145045797806233,0.39683387498371303
2026-07-20T22:58:50,Mean-IC,Parkinson2clc,0.5,30,30,1,0.8461538461538461,0.21028091595508158,0.0011132080107927322,0.020812375005334616,0.23220987495733425
2026-07-20T22:58:51,KNN-Direct,Parkinson2clc,0.5,30,30,5,0.8717948717948718,0.49466012499760836,0.0,0.050375792023260146,0.5450389999896288
2026-07-20T22:58:51,KNN-Direct-Weighted,Parkinson2clc,0.5,30,30,9,0.8717948717948718,0.5032225830364041,0.0,0.05134208302479237,0.5545680409995839
2026-07-20T22:58:52,KNN-Direct-Manhattan,Parkinson2clc,0.5,30,30,5,0.8205128205128205,0.47950641700299457,0.0,0.04884462500922382,0.5283543330151588
2026-07-20T22:58:52,KNN-IC,Parkinson2clc,0.5,31,31,4,0.8205128205128205,0.36191858298843727,0.010945124959107488,0.0213879169896245,0.39425508404383436
2026-07-20T22:58:53,Mean-IC,Parkinson2clc,0.5,31,31,1,0.7948717948717948,0.20954716700362042,0.0007190000033006072,0.02109574998030439,0.2313659999636002
2026-07-20T22:58:53,KNN-Direct,Parkinson2clc,0.5,31,31,3,0.7948717948717948,0.4962795000174083,0.0,0.05040804197778925,0.5466905829962343
2026-07-20T22:58:54,KNN-Direct-Weighted,Parkinson2clc,0.5,31,31,3,0.7948717948717948,0.5059336660197005,0.0,0.05140825000125915,0.5573460419545881
2026-07-20T22:58:54,KNN-Direct-Manhattan,Parkinson2clc,0.5,31,31,10,0.8717948717948718,0.48135075002210215,0.0,0.048996875004377216,0.5303512499667704
2026-07-20T22:58:55,KNN-IC,Parkinson2clc,0.5,32,32,1,0.9743589743589743,0.3629602500004694,0.008504082972649485,0.021583916968666017,0.39305187499849126
2026-07-20T22:58:55,Mean-IC,Parkinson2clc,0.5,32,32,1,0.8205128205128205,0.21094141696812585,0.0007435830193571746,0.021247875003609806,0.23293683299561962
2026-07-20T22:58:55,KNN-Direct,Parkinson2clc,0.5,32,32,4,0.8974358974358975,0.494424959004391,0.0,0.0502979580196552,0.5447257910273038
2026-07-20T22:58:56,KNN-Direct-Weighted,Parkinson2clc,0.5,32,32,3,0.8974358974358975,0.5066472500329837,0.0,0.05141341598937288,0.5580652090138756
2026-07-20T22:58:56,KNN-Direct-Manhattan,Parkinson2clc,0.5,32,32,4,0.8974358974358975,0.482289458042942,0.0,0.05081116600194946,0.5331044170306996
2026-07-20T22:58:57,KNN-IC,Parkinson2clc,0.5,33,33,3,0.7435897435897436,0.37522516603348777,0.009548750007525086,0.02149495796766132,0.40627291600685567
2026-07-20T22:58:57,Mean-IC,Parkinson2clc,0.5,33,33,7,0.7948717948717948,0.2093876670114696,0.0007055420428514481,0.021036459016613662,0.23113308299798518
2026-07-20T22:58:58,KNN-Direct,Parkinson2clc,0.5,33,33,15,0.7692307692307693,0.49501462501939386,0.0,0.05004879104672,0.5450668340199627
2026-07-20T22:58:58,KNN-Direct-Weighted,Parkinson2clc,0.5,33,33,14,0.7948717948717948,0.5022774169920012,0.0,0.051088874984998256,0.5533699999796227
2026-07-20T22:58:59,KNN-Direct-Manhattan,Parkinson2clc,0.5,33,33,3,0.717948717948718,0.4776071250089444,0.0,0.04846074996748939,0.5260714589967392
2026-07-20T22:58:59,KNN-IC,Parkinson2clc,0.5,34,34,4,0.8205128205128205,0.3838250410044566,0.012103290995582938,0.021881167020183057,0.4178134999820031
2026-07-20T22:58:59,Mean-IC,Parkinson2clc,0.5,34,34,8,0.8974358974358975,0.21395975002087653,0.0007812079857103527,0.020998084044549614,0.23574270802782848
2026-07-20T22:59:00,KNN-Direct,Parkinson2clc,0.5,34,34,8,0.8717948717948718,0.5081512089818716,0.0,0.05038870801217854,0.5585435830289498
2026-07-20T22:59:00,KNN-Direct-Weighted,Parkinson2clc,0.5,34,34,6,0.8205128205128205,0.5067452079965733,0.0,0.05120458302553743,0.5579529159585945
2026-07-20T22:59:01,KNN-Direct-Manhattan,Parkinson2clc,0.5,34,34,8,0.8461538461538461,0.4828221250209026,0.0,0.048961249995045364,0.5317866659606807
2026-07-20T22:59:01,KNN-IC,Parkinson2clc,0.5,35,35,6,0.8717948717948718,0.3642175419954583,0.011806374997831881,0.021469667030032724,0.39749695803038776
2026-07-20T22:59:02,Mean-IC,Parkinson2clc,0.5,35,35,4,0.8461538461538461,0.2103603330324404,0.0007152080070227385,0.02108066697837785,0.23216008400777355
2026-07-20T22:59:02,KNN-Direct,Parkinson2clc,0.5,35,35,3,0.7948717948717948,0.589638291974552,0.0,0.051476540975272655,0.6411179999704473
2026-07-20T22:59:03,KNN-Direct-Weighted,Parkinson2clc,0.5,35,35,10,0.8461538461538461,0.51182570803212,0.0,0.051575041958130896,0.5634042079909705
2026-07-20T22:59:03,KNN-Direct-Manhattan,Parkinson2clc,0.5,35,35,3,0.7692307692307693,0.48178720800206065,0.0,0.049089582986198366,0.5308806670363992
2026-07-20T22:59:04,KNN-IC,Parkinson2clc,0.5,36,36,4,0.8205128205128205,0.36283295799512416,0.011157167027704418,0.02141420799307525,0.39540795801440254
2026-07-20T22:59:04,Mean-IC,Parkinson2clc,0.5,36,36,3,0.7692307692307693,0.21000562503468245,0.0008098329999484122,0.021327458031009883,0.23214683396508917
2026-07-20T22:59:05,KNN-Direct,Parkinson2clc,0.5,36,36,6,0.8461538461538461,0.4957283749827184,0.0,0.05025929200928658,0.5459911670186557
2026-07-20T22:59:05,KNN-Direct-Weighted,Parkinson2clc,0.5,36,36,6,0.8205128205128205,0.5072571670170873,0.0,0.051344792009331286,0.5586059169727378
2026-07-20T22:59:06,KNN-Direct-Manhattan,Parkinson2clc,0.5,36,36,7,0.8205128205128205,0.48176104098092765,0.0,0.048784791957587004,0.5305493339546956
2026-07-20T22:59:06,KNN-IC,Parkinson2clc,0.5,37,37,5,0.7435897435897436,0.3614809159771539,0.011376250011380762,0.021601292013656348,0.3944618750247173
2026-07-20T22:59:06,Mean-IC,Parkinson2clc,0.5,37,37,1,0.7692307692307693,0.2092645830125548,0.0007479159976355731,0.021206250006798655,0.2312223749468103
2026-07-20T22:59:07,KNN-Direct,Parkinson2clc,0.5,37,37,10,0.7692307692307693,0.4942248750012368,0.0,0.050094083009753376,0.5443218339933082
2026-07-20T22:59:07,KNN-Direct-Weighted,Parkinson2clc,0.5,37,37,9,0.7948717948717948,0.5051292919670232,0.0,0.05154491699067876,0.5566782079986297
2026-07-20T22:59:08,KNN-Direct-Manhattan,Parkinson2clc,0.5,37,37,10,0.8205128205128205,0.47774708399083465,0.0,0.04877758299699053,0.5265278749866411
2026-07-20T22:59:08,KNN-IC,Parkinson2clc,0.5,38,38,4,0.7948717948717948,0.3637420419836417,0.010943915985990316,0.021683708007913083,0.39637308300007135
2026-07-20T22:59:09,Mean-IC,Parkinson2clc,0.5,38,38,3,0.6153846153846154,0.2094912090105936,0.0007152499747462571,0.02109724999172613,0.2313074999838136
2026-07-20T22:59:09,KNN-Direct,Parkinson2clc,0.5,38,38,6,0.8461538461538461,0.4954975000000559,0.0,0.050281708012335,0.5457824579789303
2026-07-20T22:59:10,KNN-Direct-Weighted,Parkinson2clc,0.5,38,38,5,0.8717948717948718,0.5060867500142194,0.0,0.05139283399330452,0.5574832919519395
2026-07-20T22:59:10,KNN-Direct-Manhattan,Parkinson2clc,0.5,38,38,7,0.7948717948717948,0.4802562079858035,0.0,0.04907875001663342,0.5293380840448663
2026-07-20T22:59:11,KNN-IC,Parkinson2clc,0.5,39,39,7,0.8461538461538461,0.36305812501814216,0.011506666953209788,0.021498124988283962,0.3960707500227727
2026-07-20T22:59:11,Mean-IC,Parkinson2clc,0.5,39,39,7,0.7692307692307693,0.209207666979637,0.0007184169953688979,0.021096250042319298,0.2310259590158239
2026-07-20T22:59:11,KNN-Direct,Parkinson2clc,0.5,39,39,15,0.8717948717948718,0.4948587089893408,0.0,0.05023241601884365,0.5450943750329316
2026-07-20T22:59:12,KNN-Direct-Weighted,Parkinson2clc,0.5,39,39,15,0.8974358974358975,0.5150800829869695,0.0,0.05244508397299796,0.5675295410328545
2026-07-20T22:59:13,KNN-Direct-Manhattan,Parkinson2clc,0.5,39,39,3,0.8205128205128205,0.6333657909999602,0.0,0.05782720900606364,0.6911975419498049
