timestamp,method,dataset,missing_rate,trial,seed,n_neighbors,accuracy,tuning_time_sec,train_time_sec,predict_time_sec,total_time_sec
2026-07-20T23:29:51,KNN-IC,Toxicity,0.1,0,0,3,0.5714285714285714,3.0634588330285624,0.19047345797298476,0.021021583990659565,3.2749589160084724
2026-07-20T23:29:51,Mean-IC,Toxicity,0.1,0,0,3,0.6285714285714286,0.12468249996891245,0.0017190419603139162,0.012798333016689867,0.13920483301626518
2026-07-20T23:29:52,KNN-Direct,Toxicity,0.1,0,0,1,0.6,0.5633364579989575,0.0,0.05837333301315084,0.6217133339960128
2026-07-20T23:29:52,KNN-Direct-Weighted,Toxicity,0.1,0,0,3,0.5714285714285714,0.5672389579704031,0.0,0.05996083398349583,0.6272039160248823
2026-07-20T23:29:53,KNN-Direct-Manhattan,Toxicity,0.1,0,0,13,0.6285714285714286,0.5539100000169128,0.0,0.05896454199682921,0.6128771250369027
2026-07-20T23:29:56,KNN-IC,Toxicity,0.1,1,1,6,0.6,3.391433082986623,0.20754108298569918,0.02080270799342543,3.6197817089851014
2026-07-20T23:29:57,Mean-IC,Toxicity,0.1,1,1,5,0.5142857142857142,0.12306995800463483,0.0017244580085389316,0.012621040979865938,0.1374202499864623
2026-07-20T23:29:57,KNN-Direct,Toxicity,0.1,1,1,8,0.6,0.5625179160269909,0.0,0.05860737501643598,0.6211278749979101
2026-07-20T23:29:58,KNN-Direct-Weighted,Toxicity,0.1,1,1,7,0.6857142857142857,0.5674687090213411,0.0,0.059164582984521985,0.6266357499989681
2026-07-20T23:29:58,KNN-Direct-Manhattan,Toxicity,0.1,1,1,13,0.6285714285714286,0.5591790829785168,0.0,0.0586965000256896,0.6178792500286363
2026-07-20T23:30:02,KNN-IC,Toxicity,0.1,2,2,5,0.7142857142857143,3.176957541028969,0.2067484589642845,0.02101637504529208,3.404727332992479
2026-07-20T23:30:02,Mean-IC,Toxicity,0.1,2,2,5,0.6857142857142857,0.1251701659639366,0.0017680000164546072,0.012784749967977405,0.13972666702466086
2026-07-20T23:30:03,KNN-Direct,Toxicity,0.1,2,2,5,0.6857142857142857,0.5638478749897331,0.0,0.05838324996875599,0.6222333749756217
2026-07-20T23:30:03,KNN-Direct-Weighted,Toxicity,0.1,2,2,5,0.7142857142857143,0.5867040840093978,0.0,0.06356270896503702,0.6502694999799132
2026-07-20T23:30:04,KNN-Direct-Manhattan,Toxicity,0.1,2,2,5,0.7428571428571429,0.586205291969236,0.0,0.059280666988343,0.6454896249924786
2026-07-20T23:30:07,KNN-IC,Toxicity,0.1,3,3,11,0.6285714285714286,3.1833587079891004,0.21183874999405816,0.021403165999799967,3.4166056249523535
2026-07-20T23:30:08,Mean-IC,Toxicity,0.1,3,3,11,0.6,0.126805207983125,0.001840542012359947,0.012976499972864985,0.1416263339924626
2026-07-20T23:30:08,KNN-Direct,Toxicity,0.1,3,3,11,0.6571428571428571,0.5695658330223523,0.0,0.06020258297212422,0.629770917003043
2026-07-20T23:30:09,KNN-Direct-Weighted,Toxicity,0.1,3,3,9,0.6285714285714286,0.5850822500069626,0.0,0.060679916001390666,0.645765666035004
2026-07-20T23:30:10,KNN-Direct-Manhattan,Toxicity,0.1,3,3,11,0.6,0.713587208010722,0.0,0.06107650004560128,0.7746664580190554
2026-07-20T23:30:13,KNN-IC,Toxicity,0.1,4,4,11,0.6571428571428571,3.188506792008411,0.23326408298453316,0.022380208014510572,3.4441559169790708
2026-07-20T23:30:13,Mean-IC,Toxicity,0.1,4,4,5,0.5428571428571428,0.14154433400835842,0.0018088329816237092,0.01297541701933369,0.15633245900971815
2026-07-20T23:30:14,KNN-Direct,Toxicity,0.1,4,4,9,0.6285714285714286,0.5976787920226343,0.0,0.05821233300957829,0.6558935419889167
2026-07-20T23:30:14,KNN-Direct-Weighted,Toxicity,0.1,4,4,11,0.6571428571428571,0.5640184580115601,0.0,0.05875758395995945,0.6227785420487635
2026-07-20T23:30:15,KNN-Direct-Manhattan,Toxicity,0.1,4,4,3,0.6,0.5545691670267843,0.0,0.05728054203791544,0.611853374983184
2026-07-20T23:30:18,KNN-IC,Toxicity,0.1,5,5,5,0.6,3.0646515419939533,0.20065625000279397,0.021066708955913782,3.286378709017299
2026-07-20T23:30:18,Mean-IC,Toxicity,0.1,5,5,10,0.6285714285714286,0.12354104197584093,0.0017412500455975533,0.012741542013827711,0.13802708295406774
2026-07-20T23:30:19,KNN-Direct,Toxicity,0.1,5,5,11,0.6571428571428571,0.5612661659833975,0.0,0.05829700001049787,0.619565374974627
2026-07-20T23:30:20,KNN-Direct-Weighted,Toxicity,0.1,5,5,11,0.6285714285714286,0.5669385839719325,0.0,0.05859766696812585,0.625538999971468
2026-07-20T23:30:20,KNN-Direct-Manhattan,Toxicity,0.1,5,5,6,0.5428571428571428,0.552731333009433,0.0,0.05752808297984302,0.6102623339975253
2026-07-20T23:30:24,KNN-IC,Toxicity,0.1,6,6,6,0.6285714285714286,3.084852125030011,0.21453383297193795,0.02096125000389293,3.320351500005927
2026-07-20T23:30:24,Mean-IC,Toxicity,0.1,6,6,3,0.5142857142857142,0.12596620799740776,0.0017833340098150074,0.01284083299105987,0.14059483300661668
2026-07-20T23:30:25,KNN-Direct,Toxicity,0.1,6,6,1,0.3142857142857143,0.692310250014998,0.0,0.0633138749981299,0.7556270419736393
2026-07-20T23:30:25,KNN-Direct-Weighted,Toxicity,0.1,6,6,1,0.2857142857142857,0.6360491250525229,0.0,0.0750984589685686,0.7111525829532184
2026-07-20T23:30:26,KNN-Direct-Manhattan,Toxicity,0.1,6,6,5,0.5142857142857142,0.5859808329842053,0.0,0.05780595901887864,0.643789416004438
2026-07-20T23:30:29,KNN-IC,Toxicity,0.1,7,7,1,0.4,3.000483957992401,0.18587120802840218,0.020905875018797815,3.2072656250093132
2026-07-20T23:30:29,Mean-IC,Toxicity,0.1,7,7,7,0.5428571428571428,0.12394058296922594,0.001732291013468057,0.012722791987471282,0.13839904201449826
2026-07-20T23:30:30,KNN-Direct,Toxicity,0.1,7,7,1,0.42857142857142855,0.5741800830001011,0.0,0.05861133401049301,0.6327935419976711
2026-07-20T23:30:31,KNN-Direct-Weighted,Toxicity,0.1,7,7,1,0.42857142857142855,0.5804362909984775,0.0,0.05960604205029085,0.6400448750355281
2026-07-20T23:30:31,KNN-Direct-Manhattan,Toxicity,0.1,7,7,13,0.5142857142857142,0.5588382499990985,0.0,0.05778316600481048,0.6166239170124754
2026-07-20T23:30:35,KNN-IC,Toxicity,0.1,8,8,13,0.6571428571428571,3.153340124990791,0.22472387499874458,0.022128584038000554,3.400200041010976
2026-07-20T23:30:35,Mean-IC,Toxicity,0.1,8,8,6,0.6285714285714286,0.12992162496084347,0.0019104579696431756,0.013093041954562068,0.14492833300027996
2026-07-20T23:30:35,KNN-Direct,Toxicity,0.1,8,8,13,0.7142857142857143,0.5787648749537766,0.0,0.05973654199624434,0.6385042920010164
2026-07-20T23:30:36,KNN-Direct-Weighted,Toxicity,0.1,8,8,13,0.7428571428571429,0.5875977919786237,0.0,0.06046091701136902,0.648061832995154
2026-07-20T23:30:37,KNN-Direct-Manhattan,Toxicity,0.1,8,8,13,0.7142857142857143,0.5693434579879977,0.0,0.06140004197368398,0.630746790964622
2026-07-20T23:30:40,KNN-IC,Toxicity,0.1,9,9,11,0.6857142857142857,3.3665455830050632,0.21823145903181285,0.02246633399045095,3.6072479999857023
2026-07-20T23:30:40,Mean-IC,Toxicity,0.1,9,9,8,0.6857142857142857,0.13589004101231694,0.002099208999425173,0.012680499989073724,0.15067420899868011
2026-07-20T23:30:41,KNN-Direct,Toxicity,0.1,9,9,9,0.7714285714285715,0.5744590829708613,0.0,0.0616549999685958,0.6361165000125766
2026-07-20T23:30:42,KNN-Direct-Weighted,Toxicity,0.1,9,9,9,0.7428571428571429,0.5891264580423012,0.0,0.06137499999022111,0.6505044170189649
2026-07-20T23:30:42,KNN-Direct-Manhattan,Toxicity,0.1,9,9,3,0.6285714285714286,0.5775857500266284,0.0,0.059319791034795344,0.6369086669874378
2026-07-20T23:30:46,KNN-IC,Toxicity,0.1,10,10,13,0.5142857142857142,3.174580666993279,0.2220878329826519,0.021622125001158565,3.4182953749550506
2026-07-20T23:30:46,Mean-IC,Toxicity,0.1,10,10,15,0.4857142857142857,0.12653841695282608,0.0018247499829158187,0.012986082991119474,0.1413530000136234
2026-07-20T23:30:47,KNN-Direct,Toxicity,0.1,10,10,15,0.5142857142857142,0.6052079159999266,0.0,0.06438774999696761,0.6695980840013362
2026-07-20T23:30:47,KNN-Direct-Weighted,Toxicity,0.1,10,10,13,0.4857142857142857,0.6594161670072936,0.0,0.059142917045392096,0.7185618330258876
2026-07-20T23:30:48,KNN-Direct-Manhattan,Toxicity,0.1,10,10,13,0.4857142857142857,0.5528530829469673,0.0,0.05748879205202684,0.6103444159962237
2026-07-20T23:30:51,KNN-IC,Toxicity,0.1,11,11,5,0.5428571428571428,2.9991425829939544,0.20625308295711875,0.020736832986585796,3.226136583951302
2026-07-20T23:30:51,Mean-IC,Toxicity,0.1,11,11,7,0.5714285714285714,0.12455841701012105,0.0017535420483909547,0.012466874963138252,0.13878183299675584
2026-07-20T23:30:52,KNN-Direct,Toxicity,0.1,11,11,7,0.5714285714285714,0.5598837080178782,0.0,0.05863099999260157,0.6185168329975568
2026-07-20T23:30:53,KNN-Direct-Weighted,Toxicity,0.1,11,11,9,0.5428571428571428,0.5653983330121264,0.0,0.05912700004409999,0.6245282500167377
2026-07-20T23:30:53,KNN-Direct-Manhattan,Toxicity,0.1,11,11,4,0.45714285714285713,0.5510989160393365,0.0,0.058088666992262006,0.6091902500484139
2026-07-20T23:30:57,KNN-IC,Toxicity,0.1,12,12,7,0.5714285714285714,3.2041975840111263,0.209308042016346,0.020732667006086558,3.4342423339840025
2026-07-20T23:30:57,Mean-IC,Toxicity,0.1,12,12,7,0.6,0.12369895802112296,0.0018689580028876662,0.012514958041720092,0.13808624999364838
2026-07-20T23:30:57,KNN-Direct,Toxicity,0.1,12,12,3,0.5428571428571428,0.5628764589782804,0.0,0.06021645799046382,0.6230952499900013
2026-07-20T23:30:58,KNN-Direct-Weighted,Toxicity,0.1,12,12,3,0.5428571428571428,0.5820087500032969,0.0,0.06171370798256248,0.64372483297484
2026-07-20T23:30:59,KNN-Direct-Manhattan,Toxicity,0.1,12,12,5,0.5714285714285714,0.5666849589906633,0.0,0.05770599999232218,0.6243945829919539
2026-07-20T23:31:02,KNN-IC,Toxicity,0.1,13,13,1,0.4857142857142857,3.0533045410411432,0.1831252919510007,0.021430250024423003,3.2578680000151508
2026-07-20T23:31:02,Mean-IC,Toxicity,0.1,13,13,6,0.5714285714285714,0.12368975003482774,0.001712083991151303,0.012683709035627544,0.13808829197660089
2026-07-20T23:31:03,KNN-Direct,Toxicity,0.1,13,13,1,0.45714285714285713,0.5621110000065528,0.0,0.05856112501351163,0.6206742500071414
2026-07-20T23:31:03,KNN-Direct-Weighted,Toxicity,0.1,13,13,1,0.45714285714285713,0.567863334028516,0.0,0.059094374999403954,0.6269610410090536
2026-07-20T23:31:04,KNN-Direct-Manhattan,Toxicity,0.1,13,13,1,0.45714285714285713,0.5545317499781959,0.0,0.05801316600991413,0.6125646660220809
2026-07-20T23:31:07,KNN-IC,Toxicity,0.1,14,14,5,0.5714285714285714,3.032707583042793,0.20785770803922787,0.02087916695745662,3.2614480420015752
2026-07-20T23:31:07,Mean-IC,Toxicity,0.1,14,14,7,0.6,0.1240490410127677,0.0017371250432915986,0.012613416009116918,0.13840254198294133
2026-07-20T23:31:08,KNN-Direct,Toxicity,0.1,14,14,5,0.6,0.5616090409457684,0.0,0.0592474999721162,0.6208592089824378
2026-07-20T23:31:09,KNN-Direct-Weighted,Toxicity,0.1,14,14,3,0.5714285714285714,0.566699167015031,0.0,0.058704999973997474,0.6254070000140928
2026-07-20T23:31:09,KNN-Direct-Manhattan,Toxicity,0.1,14,14,1,0.5142857142857142,0.6855251250090078,0.0,0.060189625015482306,0.7457177499891259
2026-07-20T23:31:13,KNN-IC,Toxicity,0.1,15,15,5,0.6,3.028310291003436,0.20454895903822035,0.02082325000083074,3.253687041986268
2026-07-20T23:31:13,Mean-IC,Toxicity,0.1,15,15,5,0.6285714285714286,0.12466454203240573,0.0018161659827455878,0.012878583976998925,0.1393657079897821
2026-07-20T23:31:13,KNN-Direct,Toxicity,0.1,15,15,5,0.6,0.5606739579816349,0.0,0.05856595799559727,0.6192422079620883
2026-07-20T23:31:14,KNN-Direct-Weighted,Toxicity,0.1,15,15,5,0.5714285714285714,0.564898542012088,0.0,0.05958470801124349,0.6244857499841601
2026-07-20T23:31:15,KNN-Direct-Manhattan,Toxicity,0.1,15,15,5,0.6285714285714286,0.5533533329726197,0.0,0.05765033402713016,0.611006208055187
2026-07-20T23:31:18,KNN-IC,Toxicity,0.1,16,16,5,0.6571428571428571,3.0328367080073804,0.20622104196809232,0.020735999976750463,3.2597977920086123
2026-07-20T23:31:18,Mean-IC,Toxicity,0.1,16,16,3,0.5714285714285714,0.1245712919626385,0.0017403329838998616,0.012694625009316951,0.13900933403056115
2026-07-20T23:31:19,KNN-Direct,Toxicity,0.1,16,16,11,0.5428571428571428,0.5621989580104128,0.0,0.05877237499225885,0.6209739580517635
2026-07-20T23:31:19,KNN-Direct-Weighted,Toxicity,0.1,16,16,11,0.5714285714285714,0.5686252909945324,0.0,0.05930879199877381,0.6279366250382736
2026-07-20T23:31:20,KNN-Direct-Manhattan,Toxicity,0.1,16,16,12,0.6,0.5541472499608062,0.0,0.05800804198952392,0.6121632499853149
2026-07-20T23:31:23,KNN-IC,Toxicity,0.1,17,17,3,0.5714285714285714,3.0145975410123356,0.19010300002992153,0.020778208039700985,3.225482667039614
2026-07-20T23:31:23,Mean-IC,Toxicity,0.1,17,17,4,0.6,0.12369670800399035,0.001725875015836209,0.012696459016297013,0.13812254200456664
2026-07-20T23:31:24,KNN-Direct,Toxicity,0.1,17,17,3,0.6285714285714286,0.5602870419970714,0.0,0.058631749998312443,0.6189210410229862
2026-07-20T23:31:25,KNN-Direct-Weighted,Toxicity,0.1,17,17,11,0.5714285714285714,0.6826064580236562,0.0,0.07076725002843887,0.7533771669841371
2026-07-20T23:31:25,KNN-Direct-Manhattan,Toxicity,0.1,17,17,15,0.5714285714285714,0.5658150420058519,0.0,0.058774166041985154,0.6245924170361832
2026-07-20T23:31:28,KNN-IC,Toxicity,0.1,18,18,11,0.6285714285714286,3.038656582997646,0.20535558299161494,0.020655833010096103,3.264671750017442
2026-07-20T23:31:29,Mean-IC,Toxicity,0.1,18,18,4,0.5428571428571428,0.12484679202316329,0.0017879579681903124,0.012879084039013833,0.13952137500746176
2026-07-20T23:31:29,KNN-Direct,Toxicity,0.1,18,18,8,0.5714285714285714,0.5626244170125574,0.0,0.05918787501286715,0.6218144579906948
2026-07-20T23:31:30,KNN-Direct-Weighted,Toxicity,0.1,18,18,11,0.6285714285714286,0.5684087499976158,0.0,0.05914845899678767,0.6275601249653846
2026-07-20T23:31:30,KNN-Direct-Manhattan,Toxicity,0.1,18,18,11,0.6,0.5575980420107953,0.0,0.05753454100340605,0.6151355000329204
2026-07-20T23:31:34,KNN-IC,Toxicity,0.1,19,19,5,0.6571428571428571,3.258817875001114,0.20676879200618714,0.020743500033859164,3.4863339589792304
2026-07-20T23:31:34,Mean-IC,Toxicity,0.1,19,19,9,0.6285714285714286,0.12376191595103592,0.0019029160030186176,0.012487458006944507,0.13815524999517947
2026-07-20T23:31:35,KNN-Direct,Toxicity,0.1,19,19,7,0.6857142857142857,0.559661875013262,0.0,0.05846487497910857,0.6181290830136277
2026-07-20T23:31:35,KNN-Direct-Weighted,Toxicity,0.1,19,19,5,0.6571428571428571,0.5663492919993587,0.0,0.05962170800194144,0.6259735829662532
2026-07-20T23:31:36,KNN-Direct-Manhattan,Toxicity,0.1,19,19,3,0.5714285714285714,0.5553242079913616,0.0,0.05842150002717972,0.6137481670011766
2026-07-20T23:31:39,KNN-IC,Toxicity,0.1,20,20,3,0.5714285714285714,3.0284248330281116,0.3086661249981262,0.021370125003159046,3.358466000005137
2026-07-20T23:31:39,Mean-IC,Toxicity,0.1,20,20,1,0.42857142857142855,0.12763687502592802,0.0018204580410383642,0.01290437503485009,0.1423657910199836
2026-07-20T23:31:40,KNN-Direct,Toxicity,0.1,20,20,3,0.5428571428571428,0.5770570000167936,0.0,0.05994341697078198,0.6370084999944083
2026-07-20T23:31:41,KNN-Direct-Weighted,Toxicity,0.1,20,20,3,0.6,0.5791800000006333,0.0,0.06057775003137067,0.6397667920100503
2026-07-20T23:31:41,KNN-Direct-Manhattan,Toxicity,0.1,20,20,11,0.6285714285714286,0.5567478750017472,0.0,0.05758100003004074,0.6143326670280658
2026-07-20T23:31:45,KNN-IC,Toxicity,0.1,21,21,3,0.5714285714285714,3.0438356249942444,0.18845816602697596,0.02059675002237782,3.252895665995311
2026-07-20T23:31:45,Mean-IC,Toxicity,0.1,21,21,1,0.6285714285714286,0.12292204104596749,0.0017312500276602805,0.012499916949309409,0.13715654099360108
2026-07-20T23:31:45,KNN-Direct,Toxicity,0.1,21,21,3,0.6,0.5565290410304442,0.0,0.05828504095552489,0.6148160410230048
2026-07-20T23:31:46,KNN-Direct-Weighted,Toxicity,0.1,21,21,3,0.6,0.5651655839756131,0.0,0.05845729197608307,0.6236257079872303
2026-07-20T23:31:47,KNN-Direct-Manhattan,Toxicity,0.1,21,21,8,0.6571428571428571,0.5532954999944195,0.0,0.057566208008211106,0.6108646250213496
2026-07-20T23:31:50,KNN-IC,Toxicity,0.1,22,22,5,0.4857142857142857,2.9911864169989713,0.20797270798357204,0.020682625006884336,3.219845500017982
2026-07-20T23:31:50,Mean-IC,Toxicity,0.1,22,22,13,0.6571428571428571,0.12436679098755121,0.0017459589871577919,0.01258812501328066,0.13870458299061283
2026-07-20T23:31:51,KNN-Direct,Toxicity,0.1,22,22,12,0.5714285714285714,0.5603224579826929,0.0,0.058351082960143685,0.6186766250175424
2026-07-20T23:31:51,KNN-Direct-Weighted,Toxicity,0.1,22,22,9,0.6,0.5657062499667518,0.0,0.05877325002802536,0.6244820829597302
2026-07-20T23:31:52,KNN-Direct-Manhattan,Toxicity,0.1,22,22,10,0.6,0.5511410839972086,0.0,0.056860084005165845,0.6080035410122946
2026-07-20T23:31:55,KNN-IC,Toxicity,0.1,23,23,7,0.6,3.2826972500188276,0.2057906249538064,0.02058112499071285,3.509072791028302
2026-07-20T23:31:55,Mean-IC,Toxicity,0.1,23,23,7,0.5142857142857142,0.12386491702636704,0.0020102919661439955,0.012151749979238957,0.13802983303321525
2026-07-20T23:31:56,KNN-Direct,Toxicity,0.1,23,23,12,0.6,0.5634632920264266,0.0,0.058435084007214755,0.6219008750049397
2026-07-20T23:31:57,KNN-Direct-Weighted,Toxicity,0.1,23,23,12,0.6571428571428571,0.5639117500395514,0.0,0.05840991699369624,0.6223245420260355
2026-07-20T23:31:57,KNN-Direct-Manhattan,Toxicity,0.1,23,23,9,0.5714285714285714,0.5519822919741273,0.0,0.057768833998125046,0.6097537910100073
2026-07-20T23:32:01,KNN-IC,Toxicity,0.1,24,24,15,0.5428571428571428,3.004024167021271,0.21082062501227483,0.020732500008307397,3.2355809999862686
2026-07-20T23:32:01,Mean-IC,Toxicity,0.1,24,24,15,0.5714285714285714,0.12427020800532773,0.0017603750457055867,0.0126877500442788,0.13872249994892627
2026-07-20T23:32:01,KNN-Direct,Toxicity,0.1,24,24,15,0.6,0.5713224590290338,0.0,0.05846033396665007,0.629784999997355
2026-07-20T23:32:02,KNN-Direct-Weighted,Toxicity,0.1,24,24,7,0.5428571428571428,0.5645084580173716,0.0,0.05900504201417789,0.6235157499904744
2026-07-20T23:32:03,KNN-Direct-Manhattan,Toxicity,0.1,24,24,11,0.6,0.5562849580310285,0.0,0.05833004100713879,0.6146177919581532
2026-07-20T23:32:06,KNN-IC,Toxicity,0.1,25,25,5,0.5428571428571428,3.0247351250145584,0.20400783396326005,0.020259625045582652,3.2490077090333216
2026-07-20T23:32:06,Mean-IC,Toxicity,0.1,25,25,5,0.5428571428571428,0.12349258299218491,0.0017344160005450249,0.012295624997932464,0.1375263329828158
2026-07-20T23:32:07,KNN-Direct,Toxicity,0.1,25,25,5,0.5714285714285714,0.5584808330168016,0.0,0.0627417080104351,0.6212253749836236
2026-07-20T23:32:07,KNN-Direct-Weighted,Toxicity,0.1,25,25,5,0.5714285714285714,0.5921713339630514,0.0,0.059187416976783425,0.6513665409875102
2026-07-20T23:32:08,KNN-Direct-Manhattan,Toxicity,0.1,25,25,5,0.5714285714285714,0.5496768750017509,0.0,0.05738745804410428,0.6070667909807526
2026-07-20T23:32:11,KNN-IC,Toxicity,0.1,26,26,11,0.6,3.2837087080115452,0.20683441701112315,0.020301208016462624,3.5108485000091605
2026-07-20T23:32:12,Mean-IC,Toxicity,0.1,26,26,7,0.6285714285714286,0.12356662499951199,0.0017042499966919422,0.012549499981105328,0.13782404200173914
2026-07-20T23:32:12,KNN-Direct,Toxicity,0.1,26,26,7,0.6285714285714286,0.5557578330044635,0.0,0.0581801250227727,0.6139405830181204
2026-07-20T23:32:13,KNN-Direct-Weighted,Toxicity,0.1,26,26,9,0.6571428571428571,0.5610583749949001,0.0,0.05891500000143424,0.6199756670393981
2026-07-20T23:32:13,KNN-Direct-Manhattan,Toxicity,0.1,26,26,11,0.6285714285714286,0.550004499964416,0.0,0.05744958302238956,0.6074570420314558
2026-07-20T23:32:17,KNN-IC,Toxicity,0.1,27,27,9,0.7142857142857143,2.97285975003615,0.20694449997972697,0.021031417010817677,3.2008401249768212
2026-07-20T23:32:17,Mean-IC,Toxicity,0.1,27,27,15,0.6571428571428571,0.1247900000307709,0.0019077080069109797,0.01284258405212313,0.13954391703009605
2026-07-20T23:32:17,KNN-Direct,Toxicity,0.1,27,27,9,0.7142857142857143,0.5616427499917336,0.0,0.057395000010728836,0.6190406670211814
2026-07-20T23:32:18,KNN-Direct-Weighted,Toxicity,0.1,27,27,11,0.7142857142857143,0.5637457090197131,0.0,0.058913791028317064,0.6226622080430388
2026-07-20T23:32:19,KNN-Direct-Manhattan,Toxicity,0.1,27,27,11,0.7142857142857143,0.5496852919459343,0.0,0.05736612499458715,0.6070536249899305
2026-07-20T23:32:22,KNN-IC,Toxicity,0.1,28,28,4,0.6,3.0082447080058046,0.20407541695749387,0.020517790981102735,3.2328419589903206
2026-07-20T23:32:22,Mean-IC,Toxicity,0.1,28,28,3,0.6571428571428571,0.1230120420223102,0.0017104999860748649,0.012652000004891306,0.13737787498394027
2026-07-20T23:32:23,KNN-Direct,Toxicity,0.1,28,28,4,0.6285714285714286,0.557038749975618,0.0,0.058036541973706335,0.6150775830028579
2026-07-20T23:32:23,KNN-Direct-Weighted,Toxicity,0.1,28,28,6,0.6,0.5631592919817194,0.0,0.058411500009242445,0.6215735840378329
2026-07-20T23:32:24,KNN-Direct-Manhattan,Toxicity,0.1,28,28,4,0.6285714285714286,0.551187708042562,0.0,0.05755320901516825,0.6087434999644756
2026-07-20T23:32:27,KNN-IC,Toxicity,0.1,29,29,9,0.6,3.4046836249763146,0.20845358300721273,0.020563917001709342,3.6337057500495575
2026-07-20T23:32:28,Mean-IC,Toxicity,0.1,29,29,5,0.6285714285714286,0.12437887501437217,0.001717416977044195,0.012228709005285054,0.13832924998132512
2026-07-20T23:32:28,KNN-Direct,Toxicity,0.1,29,29,5,0.6571428571428571,0.5588619580375962,0.0,0.05839600000763312,0.6172605830361135
2026-07-20T23:32:29,KNN-Direct-Weighted,Toxicity,0.1,29,29,12,0.7428571428571429,0.5693566250265576,0.0,0.05885395797668025,0.6282132919877768
2026-07-20T23:32:29,KNN-Direct-Manhattan,Toxicity,0.1,29,29,4,0.7142857142857143,0.5511097500566393,0.0,0.057280417007859796,0.6083929589949548
2026-07-20T23:32:33,KNN-IC,Toxicity,0.1,30,30,8,0.5142857142857142,3.0064491250086576,0.20646262500667945,0.020970082958228886,3.233886333007831
2026-07-20T23:32:33,Mean-IC,Toxicity,0.1,30,30,14,0.5714285714285714,0.1254390420508571,0.0017155000241473317,0.012594208004884422,0.1397532089613378
2026-07-20T23:32:33,KNN-Direct,Toxicity,0.1,30,30,9,0.6285714285714286,0.5598827499779873,0.0,0.0583341249730438,0.6182190830004402
2026-07-20T23:32:34,KNN-Direct-Weighted,Toxicity,0.1,30,30,9,0.5714285714285714,0.5627131669898517,0.0,0.05878104199655354,0.6214975000475533
2026-07-20T23:32:35,KNN-Direct-Manhattan,Toxicity,0.1,30,30,7,0.5714285714285714,0.5506532500148751,0.0,0.05735566699877381,0.6080116669763811
2026-07-20T23:32:38,KNN-IC,Toxicity,0.1,31,31,7,0.6857142857142857,3.056423874979373,0.20678429101826623,0.021002541994675994,3.284215374966152
2026-07-20T23:32:38,Mean-IC,Toxicity,0.1,31,31,5,0.6285714285714286,0.12512058397987857,0.0017375000170432031,0.012203667021822184,0.13906533300178126
2026-07-20T23:32:39,KNN-Direct,Toxicity,0.1,31,31,5,0.7142857142857143,0.5608789590187371,0.0,0.05882079200819135,0.6197041669511236
2026-07-20T23:32:39,KNN-Direct-Weighted,Toxicity,0.1,31,31,5,0.7142857142857143,0.5818381670396775,0.0,0.17616170801920816,0.7580068749957718
2026-07-20T23:32:40,KNN-Direct-Manhattan,Toxicity,0.1,31,31,5,0.6571428571428571,0.6288359590107575,0.0,0.05772016698028892,0.6865616249851882
2026-07-20T23:32:43,KNN-IC,Toxicity,0.1,32,32,7,0.7142857142857143,3.027085084002465,0.20544087496818975,0.02068974997382611,3.2532198340049945
2026-07-20T23:32:44,Mean-IC,Toxicity,0.1,32,32,5,0.7714285714285715,0.12931129097705707,0.0018800419638864696,0.013817792001646012,0.14501366700278595
2026-07-20T23:32:44,KNN-Direct,Toxicity,0.1,32,32,5,0.7428571428571429,0.6013017499935813,0.0,0.062445375020615757,0.6637494579772465
2026-07-20T23:32:45,KNN-Direct-Weighted,Toxicity,0.1,32,32,6,0.7428571428571429,0.5718534580082633,0.0,0.0589362500468269,0.6307919579558074
2026-07-20T23:32:45,KNN-Direct-Manhattan,Toxicity,0.1,32,32,1,0.5428571428571428,0.551114666974172,0.0,0.057373167015612125,0.6084915829706006
2026-07-20T23:32:49,KNN-IC,Toxicity,0.1,33,33,15,0.6571428571428571,3.019759625021834,0.2089097920106724,0.02076508296886459,3.249439542007167
2026-07-20T23:32:49,Mean-IC,Toxicity,0.1,33,33,5,0.6285714285714286,0.12491908296942711,0.0017283749766647816,0.012678875005804002,0.13932970800669864
2026-07-20T23:32:49,KNN-Direct,Toxicity,0.1,33,33,5,0.5142857142857142,0.5609280000207946,0.0,0.05717516696313396,0.6181056660134345
2026-07-20T23:32:50,KNN-Direct-Weighted,Toxicity,0.1,33,33,6,0.5714285714285714,0.5720017499988899,0.0,0.058861249999608845,0.630866082967259
2026-07-20T23:32:51,KNN-Direct-Manhattan,Toxicity,0.1,33,33,5,0.5428571428571428,0.5519977500080131,0.0,0.05737341701751575,0.609373916988261
2026-07-20T23:32:54,KNN-IC,Toxicity,0.1,34,34,9,0.6,2.9916049590101466,0.20536145800724626,0.020632750005461276,3.2176025000517257
2026-07-20T23:32:54,Mean-IC,Toxicity,0.1,34,34,9,0.5714285714285714,0.122934874962084,0.002056416997220367,0.012140584003645927,0.13713520800229162
2026-07-20T23:32:55,KNN-Direct,Toxicity,0.1,34,34,9,0.5714285714285714,0.7096344999736175,0.0,0.09506220900220796,0.8046996250050142
2026-07-20T23:32:56,KNN-Direct-Weighted,Toxicity,0.1,34,34,9,0.6,0.6036309589981101,0.0,0.058826333028264344,0.6624600409995764
2026-07-20T23:32:56,KNN-Direct-Manhattan,Toxicity,0.1,34,34,8,0.5428571428571428,0.5516620419803075,0.0,0.05737770802807063,0.609042749973014
2026-07-20T23:32:59,KNN-IC,Toxicity,0.1,35,35,10,0.6571428571428571,3.0047744999756105,0.2060641249991022,0.021061250008642673,3.2319048329954967
2026-07-20T23:33:00,Mean-IC,Toxicity,0.1,35,35,10,0.6285714285714286,0.12269908300368115,0.0017528749885968864,0.012609291006810963,0.13706450001336634
2026-07-20T23:33:00,KNN-Direct,Toxicity,0.1,35,35,12,0.6285714285714286,0.5558764589950442,0.0,0.05913016595877707,0.6150092080351897
2026-07-20T23:33:01,KNN-Direct-Weighted,Toxicity,0.1,35,35,10,0.6,0.5630414159968495,0.0,0.058731500001158565,0.6217757919803262
2026-07-20T23:33:01,KNN-Direct-Manhattan,Toxicity,0.1,35,35,9,0.6285714285714286,0.5497230420005508,0.0,0.0574299999861978,0.6071560000418685
2026-07-20T23:33:05,KNN-IC,Toxicity,0.1,36,36,3,0.6857142857142857,3.002392875030637,0.18859504105057567,0.020831874979194254,3.2118242500000633
2026-07-20T23:33:05,Mean-IC,Toxicity,0.1,36,36,3,0.6857142857142857,0.12371858296683058,0.0017388330306857824,0.012647958006709814,0.1381088339840062
2026-07-20T23:33:05,KNN-Direct,Toxicity,0.1,36,36,3,0.6857142857142857,0.5711455840501003,0.0,0.06058320798911154,0.6317310830345377
2026-07-20T23:33:06,KNN-Direct-Weighted,Toxicity,0.1,36,36,9,0.6857142857142857,0.5761709170183167,0.0,0.058983499999158084,0.6351567920064554
2026-07-20T23:33:07,KNN-Direct-Manhattan,Toxicity,0.1,36,36,3,0.6285714285714286,0.5498112919740379,0.0,0.05720295902574435,0.6070171250030398
2026-07-20T23:33:10,KNN-IC,Toxicity,0.1,37,37,5,0.7428571428571429,3.091111749992706,0.21135024999966845,0.020902291988022625,3.323368458019104
2026-07-20T23:33:10,Mean-IC,Toxicity,0.1,37,37,5,0.7142857142857143,0.12336700002197176,0.0017445830162614584,0.012050457997247577,0.13716500002192333
2026-07-20T23:33:11,KNN-Direct,Toxicity,0.1,37,37,12,0.6285714285714286,0.5567227079882286,0.0,0.05781170801492408,0.6145367079880089
2026-07-20T23:33:11,KNN-Direct-Weighted,Toxicity,0.1,37,37,5,0.7142857142857143,0.565275999950245,0.0,0.05845779203809798,0.6237369169830345
2026-07-20T23:33:12,KNN-Direct-Manhattan,Toxicity,0.1,37,37,9,0.6571428571428571,0.5504407919943333,0.0,0.05709437502082437,0.6075382079579867
2026-07-20T23:33:15,KNN-IC,Toxicity,0.1,38,38,11,0.5714285714285714,2.9946607500314713,0.2093238330562599,0.02044270798796788,3.224431207985617
2026-07-20T23:33:15,Mean-IC,Toxicity,0.1,38,38,10,0.4857142857142857,0.12397641700226814,0.0017185829929076135,0.012346874980721623,0.13804520899429917
2026-07-20T23:33:16,KNN-Direct,Toxicity,0.1,38,38,13,0.6,0.5560094169923104,0.0,0.05813708296045661,0.6141484589898027
2026-07-20T23:33:17,KNN-Direct-Weighted,Toxicity,0.1,38,38,13,0.6,0.5627442499971949,0.0,0.059027999988757074,0.6217750419746153
2026-07-20T23:33:17,KNN-Direct-Manhattan,Toxicity,0.1,38,38,14,0.5428571428571428,0.5481501250178553,0.0,0.05722408299334347,0.6053777920315042
2026-07-20T23:33:21,KNN-IC,Toxicity,0.1,39,39,7,0.6571428571428571,3.005525791028049,0.3445159589755349,0.02298400003928691,3.3730315000284463
2026-07-20T23:33:21,Mean-IC,Toxicity,0.1,39,39,15,0.6857142857142857,0.1296342919813469,0.0017545419977977872,0.012374249985441566,0.14376779104350135
2026-07-20T23:33:21,KNN-Direct,Toxicity,0.1,39,39,9,0.6285714285714286,0.5676877500372939,0.0,0.06223749998025596,0.629927999980282
2026-07-20T23:33:22,KNN-Direct-Weighted,Toxicity,0.1,39,39,7,0.6,0.5805720830103382,0.0,0.05889099999330938,0.6394677089992911
2026-07-20T23:33:23,KNN-Direct-Manhattan,Toxicity,0.1,39,39,3,0.45714285714285713,0.551971584034618,0.0,0.05761070904554799,0.6095852919970639
2026-07-20T23:33:26,KNN-IC,Toxicity,0.2,0,0,1,0.5142857142857142,3.357892040978186,0.18997699994361028,0.020902915974147618,3.568775749998167
2026-07-20T23:33:26,Mean-IC,Toxicity,0.2,0,0,3,0.6,0.12775520898867399,0.0021315839840099216,0.012291625025682151,0.14218154200352728
2026-07-20T23:33:27,KNN-Direct,Toxicity,0.2,0,0,9,0.6285714285714286,0.6880604159669019,0.0,0.07224783400306478,0.7603107920149341
2026-07-20T23:33:28,KNN-Direct-Weighted,Toxicity,0.2,0,0,4,0.5142857142857142,0.6958716670051217,0.0,0.07208049995824695,0.767954875016585
2026-07-20T23:33:29,KNN-Direct-Manhattan,Toxicity,0.2,0,0,1,0.6285714285714286,0.6843680419842713,0.0,0.0715518330107443,0.7559226250159554
2026-07-20T23:33:32,KNN-IC,Toxicity,0.2,1,1,9,0.6571428571428571,3.275200042000506,0.23583712504478171,0.020838958967942744,3.5318802919937298
2026-07-20T23:33:32,Mean-IC,Toxicity,0.2,1,1,11,0.6,0.12348820897750556,0.002253916987683624,0.012439041980542243,0.13818412501132116
2026-07-20T23:33:33,KNN-Direct,Toxicity,0.2,1,1,13,0.6285714285714286,0.6870457909535617,0.0,0.07165183301549405,0.7587000830098987
2026-07-20T23:33:34,KNN-Direct-Weighted,Toxicity,0.2,1,1,13,0.5714285714285714,0.697866583999712,0.0,0.07241949997842312,0.7702887919731438
2026-07-20T23:33:34,KNN-Direct-Manhattan,Toxicity,0.2,1,1,15,0.6571428571428571,0.6850814159843139,0.0,0.07163512503029779,0.7567205840023234
2026-07-20T23:33:38,KNN-IC,Toxicity,0.2,2,2,5,0.6857142857142857,3.3070905830245465,0.23081591597292572,0.020701083005405962,3.558611500018742
2026-07-20T23:33:38,Mean-IC,Toxicity,0.2,2,2,3,0.7142857142857143,0.12509245902765542,0.002254375023767352,0.01286362495739013,0.14021425001556054
2026-07-20T23:33:39,KNN-Direct,Toxicity,0.2,2,2,3,0.6571428571428571,0.6906783329905011,0.0,0.07158208399778232,0.7622628749813884
2026-07-20T23:33:40,KNN-Direct-Weighted,Toxicity,0.2,2,2,3,0.6571428571428571,0.8134316250216216,0.0,0.08717029198305681,0.9006046659778804
2026-07-20T23:33:41,KNN-Direct-Manhattan,Toxicity,0.2,2,2,13,0.7428571428571429,0.6936457920237444,0.0,0.07150637498125434,0.7651554170297459
2026-07-20T23:33:44,KNN-IC,Toxicity,0.2,3,3,11,0.6571428571428571,3.293519541970454,0.230419457948301,0.02091008296702057,3.544853499974124
2026-07-20T23:33:44,Mean-IC,Toxicity,0.2,3,3,10,0.5714285714285714,0.1227815420133993,0.0021342909894883633,0.01257520797662437,0.13749433297198266
2026-07-20T23:33:45,KNN-Direct,Toxicity,0.2,3,3,11,0.6,0.6824605830479413,0.0,0.07124458299949765,0.7537074169958942
2026-07-20T23:33:46,KNN-Direct-Weighted,Toxicity,0.2,3,3,11,0.6,0.693867499998305,0.0,0.07291854202048853,0.7667936249636114
2026-07-20T23:33:47,KNN-Direct-Manhattan,Toxicity,0.2,3,3,11,0.5714285714285714,0.6841537920408882,0.0,0.07181583298370242,0.7559725000173785
2026-07-20T23:33:50,KNN-IC,Toxicity,0.2,4,4,3,0.6285714285714286,3.243219207972288,0.20297924999613315,0.020731917000375688,3.466937292017974
2026-07-20T23:33:50,Mean-IC,Toxicity,0.2,4,4,3,0.5714285714285714,0.12437899998622015,0.0021460410207509995,0.012479833967518061,0.13900808297330514
2026-07-20T23:33:51,KNN-Direct,Toxicity,0.2,4,4,6,0.6,0.6886849160073325,0.0,0.07191395905101672,0.7606009579612873
2026-07-20T23:33:52,KNN-Direct-Weighted,Toxicity,0.2,4,4,3,0.6571428571428571,0.6948905829922296,0.0,0.07244383305078372,0.7673372499994002
2026-07-20T23:33:53,KNN-Direct-Manhattan,Toxicity,0.2,4,4,3,0.6285714285714286,0.6858438749914058,0.0,0.07152354199206457,0.7573705419781618
2026-07-20T23:33:56,KNN-IC,Toxicity,0.2,5,5,7,0.6285714285714286,3.4012621660367586,0.2237730419728905,0.020635083958040923,3.6456742079462856
2026-07-20T23:33:56,Mean-IC,Toxicity,0.2,5,5,5,0.6,0.12352050002664328,0.0022821250022388995,0.01236250001238659,0.1381677919998765
2026-07-20T23:33:57,KNN-Direct,Toxicity,0.2,5,5,11,0.6285714285714286,0.6833488750271499,0.0,0.07187833299394697,0.7552297079819255
2026-07-20T23:33:58,KNN-Direct-Weighted,Toxicity,0.2,5,5,11,0.6857142857142857,0.6879427089588717,0.0,0.07186716696014628,0.7598132500424981
2026-07-20T23:33:59,KNN-Direct-Manhattan,Toxicity,0.2,5,5,6,0.5142857142857142,0.6767033329815604,0.0,0.07044462498743087,0.7471513750497252
2026-07-20T23:34:02,KNN-IC,Toxicity,0.2,6,6,4,0.4857142857142857,3.205389125039801,0.22623804199974984,0.020505958003923297,3.4521370419533923
2026-07-20T23:34:02,Mean-IC,Toxicity,0.2,6,6,4,0.5428571428571428,0.1229776669642888,0.0021285840193741024,0.012529583007562906,0.13763975002802908
2026-07-20T23:34:03,KNN-Direct,Toxicity,0.2,6,6,3,0.5142857142857142,0.6811158749624155,0.0,0.07117004197789356,0.7522877499577589
2026-07-20T23:34:04,KNN-Direct-Weighted,Toxicity,0.2,6,6,3,0.5428571428571428,0.687078749993816,0.0,0.07219916698522866,0.7592804579762742
2026-07-20T23:34:04,KNN-Direct-Manhattan,Toxicity,0.2,6,6,3,0.5142857142857142,0.6761494579841383,0.0,0.07097233401145786,0.7471247920184396
2026-07-20T23:34:08,KNN-IC,Toxicity,0.2,7,7,1,0.42857142857142855,3.2249223749968223,0.18949550000252202,0.020705125003587455,3.4351265839650296
2026-07-20T23:34:08,Mean-IC,Toxicity,0.2,7,7,1,0.45714285714285713,0.12338883295888081,0.0022132910089567304,0.012502041994594038,0.1381077080150135
2026-07-20T23:34:09,KNN-Direct,Toxicity,0.2,7,7,1,0.4857142857142857,0.6841780410031788,0.0,0.07169279200024903,0.7558732500183396
2026-07-20T23:34:10,KNN-Direct-Weighted,Toxicity,0.2,7,7,1,0.45714285714285713,0.7728229170315899,0.0,0.07502616697456688,0.8478516250033863
2026-07-20T23:34:10,KNN-Direct-Manhattan,Toxicity,0.2,7,7,14,0.42857142857142855,0.6841860830318183,0.0,0.06980504095554352,0.75399420800386
2026-07-20T23:34:14,KNN-IC,Toxicity,0.2,8,8,15,0.6857142857142857,3.2545754589955322,0.2432640409679152,0.020942959003150463,3.5187862910097465
2026-07-20T23:34:14,Mean-IC,Toxicity,0.2,8,8,4,0.5714285714285714,0.12458870798582211,0.002185042016208172,0.012626999989151955,0.13940441701561213
2026-07-20T23:34:15,KNN-Direct,Toxicity,0.2,8,8,15,0.7428571428571429,0.6897150420118123,0.0,0.07193512498633936,0.7616524579934776
2026-07-20T23:34:16,KNN-Direct-Weighted,Toxicity,0.2,8,8,15,0.7714285714285715,0.694976166007109,0.0,0.07292462501209229,0.7679037919733673
2026-07-20T23:34:16,KNN-Direct-Manhattan,Toxicity,0.2,8,8,4,0.6571428571428571,0.6841007079929113,0.0,0.07130004197824746,0.7554034579661675
2026-07-20T23:34:20,KNN-IC,Toxicity,0.2,9,9,9,0.6571428571428571,3.293548459012527,0.23073391697835177,0.02080120798200369,3.54508758301381
2026-07-20T23:34:20,Mean-IC,Toxicity,0.2,9,9,11,0.6571428571428571,0.1249672079575248,0.0021501670125871897,0.012500083015765995,0.13962083304068074
2026-07-20T23:34:21,KNN-Direct,Toxicity,0.2,9,9,9,0.7428571428571429,0.6894897500169463,0.0,0.07189516699872911,0.7613868330372497
2026-07-20T23:34:22,KNN-Direct-Weighted,Toxicity,0.2,9,9,13,0.6857142857142857,0.7056172080338001,0.0,0.07467629201710224,0.7802965420414694
2026-07-20T23:34:22,KNN-Direct-Manhattan,Toxicity,0.2,9,9,13,0.8,0.6830185830476694,0.0,0.07170329202199355,0.7547254579840228
2026-07-20T23:34:26,KNN-IC,Toxicity,0.2,10,10,15,0.5428571428571428,3.5104395000380464,0.2430060000042431,0.02075970801524818,3.7742093749693595
2026-07-20T23:34:26,Mean-IC,Toxicity,0.2,10,10,15,0.5142857142857142,0.12585912499343976,0.0021416249801404774,0.012776040995959193,0.14078045799396932
2026-07-20T23:34:27,KNN-Direct,Toxicity,0.2,10,10,15,0.5714285714285714,0.6900741249555722,0.0,0.07222979102516547,0.762306582997553
2026-07-20T23:34:28,KNN-Direct-Weighted,Toxicity,0.2,10,10,15,0.5428571428571428,0.6926798750064336,0.0,0.07357870799023658,0.7662614170112647
2026-07-20T23:34:29,KNN-Direct-Manhattan,Toxicity,0.2,10,10,13,0.5428571428571428,0.683387374971062,0.0,0.07158437499310821,0.7549784170114435
2026-07-20T23:34:32,KNN-IC,Toxicity,0.2,11,11,13,0.6285714285714286,3.25996341597056,0.23938441701466218,0.020888541999738663,3.5202411669888534
2026-07-20T23:34:32,Mean-IC,Toxicity,0.2,11,11,14,0.6,0.12401070800842717,0.0021541669848375022,0.012758874974679202,0.13892708398634568
2026-07-20T23:34:33,KNN-Direct,Toxicity,0.2,11,11,6,0.5714285714285714,0.6929561250144616,0.0,0.07244012498995289,0.765398291987367
2026-07-20T23:34:34,KNN-Direct-Weighted,Toxicity,0.2,11,11,6,0.6,0.6965317499707453,0.0,0.07276883302256465,0.7693032089737244
2026-07-20T23:34:34,KNN-Direct-Manhattan,Toxicity,0.2,11,11,3,0.5142857142857142,0.6833559580263682,0.0,0.07164629094768316,0.755004916980397
2026-07-20T23:34:38,KNN-IC,Toxicity,0.2,12,12,7,0.6,3.298293750034645,0.23535466700559482,0.021455375012010336,3.555108874978032
2026-07-20T23:34:38,Mean-IC,Toxicity,0.2,12,12,10,0.5142857142857142,0.12776745803421363,0.002121791010722518,0.012672333978116512,0.14256479201139882
2026-07-20T23:34:39,KNN-Direct,Toxicity,0.2,12,12,7,0.5142857142857142,0.6914326249971054,0.0,0.07666916603920981,0.7681040830211714
2026-07-20T23:34:40,KNN-Direct-Weighted,Toxicity,0.2,12,12,3,0.5714285714285714,0.7923377080005594,0.0,0.07350083300843835,0.8658415829995647
2026-07-20T23:34:41,KNN-Direct-Manhattan,Toxicity,0.2,12,12,4,0.45714285714285713,0.6881445409962907,0.0,0.07153749995632097,0.7596849590190686
2026-07-20T23:34:44,KNN-IC,Toxicity,0.2,13,13,1,0.4857142857142857,3.237951625022106,0.19065791700268164,0.021075624972581863,3.4496891669696197
2026-07-20T23:34:44,Mean-IC,Toxicity,0.2,13,13,8,0.4857142857142857,0.12449291697703302,0.0024003330036066473,0.01257204101420939,0.13946816697716713
2026-07-20T23:34:45,KNN-Direct,Toxicity,0.2,13,13,1,0.5142857142857142,0.6916585409780964,0.0,0.07184216700261459,0.7635030419914983
2026-07-20T23:34:46,KNN-Direct-Weighted,Toxicity,0.2,13,13,7,0.5142857142857142,0.695444334007334,0.0,0.0723399159614928,0.7677863339777105
2026-07-20T23:34:46,KNN-Direct-Manhattan,Toxicity,0.2,13,13,1,0.42857142857142855,0.6841675830073655,0.0,0.07188716600649059,0.7560577089898288
2026-07-20T23:34:50,KNN-IC,Toxicity,0.2,14,14,7,0.6,3.3214377090334892,0.23432849999517202,0.020784666994586587,3.5765542089939117
2026-07-20T23:34:50,Mean-IC,Toxicity,0.2,14,14,7,0.6285714285714286,0.12451766699086875,0.002142749959602952,0.01283191703259945,0.13949574995785952
2026-07-20T23:34:51,KNN-Direct,Toxicity,0.2,14,14,7,0.6285714285714286,0.6888862499617971,0.0,0.0726327080046758,0.7615215000114404
2026-07-20T23:34:52,KNN-Direct-Weighted,Toxicity,0.2,14,14,7,0.6285714285714286,0.6949647089932114,0.0,0.07281099999090657,0.7677782090031542
2026-07-20T23:34:52,KNN-Direct-Manhattan,Toxicity,0.2,14,14,6,0.5714285714285714,0.6816263749497011,0.0,0.07106645900057629,0.7526952500338666
2026-07-20T23:34:56,KNN-IC,Toxicity,0.2,15,15,5,0.6,3.386099541967269,0.22784375003539026,0.02090866700746119,3.6348563749925233
2026-07-20T23:34:56,Mean-IC,Toxicity,0.2,15,15,4,0.5142857142857142,0.12494608300039545,0.0022168749710544944,0.012809333042241633,0.13997558294795454
2026-07-20T23:34:57,KNN-Direct,Toxicity,0.2,15,15,5,0.6,0.6875387920299545,0.0,0.07205275003798306,0.759593416005373
2026-07-20T23:34:58,KNN-Direct-Weighted,Toxicity,0.2,15,15,7,0.6,0.6938951250049286,0.0,0.07311083399690688,0.7670089169987477
2026-07-20T23:34:59,KNN-Direct-Manhattan,Toxicity,0.2,15,15,5,0.6285714285714286,0.9025096659897827,0.0,0.07239250000566244,0.9749084170325659
2026-07-20T23:35:02,KNN-IC,Toxicity,0.2,16,16,15,0.6857142857142857,3.3229220419889316,0.23932449996937066,0.02124816703144461,3.583500374981668
2026-07-20T23:35:02,Mean-IC,Toxicity,0.2,16,16,7,0.5714285714285714,0.12442691600881517,0.0021239579655230045,0.012674542027525604,0.13922829198418185
2026-07-20T23:35:03,KNN-Direct,Toxicity,0.2,16,16,11,0.5428571428571428,0.6882533750031143,0.0,0.07291316700866446,0.7611686249729246
2026-07-20T23:35:04,KNN-Direct-Weighted,Toxicity,0.2,16,16,11,0.5428571428571428,0.694905792013742,0.0,0.07306095899548382,0.7679691659868695
2026-07-20T23:35:05,KNN-Direct-Manhattan,Toxicity,0.2,16,16,14,0.5714285714285714,0.6826558340108022,0.0,0.07133524998789653,0.7539935000240803
2026-07-20T23:35:08,KNN-IC,Toxicity,0.2,17,17,3,0.6,3.2945480829803273,0.2019439590512775,0.020749209041241556,3.5172460000030696
2026-07-20T23:35:08,Mean-IC,Toxicity,0.2,17,17,7,0.5714285714285714,0.12390079104807228,0.0021383329876698554,0.012603625014889985,0.13864670897601172
2026-07-20T23:35:09,KNN-Direct,Toxicity,0.2,17,17,11,0.5714285714285714,0.7510637079831213,0.0,0.0719332080334425,0.8229992919950746
2026-07-20T23:35:10,KNN-Direct-Weighted,Toxicity,0.2,17,17,11,0.6,0.8211136659956537,0.0,0.07342016702750698,0.8945371670415625
2026-07-20T23:35:11,KNN-Direct-Manhattan,Toxicity,0.2,17,17,7,0.6,0.6873554170015268,0.0,0.07248808402800933,0.7598465830087662
2026-07-20T23:35:14,KNN-IC,Toxicity,0.2,18,18,13,0.6857142857142857,3.3048126669600606,0.23470829101279378,0.021222416951786727,3.560746958013624
2026-07-20T23:35:15,Mean-IC,Toxicity,0.2,18,18,13,0.6,0.1237248329562135,0.002115875016897917,0.012714665965177119,0.13855870894622058
2026-07-20T23:35:15,KNN-Direct,Toxicity,0.2,18,18,12,0.6285714285714286,0.6879765830235556,0.0,0.07318641699384898,0.7611652500345372
2026-07-20T23:35:16,KNN-Direct-Weighted,Toxicity,0.2,18,18,11,0.6,0.6939497499843128,0.0,0.07306812499882653,0.7670206660404801
2026-07-20T23:35:17,KNN-Direct-Manhattan,Toxicity,0.2,18,18,15,0.6857142857142857,0.6842615420464426,0.0,0.07116966700414196,0.7554339999915101
2026-07-20T23:35:20,KNN-IC,Toxicity,0.2,19,19,11,0.6571428571428571,3.3100937500130385,0.2360526669654064,0.020929458958562464,3.5670799579820596
2026-07-20T23:35:21,Mean-IC,Toxicity,0.2,19,19,3,0.5714285714285714,0.12410458398517221,0.0021531659876927733,0.01274662499781698,0.13900833297520876
2026-07-20T23:35:21,KNN-Direct,Toxicity,0.2,19,19,6,0.6285714285714286,0.689614792005159,0.0,0.07267149997642264,0.7622887920006178
2026-07-20T23:35:22,KNN-Direct-Weighted,Toxicity,0.2,19,19,5,0.6285714285714286,0.6941073329653591,0.0,0.07332695898367092,0.7674364999984391
2026-07-20T23:35:23,KNN-Direct-Manhattan,Toxicity,0.2,19,19,6,0.6,0.6817223749822006,0.0,0.07108862500172108,0.7528139170026407
2026-07-20T23:35:27,KNN-IC,Toxicity,0.2,20,20,3,0.5714285714285714,3.428940958052408,0.20302808395354077,0.02102487499359995,3.652997665980365
2026-07-20T23:35:27,Mean-IC,Toxicity,0.2,20,20,10,0.5714285714285714,0.12422654102556407,0.0021370419999584556,0.012736916949506849,0.1391041249735281
2026-07-20T23:35:27,KNN-Direct,Toxicity,0.2,20,20,6,0.6,0.6882453750004061,0.0,0.07215766701847315,0.7604049170040525
2026-07-20T23:35:28,KNN-Direct-Weighted,Toxicity,0.2,20,20,3,0.6,0.6933247089618817,0.0,0.07358741603093222,0.766914917039685
2026-07-20T23:35:29,KNN-Direct-Manhattan,Toxicity,0.2,20,20,4,0.5428571428571428,0.6824333340045996,0.0,0.07139275001827627,0.7538285420159809
2026-07-20T23:35:33,KNN-IC,Toxicity,0.2,21,21,3,0.6285714285714286,3.319052250008099,0.20379795803455636,0.02072362502804026,3.543577999982517
2026-07-20T23:35:33,Mean-IC,Toxicity,0.2,21,21,4,0.6285714285714286,0.12414679198991507,0.002354125026613474,0.012543042015749961,0.1390472920029424
2026-07-20T23:35:33,KNN-Direct,Toxicity,0.2,21,21,13,0.6285714285714286,0.6883563330047764,0.0,0.07181950000813231,0.7601783749996684
2026-07-20T23:35:34,KNN-Direct-Weighted,Toxicity,0.2,21,21,13,0.6285714285714286,0.6933578330208547,0.0,0.07224979199236259,0.7656102500041015
2026-07-20T23:35:35,KNN-Direct-Manhattan,Toxicity,0.2,21,21,8,0.5428571428571428,0.6832646670518443,0.0,0.07140612503280863,0.754673500021454
2026-07-20T23:35:38,KNN-IC,Toxicity,0.2,22,22,14,0.6,3.2868787919869646,0.24236716597806662,0.021442666999064386,3.550693000026513
2026-07-20T23:35:39,Mean-IC,Toxicity,0.2,22,22,9,0.5714285714285714,0.125749500002712,0.0022334579844027758,0.01266512501752004,0.14065099996514618
2026-07-20T23:35:39,KNN-Direct,Toxicity,0.2,22,22,8,0.5428571428571428,0.6970795830129646,0.0,0.1151186249917373,0.8122008750215173
2026-07-20T23:35:40,KNN-Direct-Weighted,Toxicity,0.2,22,22,6,0.5142857142857142,0.7547476249746978,0.0,0.07349308294942603,0.8282454579602927
2026-07-20T23:35:41,KNN-Direct-Manhattan,Toxicity,0.2,22,22,13,0.6,0.684057375008706,0.0,0.07079308398533612,0.7548532089567743
2026-07-20T23:35:45,KNN-IC,Toxicity,0.2,23,23,7,0.5714285714285714,3.304519832949154,0.23463254101807252,0.020697166968602687,3.5598533749580383
2026-07-20T23:35:45,Mean-IC,Toxicity,0.2,23,23,7,0.5714285714285714,0.12422549998154864,0.0024679999914951622,0.012425791996065527,0.13912254199385643
2026-07-20T23:35:46,KNN-Direct,Toxicity,0.2,23,23,7,0.5714285714285714,0.6873759999871254,0.0,0.07162537501426414,0.7590036659967154
2026-07-20T23:35:46,KNN-Direct-Weighted,Toxicity,0.2,23,23,7,0.6,0.6949515829910524,0.0,0.07270120800239965,0.7676554170320742
2026-07-20T23:35:47,KNN-Direct-Manhattan,Toxicity,0.2,23,23,9,0.6,0.6800248340005055,0.0,0.07115125004202127,0.7511790829594247
2026-07-20T23:35:51,KNN-IC,Toxicity,0.2,24,24,7,0.5714285714285714,3.267768874997273,0.23383487499086186,0.021040874999016523,3.5226490000495687
2026-07-20T23:35:51,Mean-IC,Toxicity,0.2,24,24,8,0.6285714285714286,0.12403566599823534,0.002591666008811444,0.012165749969426543,0.13879608403658494
2026-07-20T23:35:51,KNN-Direct,Toxicity,0.2,24,24,10,0.4857142857142857,0.6891734169912525,0.0,0.07198487501591444,0.7611606249702163
2026-07-20T23:35:52,KNN-Direct-Weighted,Toxicity,0.2,24,24,7,0.6,0.6967771250056103,0.0,0.07272912497865036,0.7695086669991724
2026-07-20T23:35:53,KNN-Direct-Manhattan,Toxicity,0.2,24,24,13,0.6,0.6831568750203587,0.0,0.07042445801198483,0.7535837919567712
2026-07-20T23:35:57,KNN-IC,Toxicity,0.2,25,25,5,0.5714285714285714,3.4816371250199154,0.23241166694788262,0.020756625046487898,3.734809082990978
2026-07-20T23:35:57,Mean-IC,Toxicity,0.2,25,25,5,0.5714285714285714,0.12552649999270216,0.0026005420368164778,0.012605458963662386,0.14073558303061873
2026-07-20T23:35:58,KNN-Direct,Toxicity,0.2,25,25,5,0.5714285714285714,0.6907826249953359,0.0,0.07191966701066121,0.7627048749709502
2026-07-20T23:35:58,KNN-Direct-Weighted,Toxicity,0.2,25,25,5,0.5714285714285714,0.6949362920131534,0.0,0.07216691703069955,0.767105792008806
2026-07-20T23:35:59,KNN-Direct-Manhattan,Toxicity,0.2,25,25,5,0.6,0.6908368340227753,0.0,0.07125858403742313,0.7620978329796344
2026-07-20T23:36:03,KNN-IC,Toxicity,0.2,26,26,15,0.5714285714285714,3.2508892920450307,0.23721950000617653,0.020664374984335154,3.5087775419815443
2026-07-20T23:36:03,Mean-IC,Toxicity,0.2,26,26,13,0.6,0.12634920800337568,0.002159916970413178,0.012362167006358504,0.14087545801885426
2026-07-20T23:36:04,KNN-Direct,Toxicity,0.2,26,26,15,0.6857142857142857,0.6882562080281787,0.0,0.07122608396457508,0.7594850829918869
2026-07-20T23:36:04,KNN-Direct-Weighted,Toxicity,0.2,26,26,13,0.6285714285714286,0.7102857500431128,0.0,0.07244745799107477,0.7827359170187265
2026-07-20T23:36:05,KNN-Direct-Manhattan,Toxicity,0.2,26,26,15,0.6285714285714286,0.8163740840391256,0.0,0.0785156250349246,0.8948934999643825
2026-07-20T23:36:09,KNN-IC,Toxicity,0.2,27,27,1,0.4857142857142857,3.4120363750262186,0.19876312505220994,0.021187249978538603,3.6319912080070935
2026-07-20T23:36:09,Mean-IC,Toxicity,0.2,27,27,7,0.7142857142857143,0.12943045800784603,0.0023200829746201634,0.013469792029354721,0.14522450004005805
2026-07-20T23:36:10,KNN-Direct,Toxicity,0.2,27,27,1,0.5142857142857142,0.7809190420084633,0.0,0.07598195894388482,0.8569035420077853
2026-07-20T23:36:11,KNN-Direct-Weighted,Toxicity,0.2,27,27,1,0.5142857142857142,0.7274507080437616,0.0,0.07794958399608731,0.8054045829921961
2026-07-20T23:36:11,KNN-Direct-Manhattan,Toxicity,0.2,27,27,11,0.7428571428571429,0.7215820419951342,0.0,0.07565345801413059,0.7972392500378191
2026-07-20T23:36:15,KNN-IC,Toxicity,0.2,28,28,1,0.5142857142857142,3.5105253340443596,0.20061420800630003,0.022490292030852288,3.733634083007928
2026-07-20T23:36:15,Mean-IC,Toxicity,0.2,28,28,5,0.6571428571428571,0.1295410000020638,0.0022363750031217933,0.013130832987371832,0.14491233398439363
2026-07-20T23:36:16,KNN-Direct,Toxicity,0.2,28,28,5,0.7142857142857143,0.7174617089913227,0.0,0.07446341699687764,0.7919274999876507
2026-07-20T23:36:17,KNN-Direct-Weighted,Toxicity,0.2,28,28,6,0.6857142857142857,0.7276499579893425,0.0,0.07500745897414163,0.8026608750224113
2026-07-20T23:36:18,KNN-Direct-Manhattan,Toxicity,0.2,28,28,4,0.6571428571428571,0.7057871249853633,0.0,0.0739925829693675,0.7797825000016019
2026-07-20T23:36:21,KNN-IC,Toxicity,0.2,29,29,9,0.5714285714285714,3.379277333035134,0.23789712495636195,0.021288625022862107,3.6384674159926362
2026-07-20T23:36:22,Mean-IC,Toxicity,0.2,29,29,7,0.6571428571428571,0.12837637501070276,0.0023319169995374978,0.013593790994491428,0.14430575002916157
2026-07-20T23:36:22,KNN-Direct,Toxicity,0.2,29,29,5,0.6285714285714286,0.7328801660332829,0.0,0.07525275001535192,0.8081354169989936
2026-07-20T23:36:23,KNN-Direct-Weighted,Toxicity,0.2,29,29,10,0.7142857142857143,0.7258156670141034,0.0,0.07340179197490215,0.7992207919596694
2026-07-20T23:36:24,KNN-Direct-Manhattan,Toxicity,0.2,29,29,5,0.6,0.7082075420184992,0.0,0.07294616696890444,0.7811565829906613
2026-07-20T23:36:28,KNN-IC,Toxicity,0.2,30,30,13,0.6,4.029840416973457,0.38621945900376886,0.024337458016816527,4.440403915999923
2026-07-20T23:36:29,Mean-IC,Toxicity,0.2,30,30,15,0.5428571428571428,0.13466500001959503,0.0022963329683989286,0.01240916596725583,0.149374499975238
2026-07-20T23:36:29,KNN-Direct,Toxicity,0.2,30,30,13,0.5714285714285714,0.6960106249898672,0.0,0.07516904204385355,0.7711820419644937
2026-07-20T23:36:30,KNN-Direct-Weighted,Toxicity,0.2,30,30,15,0.5714285714285714,0.6949338329723105,0.0,0.07262900000205263,0.7675657080253586
2026-07-20T23:36:31,KNN-Direct-Manhattan,Toxicity,0.2,30,30,9,0.5428571428571428,0.6868834579945542,0.0,0.07167095795739442,0.7585579580045305
2026-07-20T23:36:34,KNN-IC,Toxicity,0.2,31,31,5,0.6857142857142857,3.3371250000200234,0.23064095800509676,0.02094283397309482,3.5887128330068663
2026-07-20T23:36:35,Mean-IC,Toxicity,0.2,31,31,5,0.6285714285714286,0.12748204194940627,0.0023672080133110285,0.012215333990752697,0.14206766698043793
2026-07-20T23:36:35,KNN-Direct,Toxicity,0.2,31,31,7,0.7142857142857143,0.6903406659839675,0.0,0.07107670803088695,0.7614200839889236
2026-07-20T23:36:36,KNN-Direct-Weighted,Toxicity,0.2,31,31,5,0.6571428571428571,0.6919822500203736,0.0,0.07215966697549447,0.7641448749927804
2026-07-20T23:36:37,KNN-Direct-Manhattan,Toxicity,0.2,31,31,5,0.6571428571428571,0.6846588340122253,0.0,0.07139450003160164,0.7560556249809451
2026-07-20T23:36:41,KNN-IC,Toxicity,0.2,32,32,1,0.5714285714285714,3.6018874580040574,0.1949815420084633,0.021152708039153367,3.8180267499992624
2026-07-20T23:36:41,Mean-IC,Toxicity,0.2,32,32,3,0.6571428571428571,0.13073383300798014,0.0022130419965833426,0.01272720901761204,0.14567829098086804
2026-07-20T23:36:42,KNN-Direct,Toxicity,0.2,32,32,5,0.7714285714285715,0.6940674579818733,0.0,0.07159654196584597,0.765666457999032
2026-07-20T23:36:42,KNN-Direct-Weighted,Toxicity,0.2,32,32,5,0.8,0.6901724170311354,0.0,0.07236054202076048,0.7625353750190698
2026-07-20T23:36:43,KNN-Direct-Manhattan,Toxicity,0.2,32,32,6,0.7428571428571429,0.6818635419476777,0.0,0.07081554201431572,0.7526816250174306
2026-07-20T23:36:47,KNN-IC,Toxicity,0.2,33,33,5,0.6,3.278379249968566,0.22809733398025855,0.020581374992616475,3.5270620830124244
2026-07-20T23:36:47,Mean-IC,Toxicity,0.2,33,33,15,0.6285714285714286,0.12436120898928493,0.0021723330137319863,0.01262304198462516,0.1391601249924861
2026-07-20T23:36:48,KNN-Direct,Toxicity,0.2,33,33,5,0.5714285714285714,0.6907766669755802,0.0,0.07131550001213327,0.7620967089897022
2026-07-20T23:36:48,KNN-Direct-Weighted,Toxicity,0.2,33,33,5,0.5714285714285714,0.6965689170174301,0.0,0.07230533298570663,0.7688790829852223
2026-07-20T23:36:49,KNN-Direct-Manhattan,Toxicity,0.2,33,33,5,0.6,0.685845458006952,0.0,0.07118016696767882,0.7570309160510078
2026-07-20T23:36:53,KNN-IC,Toxicity,0.2,34,34,9,0.6,3.304985874972772,0.23448841599747539,0.02086862496798858,3.560346500016749
2026-07-20T23:36:53,Mean-IC,Toxicity,0.2,34,34,9,0.5714285714285714,0.12620308401528746,0.0021235409658402205,0.012619790970347822,0.1409497499698773
2026-07-20T23:36:54,KNN-Direct,Toxicity,0.2,34,34,5,0.5428571428571428,0.6851143339881673,0.0,0.07115508295828477,0.7562720000278205
2026-07-20T23:36:54,KNN-Direct-Weighted,Toxicity,0.2,34,34,5,0.4857142857142857,0.6904535829671659,0.0,0.07158679200801998,0.7620432080002502
2026-07-20T23:36:55,KNN-Direct-Manhattan,Toxicity,0.2,34,34,10,0.5714285714285714,0.787136583996471,0.0,0.07105645904084668,0.8581956250127405
2026-07-20T23:36:59,KNN-IC,Toxicity,0.2,35,35,11,0.6857142857142857,3.269784083997365,0.2528942910139449,0.022416834020987153,3.5450990000390448
2026-07-20T23:36:59,Mean-IC,Toxicity,0.2,35,35,5,0.6,0.13411458302289248,0.002322582993656397,0.01329450000775978,0.14973491698037833
2026-07-20T23:37:00,KNN-Direct,Toxicity,0.2,35,35,15,0.6285714285714286,0.6955814170069061,0.0,0.07150604197522625,0.7670900000375696
2026-07-20T23:37:00,KNN-Direct-Weighted,Toxicity,0.2,35,35,9,0.6,0.6881554169813171,0.0,0.07197991700377315,0.7601377500104718
2026-07-20T23:37:01,KNN-Direct-Manhattan,Toxicity,0.2,35,35,9,0.6285714285714286,0.67673141596606,0.0,0.07062849996145815,0.747362875030376
2026-07-20T23:37:05,KNN-IC,Toxicity,0.2,36,36,3,0.7428571428571429,3.2815445419983007,0.20067062496673316,0.020725915965158492,3.502945250016637
2026-07-20T23:37:05,Mean-IC,Toxicity,0.2,36,36,8,0.6857142857142857,0.12407225003698841,0.0021804579882882535,0.012474042014218867,0.13873008399968967
2026-07-20T23:37:06,KNN-Direct,Toxicity,0.2,36,36,3,0.6857142857142857,0.6834480839897878,0.0,0.07167391601251438,0.7551256660372019
2026-07-20T23:37:06,KNN-Direct-Weighted,Toxicity,0.2,36,36,14,0.7428571428571429,0.6870150830363855,0.0,0.07204712502425537,0.7590652080252767
2026-07-20T23:37:07,KNN-Direct-Manhattan,Toxicity,0.2,36,36,3,0.7142857142857143,0.6783808329491876,0.0,0.07088900002418086,0.7492730839876458
2026-07-20T23:37:11,KNN-IC,Toxicity,0.2,37,37,5,0.7142857142857143,3.3718106250162236,0.22607570799300447,0.020887209044303745,3.6187770839896984
2026-07-20T23:37:11,Mean-IC,Toxicity,0.2,37,37,5,0.6857142857142857,0.1235341249848716,0.0021351250470615923,0.012555875000543892,0.13822829199489206
2026-07-20T23:37:12,KNN-Direct,Toxicity,0.2,37,37,4,0.6857142857142857,0.6868552499799989,0.0,0.0711990839918144,0.7580566250253469
2026-07-20T23:37:12,KNN-Direct-Weighted,Toxicity,0.2,37,37,4,0.6857142857142857,0.689632291032467,0.0,0.0715865419479087,0.7612217499990948
2026-07-20T23:37:13,KNN-Direct-Manhattan,Toxicity,0.2,37,37,7,0.6,0.6770952910301276,0.0,0.07029129099100828,0.7473892499692738
2026-07-20T23:37:17,KNN-IC,Toxicity,0.2,38,38,15,0.6,3.282583042047918,0.24190837499918416,0.02061554096871987,3.5451114589814097
2026-07-20T23:37:17,Mean-IC,Toxicity,0.2,38,38,14,0.5714285714285714,0.12432091700611636,0.0021495000110007823,0.012568083009682596,0.13904212502529845
2026-07-20T23:37:18,KNN-Direct,Toxicity,0.2,38,38,9,0.5714285714285714,0.6840990410419181,0.0,0.07131187501363456,0.7554130830103531
2026-07-20T23:37:18,KNN-Direct-Weighted,Toxicity,0.2,38,38,15,0.6,0.69007137499284,0.0,0.07204704103060067,0.7621209999779239
2026-07-20T23:37:19,KNN-Direct-Manhattan,Toxicity,0.2,38,38,14,0.5428571428571428,0.6758317909552716,0.0,0.07070199999725446,0.7465366250253282
2026-07-20T23:37:23,KNN-IC,Toxicity,0.2,39,39,9,0.5428571428571428,3.264720291015692,0.22918554197531193,0.021136125025805086,3.5150461670127697
2026-07-20T23:37:23,Mean-IC,Toxicity,0.2,39,39,9,0.5428571428571428,0.12340004200814292,0.0022959159687161446,0.012477874988690019,0.1381769580184482
2026-07-20T23:37:23,KNN-Direct,Toxicity,0.2,39,39,7,0.6,0.684077583020553,0.0,0.07149541599210352,0.7555754160275683
2026-07-20T23:37:24,KNN-Direct-Weighted,Toxicity,0.2,39,39,13,0.5714285714285714,0.6911496249958873,0.0,0.07214979198761284,0.7633024589740671
2026-07-20T23:37:25,KNN-Direct-Manhattan,Toxicity,0.2,39,39,4,0.45714285714285713,0.8200927500147372,0.0,0.07440183399012312,0.8944975839694962
2026-07-20T23:37:29,KNN-IC,Toxicity,0.3,0,0,1,0.5142857142857142,3.4211202500155196,0.19243266701232642,0.02073516702512279,3.6342921250034124
2026-07-20T23:37:29,Mean-IC,Toxicity,0.3,0,0,13,0.5142857142857142,0.1237044160370715,0.002486291981767863,0.012586708005983382,0.13878120901063085
2026-07-20T23:37:30,KNN-Direct,Toxicity,0.3,0,0,13,0.5714285714285714,0.7160497499862686,0.0,0.07474762498168275,0.7907997919828631
2026-07-20T23:37:30,KNN-Direct-Weighted,Toxicity,0.3,0,0,13,0.6,0.7217982079600915,0.0,0.0752562090056017,0.7970575829967856
2026-07-20T23:37:31,KNN-Direct-Manhattan,Toxicity,0.3,0,0,1,0.5428571428571428,0.7108761660056189,0.0,0.07390120800118893,0.7847807080252096
2026-07-20T23:37:35,KNN-IC,Toxicity,0.3,1,1,15,0.6857142857142857,3.4174307089997455,0.26154445798601955,0.020727999974042177,3.699707874970045
2026-07-20T23:37:35,Mean-IC,Toxicity,0.3,1,1,14,0.5714285714285714,0.12348250002833083,0.002641750033944845,0.01250533398706466,0.1386327079962939
2026-07-20T23:37:36,KNN-Direct,Toxicity,0.3,1,1,13,0.6285714285714286,0.7168994169915095,0.0,0.07482645800337195,0.7917280420078896
2026-07-20T23:37:37,KNN-Direct-Weighted,Toxicity,0.3,1,1,13,0.6,0.7215063330368139,0.0,0.07545829197624698,0.7969681670074351
2026-07-20T23:37:38,KNN-Direct-Manhattan,Toxicity,0.3,1,1,15,0.6857142857142857,0.7114162499783561,0.0,0.07420958305010572,0.785628582991194
2026-07-20T23:37:41,KNN-IC,Toxicity,0.3,2,2,5,0.7714285714285715,3.573587416962255,0.24516383302398026,0.02072420803597197,3.8394799170200713
2026-07-20T23:37:41,Mean-IC,Toxicity,0.3,2,2,5,0.6857142857142857,0.12417429097695276,0.002498541958630085,0.012533875007648021,0.13920999999390915
2026-07-20T23:37:42,KNN-Direct,Toxicity,0.3,2,2,3,0.7142857142857143,0.7371319999801926,0.0,0.07745399995474145,0.8145909159793518
2026-07-20T23:37:43,KNN-Direct-Weighted,Toxicity,0.3,2,2,3,0.6857142857142857,0.7318295000004582,0.0,0.07485425000777468,0.8066870420007035
2026-07-20T23:37:44,KNN-Direct-Manhattan,Toxicity,0.3,2,2,15,0.6857142857142857,0.7118466250249185,0.0,0.0740214999532327,0.7858707910054363
2026-07-20T23:37:48,KNN-IC,Toxicity,0.3,3,3,11,0.6285714285714286,3.4774125419789925,0.25227433297550306,0.0207388749695383,3.750430708983913
2026-07-20T23:37:48,Mean-IC,Toxicity,0.3,3,3,7,0.6571428571428571,0.12244220898719504,0.0025844580377452075,0.012471624999307096,0.13750162499491125
2026-07-20T23:37:49,KNN-Direct,Toxicity,0.3,3,3,11,0.6,0.7191575830220245,0.0,0.07520433398894966,0.7943642500322312
2026-07-20T23:37:49,KNN-Direct-Weighted,Toxicity,0.3,3,3,12,0.6285714285714286,0.724166999978479,0.0,0.07581125001888722,0.799980791984126
2026-07-20T23:37:50,KNN-Direct-Manhattan,Toxicity,0.3,3,3,11,0.6,0.7180863340036012,0.0,0.07495474995812401,0.7930442920187488
2026-07-20T23:37:54,KNN-IC,Toxicity,0.3,4,4,3,0.6,3.376969625009224,0.20889329200144857,0.020693208964075893,3.6065602500457317
2026-07-20T23:37:54,Mean-IC,Toxicity,0.3,4,4,3,0.6285714285714286,0.1238017079886049,0.0024764169938862324,0.012598541041370481,0.1388802090077661
2026-07-20T23:37:55,KNN-Direct,Toxicity,0.3,4,4,3,0.6285714285714286,0.8088452079682611,0.0,0.07676433399319649,0.8856118750409223
2026-07-20T23:37:56,KNN-Direct-Weighted,Toxicity,0.3,4,4,3,0.7142857142857143,0.7310483749606647,0.0,0.07577037496957928,0.8068212909856811
2026-07-20T23:37:56,KNN-Direct-Manhattan,Toxicity,0.3,4,4,3,0.6285714285714286,0.7132434590021148,0.0,0.07468329201219603,0.7879292910220101
2026-07-20T23:38:00,KNN-IC,Toxicity,0.3,5,5,12,0.6857142857142857,3.4408079590066336,0.255615875008516,0.020510375034064054,3.716937916004099
2026-07-20T23:38:00,Mean-IC,Toxicity,0.3,5,5,5,0.6857142857142857,0.12429737497586757,0.0027268329868093133,0.012325334013439715,0.13935266603948548
2026-07-20T23:38:01,KNN-Direct,Toxicity,0.3,5,5,11,0.6857142857142857,0.718828167009633,0.0,0.07465166703332216,0.7934819590300322
2026-07-20T23:38:02,KNN-Direct-Weighted,Toxicity,0.3,5,5,5,0.6857142857142857,0.7212277500075288,0.0,0.07548345800023526,0.7967141669942066
2026-07-20T23:38:03,KNN-Direct-Manhattan,Toxicity,0.3,5,5,3,0.6857142857142857,0.7112893330049701,0.0,0.0739544999669306,0.7852464590105228
2026-07-20T23:38:06,KNN-IC,Toxicity,0.3,6,6,6,0.5142857142857142,3.373869833012577,0.247591708030086,0.02052808296866715,3.641993708035443
2026-07-20T23:38:06,Mean-IC,Toxicity,0.3,6,6,3,0.5142857142857142,0.12475483299931511,0.002862250024918467,0.012227208993863314,0.13984720897860825
2026-07-20T23:38:07,KNN-Direct,Toxicity,0.3,6,6,3,0.4857142857142857,0.7155040419893339,0.0,0.07489454199094325,0.7904008330078796
2026-07-20T23:38:08,KNN-Direct-Weighted,Toxicity,0.3,6,6,3,0.5142857142857142,0.7207279579597525,0.0,0.07596812502015382,0.7966987910331227
2026-07-20T23:38:09,KNN-Direct-Manhattan,Toxicity,0.3,6,6,3,0.5142857142857142,0.7178877919795923,0.0,0.07452454196754843,0.7924151250044815
2026-07-20T23:38:13,KNN-IC,Toxicity,0.3,7,7,2,0.37142857142857144,3.5849020419991575,0.20200483303051442,0.02049887500470504,3.8074094579787925
2026-07-20T23:38:13,Mean-IC,Toxicity,0.3,7,7,5,0.45714285714285713,0.12454458302818239,0.002792125043924898,0.012327082979027182,0.13966687500942498
2026-07-20T23:38:14,KNN-Direct,Toxicity,0.3,7,7,5,0.5428571428571428,0.7168187499628402,0.0,0.07498666702304035,0.7918078340007924
2026-07-20T23:38:14,KNN-Direct-Weighted,Toxicity,0.3,7,7,5,0.5428571428571428,0.7235529169556685,0.0,0.07559445803053677,0.7991502920049243
2026-07-20T23:38:15,KNN-Direct-Manhattan,Toxicity,0.3,7,7,5,0.4857142857142857,0.7102953749708831,0.0,0.07395595900015905,0.7842539999983273
2026-07-20T23:38:19,KNN-IC,Toxicity,0.3,8,8,11,0.8,3.720998749951832,0.2665258329943754,0.020878540992271155,4.008407290966716
2026-07-20T23:38:19,Mean-IC,Toxicity,0.3,8,8,3,0.5714285714285714,0.12508870899910107,0.002797125023789704,0.012435290962457657,0.1403241659863852
2026-07-20T23:38:20,KNN-Direct,Toxicity,0.3,8,8,4,0.6857142857142857,0.7436524159857072,0.0,0.07548087497707456,0.8191357919713482
2026-07-20T23:38:21,KNN-Direct-Weighted,Toxicity,0.3,8,8,4,0.6,0.7252265829592943,0.0,0.07573437498649582,0.800963582994882
2026-07-20T23:38:22,KNN-Direct-Manhattan,Toxicity,0.3,8,8,4,0.7428571428571429,0.710932457994204,0.0,0.07434450002619997,0.7852796250372194
2026-07-20T23:38:26,KNN-IC,Toxicity,0.3,9,9,11,0.6857142857142857,3.57096029096283,0.2540730000473559,0.02062716701766476,3.8456644999678247
2026-07-20T23:38:26,Mean-IC,Toxicity,0.3,9,9,7,0.6571428571428571,0.12478037498658523,0.0027967499918304384,0.012415791978128254,0.13999550003791228
2026-07-20T23:38:27,KNN-Direct,Toxicity,0.3,9,9,9,0.7428571428571429,0.7238335000001825,0.0,0.07540841703303158,0.7992442089598626
2026-07-20T23:38:27,KNN-Direct-Weighted,Toxicity,0.3,9,9,9,0.7428571428571429,0.7281521669938229,0.0,0.07650187495164573,0.8046566669945605
2026-07-20T23:38:28,KNN-Direct-Manhattan,Toxicity,0.3,9,9,15,0.6857142857142857,0.7165653330157511,0.0,0.07440116698853672,0.7909693340188824
2026-07-20T23:38:32,KNN-IC,Toxicity,0.3,10,10,15,0.5428571428571428,3.4948981250054203,0.2654456250020303,0.02086475002579391,3.781212624977343
2026-07-20T23:38:32,Mean-IC,Toxicity,0.3,10,10,13,0.5142857142857142,0.1249351660371758,0.0024833749630488455,0.012705290981102735,0.1401272919611074
2026-07-20T23:38:33,KNN-Direct,Toxicity,0.3,10,10,7,0.5714285714285714,0.7211067919852212,0.0,0.075723415997345,0.7968327919952571
2026-07-20T23:38:34,KNN-Direct-Weighted,Toxicity,0.3,10,10,15,0.5714285714285714,0.7225308329798281,0.0,0.07666416699066758,0.7991975840413943
2026-07-20T23:38:34,KNN-Direct-Manhattan,Toxicity,0.3,10,10,5,0.5142857142857142,0.7160743749700487,0.0,0.07444416702492163,0.7905217080260627
2026-07-20T23:38:38,KNN-IC,Toxicity,0.3,11,11,7,0.5714285714285714,3.4273873749771155,0.25130962498951703,0.02113266702508554,3.6998343330342323
2026-07-20T23:38:38,Mean-IC,Toxicity,0.3,11,11,15,0.5714285714285714,0.12413466698490083,0.002490999992005527,0.012594458006788045,0.1392230840283446
2026-07-20T23:38:39,KNN-Direct,Toxicity,0.3,11,11,12,0.6,0.7282436669920571,0.0,0.07689133298117667,0.8051372920162976
2026-07-20T23:38:40,KNN-Direct-Weighted,Toxicity,0.3,11,11,13,0.6285714285714286,0.8113637500209734,0.0,0.07676900003571063,0.8881357909995131
2026-07-20T23:38:41,KNN-Direct-Manhattan,Toxicity,0.3,11,11,15,0.6,0.7221422079601325,0.0,0.0754674999625422,0.7976123339612968
2026-07-20T23:38:45,KNN-IC,Toxicity,0.3,12,12,9,0.5714285714285714,3.565694249991793,0.25591504195472226,0.020798707962967455,3.842411874968093
2026-07-20T23:38:45,Mean-IC,Toxicity,0.3,12,12,3,0.6285714285714286,0.12487150001106784,0.0024998750304803252,0.012797500006854534,0.14017229102319106
2026-07-20T23:38:46,KNN-Direct,Toxicity,0.3,12,12,7,0.6,0.7244177500251681,0.0,0.07569599995622411,0.8001186669571325
2026-07-20T23:38:46,KNN-Direct-Weighted,Toxicity,0.3,12,12,5,0.5714285714285714,0.7306588749634102,0.0,0.07606545794988051,0.8067295830114745
2026-07-20T23:38:47,KNN-Direct-Manhattan,Toxicity,0.3,12,12,3,0.4857142857142857,0.7157783749862574,0.0,0.07463704200927168,0.7904178749886341
2026-07-20T23:38:51,KNN-IC,Toxicity,0.3,13,13,12,0.5428571428571428,3.4175258339964785,0.25655470800120384,0.020459874998778105,3.694543707999401
2026-07-20T23:38:51,Mean-IC,Toxicity,0.3,13,13,6,0.5428571428571428,0.1239108340232633,0.0026506659924052656,0.01218420802615583,0.13874937500804663
2026-07-20T23:38:52,KNN-Direct,Toxicity,0.3,13,13,6,0.5142857142857142,0.7181898330454715,0.0,0.07520066597498953,0.7933931250008754
2026-07-20T23:38:53,KNN-Direct-Weighted,Toxicity,0.3,13,13,6,0.5428571428571428,0.7274009580141865,0.0,0.07537475001299754,0.8027784579899162
2026-07-20T23:38:53,KNN-Direct-Manhattan,Toxicity,0.3,13,13,12,0.6,0.7122449169983156,0.0,0.07404016697546467,0.7862879579770379
2026-07-20T23:38:58,KNN-IC,Toxicity,0.3,14,14,7,0.6285714285714286,4.015460374997929,0.27804379200097173,0.023387958004605025,4.3168962500058115
2026-07-20T23:38:58,Mean-IC,Toxicity,0.3,14,14,9,0.6285714285714286,0.13928066700464115,0.002828416007105261,0.01415258296765387,0.15626529202563688
2026-07-20T23:38:59,KNN-Direct,Toxicity,0.3,14,14,14,0.6,0.7970208339975215,0.0,0.08354087499901652,0.8805641669896431
2026-07-20T23:39:00,KNN-Direct-Weighted,Toxicity,0.3,14,14,3,0.6,0.8108124579885043,0.0,0.08488658402347937,0.8957015410414897
2026-07-20T23:39:01,KNN-Direct-Manhattan,Toxicity,0.3,14,14,3,0.5142857142857142,0.799542749999091,0.0,0.08346616697963327,0.8830120409838855
2026-07-20T23:39:05,KNN-IC,Toxicity,0.3,15,15,3,0.5428571428571428,4.155833834025543,0.25921358400955796,0.026032749970909208,4.441084708960261
2026-07-20T23:39:05,Mean-IC,Toxicity,0.3,15,15,5,0.5428571428571428,0.15444437495898455,0.0031080840271897614,0.015474791987799108,0.17303083301521838
2026-07-20T23:39:06,KNN-Direct,Toxicity,0.3,15,15,7,0.5428571428571428,0.8618823750293814,0.0,0.0883632919867523,0.950248500041198
2026-07-20T23:39:07,KNN-Direct-Weighted,Toxicity,0.3,15,15,5,0.5714285714285714,0.8555475000175647,0.0,0.08912920800503343,0.944679666950833
2026-07-20T23:39:08,KNN-Direct-Manhattan,Toxicity,0.3,15,15,6,0.5714285714285714,0.8433055839850567,0.0,0.0881629170035012,0.9314717500237748
2026-07-20T23:39:13,KNN-IC,Toxicity,0.3,16,16,11,0.6,4.627467999991495,0.3162324160221033,0.025776333000976592,4.9694813750102185
2026-07-20T23:39:13,Mean-IC,Toxicity,0.3,16,16,3,0.6285714285714286,0.15461587498430163,0.003099166031461209,0.015543374989647418,0.1732619590475224
2026-07-20T23:39:14,KNN-Direct,Toxicity,0.3,16,16,7,0.6571428571428571,0.8704110829858109,0.0,0.09004149999236688,0.9604551669908687
2026-07-20T23:39:15,KNN-Direct-Weighted,Toxicity,0.3,16,16,13,0.6571428571428571,0.858787500008475,0.0,0.08988916699308902,0.9486795419943519
2026-07-20T23:39:16,KNN-Direct-Manhattan,Toxicity,0.3,16,16,9,0.6285714285714286,0.8447442909819074,0.0,0.08830504200886935,0.9330524580436759
2026-07-20T23:39:21,KNN-IC,Toxicity,0.3,17,17,4,0.5714285714285714,4.198648083023727,0.30996029201196507,0.025868290977086872,4.534481208014768
2026-07-20T23:39:21,Mean-IC,Toxicity,0.3,17,17,15,0.5428571428571428,0.15409733302658424,0.0031127079855650663,0.015580125036649406,0.17279408301692456
2026-07-20T23:39:22,KNN-Direct,Toxicity,0.3,17,17,3,0.5714285714285714,0.8496612079907209,0.0,0.0885708749992773,0.9382347910432145
2026-07-20T23:39:23,KNN-Direct-Weighted,Toxicity,0.3,17,17,3,0.5714285714285714,0.85591220803326,0.0,0.09355024999240413,0.9494665829697624
2026-07-20T23:39:24,KNN-Direct-Manhattan,Toxicity,0.3,17,17,15,0.5714285714285714,0.8977612919989042,0.0,0.09542329097166657,0.9931877079652622
2026-07-20T23:39:29,KNN-IC,Toxicity,0.3,18,18,11,0.6,4.984664666990284,0.34076929197181016,0.028725083044264466,5.354163917014375
2026-07-20T23:39:29,Mean-IC,Toxicity,0.3,18,18,13,0.5714285714285714,0.1744326670304872,0.003497375000733882,0.017734916997142136,0.1956697090063244
2026-07-20T23:39:30,KNN-Direct,Toxicity,0.3,18,18,11,0.6285714285714286,0.947152582986746,0.0,0.09816329198656604,1.045319082972128
2026-07-20T23:39:31,KNN-Direct-Weighted,Toxicity,0.3,18,18,11,0.6,0.947011583019048,0.0,0.09900695900432765,1.0460215409984812
2026-07-20T23:39:32,KNN-Direct-Manhattan,Toxicity,0.3,18,18,15,0.6857142857142857,0.9122239999705926,0.0,0.09524575003888458,1.007472625002265
2026-07-20T23:39:37,KNN-IC,Toxicity,0.3,19,19,11,0.6285714285714286,4.468162624980323,0.3344469160074368,0.02707854099571705,4.829693000006955
2026-07-20T23:39:37,Mean-IC,Toxicity,0.3,19,19,11,0.5714285714285714,0.1621937079471536,0.0033390410244464874,0.016518875025212765,0.1820562079665251
2026-07-20T23:39:38,KNN-Direct,Toxicity,0.3,19,19,14,0.6285714285714286,0.9058280829922296,0.0,0.09344479098217562,0.9992755000130273
2026-07-20T23:39:39,KNN-Direct-Weighted,Toxicity,0.3,19,19,5,0.6285714285714286,0.8983935829601251,0.0,0.09965275001013651,0.9980498750228435
2026-07-20T23:39:41,KNN-Direct-Manhattan,Toxicity,0.3,19,19,6,0.6,1.2781618749722838,0.0,0.14811279199784622,1.426278791972436
2026-07-20T23:39:46,KNN-IC,Toxicity,0.3,20,20,1,0.42857142857142855,4.674017874989659,0.24818458396475762,0.026694541971664876,4.948905916011427
2026-07-20T23:39:46,Mean-IC,Toxicity,0.3,20,20,5,0.6571428571428571,0.16309795895358548,0.0033556249691173434,0.01643474999582395,0.18289237504359335
2026-07-20T23:39:47,KNN-Direct,Toxicity,0.3,20,20,1,0.5142857142857142,0.8889371670084074,0.0,0.08773558301618323,0.9766755829914473
2026-07-20T23:39:48,KNN-Direct-Weighted,Toxicity,0.3,20,20,1,0.5142857142857142,0.85198420798406,0.0,0.08911237504798919,0.9410994169884361
2026-07-20T23:39:49,KNN-Direct-Manhattan,Toxicity,0.3,20,20,3,0.6285714285714286,0.8335160000133328,0.0,0.08834529196610674,0.9218645000364631
2026-07-20T23:39:53,KNN-IC,Toxicity,0.3,21,21,8,0.6285714285714286,4.273724208993372,0.3031581670511514,0.025543292053043842,4.602430124999955
2026-07-20T23:39:53,Mean-IC,Toxicity,0.3,21,21,8,0.6857142857142857,0.15462116699200124,0.003114874998573214,0.015486791962757707,0.17322708299616352
2026-07-20T23:39:54,KNN-Direct,Toxicity,0.3,21,21,4,0.5714285714285714,0.8587035840027966,0.0,0.08783270802814513,0.9465386669617146
2026-07-20T23:39:56,KNN-Direct-Weighted,Toxicity,0.3,21,21,7,0.5714285714285714,1.0966657089884393,0.0,0.09902337496168911,1.1956922500394285
2026-07-20T23:39:57,KNN-Direct-Manhattan,Toxicity,0.3,21,21,3,0.5142857142857142,0.8912185829831287,0.0,0.09159333299612626,0.9828153330017813
2026-07-20T23:40:01,KNN-IC,Toxicity,0.3,22,22,7,0.5142857142857142,4.20959170802962,0.3063317089690827,0.025560334033798426,4.541488958988339
2026-07-20T23:40:01,Mean-IC,Toxicity,0.3,22,22,13,0.5714285714285714,0.15342683298513293,0.003105167008470744,0.015486499993130565,0.17202291695866734
2026-07-20T23:40:02,KNN-Direct,Toxicity,0.3,22,22,13,0.6,0.849873083003331,0.0,0.08850566699402407,0.9383811670122668
2026-07-20T23:40:03,KNN-Direct-Weighted,Toxicity,0.3,22,22,10,0.5428571428571428,0.8495530000072904,0.0,0.08874270896194503,0.9382990830345079
2026-07-20T23:40:04,KNN-Direct-Manhattan,Toxicity,0.3,22,22,11,0.6571428571428571,0.833511125005316,0.0,0.08722154097631574,0.9207358749699779
2026-07-20T23:40:09,KNN-IC,Toxicity,0.3,23,23,7,0.6,4.1222469579661265,0.30011800001375377,0.02555441699223593,4.447924082982354
2026-07-20T23:40:09,Mean-IC,Toxicity,0.3,23,23,7,0.6,0.15249745803885162,0.0032590829650871456,0.015487375028897077,0.1712477080291137
2026-07-20T23:40:10,KNN-Direct,Toxicity,0.3,23,23,7,0.6285714285714286,0.8429430419928394,0.0,0.22429812501650304,1.0672440840280615
2026-07-20T23:40:11,KNN-Direct-Weighted,Toxicity,0.3,23,23,7,0.6285714285714286,1.0025585829862393,0.0,0.09370416699675843,1.0962663750397041
2026-07-20T23:40:12,KNN-Direct-Manhattan,Toxicity,0.3,23,23,9,0.5714285714285714,0.8306272079935297,0.0,0.0857882080017589,0.9164189580478705
2026-07-20T23:40:16,KNN-IC,Toxicity,0.3,24,24,9,0.5142857142857142,4.014539209019858,0.29576595895923674,0.02430533297592774,4.3346152089652605
2026-07-20T23:40:16,Mean-IC,Toxicity,0.3,24,24,11,0.5714285714285714,0.14854312496026978,0.00292458402691409,0.014859624963719398,0.16633175004972145
2026-07-20T23:40:17,KNN-Direct,Toxicity,0.3,24,24,7,0.5714285714285714,0.8335470830206759,0.0,0.0847396669560112,0.9182895419653505
2026-07-20T23:40:18,KNN-Direct-Weighted,Toxicity,0.3,24,24,9,0.4857142857142857,0.8147096250322647,0.0,0.08497733302647248,0.8996901659993455
2026-07-20T23:40:19,KNN-Direct-Manhattan,Toxicity,0.3,24,24,9,0.5714285714285714,0.8039137499872595,0.0,0.08613841701298952,0.890055084018968
2026-07-20T23:40:23,KNN-IC,Toxicity,0.3,25,25,5,0.5714285714285714,4.067373291007243,0.2882231249823235,0.02437266701599583,4.3799730419996195
2026-07-20T23:40:24,Mean-IC,Toxicity,0.3,25,25,5,0.4857142857142857,0.14578550000442192,0.0029576250235550106,0.014629374956712127,0.1633764589787461
2026-07-20T23:40:24,KNN-Direct,Toxicity,0.3,25,25,5,0.6,0.8214056250290014,0.0,0.08513899997342378,0.9065468329936266
2026-07-20T23:40:26,KNN-Direct-Weighted,Toxicity,0.3,25,25,5,0.6285714285714286,1.213084709015675,0.0,0.10374795802636072,1.3168358749826439
2026-07-20T23:40:27,KNN-Direct-Manhattan,Toxicity,0.3,25,25,5,0.6571428571428571,0.8662129589938559,0.0,0.08407862496096641,0.9502952080219984
2026-07-20T23:40:31,KNN-IC,Toxicity,0.3,26,26,15,0.6,3.9527512500062585,0.2976504159742035,0.024055916990619153,4.274462041968945
2026-07-20T23:40:31,Mean-IC,Toxicity,0.3,26,26,15,0.6285714285714286,0.14514791703550145,0.0029689579969272017,0.014702291984576732,0.1628227499895729
2026-07-20T23:40:32,KNN-Direct,Toxicity,0.3,26,26,13,0.6857142857142857,0.8137189580011182,0.0,0.08431220799684525,0.8980332920327783
2026-07-20T23:40:33,KNN-Direct-Weighted,Toxicity,0.3,26,26,13,0.6285714285714286,0.8150965410168283,0.0,0.08492604194907472,0.9000251250108704
2026-07-20T23:40:34,KNN-Direct-Manhattan,Toxicity,0.3,26,26,5,0.6,0.7991555419866927,0.0,0.08336108300136402,0.8825192920048721
2026-07-20T23:40:38,KNN-IC,Toxicity,0.3,27,27,10,0.6285714285714286,3.9424762499984354,0.2859873750130646,0.024160707951523364,4.252629124966916
2026-07-20T23:40:38,Mean-IC,Toxicity,0.3,27,27,13,0.6571428571428571,0.14545995800290257,0.0029782080091536045,0.014765582978725433,0.1632075000088662
2026-07-20T23:40:39,KNN-Direct,Toxicity,0.3,27,27,8,0.6285714285714286,0.8101358750136569,0.0,0.08428345900028944,0.894422166980803
2026-07-20T23:40:40,KNN-Direct-Weighted,Toxicity,0.3,27,27,9,0.6571428571428571,0.974414957978297,0.0,0.09992287500062957,1.074340957973618
2026-07-20T23:40:41,KNN-Direct-Manhattan,Toxicity,0.3,27,27,13,0.6285714285714286,0.8654095840174705,0.0,0.08735024998895824,0.9527630410157144
2026-07-20T23:40:45,KNN-IC,Toxicity,0.3,28,28,2,0.6,3.9672249580034986,0.232485624961555,0.023878834035713226,4.22359404101735
2026-07-20T23:40:46,Mean-IC,Toxicity,0.3,28,28,4,0.5714285714285714,0.14426299999468029,0.003204291977453977,0.013932500034570694,0.1614035830134526
2026-07-20T23:40:47,KNN-Direct,Toxicity,0.3,28,28,3,0.5428571428571428,0.8071172090130858,0.0,0.08442408399423584,0.8915435000089929
2026-07-20T23:40:47,KNN-Direct-Weighted,Toxicity,0.3,28,28,3,0.6285714285714286,0.8001635830150917,0.0,0.08220729097956792,0.8823738750070333
2026-07-20T23:40:48,KNN-Direct-Manhattan,Toxicity,0.3,28,28,7,0.6571428571428571,0.7720040420535952,0.0,0.08111504197586328,0.8531215830007568
2026-07-20T23:40:52,KNN-IC,Toxicity,0.3,29,29,10,0.6571428571428571,3.9062893340014853,0.28752212499966845,0.023564291012007743,4.217379999987315
2026-07-20T23:40:53,Mean-IC,Toxicity,0.3,29,29,9,0.6,0.14061499998206273,0.002901708008721471,0.014113707991782576,0.15763379202689976
2026-07-20T23:40:54,KNN-Direct,Toxicity,0.3,29,29,8,0.6285714285714286,0.8061897089937702,0.0,0.08118658297462389,0.8873792089871131
2026-07-20T23:40:54,KNN-Direct-Weighted,Toxicity,0.3,29,29,8,0.6857142857142857,0.7842235830030404,0.0,0.08143033395754173,0.8656575420172885
2026-07-20T23:40:55,KNN-Direct-Manhattan,Toxicity,0.3,29,29,10,0.6285714285714286,0.9524408339639194,0.0,0.09160191600676626,1.0440457499935292
2026-07-20T23:41:00,KNN-IC,Toxicity,0.3,30,30,9,0.5714285714285714,3.9332012500381097,0.2883217089693062,0.023326875001657754,4.244854332995601
2026-07-20T23:41:00,Mean-IC,Toxicity,0.3,30,30,15,0.5142857142857142,0.14224962500156835,0.0028709169710054994,0.01445299998158589,0.15957695798715577
2026-07-20T23:41:01,KNN-Direct,Toxicity,0.3,30,30,9,0.5428571428571428,0.7856077079777606,0.0,0.08114324999041855,0.8667535000131465
2026-07-20T23:41:02,KNN-Direct-Weighted,Toxicity,0.3,30,30,9,0.5428571428571428,0.7837973330169916,0.0,0.08142512501217425,0.8652254160260782
2026-07-20T23:41:02,KNN-Direct-Manhattan,Toxicity,0.3,30,30,9,0.5714285714285714,0.7705919580184855,0.0,0.08027616702020168,0.8508716249489225
2026-07-20T23:41:07,KNN-IC,Toxicity,0.3,31,31,5,0.7142857142857143,3.9120975409750827,0.27890216698870063,0.023329875024501234,4.214333917014301
2026-07-20T23:41:07,Mean-IC,Toxicity,0.3,31,31,9,0.6857142857142857,0.14319187501678243,0.002970250032376498,0.01421604200731963,0.16038120799930766
2026-07-20T23:41:08,KNN-Direct,Toxicity,0.3,31,31,14,0.6,0.8019564159912989,0.0,0.08140129200182855,0.8833602499798872
2026-07-20T23:41:09,KNN-Direct-Weighted,Toxicity,0.3,31,31,8,0.6285714285714286,0.7861092499806546,0.0,0.08167916699312627,0.8677915830048732
2026-07-20T23:41:09,KNN-Direct-Manhattan,Toxicity,0.3,31,31,5,0.6285714285714286,0.7727662909892388,0.0,0.0806307079619728,0.8534004170214757
2026-07-20T23:41:14,KNN-IC,Toxicity,0.3,32,32,5,0.7428571428571429,4.724347500014119,0.2371904579922557,0.020575458009261638,4.982116499973927
2026-07-20T23:41:15,Mean-IC,Toxicity,0.3,32,32,10,0.6285714285714286,0.1220765839680098,0.002405957959126681,0.012366332986857742,0.1368507079896517
2026-07-20T23:41:15,KNN-Direct,Toxicity,0.3,32,32,3,0.6571428571428571,0.69605262496043,0.0,0.07244787499075755,0.7685019999626093
2026-07-20T23:41:16,KNN-Direct-Weighted,Toxicity,0.3,32,32,3,0.6571428571428571,0.6997143749613315,0.0,0.07298712502233684,0.7727034169947729
2026-07-20T23:41:17,KNN-Direct-Manhattan,Toxicity,0.3,32,32,14,0.6857142857142857,0.6884672080050223,0.0,0.07189345901133493,0.7603624999755993
2026-07-20T23:41:20,KNN-IC,Toxicity,0.3,33,33,5,0.5714285714285714,3.2890696250251494,0.23425862495787442,0.020000999968033284,3.5433314999681897
2026-07-20T23:41:21,Mean-IC,Toxicity,0.3,33,33,5,0.5428571428571428,0.11940291698556393,0.002383165992796421,0.012049000011757016,0.1338367919670418
2026-07-20T23:41:21,KNN-Direct,Toxicity,0.3,33,33,5,0.6,0.7117589589906856,0.0,0.07233020797139034,0.784091166977305
2026-07-20T23:41:22,KNN-Direct-Weighted,Toxicity,0.3,33,33,5,0.5714285714285714,0.70234870899003,0.0,0.0729007909540087,0.7752524169627577
2026-07-20T23:41:23,KNN-Direct-Manhattan,Toxicity,0.3,33,33,3,0.5142857142857142,0.6870064159738831,0.0,0.07172079203883186,0.7587288750219159
2026-07-20T23:41:27,KNN-IC,Toxicity,0.3,34,34,15,0.6571428571428571,3.451921208004933,0.24844204098917544,0.019951416994445026,3.7203173330053687
2026-07-20T23:41:27,Mean-IC,Toxicity,0.3,34,34,7,0.5714285714285714,0.11929733300348744,0.002334333024919033,0.012041584006510675,0.13367508305236697
2026-07-20T23:41:27,KNN-Direct,Toxicity,0.3,34,34,11,0.5714285714285714,0.697716208989732,0.0,0.07267091696849093,0.7703889170079492
2026-07-20T23:41:28,KNN-Direct-Weighted,Toxicity,0.3,34,34,11,0.6285714285714286,0.6982937499997206,0.0,0.07312270801048726,0.7714182919589803
2026-07-20T23:41:29,KNN-Direct-Manhattan,Toxicity,0.3,34,34,11,0.6,0.6857741250423715,0.0,0.0718265000032261,0.7576024590525776
2026-07-20T23:41:33,KNN-IC,Toxicity,0.3,35,35,11,0.6571428571428571,3.280619083030615,0.24421624996466562,0.02016045799246058,3.544998041994404
2026-07-20T23:41:33,Mean-IC,Toxicity,0.3,35,35,10,0.6,0.11863137502223253,0.0023470830055885017,0.01204345899168402,0.13302350003505126
2026-07-20T23:41:33,KNN-Direct,Toxicity,0.3,35,35,14,0.5714285714285714,0.6947978330426849,0.0,0.07266841595992446,0.7674676669994369
2026-07-20T23:41:34,KNN-Direct-Weighted,Toxicity,0.3,35,35,3,0.6571428571428571,0.7025626669637859,0.0,0.07309708301909268,0.7756615000544116
2026-07-20T23:41:35,KNN-Direct-Manhattan,Toxicity,0.3,35,35,15,0.6285714285714286,0.6873022079817019,0.0,0.07193862501299009,0.759242458967492
2026-07-20T23:41:39,KNN-IC,Toxicity,0.3,36,36,6,0.7714285714285715,3.3032007080037147,0.2326423330232501,0.020074375031981617,3.555919707985595
2026-07-20T23:41:39,Mean-IC,Toxicity,0.3,36,36,3,0.6571428571428571,0.11911858402891085,0.0023322500055655837,0.01207016600528732,0.13352279202081263
2026-07-20T23:41:39,KNN-Direct,Toxicity,0.3,36,36,7,0.6571428571428571,0.6927321249968372,0.0,0.07249154197052121,0.7652253750129603
2026-07-20T23:41:40,KNN-Direct-Weighted,Toxicity,0.3,36,36,5,0.7142857142857143,0.7133446249645203,0.0,0.0730883750366047,0.7864351250464097
2026-07-20T23:41:41,KNN-Direct-Manhattan,Toxicity,0.3,36,36,3,0.7142857142857143,0.6862640830222517,0.0,0.07189099997049198,0.7581568749737926
2026-07-20T23:41:45,KNN-IC,Toxicity,0.3,37,37,5,0.6571428571428571,3.2712266669841483,0.2319312909967266,0.019841625005938113,3.523002333007753
2026-07-20T23:41:45,Mean-IC,Toxicity,0.3,37,37,14,0.6571428571428571,0.11937387502985075,0.0023655000259168446,0.012059000029694289,0.1338001670083031
2026-07-20T23:41:45,KNN-Direct,Toxicity,0.3,37,37,8,0.5714285714285714,0.6947426249971613,0.0,0.07237304100999609,0.7671173749840818
2026-07-20T23:41:46,KNN-Direct-Weighted,Toxicity,0.3,37,37,10,0.6,0.8616504580131732,0.0,0.07331791595788673,0.9349739159806632
2026-07-20T23:41:47,KNN-Direct-Manhattan,Toxicity,0.3,37,37,13,0.5714285714285714,0.688171332993079,0.0,0.07236791698960587,0.7605414160061628
2026-07-20T23:41:51,KNN-IC,Toxicity,0.3,38,38,10,0.5714285714285714,3.2927756670396775,0.24491879099514335,0.020875707967206836,3.5585725419805385
2026-07-20T23:41:51,Mean-IC,Toxicity,0.3,38,38,7,0.5428571428571428,0.11940558301284909,0.002383667044341564,0.012047416996210814,0.13383845798671246
2026-07-20T23:41:52,KNN-Direct,Toxicity,0.3,38,38,12,0.5428571428571428,0.6938116669771262,0.0,0.0723739160457626,0.7661873750039376
2026-07-20T23:41:52,KNN-Direct-Weighted,Toxicity,0.3,38,38,14,0.6571428571428571,0.698418749962002,0.0,0.07300375000340864,0.7714239580091089
2026-07-20T23:41:53,KNN-Direct-Manhattan,Toxicity,0.3,38,38,14,0.5428571428571428,0.6870952910394408,0.0,0.07187200000043958,0.7589688330190256
2026-07-20T23:41:57,KNN-IC,Toxicity,0.3,39,39,13,0.6,3.306192792020738,0.24082229199120775,0.01997812499757856,3.5669956249766983
2026-07-20T23:41:57,Mean-IC,Toxicity,0.3,39,39,9,0.5714285714285714,0.11957233399152756,0.0023935000062920153,0.012091208016499877,0.13405945798149332
2026-07-20T23:41:58,KNN-Direct,Toxicity,0.3,39,39,9,0.6,0.6946958340122364,0.0,0.07260291697457433,0.7673002500087023
2026-07-20T23:41:58,KNN-Direct-Weighted,Toxicity,0.3,39,39,9,0.6,0.6994317499920726,0.0,0.07292504201177508,0.7723584999912418
2026-07-20T23:41:59,KNN-Direct-Manhattan,Toxicity,0.3,39,39,3,0.5142857142857142,0.6874885829747654,0.0,0.07191691600019112,0.7594068750040606
2026-07-20T23:42:03,KNN-IC,Toxicity,0.4,0,0,2,0.4857142857142857,3.38581108400831,0.19785600004252046,0.020144083013292402,3.603813291992992
2026-07-20T23:42:03,Mean-IC,Toxicity,0.4,0,0,13,0.6,0.11953829199774191,0.002754082961473614,0.01207104098284617,0.1343652080395259
2026-07-20T23:42:04,KNN-Direct,Toxicity,0.4,0,0,15,0.6285714285714286,0.6684327910188586,0.0,0.0698389999452047,0.7382732499972917
2026-07-20T23:42:04,KNN-Direct-Weighted,Toxicity,0.4,0,0,11,0.6285714285714286,0.6735828749951907,0.0,0.07032850000541657,0.7439129169797525
2026-07-20T23:42:05,KNN-Direct-Manhattan,Toxicity,0.4,0,0,1,0.4857142857142857,0.6654013749794103,0.0,0.07099450001260266,0.7363976250053383
2026-07-20T23:42:09,KNN-IC,Toxicity,0.4,1,1,12,0.6,3.3843391250120476,0.26183474995195866,0.02004525001393631,3.6662213330273516
2026-07-20T23:42:09,Mean-IC,Toxicity,0.4,1,1,14,0.5142857142857142,0.11968733405228704,0.002755250025074929,0.012035124993417412,0.13447950000409037
2026-07-20T23:42:10,KNN-Direct,Toxicity,0.4,1,1,15,0.6571428571428571,0.6670882090111263,0.0,0.06954774999758229,0.7366375419660471
2026-07-20T23:42:10,KNN-Direct-Weighted,Toxicity,0.4,1,1,11,0.5714285714285714,0.6940628339652903,0.0,0.07017658301629126,0.7642417919705622
2026-07-20T23:42:11,KNN-Direct-Manhattan,Toxicity,0.4,1,1,12,0.6,0.6699718750314787,0.0,0.07325895800022408,0.7432337499922141
2026-07-20T23:42:15,KNN-IC,Toxicity,0.4,2,2,5,0.7714285714285715,3.4198422079789452,0.2516985419788398,0.020235792035236955,3.6917796249617822
2026-07-20T23:42:15,Mean-IC,Toxicity,0.4,2,2,5,0.7428571428571429,0.11940895800944418,0.0027277920162305236,0.012069624965079129,0.13420854200376198
2026-07-20T23:42:16,KNN-Direct,Toxicity,0.4,2,2,3,0.6,0.6670114589505829,0.0,0.06957599997986108,0.7365889590000734
2026-07-20T23:42:16,KNN-Direct-Weighted,Toxicity,0.4,2,2,3,0.6285714285714286,0.6719787500333041,0.0,0.07008629199117422,0.7420669160201214
2026-07-20T23:42:17,KNN-Direct-Manhattan,Toxicity,0.4,2,2,15,0.6857142857142857,0.6601818329654634,0.0,0.06894808303331956,0.7291316249757074
2026-07-20T23:42:21,KNN-IC,Toxicity,0.4,3,3,9,0.6285714285714286,3.401388875034172,0.2508215419948101,0.020176665973849595,3.6723896249895915
2026-07-20T23:42:21,Mean-IC,Toxicity,0.4,3,3,5,0.5714285714285714,0.11942754202755168,0.00271687499480322,0.012035207997541875,0.1341812500031665
2026-07-20T23:42:22,KNN-Direct,Toxicity,0.4,3,3,11,0.6571428571428571,0.6688485000049695,0.0,0.06988091598032042,0.7387308749603108
2026-07-20T23:42:22,KNN-Direct-Weighted,Toxicity,0.4,3,3,15,0.7142857142857143,0.6734512909897603,0.0,0.07033066696021706,0.7437840420170687
2026-07-20T23:42:23,KNN-Direct-Manhattan,Toxicity,0.4,3,3,11,0.6,0.6618815409601666,0.0,0.0692342080292292,0.7311172079644166
2026-07-20T23:42:27,KNN-IC,Toxicity,0.4,4,4,3,0.6,3.3658412090153433,0.2044705000007525,0.019938708981499076,3.590252708992921
2026-07-20T23:42:27,Mean-IC,Toxicity,0.4,4,4,11,0.6571428571428571,0.11901295802090317,0.002748166967649013,0.012027915974613279,0.13379087497014552
2026-07-20T23:42:28,KNN-Direct,Toxicity,0.4,4,4,3,0.6285714285714286,0.6680495000327937,0.0,0.0699221669929102,0.7379730829852633
2026-07-20T23:42:28,KNN-Direct-Weighted,Toxicity,0.4,4,4,3,0.6,0.672781917033717,0.0,0.07036591600626707,0.7431495419587009
2026-07-20T23:42:29,KNN-Direct-Manhattan,Toxicity,0.4,4,4,3,0.7142857142857143,0.6612130419816822,0.0,0.06912875000853091,0.7303434170316905
2026-07-20T23:42:33,KNN-IC,Toxicity,0.4,5,5,13,0.6857142857142857,3.383720290963538,0.25804833305301145,0.019865749985910952,3.6616365410154685
2026-07-20T23:42:33,Mean-IC,Toxicity,0.4,5,5,8,0.6571428571428571,0.11899758299114183,0.002724124991800636,0.012097124999854714,0.13382050005020574
2026-07-20T23:42:34,KNN-Direct,Toxicity,0.4,5,5,5,0.6571428571428571,0.6719459170126356,0.0,0.07022829196648672,0.7421757920528762
2026-07-20T23:42:34,KNN-Direct-Weighted,Toxicity,0.4,5,5,5,0.6571428571428571,0.6843605830217712,0.0,0.07071399997221306,0.7550762089667842
2026-07-20T23:42:35,KNN-Direct-Manhattan,Toxicity,0.4,5,5,3,0.6571428571428571,0.6640623749699444,0.0,0.06911079096607864,0.7331745830015279
2026-07-20T23:42:39,KNN-IC,Toxicity,0.4,6,6,2,0.37142857142857144,3.3459208749700338,0.19898583297617733,0.020004082995001227,3.564913082984276
2026-07-20T23:42:39,Mean-IC,Toxicity,0.4,6,6,3,0.5428571428571428,0.11936900002183393,0.0027539170114323497,0.012029583973344415,0.13415445800637826
2026-07-20T23:42:40,KNN-Direct,Toxicity,0.4,6,6,3,0.5428571428571428,0.6688454580144025,0.0,0.07115625002188608,0.7400033330195583
2026-07-20T23:42:40,KNN-Direct-Weighted,Toxicity,0.4,6,6,3,0.5142857142857142,0.7087921249913052,0.0,0.07077729102456942,0.7795718340203166
2026-07-20T23:42:41,KNN-Direct-Manhattan,Toxicity,0.4,6,6,3,0.5142857142857142,0.6608123329933733,0.0,0.06897666701115668,0.7297915830276906
2026-07-20T23:42:45,KNN-IC,Toxicity,0.4,7,7,9,0.5142857142857142,3.3513990830397233,0.24862804199801758,0.019923040992580354,3.6199524169787765
2026-07-20T23:42:45,Mean-IC,Toxicity,0.4,7,7,7,0.5142857142857142,0.11925995798083022,0.0029060409869998693,0.012170125031843781,0.1343380840262398
2026-07-20T23:42:46,KNN-Direct,Toxicity,0.4,7,7,1,0.42857142857142855,0.6661654580384493,0.0,0.06974229199113324,0.7359091669786721
2026-07-20T23:42:46,KNN-Direct-Weighted,Toxicity,0.4,7,7,3,0.5714285714285714,0.6737905410118401,0.0,0.07043512497330084,0.744227624963969
2026-07-20T23:42:47,KNN-Direct-Manhattan,Toxicity,0.4,7,7,5,0.5142857142857142,0.6595844579860568,0.0,0.06916924996767193,0.7287553329952061
2026-07-20T23:42:51,KNN-IC,Toxicity,0.4,8,8,3,0.5714285714285714,3.3587356659700163,0.20422604103805497,0.019999374984763563,3.5829631669912487
2026-07-20T23:42:51,Mean-IC,Toxicity,0.4,8,8,4,0.5428571428571428,0.12103545799618587,0.002711749984882772,0.012144832988269627,0.13589395896997303
2026-07-20T23:42:52,KNN-Direct,Toxicity,0.4,8,8,15,0.6857142857142857,0.6728900840389542,0.0,0.07000237499596551,0.7428940000245348
2026-07-20T23:42:52,KNN-Direct-Weighted,Toxicity,0.4,8,8,15,0.6857142857142857,0.6748621250153519,0.0,0.07058358303038403,0.7454471670207568
2026-07-20T23:42:53,KNN-Direct-Manhattan,Toxicity,0.4,8,8,15,0.7142857142857143,0.6643631249899045,0.0,0.06944383302470669,0.73380874999566
2026-07-20T23:42:57,KNN-IC,Toxicity,0.4,9,9,11,0.7142857142857143,3.4153741669724695,0.2535745840286836,0.01986879197647795,3.6888199169770814
2026-07-20T23:42:57,Mean-IC,Toxicity,0.4,9,9,7,0.7428571428571429,0.11960799997905269,0.002740417025052011,0.012068209005519748,0.13441854203119874
2026-07-20T23:42:58,KNN-Direct,Toxicity,0.4,9,9,9,0.7714285714285715,0.6726094579789788,0.0,0.06977845903020352,0.7423893749946728
2026-07-20T23:42:58,KNN-Direct-Weighted,Toxicity,0.4,9,9,9,0.7714285714285715,0.6767437920207158,0.0,0.07036954199429601,0.7471148750046268
2026-07-20T23:42:59,KNN-Direct-Manhattan,Toxicity,0.4,9,9,4,0.6571428571428571,0.6628651670180261,0.0,0.0693497090251185,0.7322165839723311
2026-07-20T23:43:03,KNN-IC,Toxicity,0.4,10,10,15,0.5428571428571428,3.4304861659766175,0.2655756250023842,0.020050999999511987,3.7161151669570245
2026-07-20T23:43:03,Mean-IC,Toxicity,0.4,10,10,15,0.5428571428571428,0.12054591602645814,0.002871332981158048,0.01231183303752914,0.13573129195719957
2026-07-20T23:43:04,KNN-Direct,Toxicity,0.4,10,10,13,0.5714285714285714,0.6685069579980336,0.0,0.06970883399480954,0.7382173330406658
2026-07-20T23:43:04,KNN-Direct-Weighted,Toxicity,0.4,10,10,7,0.5714285714285714,0.6722507500089705,0.0,0.07037341699469835,0.7426257079932839
2026-07-20T23:43:05,KNN-Direct-Manhattan,Toxicity,0.4,10,10,14,0.5142857142857142,0.663923124957364,0.0,0.0690023330389522,0.7329276250093244
2026-07-20T23:43:09,KNN-IC,Toxicity,0.4,11,11,7,0.5714285714285714,3.3541716250474565,0.2493823750410229,0.02011970797320828,3.623675916052889
2026-07-20T23:43:09,Mean-IC,Toxicity,0.4,11,11,13,0.5714285714285714,0.11961366701871157,0.00269799999659881,0.012074500031303614,0.1343879999476485
2026-07-20T23:43:10,KNN-Direct,Toxicity,0.4,11,11,8,0.4857142857142857,0.6688745000283234,0.0,0.06966029200702906,0.7385365829686634
2026-07-20T23:43:10,KNN-Direct-Weighted,Toxicity,0.4,11,11,13,0.6285714285714286,0.6947926669963636,0.0,0.07026541599771008,0.7650606249808334
2026-07-20T23:43:11,KNN-Direct-Manhattan,Toxicity,0.4,11,11,15,0.6,0.662542250007391,0.0,0.06907370797125623,0.7316180420457385
2026-07-20T23:43:15,KNN-IC,Toxicity,0.4,12,12,3,0.4857142857142857,3.400602917012293,0.20460375002585351,0.019892499956768006,3.625101292040199
2026-07-20T23:43:15,Mean-IC,Toxicity,0.4,12,12,5,0.6,0.11912391701480374,0.002741791948210448,0.012154042022302747,0.13402162498096004
2026-07-20T23:43:16,KNN-Direct,Toxicity,0.4,12,12,3,0.5714285714285714,0.667369749979116,0.0,0.06968254200182855,0.7370538330287673
2026-07-20T23:43:16,KNN-Direct-Weighted,Toxicity,0.4,12,12,3,0.5714285714285714,0.6728916659485549,0.0,0.0704018339747563,0.743295082997065
2026-07-20T23:43:17,KNN-Direct-Manhattan,Toxicity,0.4,12,12,5,0.5714285714285714,0.6612067499663681,0.0,0.06897887500235811,0.7301869579823688
2026-07-20T23:43:21,KNN-IC,Toxicity,0.4,13,13,13,0.5714285714285714,3.3469997079810128,0.2601546249934472,0.01987308298703283,3.627029625000432
2026-07-20T23:43:21,Mean-IC,Toxicity,0.4,13,13,4,0.6,0.11923662497429177,0.0027080000145360827,0.012026374984998256,0.1339727090089582
2026-07-20T23:43:22,KNN-Direct,Toxicity,0.4,13,13,7,0.5428571428571428,0.670193083002232,0.0,0.06973791599739343,0.7399325839942321
2026-07-20T23:43:22,KNN-Direct-Weighted,Toxicity,0.4,13,13,5,0.5428571428571428,0.6740309160086326,0.0,0.0702494999859482,0.7442819580319338
2026-07-20T23:43:23,KNN-Direct-Manhattan,Toxicity,0.4,13,13,10,0.5142857142857142,0.6622618339606561,0.0,0.06898824998643249,0.7312518749968149
2026-07-20T23:43:27,KNN-IC,Toxicity,0.4,14,14,7,0.6285714285714286,3.4422664159792475,0.2526522079715505,0.020039208000525832,3.7149602090357803
2026-07-20T23:43:27,Mean-IC,Toxicity,0.4,14,14,7,0.6571428571428571,0.12041741702705622,0.0027494169771671295,0.012230583000928164,0.13539983402006328
2026-07-20T23:43:28,KNN-Direct,Toxicity,0.4,14,14,4,0.6,0.6679419580032118,0.0,0.06968524999683723,0.7376287080114707
2026-07-20T23:43:28,KNN-Direct-Weighted,Toxicity,0.4,14,14,4,0.6285714285714286,0.674234791949857,0.0,0.07045020803343505,0.7446871669963002
2026-07-20T23:43:29,KNN-Direct-Manhattan,Toxicity,0.4,14,14,4,0.5142857142857142,0.6635590830119327,0.0,0.06901895900955424,0.7325797499506734
2026-07-20T23:43:33,KNN-IC,Toxicity,0.4,15,15,10,0.5428571428571428,3.3990271669463255,0.25286295800469816,0.020040249975863844,3.6719325419981033
2026-07-20T23:43:33,Mean-IC,Toxicity,0.4,15,15,11,0.6,0.11906991701107472,0.0026819169870577753,0.012047249998431653,0.1338007909944281
2026-07-20T23:43:34,KNN-Direct,Toxicity,0.4,15,15,9,0.5428571428571428,0.6672042920254171,0.0,0.06974358297884464,0.736949416983407
2026-07-20T23:43:35,KNN-Direct-Weighted,Toxicity,0.4,15,15,7,0.5714285714285714,0.6718873329809867,0.0,0.07014308398356661,0.7420322079560719
2026-07-20T23:43:35,KNN-Direct-Manhattan,Toxicity,0.4,15,15,15,0.6,0.6618067499948665,0.0,0.06899541604798287,0.7308037080219947
2026-07-20T23:43:39,KNN-IC,Toxicity,0.4,16,16,13,0.6857142857142857,3.395382124988828,0.25886491598794237,0.019927625020500273,3.674176750006154
2026-07-20T23:43:39,Mean-IC,Toxicity,0.4,16,16,9,0.6285714285714286,0.11970958398887888,0.0027504999889060855,0.012051875004544854,0.13451379199977964
2026-07-20T23:43:40,KNN-Direct,Toxicity,0.4,16,16,15,0.6857142857142857,0.6686318750143982,0.0,0.07346525002503768,0.7420994999702089
2026-07-20T23:43:41,KNN-Direct-Weighted,Toxicity,0.4,16,16,12,0.6571428571428571,0.6968797500012442,0.0,0.07030520803527907,0.7671878749970347
2026-07-20T23:43:41,KNN-Direct-Manhattan,Toxicity,0.4,16,16,8,0.6571428571428571,0.6677599580143578,0.0,0.07005724997725338,0.7378190000308678
2026-07-20T23:43:45,KNN-IC,Toxicity,0.4,17,17,4,0.5714285714285714,3.37469833396608,0.24840733403107151,0.01988362503470853,3.6429916670313105
2026-07-20T23:43:45,Mean-IC,Toxicity,0.4,17,17,3,0.5142857142857142,0.11929737497121096,0.002700874989386648,0.012060957960784435,0.13406091701472178
2026-07-20T23:43:46,KNN-Direct,Toxicity,0.4,17,17,14,0.5428571428571428,0.6682131249690428,0.0,0.06969745899550617,0.7379122920101508
2026-07-20T23:43:47,KNN-Direct-Weighted,Toxicity,0.4,17,17,10,0.5714285714285714,0.6730936670210212,0.0,0.07023187499726191,0.7433272909838706
2026-07-20T23:43:47,KNN-Direct-Manhattan,Toxicity,0.4,17,17,15,0.6,0.6610437919734977,0.0,0.0690704999724403,0.7301157499896362
2026-07-20T23:43:51,KNN-IC,Toxicity,0.4,18,18,11,0.5428571428571428,3.3843999160453677,0.254967792017851,0.019960124976933002,3.6593298750231043
2026-07-20T23:43:51,Mean-IC,Toxicity,0.4,18,18,13,0.6,0.11954254098236561,0.002766749996226281,0.012068916985299438,0.1343800419708714
2026-07-20T23:43:52,KNN-Direct,Toxicity,0.4,18,18,11,0.6,0.6678076249663718,0.0,0.06954633304849267,0.7373554169898853
2026-07-20T23:43:53,KNN-Direct-Weighted,Toxicity,0.4,18,18,7,0.5714285714285714,0.6735019169864245,0.0,0.07018333399901167,0.7436865839990787
2026-07-20T23:43:53,KNN-Direct-Manhattan,Toxicity,0.4,18,18,3,0.6571428571428571,0.6608789170277305,0.0,0.06883600004948676,0.7297165000345558
2026-07-20T23:43:57,KNN-IC,Toxicity,0.4,19,19,3,0.5428571428571428,3.4003849999862723,0.20733791700331494,0.019995458016637713,3.6277207499952056
2026-07-20T23:43:57,Mean-IC,Toxicity,0.4,19,19,12,0.6,0.11935483402339742,0.0027413330390118062,0.012061041954439133,0.13415891700424254
2026-07-20T23:43:58,KNN-Direct,Toxicity,0.4,19,19,5,0.6857142857142857,0.6705193329835311,0.0,0.06981224997434765,0.7403329579974525
2026-07-20T23:43:59,KNN-Direct-Weighted,Toxicity,0.4,19,19,5,0.6571428571428571,0.674568000016734,0.0,0.07035383302718401,0.7449232499930076
2026-07-20T23:43:59,KNN-Direct-Manhattan,Toxicity,0.4,19,19,5,0.6285714285714286,0.6634025420062244,0.0,0.06925862497882918,0.7326629579765722
2026-07-20T23:44:03,KNN-IC,Toxicity,0.4,20,20,7,0.5714285714285714,3.3864098340272903,0.24160654202569276,0.019940333033446223,3.6479589169612154
2026-07-20T23:44:03,Mean-IC,Toxicity,0.4,20,20,5,0.6,0.11937999998917803,0.0027221250347793102,0.012050207995343953,0.13415458396775648
2026-07-20T23:44:04,KNN-Direct,Toxicity,0.4,20,20,5,0.6285714285714286,0.6674902079976164,0.0,0.06969445903087035,0.7371860829880461
2026-07-20T23:44:05,KNN-Direct-Weighted,Toxicity,0.4,20,20,3,0.6285714285714286,0.6723759999731556,0.0,0.07018433301709592,0.7425622920272872
2026-07-20T23:44:05,KNN-Direct-Manhattan,Toxicity,0.4,20,20,3,0.5714285714285714,0.660916458000429,0.0,0.0690327089978382,0.7299513330217451
2026-07-20T23:44:09,KNN-IC,Toxicity,0.4,21,21,6,0.6857142857142857,3.3913563329842873,0.24232591700274497,0.01992045802762732,3.6536049999995157
2026-07-20T23:44:09,Mean-IC,Toxicity,0.4,21,21,4,0.6285714285714286,0.12004687497392297,0.0027823749696835876,0.012063457979820669,0.13489479199051857
2026-07-20T23:44:10,KNN-Direct,Toxicity,0.4,21,21,5,0.6,0.668224833032582,0.0,0.07411816599778831,0.7423450409551151
2026-07-20T23:44:11,KNN-Direct-Weighted,Toxicity,0.4,21,21,11,0.7142857142857143,0.6852940419921651,0.0,0.07032641698606312,0.7556234170333482
2026-07-20T23:44:11,KNN-Direct-Manhattan,Toxicity,0.4,21,21,4,0.5714285714285714,0.6622478750068694,0.0,0.06909683404956013,0.7313466669875197
2026-07-20T23:44:15,KNN-IC,Toxicity,0.4,22,22,14,0.6285714285714286,3.382671791012399,0.32225283299339935,0.021623624954372644,3.7265522920060903
2026-07-20T23:44:15,Mean-IC,Toxicity,0.4,22,22,13,0.6571428571428571,0.13043420802569017,0.0030488339834846556,0.013268582988530397,0.14675416698446497
2026-07-20T23:44:16,KNN-Direct,Toxicity,0.4,22,22,5,0.5142857142857142,0.8619389160303399,0.0,0.12119466601870954,0.9831392079940997
2026-07-20T23:44:17,KNN-Direct-Weighted,Toxicity,0.4,22,22,15,0.6285714285714286,1.1690307089593261,0.0,0.12201508297584951,1.2910519590368494
2026-07-20T23:44:19,KNN-Direct-Manhattan,Toxicity,0.4,22,22,12,0.6,1.3310838339966722,0.0,0.06915637501515448,1.4002462080097757
2026-07-20T23:44:23,KNN-IC,Toxicity,0.4,23,23,7,0.5714285714285714,3.469395667023491,0.25335920799989253,0.020492374955210835,3.743249792023562
2026-07-20T23:44:23,Mean-IC,Toxicity,0.4,23,23,6,0.5428571428571428,0.1264908749726601,0.002736833004746586,0.01225683296797797,0.1414863329846412
2026-07-20T23:44:24,KNN-Direct,Toxicity,0.4,23,23,6,0.5714285714285714,0.6716727080056444,0.0,0.07011429098201916,0.741788917046506
2026-07-20T23:44:24,KNN-Direct-Weighted,Toxicity,0.4,23,23,6,0.6,0.6750723749864846,0.0,0.07050349999917671,0.7455780829768628
2026-07-20T23:44:25,KNN-Direct-Manhattan,Toxicity,0.4,23,23,9,0.5714285714285714,0.6819068340118974,0.0,0.07434862502850592,0.7562585000414401
2026-07-20T23:44:34,KNN-IC,Toxicity,0.4,24,24,5,0.5428571428571428,4.136956666014157,0.49524845799896866,0.037329250015318394,4.669538874994032
2026-07-20T23:44:35,Mean-IC,Toxicity,0.4,24,24,13,0.6571428571428571,0.2527206249651499,0.005844166036695242,0.013010791968554258,0.2715792080271058
2026-07-20T23:44:35,KNN-Direct,Toxicity,0.4,24,24,11,0.5714285714285714,0.7098668749677017,0.0,0.06974979204824194,0.7796191669767722
2026-07-20T23:44:36,KNN-Direct-Weighted,Toxicity,0.4,24,24,7,0.4857142857142857,0.7052822079858743,0.0,0.07034024997847155,0.7756247080396861
2026-07-20T23:44:37,KNN-Direct-Manhattan,Toxicity,0.4,24,24,7,0.6,0.6652045410010032,0.0,0.06903129199054092,0.7342384999501519
2026-07-20T23:44:41,KNN-IC,Toxicity,0.4,25,25,5,0.5714285714285714,3.7174566670437343,0.255960792012047,0.020016167021822184,3.9934364579967223
2026-07-20T23:44:41,Mean-IC,Toxicity,0.4,25,25,7,0.5714285714285714,0.11980375001439825,0.0027059580315835774,0.012022499984595925,0.13453404098981991
2026-07-20T23:44:44,KNN-Direct,Toxicity,0.4,25,25,5,0.6,2.5485758329741657,0.0,0.3680611249874346,2.9166431660414673
2026-07-20T23:44:48,KNN-Direct-Weighted,Toxicity,0.4,25,25,5,0.6285714285714286,4.264483125007246,0.0,0.1081504580215551,4.372642584028654
2026-07-20T23:44:50,KNN-Direct-Manhattan,Toxicity,0.4,25,25,5,0.6571428571428571,1.31569912499981,0.0,0.08590137504506856,1.4016144589986652
2026-07-20T23:44:54,KNN-IC,Toxicity,0.4,26,26,15,0.6,3.6297386250225827,0.2731976250070147,0.0207689999951981,3.923709750000853
2026-07-20T23:44:54,Mean-IC,Toxicity,0.4,26,26,15,0.6285714285714286,0.12495562498224899,0.002841999987140298,0.012700791994575411,0.14050212502479553
2026-07-20T23:44:55,KNN-Direct,Toxicity,0.4,26,26,9,0.7142857142857143,0.6992999590002,0.0,0.07269512501079589,0.7719976670341566
2026-07-20T23:44:55,KNN-Direct-Weighted,Toxicity,0.4,26,26,5,0.6857142857142857,0.7012552910018712,0.0,0.07327866600826383,0.7745364170405082
2026-07-20T23:44:56,KNN-Direct-Manhattan,Toxicity,0.4,26,26,13,0.6,0.6854117909679189,0.0,0.07140570803312585,0.7568201250396669
2026-07-20T23:45:00,KNN-IC,Toxicity,0.4,27,27,9,0.7142857142857143,3.6959389580297284,0.26986062503419816,0.020950833975803107,3.9867544999578968
2026-07-20T23:45:00,Mean-IC,Toxicity,0.4,27,27,15,0.6571428571428571,0.12489783304044977,0.002797209017444402,0.012680542015004903,0.14037908299360424
2026-07-20T23:45:01,KNN-Direct,Toxicity,0.4,27,27,1,0.6,0.6989989170106128,0.0,0.07235079101519659,0.7713518750388175
2026-07-20T23:45:02,KNN-Direct-Weighted,Toxicity,0.4,27,27,15,0.6857142857142857,0.6998674169881269,0.0,0.07319583301432431,0.7730663749971427
2026-07-20T23:45:03,KNN-Direct-Manhattan,Toxicity,0.4,27,27,1,0.6,0.6876088749850169,0.0,0.07187441701535136,0.7594864999991842
2026-07-20T23:45:07,KNN-IC,Toxicity,0.4,28,28,3,0.6857142857142857,3.768780999991577,0.2163083750056103,0.020501542021520436,4.00559549999889
2026-07-20T23:45:07,Mean-IC,Toxicity,0.4,28,28,5,0.6857142857142857,0.12482291599735618,0.002863125002477318,0.012691624986473471,0.1403812500066124
2026-07-20T23:45:08,KNN-Direct,Toxicity,0.4,28,28,3,0.6571428571428571,0.6942081250017509,0.0,0.0727294169482775,0.7669400420272723
2026-07-20T23:45:08,KNN-Direct-Weighted,Toxicity,0.4,28,28,4,0.5714285714285714,0.6994230829877779,0.0,0.07275783299701288,0.7721837499993853
2026-07-20T23:45:09,KNN-Direct-Manhattan,Toxicity,0.4,28,28,3,0.6571428571428571,0.686213625012897,0.0,0.07166399998823181,0.757880249992013
2026-07-20T23:45:13,KNN-IC,Toxicity,0.4,29,29,7,0.6857142857142857,3.5872704589855857,0.2630778329912573,0.020531624963041395,3.8708837919984944
2026-07-20T23:45:13,Mean-IC,Toxicity,0.4,29,29,9,0.6857142857142857,0.12429754203185439,0.0028242500266060233,0.012678458006121218,0.13980349997291341
2026-07-20T23:45:14,KNN-Direct,Toxicity,0.4,29,29,9,0.6285714285714286,0.6921874590334482,0.0,0.0726207920233719,0.7648102500243112
2026-07-20T23:45:15,KNN-Direct-Weighted,Toxicity,0.4,29,29,10,0.6285714285714286,0.7055275840102695,0.0,0.12819091702112928,0.8337227920419537
2026-07-20T23:45:16,KNN-Direct-Manhattan,Toxicity,0.4,29,29,5,0.6571428571428571,0.8048552080290392,0.0,0.07229574996745214,0.8771555420244113
2026-07-20T23:45:19,KNN-IC,Toxicity,0.4,30,30,9,0.6285714285714286,3.577865374973044,0.2682426670216955,0.020840541983488947,3.8669530830229633
2026-07-20T23:45:20,Mean-IC,Toxicity,0.4,30,30,13,0.5428571428571428,0.12378795800032094,0.0029918330255895853,0.012439416022971272,0.13922229199670255
2026-07-20T23:45:20,KNN-Direct,Toxicity,0.4,30,30,7,0.6285714285714286,0.6917892500059679,0.0,0.07211458298843354,0.7639061249792576
2026-07-20T23:45:21,KNN-Direct-Weighted,Toxicity,0.4,30,30,13,0.6,0.6969520410057157,0.0,0.07269545900635421,0.7696510420064442
2026-07-20T23:45:22,KNN-Direct-Manhattan,Toxicity,0.4,30,30,7,0.6285714285714286,0.6874950830242597,0.0,0.07127583300461993,0.7587740420131013
2026-07-20T23:45:26,KNN-IC,Toxicity,0.4,31,31,5,0.6571428571428571,3.6171696670353413,0.26068962505087256,0.020754207973368466,3.8986174580059014
2026-07-20T23:45:26,Mean-IC,Toxicity,0.4,31,31,11,0.6,0.12407645798521116,0.002831542049534619,0.012386541988234967,0.13929729198571295
2026-07-20T23:45:27,KNN-Direct,Toxicity,0.4,31,31,6,0.6285714285714286,0.6927152919815853,0.0,0.07222733402159065,0.7649453330086544
2026-07-20T23:45:27,KNN-Direct-Weighted,Toxicity,0.4,31,31,9,0.7142857142857143,0.6979414580273442,0.0,0.07248675002483651,0.7704312500427477
2026-07-20T23:45:28,KNN-Direct-Manhattan,Toxicity,0.4,31,31,5,0.6,0.6860367909539491,0.0,0.0716516250395216,0.7576909580384381
2026-07-20T23:45:32,KNN-IC,Toxicity,0.4,32,32,15,0.7714285714285715,3.7047673750203103,0.2762039169901982,0.020938291971106082,4.0019137500203215
2026-07-20T23:45:32,Mean-IC,Toxicity,0.4,32,32,12,0.6857142857142857,0.12392020795959979,0.002925999986473471,0.012491916015278548,0.13934116601012647
2026-07-20T23:45:33,KNN-Direct,Toxicity,0.4,32,32,12,0.7428571428571429,0.6936643750523217,0.0,0.07213916699402034,0.7658059170353226
2026-07-20T23:45:34,KNN-Direct-Weighted,Toxicity,0.4,32,32,9,0.7428571428571429,0.7003547909553163,0.0,0.07333000004291534,0.7736874169786461
2026-07-20T23:45:35,KNN-Direct-Manhattan,Toxicity,0.4,32,32,9,0.6857142857142857,0.6878849999629892,0.0,0.07161162496777251,0.7594993750099093
2026-07-20T23:45:39,KNN-IC,Toxicity,0.4,33,33,5,0.6,3.6007297910400666,0.2575947089935653,0.02068095898721367,3.879009874945041
2026-07-20T23:45:39,Mean-IC,Toxicity,0.4,33,33,13,0.6,0.1244969159597531,0.002834749990142882,0.01262662495719269,0.13996175001375377
2026-07-20T23:45:39,KNN-Direct,Toxicity,0.4,33,33,5,0.6,0.6937087080441415,0.0,0.07209804200101644,0.7658092500059865
2026-07-20T23:45:40,KNN-Direct-Weighted,Toxicity,0.4,33,33,15,0.6285714285714286,0.6986781659652479,0.0,0.0725885410211049,0.7712695419904776
2026-07-20T23:45:41,KNN-Direct-Manhattan,Toxicity,0.4,33,33,14,0.6571428571428571,0.6857973329606466,0.0,0.0712739170412533,0.7570741670206189
2026-07-20T23:45:45,KNN-IC,Toxicity,0.4,34,34,7,0.6571428571428571,3.5716106250183657,0.3622825830243528,0.0208505000337027,3.954747750016395
2026-07-20T23:45:45,Mean-IC,Toxicity,0.4,34,34,9,0.5714285714285714,0.12716129200998694,0.003020875039510429,0.012957917002495378,0.14314308302709833
2026-07-20T23:45:46,KNN-Direct,Toxicity,0.4,34,34,9,0.6571428571428571,0.69189783296315,0.0,0.0747032500221394,0.7666038339957595
2026-07-20T23:45:47,KNN-Direct-Weighted,Toxicity,0.4,34,34,10,0.5714285714285714,0.697573666984681,0.0,0.07288245804375038,0.7704590419889428
2026-07-20T23:45:47,KNN-Direct-Manhattan,Toxicity,0.4,34,34,11,0.6285714285714286,0.6897909590043128,0.0,0.07433174998732284,0.7641253749607131
2026-07-20T23:45:51,KNN-IC,Toxicity,0.4,35,35,3,0.6857142857142857,3.5997345420182683,0.21578979201149195,0.021009833028074354,3.836538416973781
2026-07-20T23:45:51,Mean-IC,Toxicity,0.4,35,35,11,0.6,0.12383170903194696,0.002830916957464069,0.01265370799228549,0.1393202500184998
2026-07-20T23:45:52,KNN-Direct,Toxicity,0.4,35,35,10,0.5714285714285714,0.6920674170251004,0.0,0.07222049997653812,0.7642901659710333
2026-07-20T23:45:53,KNN-Direct-Weighted,Toxicity,0.4,35,35,6,0.5714285714285714,0.6983301250147633,0.0,0.0728179169818759,0.7711504169856198
2026-07-20T23:45:54,KNN-Direct-Manhattan,Toxicity,0.4,35,35,12,0.6,0.6867596249794587,0.0,0.07216737495036796,0.758932416967582
2026-07-20T23:45:58,KNN-IC,Toxicity,0.4,36,36,11,0.7714285714285715,3.6139010000042617,0.26474795799003914,0.020749832969158888,3.8994024170096964
2026-07-20T23:45:58,Mean-IC,Toxicity,0.4,36,36,11,0.6857142857142857,0.12449508300051093,0.0028786250040866435,0.0123164999531582,0.13969337503658608
2026-07-20T23:45:58,KNN-Direct,Toxicity,0.4,36,36,9,0.6571428571428571,0.6921978750033304,0.0,0.07265599997481331,0.76485637499718
2026-07-20T23:45:59,KNN-Direct-Weighted,Toxicity,0.4,36,36,7,0.6571428571428571,0.6962460830109194,0.0,0.07328979094745591,0.7695395830087364
2026-07-20T23:46:00,KNN-Direct-Manhattan,Toxicity,0.4,36,36,15,0.6571428571428571,0.7933704589959234,0.0,0.1067582499817945,0.9001335419598036
2026-07-20T23:46:04,KNN-IC,Toxicity,0.4,37,37,3,0.6857142857142857,3.600621291960124,0.2165783749660477,0.020782208011951298,3.837986500002444
2026-07-20T23:46:04,Mean-IC,Toxicity,0.4,37,37,13,0.6,0.12439637503121048,0.0028632499743252993,0.012685458001215011,0.13994858303340152
2026-07-20T23:46:05,KNN-Direct,Toxicity,0.4,37,37,4,0.6857142857142857,0.6942147079971619,0.0,0.07212599995546043,0.7663429999956861
2026-07-20T23:46:06,KNN-Direct-Weighted,Toxicity,0.4,37,37,12,0.6857142857142857,0.6995543750235811,0.0,0.07280362496385351,0.7723606249783188
2026-07-20T23:46:06,KNN-Direct-Manhattan,Toxicity,0.4,37,37,5,0.6857142857142857,0.6874642500188202,0.0,0.07180070801405236,0.7592675409978256
2026-07-20T23:46:10,KNN-IC,Toxicity,0.4,38,38,9,0.4857142857142857,3.604381041950546,0.2680840830435045,0.020539708028081805,3.893008582992479
2026-07-20T23:46:10,Mean-IC,Toxicity,0.4,38,38,9,0.6,0.12405233300523832,0.0030876249657012522,0.012125207984354347,0.13926762499613687
2026-07-20T23:46:11,KNN-Direct,Toxicity,0.4,38,38,10,0.5714285714285714,0.6910348749952391,0.0,0.07220729201799259,0.7632444580085576
2026-07-20T23:46:12,KNN-Direct-Weighted,Toxicity,0.4,38,38,11,0.5428571428571428,0.6977565410197712,0.0,0.07300420798128471,0.7707633330137469
2026-07-20T23:46:13,KNN-Direct-Manhattan,Toxicity,0.4,38,38,7,0.5428571428571428,0.6852960000396706,0.0,0.07201725000049919,0.7573159169987775
2026-07-20T23:46:17,KNN-IC,Toxicity,0.4,39,39,13,0.5714285714285714,3.67584745795466,0.2709425420034677,0.020710208045784384,3.9675038749701343
2026-07-20T23:46:17,Mean-IC,Toxicity,0.4,39,39,15,0.6857142857142857,0.12447404197882861,0.0029172920039854944,0.012624749972019345,0.14001983404159546
2026-07-20T23:46:18,KNN-Direct,Toxicity,0.4,39,39,13,0.5428571428571428,0.6930276670027524,0.0,0.07247754198033363,0.7655074170324951
2026-07-20T23:46:18,KNN-Direct-Weighted,Toxicity,0.4,39,39,11,0.6285714285714286,0.6974123339750804,0.0,0.07266587496269494,0.770080708025489
2026-07-20T23:46:19,KNN-Direct-Manhattan,Toxicity,0.4,39,39,3,0.5142857142857142,0.7454090830287896,0.0,0.07861766597488895,0.824030333023984
2026-07-20T23:46:23,KNN-IC,Toxicity,0.5,0,0,1,0.5714285714285714,3.6428948329994455,0.1985484590404667,0.02099991700379178,3.8624475830001757
2026-07-20T23:46:23,Mean-IC,Toxicity,0.5,0,0,13,0.5714285714285714,0.12441479199333116,0.0030230419943109155,0.012627959018573165,0.140069457993377
2026-07-20T23:46:24,KNN-Direct,Toxicity,0.5,0,0,15,0.6,0.6330108330002986,0.0,0.06647112499922514,0.6994845000444911
2026-07-20T23:46:25,KNN-Direct-Weighted,Toxicity,0.5,0,0,1,0.5428571428571428,0.642315957986284,0.0,0.06690429098671302,0.7092229580157436
2026-07-20T23:46:25,KNN-Direct-Manhattan,Toxicity,0.5,0,0,1,0.42857142857142855,0.6277430420159362,0.0,0.06536962505197152,0.693115999980364
2026-07-20T23:46:29,KNN-IC,Toxicity,0.5,1,1,13,0.6857142857142857,3.6419414579868317,0.2838553750189021,0.02055970800574869,3.9463612920371816
2026-07-20T23:46:29,Mean-IC,Toxicity,0.5,1,1,14,0.6571428571428571,0.12473820900777355,0.0030814160127192736,0.01260566699784249,0.14042866602540016
2026-07-20T23:46:30,KNN-Direct,Toxicity,0.5,1,1,12,0.6285714285714286,0.6987028750008903,0.0,0.06646966701373458,0.7651749170036055
2026-07-20T23:46:31,KNN-Direct-Weighted,Toxicity,0.5,1,1,11,0.6285714285714286,0.6380459999782033,0.0,0.06684320798376575,0.704891833011061
2026-07-20T23:46:32,KNN-Direct-Manhattan,Toxicity,0.5,1,1,9,0.6857142857142857,0.6261850420269184,0.0,0.06548308295896277,0.6916707499767654
2026-07-20T23:46:36,KNN-IC,Toxicity,0.5,2,2,5,0.7714285714285715,3.657100291980896,0.264671457989607,0.020891416002996266,3.9426670420216396
2026-07-20T23:46:36,Mean-IC,Toxicity,0.5,2,2,5,0.7142857142857143,0.12415104196406901,0.0031282079871743917,0.012471791997086257,0.13975395797751844
2026-07-20T23:46:36,KNN-Direct,Toxicity,0.5,2,2,11,0.7142857142857143,0.6335537919658236,0.0,0.06636745802825317,0.6999238340067677
2026-07-20T23:46:37,KNN-Direct-Weighted,Toxicity,0.5,2,2,3,0.6571428571428571,0.640493165992666,0.0,0.06680333300027996,0.7072992079774849
2026-07-20T23:46:38,KNN-Direct-Manhattan,Toxicity,0.5,2,2,15,0.8,0.6264099580002949,0.0,0.06571049999911338,0.6921236669877544
2026-07-20T23:46:42,KNN-IC,Toxicity,0.5,3,3,9,0.6285714285714286,3.6593762920238078,0.2729311660514213,0.02110625000204891,3.953417416953016
2026-07-20T23:46:42,Mean-IC,Toxicity,0.5,3,3,3,0.5714285714285714,0.1244342919671908,0.0032285829656757414,0.012446000007912517,0.14011170802405104
2026-07-20T23:46:43,KNN-Direct,Toxicity,0.5,3,3,5,0.6571428571428571,0.6348946660291404,0.0,0.06633629102725536,0.7012330000288785
2026-07-20T23:46:43,KNN-Direct-Weighted,Toxicity,0.5,3,3,11,0.6285714285714286,0.6408905829885043,0.0,0.06695066601969302,0.7078443330246955
2026-07-20T23:46:44,KNN-Direct-Manhattan,Toxicity,0.5,3,3,5,0.6857142857142857,0.6270014169858769,0.0,0.06562737497733906,0.6926315829623491
2026-07-20T23:46:48,KNN-IC,Toxicity,0.5,4,4,13,0.6857142857142857,3.7756842089584097,0.2771288749645464,0.020534791983664036,4.073351875005756
2026-07-20T23:46:48,Mean-IC,Toxicity,0.5,4,4,11,0.6571428571428571,0.12413629097864032,0.0030237920000217855,0.012644041969906539,0.1398078339989297
2026-07-20T23:46:49,KNN-Direct,Toxicity,0.5,4,4,6,0.7142857142857143,0.6349424159852788,0.0,0.06646979099605232,0.7014145000139251
2026-07-20T23:46:50,KNN-Direct-Weighted,Toxicity,0.5,4,4,8,0.7142857142857143,0.6426994169596583,0.0,0.06691987498197705,0.7096218329970725
2026-07-20T23:46:50,KNN-Direct-Manhattan,Toxicity,0.5,4,4,3,0.6571428571428571,0.6282356670126319,0.0,0.06544020801084116,0.6936786249862053
2026-07-20T23:46:54,KNN-IC,Toxicity,0.5,5,5,13,0.6571428571428571,3.6504266660194844,0.2834773330250755,0.020882374956272542,3.954793917015195
2026-07-20T23:46:54,Mean-IC,Toxicity,0.5,5,5,9,0.4857142857142857,0.12392379099037498,0.003238583041820675,0.012477957992814481,0.13964374997885898
2026-07-20T23:46:55,KNN-Direct,Toxicity,0.5,5,5,7,0.7714285714285715,0.6354760410031304,0.0,0.06632933398941532,0.7018078329856507
2026-07-20T23:46:56,KNN-Direct-Weighted,Toxicity,0.5,5,5,7,0.6857142857142857,0.6406332920305431,0.0,0.06672529195202515,0.7073612500098534
2026-07-20T23:46:57,KNN-Direct-Manhattan,Toxicity,0.5,5,5,9,0.6857142857142857,0.6271493750391528,0.0,0.06547116598812863,0.6926230000099167
2026-07-20T23:47:00,KNN-IC,Toxicity,0.5,6,6,2,0.5142857142857142,3.691844124987256,0.21106433303793892,0.02069562498945743,3.9236078749527223
2026-07-20T23:47:01,Mean-IC,Toxicity,0.5,6,6,3,0.5428571428571428,0.12464054097654298,0.00303987500956282,0.012603375012986362,0.14028654096182436
2026-07-20T23:47:01,KNN-Direct,Toxicity,0.5,6,6,3,0.6285714285714286,0.6336197499767877,0.0,0.06620800000382587,0.6998298749676906
2026-07-20T23:47:02,KNN-Direct-Weighted,Toxicity,0.5,6,6,5,0.5714285714285714,0.6384560000151396,0.0,0.06684895802754909,0.7053075830335729
2026-07-20T23:47:03,KNN-Direct-Manhattan,Toxicity,0.5,6,6,1,0.4857142857142857,0.6319425419787876,0.0,0.06555354100419208,0.6974983749678358
2026-07-20T23:47:07,KNN-IC,Toxicity,0.5,7,7,3,0.4857142857142857,3.615927750011906,0.21912216604687274,0.021251709025818855,3.856311417010147
2026-07-20T23:47:07,Mean-IC,Toxicity,0.5,7,7,7,0.45714285714285713,0.12437112501356751,0.0031232909532263875,0.012634499988052994,0.14013200002955273
2026-07-20T23:47:07,KNN-Direct,Toxicity,0.5,7,7,1,0.42857142857142855,0.640063916973304,0.0,0.06906666699796915,0.7091330420225859
2026-07-20T23:47:08,KNN-Direct-Weighted,Toxicity,0.5,7,7,3,0.45714285714285713,0.6362925409921445,0.0,0.06670391699299216,0.7029993330361322
2026-07-20T23:47:09,KNN-Direct-Manhattan,Toxicity,0.5,7,7,3,0.6,0.6262017090339214,0.0,0.065623875008896,0.6918287090375088
2026-07-20T23:47:13,KNN-IC,Toxicity,0.5,8,8,7,0.6857142857142857,3.6331733749830164,0.27215654199244455,0.020943666982930154,3.9262771250214428
2026-07-20T23:47:13,Mean-IC,Toxicity,0.5,8,8,11,0.6857142857142857,0.1243556669796817,0.003031416970770806,0.01269295800011605,0.14008358295541257
2026-07-20T23:47:14,KNN-Direct,Toxicity,0.5,8,8,8,0.7714285714285715,0.6344578749849461,0.0,0.06630300002871081,0.7007630000007339
2026-07-20T23:47:14,KNN-Direct-Weighted,Toxicity,0.5,8,8,4,0.5142857142857142,0.640822916990146,0.0,0.06678333302261308,0.7076086250017397
2026-07-20T23:47:15,KNN-Direct-Manhattan,Toxicity,0.5,8,8,15,0.7428571428571429,0.7302792909904383,0.0,0.06921783403959125,0.7995007919962518
2026-07-20T23:47:19,KNN-IC,Toxicity,0.5,9,9,7,0.6857142857142857,3.6374253749963827,0.2689983749878593,0.02090983302332461,3.9273374999756925
2026-07-20T23:47:19,Mean-IC,Toxicity,0.5,9,9,5,0.6857142857142857,0.12801095901522785,0.003240999998524785,0.01251929096179083,0.14377479202812538
2026-07-20T23:47:20,KNN-Direct,Toxicity,0.5,9,9,9,0.6857142857142857,0.6344149169744924,0.0,0.06622600002447143,0.7006435410003178
2026-07-20T23:47:21,KNN-Direct-Weighted,Toxicity,0.5,9,9,11,0.7428571428571429,0.6397209590068087,0.0,0.06685075000859797,0.7065749999601394
2026-07-20T23:47:21,KNN-Direct-Manhattan,Toxicity,0.5,9,9,13,0.8285714285714286,0.6276629160274751,0.0,0.06571070902282372,0.6933759999810718
2026-07-20T23:47:25,KNN-IC,Toxicity,0.5,10,10,15,0.4857142857142857,3.672704749973491,0.2896425829967484,0.02091670804657042,3.9832684999564663
2026-07-20T23:47:25,Mean-IC,Toxicity,0.5,10,10,15,0.5428571428571428,0.12401962495641783,0.003133124962914735,0.012513374967966229,0.1396692079724744
2026-07-20T23:47:26,KNN-Direct,Toxicity,0.5,10,10,11,0.5428571428571428,0.6368890830199234,0.0,0.06634379201568663,0.703235000022687
2026-07-20T23:47:27,KNN-Direct-Weighted,Toxicity,0.5,10,10,11,0.5428571428571428,0.6390737920301035,0.0,0.06667616695631295,0.7057526670396328
2026-07-20T23:47:28,KNN-Direct-Manhattan,Toxicity,0.5,10,10,14,0.42857142857142855,0.6295602089958265,0.0,0.06495366699527949,0.6945175410364754
2026-07-20T23:47:32,KNN-IC,Toxicity,0.5,11,11,10,0.6,3.7658760829945095,0.2771015830221586,0.021925749955698848,4.064907875028439
2026-07-20T23:47:32,Mean-IC,Toxicity,0.5,11,11,15,0.5714285714285714,0.1326703339582309,0.0030558750149793923,0.013678500021342188,0.1494086249731481
2026-07-20T23:47:32,KNN-Direct,Toxicity,0.5,11,11,10,0.5142857142857142,0.6669277079636231,0.0,0.06847175001166761,0.7354017499601468
2026-07-20T23:47:33,KNN-Direct-Weighted,Toxicity,0.5,11,11,7,0.4857142857142857,0.6686749579967,0.0,0.07066954096080735,0.7393477080040611
2026-07-20T23:47:34,KNN-Direct-Manhattan,Toxicity,0.5,11,11,14,0.6,0.6795415410306305,0.0,0.0698767090216279,0.7494215839542449
2026-07-20T23:47:38,KNN-IC,Toxicity,0.5,12,12,7,0.6571428571428571,3.928524417045992,0.31286962499143556,0.021698374999687076,4.263098541996442
2026-07-20T23:47:38,Mean-IC,Toxicity,0.5,12,12,13,0.5428571428571428,0.12897954101208597,0.0033725830144248903,0.01307766599347815,0.14543358300579712
2026-07-20T23:47:39,KNN-Direct,Toxicity,0.5,12,12,3,0.5714285714285714,0.6621207920252346,0.0,0.06941408402053639,0.7315381250227802
2026-07-20T23:47:40,KNN-Direct-Weighted,Toxicity,0.5,12,12,3,0.5714285714285714,0.7585149999940768,0.0,0.08317987498594448,0.8416977499728091
2026-07-20T23:47:41,KNN-Direct-Manhattan,Toxicity,0.5,12,12,3,0.5428571428571428,0.7495452910079621,0.0,0.07297441601986066,0.8225232080440037
2026-07-20T23:47:45,KNN-IC,Toxicity,0.5,13,13,1,0.5714285714285714,3.9925762079656124,0.251468250004109,0.020539041026495397,4.264587832964025
2026-07-20T23:47:45,Mean-IC,Toxicity,0.5,13,13,4,0.5428571428571428,0.1307402920210734,0.003900500014424324,0.013483542017638683,0.14812833402538672
2026-07-20T23:47:46,KNN-Direct,Toxicity,0.5,13,13,12,0.5714285714285714,0.6610213339445181,0.0,0.06991433299845085,0.7309402920072898
2026-07-20T23:47:47,KNN-Direct-Weighted,Toxicity,0.5,13,13,5,0.5714285714285714,0.6785687920055352,0.0,0.13276445801602677,0.8113372499938123
2026-07-20T23:47:48,KNN-Direct-Manhattan,Toxicity,0.5,13,13,5,0.5714285714285714,0.79130504099885,0.0,0.06843250000383705,0.8597450419911183
2026-07-20T23:47:52,KNN-IC,Toxicity,0.5,14,14,13,0.5714285714285714,3.946739459002856,0.3283930000034161,0.02117487497162074,4.296311416022945
2026-07-20T23:47:52,Mean-IC,Toxicity,0.5,14,14,3,0.6285714285714286,0.1324871249962598,0.003280750010162592,0.013224167050793767,0.14899958297610283
2026-07-20T23:47:53,KNN-Direct,Toxicity,0.5,14,14,12,0.6857142857142857,0.695365707972087,0.0,0.08186000003479421,0.7772279169876128
2026-07-20T23:47:54,KNN-Direct-Weighted,Toxicity,0.5,14,14,9,0.6285714285714286,0.7214088750188239,0.0,0.06878362502902746,0.790195582958404
2026-07-20T23:47:54,KNN-Direct-Manhattan,Toxicity,0.5,14,14,1,0.5714285714285714,0.6478537500370294,0.0,0.068806457973551,0.7166631250292994
2026-07-20T23:47:59,KNN-IC,Toxicity,0.5,15,15,3,0.6285714285714286,4.076875832979567,0.23860970797250047,0.021792875020764768,4.337284166016616
2026-07-20T23:47:59,Mean-IC,Toxicity,0.5,15,15,13,0.6285714285714286,0.1303449160186574,0.0032067089923657477,0.01313074998324737,0.14668624999467283
2026-07-20T23:48:00,KNN-Direct,Toxicity,0.5,15,15,7,0.6,0.667415332980454,0.0,0.06974608299788088,0.7371639589546248
2026-07-20T23:48:00,KNN-Direct-Weighted,Toxicity,0.5,15,15,7,0.6,0.7782058750162832,0.0,0.07080308301374316,0.8490119579946622
2026-07-20T23:48:01,KNN-Direct-Manhattan,Toxicity,0.5,15,15,4,0.6857142857142857,0.6578061659820378,0.0,0.06709420896368101,0.724903458962217
2026-07-20T23:48:06,KNN-IC,Toxicity,0.5,16,16,11,0.6571428571428571,4.06584345799638,0.3372398749925196,0.02366395795252174,4.4267540000146255
2026-07-20T23:48:06,Mean-IC,Toxicity,0.5,16,16,9,0.6,0.1313088329625316,0.0031321249553002417,0.013076832983642817,0.14752191700972617
2026-07-20T23:48:06,KNN-Direct,Toxicity,0.5,16,16,13,0.5428571428571428,0.6467378750094213,0.0,0.06645587499951944,0.7131960830301978
2026-07-20T23:48:07,KNN-Direct-Weighted,Toxicity,0.5,16,16,13,0.5428571428571428,0.6424297919729725,0.0,0.06853804195998237,0.7109707079944201
2026-07-20T23:48:08,KNN-Direct-Manhattan,Toxicity,0.5,16,16,15,0.6,0.6412699579959735,0.0,0.06564745801733807,0.706920166965574
2026-07-20T23:48:12,KNN-IC,Toxicity,0.5,17,17,3,0.5142857142857142,3.983542417001445,0.2269522079732269,0.020575958013068885,4.231074583018199
2026-07-20T23:48:12,Mean-IC,Toxicity,0.5,17,17,3,0.5714285714285714,0.134355999995023,0.005645666969940066,0.01984824996907264,0.1598547920002602
2026-07-20T23:48:13,KNN-Direct,Toxicity,0.5,17,17,13,0.5428571428571428,0.6776745410170406,0.0,0.06957554095424712,0.7472534160478972
2026-07-20T23:48:14,KNN-Direct-Weighted,Toxicity,0.5,17,17,12,0.6285714285714286,0.6670074589783326,0.0,0.07771325000794604,0.7447239590110257
2026-07-20T23:48:15,KNN-Direct-Manhattan,Toxicity,0.5,17,17,4,0.5714285714285714,0.6805885000503622,0.0,0.06964925001375377,0.7502440839889459
2026-07-20T23:48:19,KNN-IC,Toxicity,0.5,18,18,7,0.5142857142857142,4.208607666019816,0.26158929197117686,0.020388250006362796,4.490595125011168
2026-07-20T23:48:19,Mean-IC,Toxicity,0.5,18,18,15,0.5714285714285714,0.12454233301104978,0.003052332962397486,0.012727874971460551,0.14032595796743408
2026-07-20T23:48:20,KNN-Direct,Toxicity,0.5,18,18,6,0.6285714285714286,0.6263375830021687,0.0,0.06442204199265689,0.6907617910183035
2026-07-20T23:48:21,KNN-Direct-Weighted,Toxicity,0.5,18,18,13,0.5714285714285714,0.6348982920171693,0.0,0.06627274997299537,0.7011740410234779
2026-07-20T23:48:21,KNN-Direct-Manhattan,Toxicity,0.5,18,18,14,0.6285714285714286,0.6277347920113243,0.0,0.06426033400930464,0.6919974160264246
2026-07-20T23:48:25,KNN-IC,Toxicity,0.5,19,19,3,0.5142857142857142,3.6860038329614326,0.23617137497058138,0.021609832998365164,3.943789041019045
2026-07-20T23:48:25,Mean-IC,Toxicity,0.5,19,19,7,0.6,0.12977920804405585,0.0032634169911034405,0.01338291703723371,0.14642979099880904
2026-07-20T23:48:26,KNN-Direct,Toxicity,0.5,19,19,5,0.6571428571428571,0.6398468330153264,0.0,0.06570737500442192,0.7055566249764524
2026-07-20T23:48:27,KNN-Direct-Weighted,Toxicity,0.5,19,19,10,0.6,0.6349601249676198,0.0,0.06492024997714907,0.699882916000206
2026-07-20T23:48:27,KNN-Direct-Manhattan,Toxicity,0.5,19,19,5,0.6,0.6333290829788893,0.0,0.06520787498448044,0.6985398340038955
2026-07-20T23:48:32,KNN-IC,Toxicity,0.5,20,20,6,0.6285714285714286,3.7911337499972433,0.26686916599282995,0.021091332950163633,4.079098708985839
2026-07-20T23:48:32,Mean-IC,Toxicity,0.5,20,20,5,0.5428571428571428,0.12346487498143688,0.0030180420144461095,0.0121518750092946,0.13863737502833828
2026-07-20T23:48:32,KNN-Direct,Toxicity,0.5,20,20,1,0.5142857142857142,0.6321585830301046,0.0,0.06736045802244917,0.699521749978885
2026-07-20T23:48:33,KNN-Direct-Weighted,Toxicity,0.5,20,20,7,0.6285714285714286,0.6447816669824533,0.0,0.06535045901546255,0.7101350000011735
2026-07-20T23:48:34,KNN-Direct-Manhattan,Toxicity,0.5,20,20,4,0.5714285714285714,0.6434006249764934,0.0,0.06555175001267344,0.7089548749499954
2026-07-20T23:48:38,KNN-IC,Toxicity,0.5,21,21,1,0.5714285714285714,3.7715270829503424,0.19838012498803437,0.02018508402397856,3.9900950000155717
2026-07-20T23:48:38,Mean-IC,Toxicity,0.5,21,21,10,0.6857142857142857,0.12188187497667968,0.003007582970894873,0.012540332973003387,0.13743266701931134
2026-07-20T23:48:39,KNN-Direct,Toxicity,0.5,21,21,6,0.5714285714285714,0.6408737500314601,0.0,0.06665758299641311,0.7075338750146329
2026-07-20T23:48:39,KNN-Direct-Weighted,Toxicity,0.5,21,21,5,0.5714285714285714,0.637589207966812,0.0,0.06711254100082442,0.7047047090018168
2026-07-20T23:48:40,KNN-Direct-Manhattan,Toxicity,0.5,21,21,7,0.5428571428571428,0.6236955830245279,0.0,0.06511620804667473,0.6888142909738235
2026-07-20T23:48:44,KNN-IC,Toxicity,0.5,22,22,6,0.5428571428571428,3.7453190829837695,0.2681525829830207,0.020998042018618435,4.034474083979148
2026-07-20T23:48:44,Mean-IC,Toxicity,0.5,22,22,13,0.5714285714285714,0.12426795903593302,0.0032320829923264682,0.012728792033158243,0.1402320839697495
2026-07-20T23:48:45,KNN-Direct,Toxicity,0.5,22,22,10,0.5714285714285714,0.7144485829630867,0.0,0.06778520799707621,0.7822356669930741
2026-07-20T23:48:46,KNN-Direct-Weighted,Toxicity,0.5,22,22,9,0.5714285714285714,0.6466097090160474,0.0,0.06716879102168605,0.7137834589811973
2026-07-20T23:48:46,KNN-Direct-Manhattan,Toxicity,0.5,22,22,9,0.6285714285714286,0.6332217080052942,0.0,0.06439508404582739,0.6976194999879226
2026-07-20T23:48:51,KNN-IC,Toxicity,0.5,23,23,7,0.6,3.7981260410160758,0.3225882910192013,0.02283295796951279,4.143552249995992
2026-07-20T23:48:51,Mean-IC,Toxicity,0.5,23,23,5,0.5142857142857142,0.12579149997327477,0.0032111670006997883,0.012714790995232761,0.14172079198760912
2026-07-20T23:48:51,KNN-Direct,Toxicity,0.5,23,23,14,0.6571428571428571,0.6573220409918576,0.0,0.0669646660098806,0.7242928330088034
2026-07-20T23:48:52,KNN-Direct-Weighted,Toxicity,0.5,23,23,5,0.5714285714285714,0.700155874947086,0.0,0.08658841700525954,0.7867534999968484
2026-07-20T23:48:53,KNN-Direct-Manhattan,Toxicity,0.5,23,23,9,0.4857142857142857,0.7447227500379086,0.0,0.06842520902864635,0.813156624964904
2026-07-20T23:48:57,KNN-IC,Toxicity,0.5,24,24,6,0.5428571428571428,3.9420001250109635,0.27879854099592194,0.020837832998950034,4.241640500025824
2026-07-20T23:48:57,Mean-IC,Toxicity,0.5,24,24,3,0.6,0.1233075829804875,0.0031809579813852906,0.012040707981213927,0.13853216700954363
2026-07-20T23:48:58,KNN-Direct,Toxicity,0.5,24,24,11,0.5714285714285714,0.6370058750035241,0.0,0.0658851670450531,0.7028939159936272
2026-07-20T23:48:59,KNN-Direct-Weighted,Toxicity,0.5,24,24,15,0.5142857142857142,0.6329960000002757,0.0,0.06471170799341053,0.6977103750105016
2026-07-20T23:49:00,KNN-Direct-Manhattan,Toxicity,0.5,24,24,7,0.5428571428571428,0.6298595420084894,0.0,0.0658035830128938,0.6956662089796737
2026-07-20T23:49:04,KNN-IC,Toxicity,0.5,25,25,5,0.6,4.009627582971007,0.25833237502956763,0.020180666004307568,4.288143999991007
2026-07-20T23:49:04,Mean-IC,Toxicity,0.5,25,25,6,0.5714285714285714,0.12520054203923792,0.0033491249778307974,0.013035291980486363,0.1415887920302339
2026-07-20T23:49:05,KNN-Direct,Toxicity,0.5,25,25,5,0.6,0.6430316250189207,0.0,0.06540587497875094,0.7084404580527917
2026-07-20T23:49:05,KNN-Direct-Weighted,Toxicity,0.5,25,25,5,0.6285714285714286,0.639200166973751,0.0,0.0664602920296602,0.7056632089661434
2026-07-20T23:49:06,KNN-Direct-Manhattan,Toxicity,0.5,25,25,4,0.6,0.6362052079639398,0.0,0.07014758297009394,0.7063556670327671
2026-07-20T23:49:10,KNN-IC,Toxicity,0.5,26,26,13,0.6285714285714286,3.636302541999612,0.27779783302685246,0.02050024998607114,3.9346039590309374
2026-07-20T23:49:10,Mean-IC,Toxicity,0.5,26,26,5,0.6,0.12384466599905863,0.0030634580180048943,0.012432332965545356,0.13934387499466538
2026-07-20T23:49:11,KNN-Direct,Toxicity,0.5,26,26,9,0.6285714285714286,0.6270251250243746,0.0,0.06452324998099357,0.6915525000076741
2026-07-20T23:49:12,KNN-Direct-Weighted,Toxicity,0.5,26,26,9,0.6571428571428571,0.6353033750201575,0.0,0.0662944579962641,0.7016023750184104
2026-07-20T23:49:12,KNN-Direct-Manhattan,Toxicity,0.5,26,26,15,0.6571428571428571,0.6237736669718288,0.0,0.0663660840364173,0.6901421250076964
2026-07-20T23:49:16,KNN-IC,Toxicity,0.5,27,27,2,0.4857142857142857,3.7569061659742147,0.21568495902465656,0.021578459010925144,3.994176290987525
2026-07-20T23:49:16,Mean-IC,Toxicity,0.5,27,27,1,0.5428571428571428,0.12540224997792393,0.0031923330388963223,0.012527708022389561,0.14113041700329632
2026-07-20T23:49:17,KNN-Direct,Toxicity,0.5,27,27,12,0.6285714285714286,0.6232014169800095,0.0,0.06585954199545085,0.6890632500289939
2026-07-20T23:49:18,KNN-Direct-Weighted,Toxicity,0.5,27,27,3,0.6,0.6347613749676384,0.0,0.06475691596278921,0.6995203330297954
2026-07-20T23:49:18,KNN-Direct-Manhattan,Toxicity,0.5,27,27,3,0.5428571428571428,0.6208507089759223,0.0,0.06514750001952052,0.6860010420205072
2026-07-20T23:49:22,KNN-IC,Toxicity,0.5,28,28,2,0.6,3.611154499987606,0.20859283400932327,0.02077729202574119,3.840527833031956
2026-07-20T23:49:22,Mean-IC,Toxicity,0.5,28,28,5,0.6857142857142857,0.12333629099885002,0.003036417008843273,0.012671499978750944,0.13904741604346782
2026-07-20T23:49:23,KNN-Direct,Toxicity,0.5,28,28,10,0.6857142857142857,0.6240197920124047,0.0,0.06568391603650525,0.6897058750037104
2026-07-20T23:49:24,KNN-Direct-Weighted,Toxicity,0.5,28,28,4,0.6,0.6320674999733455,0.0,0.06477854197146371,0.6968486250261776
2026-07-20T23:49:25,KNN-Direct-Manhattan,Toxicity,0.5,28,28,4,0.6285714285714286,0.6225466670002788,0.0,0.06531400000676513,0.6878629580023699
2026-07-20T23:49:28,KNN-IC,Toxicity,0.5,29,29,7,0.7428571428571429,3.6516197920427658,0.27384641603566706,0.021296999999321997,3.9467678329674527
2026-07-20T23:49:29,Mean-IC,Toxicity,0.5,29,29,7,0.6857142857142857,0.12649404199328274,0.0031419579754583538,0.012710791954305023,0.142351292015519
2026-07-20T23:49:29,KNN-Direct,Toxicity,0.5,29,29,6,0.7428571428571429,0.6301451660110615,0.0,0.06836666696472093,0.6985146249644458
2026-07-20T23:49:30,KNN-Direct-Weighted,Toxicity,0.5,29,29,7,0.7142857142857143,0.7211295830202289,0.0,0.06816099997377023,0.7892936670104973
2026-07-20T23:49:31,KNN-Direct-Manhattan,Toxicity,0.5,29,29,9,0.6285714285714286,0.6336175419855863,0.0,0.06476270797429606,0.6983833339763805
2026-07-20T23:49:35,KNN-IC,Toxicity,0.5,30,30,11,0.6,3.5913229170255363,0.27649183402536437,0.020140624954365194,3.8879587500123307
2026-07-20T23:49:35,Mean-IC,Toxicity,0.5,30,30,15,0.5714285714285714,0.12070299999322742,0.003002458019182086,0.012221916986163706,0.13592949998565018
2026-07-20T23:49:36,KNN-Direct,Toxicity,0.5,30,30,7,0.5714285714285714,0.6298554999521002,0.0,0.06576245801988989,0.6956206249888055
2026-07-20T23:49:36,KNN-Direct-Weighted,Toxicity,0.5,30,30,7,0.5428571428571428,0.6301458750385791,0.0,0.06636083300691098,0.6965095829800703
2026-07-20T23:49:37,KNN-Direct-Manhattan,Toxicity,0.5,30,30,13,0.5714285714285714,0.6194863750133663,0.0,0.06438083300599828,0.6838703749817796
2026-07-20T23:49:41,KNN-IC,Toxicity,0.5,31,31,3,0.6,3.653661791991908,0.21736033394699916,0.02015595795819536,3.8911833749734797
2026-07-20T23:49:41,Mean-IC,Toxicity,0.5,31,31,11,0.6285714285714286,0.12144349998561665,0.003183417022228241,0.012204792001284659,0.13683795800898224
2026-07-20T23:49:42,KNN-Direct,Toxicity,0.5,31,31,5,0.6571428571428571,0.630016874987632,0.0,0.06499279197305441,0.6950118750100955
2026-07-20T23:49:42,KNN-Direct-Weighted,Toxicity,0.5,31,31,3,0.6,0.6304162080050446,0.0,0.06627533299615607,0.6966939169797115
2026-07-20T23:49:43,KNN-Direct-Manhattan,Toxicity,0.5,31,31,6,0.6857142857142857,0.6169499999959953,0.0,0.06512987497262657,0.6820825830218382
2026-07-20T23:49:47,KNN-IC,Toxicity,0.5,32,32,1,0.4857142857142857,3.7813241660478525,0.19347091601230204,0.020518917008303106,3.995317542052362
2026-07-20T23:49:47,Mean-IC,Toxicity,0.5,32,32,8,0.6857142857142857,0.12310695805354044,0.0032780420151539147,0.012368416995741427,0.13875624997308478
2026-07-20T23:49:48,KNN-Direct,Toxicity,0.5,32,32,15,0.7142857142857143,0.6344662909978069,0.0,0.06461466598557308,0.6990831669536419
2026-07-20T23:49:49,KNN-Direct-Weighted,Toxicity,0.5,32,32,5,0.6857142857142857,0.6356872500036843,0.0,0.0664254580042325,0.7021152920206077
2026-07-20T23:49:49,KNN-Direct-Manhattan,Toxicity,0.5,32,32,7,0.7428571428571429,0.6165221250266768,0.0,0.0649403749848716,0.6814653750043362
2026-07-20T23:49:53,KNN-IC,Toxicity,0.5,33,33,14,0.6285714285714286,3.6043469589785673,0.28232541598845273,0.020591207954566926,3.907267333997879
2026-07-20T23:49:53,Mean-IC,Toxicity,0.5,33,33,14,0.6571428571428571,0.12336958304513246,0.003045624995138496,0.012324458977673203,0.13874279201263562
2026-07-20T23:49:54,KNN-Direct,Toxicity,0.5,33,33,15,0.6285714285714286,0.6236192500218749,0.0,0.06547479098662734,0.6890964999911375
2026-07-20T23:49:55,KNN-Direct-Weighted,Toxicity,0.5,33,33,15,0.6,0.6327122079674155,0.0,0.06470212497515604,0.6974166250438429
2026-07-20T23:49:55,KNN-Direct-Manhattan,Toxicity,0.5,33,33,14,0.6,0.6162940840004012,0.0,0.0645351669518277,0.6808317500399426
2026-07-20T23:49:59,KNN-IC,Toxicity,0.5,34,34,13,0.6857142857142857,3.5772031669621356,0.2802085420116782,0.020683208014816046,3.8780983749893494
2026-07-20T23:49:59,Mean-IC,Toxicity,0.5,34,34,6,0.5714285714285714,0.12298325001029298,0.003133416990749538,0.01236158300889656,0.13848137500463054
2026-07-20T23:50:00,KNN-Direct,Toxicity,0.5,34,34,14,0.6,0.6802390000084415,0.0,0.06556000001728535,0.7458016250166111
2026-07-20T23:50:01,KNN-Direct-Weighted,Toxicity,0.5,34,34,9,0.6571428571428571,0.6322145000449382,0.0,0.06499662494752556,0.6972135420073755
2026-07-20T23:50:02,KNN-Direct-Manhattan,Toxicity,0.5,34,34,7,0.5428571428571428,0.6204709589947015,0.0,0.06509554199874401,0.6855689579970203
2026-07-20T23:50:05,KNN-IC,Toxicity,0.5,35,35,11,0.6285714285714286,3.595577250001952,0.2788521249894984,0.0206271669594571,3.89506083301967
2026-07-20T23:50:06,Mean-IC,Toxicity,0.5,35,35,12,0.6571428571428571,0.12339408398838714,0.0033218329772353172,0.012408999959006906,0.1391281660180539
2026-07-20T23:50:06,KNN-Direct,Toxicity,0.5,35,35,3,0.5428571428571428,0.6260325000039302,0.0,0.06609670800389722,0.6921317920205183
2026-07-20T23:50:07,KNN-Direct-Weighted,Toxicity,0.5,35,35,13,0.5714285714285714,0.6323925839969888,0.0,0.0663869580021128,0.698781915998552
2026-07-20T23:50:08,KNN-Direct-Manhattan,Toxicity,0.5,35,35,10,0.6285714285714286,0.63178112503374,0.0,0.06420883297687396,0.6959922920214012
2026-07-20T23:50:12,KNN-IC,Toxicity,0.5,36,36,3,0.6285714285714286,3.6365759579930454,0.21886620798613876,0.020866625010967255,3.8763121250085533
2026-07-20T23:50:12,Mean-IC,Toxicity,0.5,36,36,3,0.6857142857142857,0.12201666703913361,0.0030155409476719797,0.01211037504253909,0.13714512501610443
2026-07-20T23:50:12,KNN-Direct,Toxicity,0.5,36,36,8,0.7714285714285715,0.6264086670125835,0.0,0.0658573749824427,0.6922685420140624
2026-07-20T23:50:13,KNN-Direct-Weighted,Toxicity,0.5,36,36,7,0.6571428571428571,0.6291888749692589,0.0,0.06651070795487612,0.6957025839947164
2026-07-20T23:50:14,KNN-Direct-Manhattan,Toxicity,0.5,36,36,5,0.7428571428571429,0.6218518749810755,0.0,0.06397608399856836,0.6858300410094671
2026-07-20T23:50:18,KNN-IC,Toxicity,0.5,37,37,2,0.6,3.713555583031848,0.2071782499551773,0.020084041985683143,3.9408201669575647
2026-07-20T23:50:18,Mean-IC,Toxicity,0.5,37,37,11,0.7142857142857143,0.12083054101094604,0.003003082994837314,0.012057249958161265,0.1358929590205662
2026-07-20T23:50:19,KNN-Direct,Toxicity,0.5,37,37,3,0.6857142857142857,0.6285511659807526,0.0,0.06567737500881776,0.6942310829763301
2026-07-20T23:50:19,KNN-Direct-Weighted,Toxicity,0.5,37,37,6,0.6857142857142857,0.6284811669611372,0.0,0.06660479202400893,0.69508929195581
2026-07-20T23:50:20,KNN-Direct-Manhattan,Toxicity,0.5,37,37,9,0.6285714285714286,0.6171705410233699,0.0,0.06436449999455363,0.6815377500024624
2026-07-20T23:50:24,KNN-IC,Toxicity,0.5,38,38,10,0.5142857142857142,3.620462334016338,0.27127358299912885,0.020143000001553446,3.911881625012029
2026-07-20T23:50:24,Mean-IC,Toxicity,0.5,38,38,3,0.6285714285714286,0.12221629201667383,0.003159667016007006,0.012289082980714738,0.13766750000650063
2026-07-20T23:50:25,KNN-Direct,Toxicity,0.5,38,38,8,0.6,0.6296692089526914,0.0,0.06438970798626542,0.6940609579905868
2026-07-20T23:50:25,KNN-Direct-Weighted,Toxicity,0.5,38,38,12,0.5714285714285714,0.6319360000197776,0.0,0.06798137503210455,0.6999196250108071
2026-07-20T23:50:26,KNN-Direct-Manhattan,Toxicity,0.5,38,38,10,0.6,0.6154232920380309,0.0,0.06492558302124962,0.6803517500520684
2026-07-20T23:50:30,KNN-IC,Toxicity,0.5,39,39,13,0.6857142857142857,3.613080541952513,0.3919353329692967,0.02234908303944394,4.027370374999009
2026-07-20T23:50:30,Mean-IC,Toxicity,0.5,39,39,11,0.6285714285714286,0.13494695804547518,0.004427541978657246,0.01348629198037088,0.15286504197865725
2026-07-20T23:50:31,KNN-Direct,Toxicity,0.5,39,39,15,0.5714285714285714,0.6433926659519784,0.0,0.0663372499984689,0.7097327499650419
2026-07-20T23:50:32,KNN-Direct-Weighted,Toxicity,0.5,39,39,11,0.5428571428571428,0.6343529999721795,0.0,0.06559975002892315,0.6999589999904856
2026-07-20T23:50:32,KNN-Direct-Manhattan,Toxicity,0.5,39,39,6,0.5428571428571428,0.617446958029177,0.0,0.06541525002103299,0.6828647499787621
