timestamp,method,dataset,missing_rate,trial,seed,n_neighbors,accuracy,tuning_time_sec,train_time_sec,predict_time_sec,total_time_sec
2026-07-14T22:33:27,KNN-IC,Darwin,0.1,0,0,1,0.6857142857142857,1.9676070830028038,0.11612837499706075,0.02097562502603978,2.104716208006721
2026-07-14T22:33:27,Mean-IC,Darwin,0.1,0,0,1,0.6571428571428571,0.18519620900042355,0.0021027499751653522,0.01880679200985469,0.2061108339985367
2026-07-14T22:33:28,KNN-Direct,Darwin,0.1,0,0,3,0.6,0.4984578340081498,0.0,0.051691125001525506,0.5501527079904918
2026-07-14T22:33:28,KNN-Direct-Weighted,Darwin,0.1,0,0,4,0.6285714285714286,0.5847982919949573,0.0,0.06078641698695719,0.6455892089870758
2026-07-14T22:33:29,KNN-Direct-Manhattan,Darwin,0.1,0,0,4,0.6571428571428571,0.48705562500981614,0.0,0.05062287498731166,0.5376820829987992
2026-07-14T22:33:31,KNN-IC,Darwin,0.1,1,1,1,0.6571428571428571,1.9734617920184974,0.11473437497625127,0.021174041990889236,2.1093761659867596
2026-07-14T22:33:31,Mean-IC,Darwin,0.1,1,1,1,0.5428571428571428,0.18531845801044255,0.001872458989964798,0.018696957995416597,0.20589374998235144
2026-07-14T22:33:32,KNN-Direct,Darwin,0.1,1,1,1,0.6,0.5002278750180267,0.0,0.052114708989392966,0.5523457920062356
2026-07-14T22:33:32,KNN-Direct-Weighted,Darwin,0.1,1,1,3,0.5714285714285714,0.5898019579763059,0.0,0.06047612501424737,0.650282792019425
2026-07-14T22:33:33,KNN-Direct-Manhattan,Darwin,0.1,1,1,3,0.6,0.486703167000087,0.0,0.05036083300365135,0.5370680410123896
2026-07-14T22:33:36,KNN-IC,Darwin,0.1,2,2,5,0.45714285714285713,2.654114708013367,0.2490772909950465,0.04027362499618903,2.9434807499928866
2026-07-14T22:33:36,Mean-IC,Darwin,0.1,2,2,1,0.5142857142857142,0.32886216600309126,0.0033996249840129167,0.03174075001152232,0.364011457975721
2026-07-14T22:33:37,KNN-Direct,Darwin,0.1,2,2,3,0.4857142857142857,0.6474706669978332,0.0,0.05114154200418852,0.6986159579828382
2026-07-14T22:33:37,KNN-Direct-Weighted,Darwin,0.1,2,2,5,0.5142857142857142,0.5855703749984968,0.0,0.06065266698715277,0.6462267500173766
2026-07-14T22:33:38,KNN-Direct-Manhattan,Darwin,0.1,2,2,3,0.5428571428571428,0.48759062500903383,0.0,0.050479917001212016,0.5380739579850342
2026-07-14T22:33:40,KNN-IC,Darwin,0.1,3,3,1,0.5428571428571428,1.985443125013262,0.11589845799608156,0.021395582996774465,2.12274120899383
2026-07-14T22:33:40,Mean-IC,Darwin,0.1,3,3,3,0.5714285714285714,0.18596295799943618,0.0018299999937880784,0.018936082982691005,0.20673325000097975
2026-07-14T22:33:41,KNN-Direct,Darwin,0.1,3,3,3,0.5714285714285714,0.5004291250079405,0.0,0.0514868329919409,0.5519191249914002
2026-07-14T22:33:42,KNN-Direct-Weighted,Darwin,0.1,3,3,4,0.5714285714285714,0.5865463750087656,0.0,0.060615249996772036,0.6471650829771534
2026-07-14T22:33:42,KNN-Direct-Manhattan,Darwin,0.1,3,3,3,0.4857142857142857,0.48591016698628664,0.0,0.05032712500542402,0.5362409580266103
2026-07-14T22:33:44,KNN-IC,Darwin,0.1,4,4,2,0.6857142857142857,1.9596193750039674,0.1194297909969464,0.021089957997901365,2.100143207993824
2026-07-14T22:33:44,Mean-IC,Darwin,0.1,4,4,6,0.6857142857142857,0.18427787499967963,0.0018090000085067004,0.018759375001536682,0.20484987500822172
2026-07-14T22:33:45,KNN-Direct,Darwin,0.1,4,4,5,0.6571428571428571,0.49839262501336634,0.0,0.05138720801915042,0.5497830000240356
2026-07-14T22:33:46,KNN-Direct-Weighted,Darwin,0.1,4,4,6,0.7142857142857143,0.5838684170157649,0.0,0.06067875001463108,0.6445511250058189
2026-07-14T22:33:46,KNN-Direct-Manhattan,Darwin,0.1,4,4,5,0.7714285714285715,0.4853400000138208,0.0,0.05012091601383872,0.5354639169818256
2026-07-14T22:33:48,KNN-IC,Darwin,0.1,5,5,1,0.6,1.9711192089889664,0.11596012499649078,0.020954541978426278,2.108038000005763
2026-07-14T22:33:48,Mean-IC,Darwin,0.1,5,5,4,0.6857142857142857,0.18461050000041723,0.0018053329840768129,0.018713209021370858,0.20513316601864062
2026-07-14T22:33:49,KNN-Direct,Darwin,0.1,5,5,1,0.7142857142857143,0.4965347500110511,0.0,0.05137520798598416,0.5479127920116298
2026-07-14T22:33:50,KNN-Direct-Weighted,Darwin,0.1,5,5,1,0.7142857142857143,0.6572315419907682,0.0,0.061506375001044944,0.718741292017512
2026-07-14T22:33:50,KNN-Direct-Manhattan,Darwin,0.1,5,5,1,0.7714285714285715,0.48714599999948405,0.0,0.050176207994809374,0.5373259580228478
2026-07-14T22:33:52,KNN-IC,Darwin,0.1,6,6,7,0.6857142857142857,1.9558309580024797,0.12735391699243337,0.021157791023142636,2.1043466669798363
2026-07-14T22:33:53,Mean-IC,Darwin,0.1,6,6,5,0.6285714285714286,0.18532770799356513,0.0019445420184638351,0.01879091700538993,0.2060676249966491
2026-07-14T22:33:53,KNN-Direct,Darwin,0.1,6,6,5,0.6571428571428571,0.497700125008123,0.0,0.05156374999205582,0.5492668749939185
2026-07-14T22:33:54,KNN-Direct-Weighted,Darwin,0.1,6,6,5,0.6285714285714286,0.5828530830040108,0.0,0.06066229200223461,0.6435190000047442
2026-07-14T22:33:54,KNN-Direct-Manhattan,Darwin,0.1,6,6,5,0.6571428571428571,0.49570437500369735,0.0,0.05057079199468717,0.5462784169940278
2026-07-14T22:33:56,KNN-IC,Darwin,0.1,7,7,3,0.8285714285714286,1.9625563329900615,0.11954374998458661,0.021129250002559274,2.103233166009886
2026-07-14T22:33:57,Mean-IC,Darwin,0.1,7,7,3,0.8285714285714286,0.18500179197872058,0.002130750013748184,0.018832999980077147,0.2059697080112528
2026-07-14T22:33:57,KNN-Direct,Darwin,0.1,7,7,1,0.8285714285714286,0.4979342500155326,0.0,0.05145066697150469,0.5493879590067081
2026-07-14T22:33:58,KNN-Direct-Weighted,Darwin,0.1,7,7,3,0.8,0.582383833010681,0.0,0.06021350002265535,0.6426008749986067
2026-07-14T22:33:58,KNN-Direct-Manhattan,Darwin,0.1,7,7,3,0.8285714285714286,0.48615524999331683,0.0,0.05032612499780953,0.536484542011749
2026-07-14T22:34:00,KNN-IC,Darwin,0.1,8,8,1,0.7142857142857143,1.9690272920124698,0.11671916701016016,0.021068166999612004,2.1068226659845095
2026-07-14T22:34:01,Mean-IC,Darwin,0.1,8,8,1,0.7142857142857143,0.1846091249899473,0.0017994589870795608,0.018890417006332427,0.20530329100438394
2026-07-14T22:34:01,KNN-Direct,Darwin,0.1,8,8,1,0.7428571428571429,0.49835924999206327,0.0,0.0515086249797605,0.5498711249965709
2026-07-14T22:34:02,KNN-Direct-Weighted,Darwin,0.1,8,8,1,0.7142857142857143,0.5835160419810563,0.0,0.06040804099757224,0.6439274580043275
2026-07-14T22:34:02,KNN-Direct-Manhattan,Darwin,0.1,8,8,1,0.7428571428571429,0.48647649999475107,0.0,0.050279791990760714,0.5367595840070862
2026-07-14T22:34:05,KNN-IC,Darwin,0.1,9,9,1,0.5714285714285714,2.196726416994352,0.2306257500022184,0.037678749999031425,2.4650396660144906
2026-07-14T22:34:05,Mean-IC,Darwin,0.1,9,9,1,0.6,0.3139431669842452,0.002347542002098635,0.032482124981470406,0.3487801250012126
2026-07-14T22:34:06,KNN-Direct,Darwin,0.1,9,9,1,0.6,0.6203873750055209,0.0,0.051834166020853445,0.6722255419881549
2026-07-14T22:34:07,KNN-Direct-Weighted,Darwin,0.1,9,9,1,0.6,0.5859649580088444,0.0,0.060313916008453816,0.6462820000015199
2026-07-14T22:34:07,KNN-Direct-Manhattan,Darwin,0.1,9,9,1,0.6285714285714286,0.48639299999922514,0.0,0.050416375015629455,0.5368124590022489
2026-07-14T22:34:09,KNN-IC,Darwin,0.1,10,10,8,0.7714285714285715,1.9578019169857726,0.12981075001880527,0.021178541996050626,2.108795417007059
2026-07-14T22:34:09,Mean-IC,Darwin,0.1,10,10,5,0.7714285714285715,0.18552445800742134,0.0018114580016117543,0.01879920798819512,0.20613862501340918
2026-07-14T22:34:10,KNN-Direct,Darwin,0.1,10,10,6,0.7714285714285715,0.498520916007692,0.0,0.0512508749961853,0.549774792016251
2026-07-14T22:34:11,KNN-Direct-Weighted,Darwin,0.1,10,10,5,0.7714285714285715,0.5832502080011182,0.0,0.06072004200541414,0.6439735000021756
2026-07-14T22:34:11,KNN-Direct-Manhattan,Darwin,0.1,10,10,4,0.7428571428571429,0.4862184589728713,0.0,0.05117229200550355,0.5373943750164472
2026-07-14T22:34:13,KNN-IC,Darwin,0.1,11,11,1,0.7142857142857143,1.96178458299255,0.11463404199457727,0.021373916999436915,2.0977969169907738
2026-07-14T22:34:13,Mean-IC,Darwin,0.1,11,11,1,0.6857142857142857,0.18456954101566225,0.0017949579923879355,0.01873404101934284,0.2051017909834627
2026-07-14T22:34:14,KNN-Direct,Darwin,0.1,11,11,6,0.6571428571428571,0.49599566697725095,0.0,0.05120816599810496,0.5472071249969304
2026-07-14T22:34:15,KNN-Direct-Weighted,Darwin,0.1,11,11,1,0.7428571428571429,0.5828868749958929,0.0,0.060530667018610984,0.6434207909915131
2026-07-14T22:34:15,KNN-Direct-Manhattan,Darwin,0.1,11,11,1,0.7428571428571429,0.48477841599378735,0.0,0.0502630420087371,0.5350450410041958
2026-07-14T22:34:17,KNN-IC,Darwin,0.1,12,12,2,0.5714285714285714,1.9755837919947226,0.11887783301062882,0.02129933299147524,2.115764667018084
2026-07-14T22:34:17,Mean-IC,Darwin,0.1,12,12,1,0.5428571428571428,0.18415637500584126,0.001799666992155835,0.018922290997579694,0.20488237499375828
2026-07-14T22:34:18,KNN-Direct,Darwin,0.1,12,12,3,0.5142857142857142,0.4983540420071222,0.0,0.0516950830060523,0.5500519999768585
2026-07-14T22:34:19,KNN-Direct-Weighted,Darwin,0.1,12,12,3,0.5142857142857142,0.5856796249863692,0.0,0.060610209009610116,0.6462932089925744
2026-07-14T22:34:19,KNN-Direct-Manhattan,Darwin,0.1,12,12,3,0.6,0.5055578750034329,0.0,0.05504045798443258,0.5606018750113435
2026-07-14T22:34:21,KNN-IC,Darwin,0.1,13,13,2,0.6285714285714286,2.0577401669870596,0.11790612500044517,0.02095075001125224,2.1966008330055047
2026-07-14T22:34:22,Mean-IC,Darwin,0.1,13,13,1,0.6285714285714286,0.18497150001348928,0.0020817080221604556,0.018861999997170642,0.20591854199301451
2026-07-14T22:34:22,KNN-Direct,Darwin,0.1,13,13,3,0.6571428571428571,0.4981905829918105,0.0,0.051413416978903115,0.5496069169894326
2026-07-14T22:34:23,KNN-Direct-Weighted,Darwin,0.1,13,13,3,0.6571428571428571,0.583610250003403,0.0,0.06035891600186005,0.6439727079996374
2026-07-14T22:34:23,KNN-Direct-Manhattan,Darwin,0.1,13,13,1,0.7142857142857143,0.48564133400213905,0.0,0.050169833994004875,0.5358145409845747
2026-07-14T22:34:25,KNN-IC,Darwin,0.1,14,14,1,0.7714285714285715,1.9727632080030162,0.11596770799951628,0.020946875010849908,2.1096826670109294
2026-07-14T22:34:26,Mean-IC,Darwin,0.1,14,14,1,0.8,0.18461050000041723,0.0018477919802535325,0.018758000020170584,0.20522008300758898
2026-07-14T22:34:26,KNN-Direct,Darwin,0.1,14,14,1,0.7428571428571429,0.4971485839923844,0.0,0.05202416601241566,0.5491755839902908
2026-07-14T22:34:27,KNN-Direct-Weighted,Darwin,0.1,14,14,1,0.7428571428571429,0.5877116670017131,0.0,0.05977262498345226,0.6474873340048362
2026-07-14T22:34:27,KNN-Direct-Manhattan,Darwin,0.1,14,14,1,0.7142857142857143,0.48490437498549,0.0,0.05026062499382533,0.5351684160123114
2026-07-14T22:34:30,KNN-IC,Darwin,0.1,15,15,1,0.7142857142857143,1.962798708002083,0.11555658301222138,0.02102937499876134,2.0993889160163235
2026-07-14T22:34:30,Mean-IC,Darwin,0.1,15,15,3,0.7428571428571429,0.18385041700094007,0.0018173750140704215,0.0189230419928208,0.20459537499118596
2026-07-14T22:34:30,KNN-Direct,Darwin,0.1,15,15,1,0.7428571428571429,0.4974414999887813,0.0,0.051641791011206806,0.5490859170095064
2026-07-14T22:34:31,KNN-Direct-Weighted,Darwin,0.1,15,15,1,0.7428571428571429,0.5840561659715604,0.0,0.060499916988192126,0.6445595000113826
2026-07-14T22:34:31,KNN-Direct-Manhattan,Darwin,0.1,15,15,1,0.7714285714285715,0.4869668330065906,0.0,0.05051712502609007,0.5374875830020756
2026-07-14T22:34:34,KNN-IC,Darwin,0.1,16,16,2,0.7142857142857143,1.9554775420110673,0.11837474998901598,0.021378916018875316,2.0952355829940643
2026-07-14T22:34:34,Mean-IC,Darwin,0.1,16,16,1,0.6857142857142857,0.18518133400357328,0.0018316250061616302,0.018795416021021083,0.20581195800332353
2026-07-14T22:34:34,KNN-Direct,Darwin,0.1,16,16,4,0.7428571428571429,0.5554355829954147,0.0,0.07737366599030793,0.6328137920063455
2026-07-14T22:34:35,KNN-Direct-Weighted,Darwin,0.1,16,16,4,0.6857142857142857,0.9081467909854837,0.0,0.08062337498995475,0.9887763749866281
2026-07-14T22:34:36,KNN-Direct-Manhattan,Darwin,0.1,16,16,3,0.8,0.526368958002422,0.0,0.05029020900838077,0.5766631249862257
2026-07-14T22:34:38,KNN-IC,Darwin,0.1,17,17,3,0.6571428571428571,1.9653177080035675,0.11967254098271951,0.02117408299818635,2.1061684169981163
2026-07-14T22:34:38,Mean-IC,Darwin,0.1,17,17,3,0.6571428571428571,0.184307457995601,0.001816375006455928,0.018783750012516975,0.20491158400545828
2026-07-14T22:34:39,KNN-Direct,Darwin,0.1,17,17,5,0.6857142857142857,0.4975970410159789,0.0,0.05142066700500436,0.5490205840033013
2026-07-14T22:34:40,KNN-Direct-Weighted,Darwin,0.1,17,17,7,0.6571428571428571,0.5824300829845015,0.0,0.0607488329987973,0.6431828330096323
2026-07-14T22:34:40,KNN-Direct-Manhattan,Darwin,0.1,17,17,5,0.6571428571428571,0.4856300000101328,0.0,0.05044304198236205,0.5360767079982907
2026-07-14T22:34:42,KNN-IC,Darwin,0.1,18,18,1,0.6571428571428571,1.9646524999989197,0.11549412499880418,0.021142249985132366,2.1012927499832585
2026-07-14T22:34:42,Mean-IC,Darwin,0.1,18,18,1,0.6,0.18482904200209305,0.001859708019765094,0.018872707994887605,0.20556504200794734
2026-07-14T22:34:43,KNN-Direct,Darwin,0.1,18,18,1,0.6285714285714286,0.49674908301676624,0.0,0.05151625000871718,0.5482683749869466
2026-07-14T22:34:44,KNN-Direct-Weighted,Darwin,0.1,18,18,8,0.6285714285714286,0.5844349169929046,0.0,0.06087504100287333,0.6453131250164006
2026-07-14T22:34:44,KNN-Direct-Manhattan,Darwin,0.1,18,18,3,0.6,0.4857340419839602,0.0,0.05036620801547542,0.5361033749941271
2026-07-14T22:34:46,KNN-IC,Darwin,0.1,19,19,3,0.6285714285714286,1.9831083749886602,0.11921808400074951,0.021165541984373704,2.123496124986559
2026-07-14T22:34:46,Mean-IC,Darwin,0.1,19,19,3,0.6,0.18502158299088478,0.0018068750214297324,0.018798292003339157,0.20563033400685526
2026-07-14T22:34:47,KNN-Direct,Darwin,0.1,19,19,11,0.6,0.4978558750008233,0.0,0.05146654098643921,0.5493254580069333
2026-07-14T22:34:48,KNN-Direct-Weighted,Darwin,0.1,19,19,9,0.6,0.583540458988864,0.0,0.06060991602134891,0.6441536250058562
2026-07-14T22:34:48,KNN-Direct-Manhattan,Darwin,0.1,19,19,1,0.6857142857142857,0.4858814579783939,0.0,0.050445792003301904,0.5363303750054911
2026-07-14T22:34:51,KNN-IC,Darwin,0.1,20,20,1,0.6571428571428571,2.286587749986211,0.11739512500935234,0.021153999987291172,2.425141749990871
2026-07-14T22:34:51,Mean-IC,Darwin,0.1,20,20,1,0.6571428571428571,0.18520266699488275,0.0017959580000024289,0.018825542007107288,0.20582812500651926
2026-07-14T22:34:51,KNN-Direct,Darwin,0.1,20,20,5,0.7142857142857143,0.4953751669963822,0.0,0.051436749985441566,0.5468152500106953
2026-07-14T22:34:52,KNN-Direct-Weighted,Darwin,0.1,20,20,1,0.7142857142857143,0.5826065830187872,0.0,0.06066312498296611,0.6432732079993002
2026-07-14T22:34:53,KNN-Direct-Manhattan,Darwin,0.1,20,20,1,0.6857142857142857,0.48438304199953564,0.0,0.050220125005580485,0.5346068750077393
2026-07-14T22:34:55,KNN-IC,Darwin,0.1,21,21,1,0.7428571428571429,1.9692255840054713,0.11639416698017158,0.021217458008322865,2.1068411669984926
2026-07-14T22:34:55,Mean-IC,Darwin,0.1,21,21,1,0.7714285714285715,0.18458287499379367,0.0020964579889550805,0.01870604100986384,0.205388958012918
2026-07-14T22:34:55,KNN-Direct,Darwin,0.1,21,21,1,0.7714285714285715,0.49820104098762386,0.0,0.05155937501695007,0.5497632079932373
2026-07-14T22:34:56,KNN-Direct-Weighted,Darwin,0.1,21,21,1,0.7428571428571429,0.5851449589827098,0.0,0.06051054102135822,0.6456590000016149
2026-07-14T22:34:57,KNN-Direct-Manhattan,Darwin,0.1,21,21,3,0.7714285714285715,0.4847498339950107,0.0,0.050167374982265756,0.5349207090039272
2026-07-14T22:34:59,KNN-IC,Darwin,0.1,22,22,1,0.6857142857142857,1.9460959170246497,0.11623341598897241,0.02112891699653119,2.0834621250105556
2026-07-14T22:34:59,Mean-IC,Darwin,0.1,22,22,5,0.6285714285714286,0.18447108299005777,0.0018392920028418303,0.01880333398003131,0.20511758400243707
2026-07-14T22:34:59,KNN-Direct,Darwin,0.1,22,22,1,0.6857142857142857,0.49718220901559107,0.0,0.0516687500057742,0.5488537919882219
2026-07-14T22:35:00,KNN-Direct-Weighted,Darwin,0.1,22,22,1,0.6857142857142857,0.5840402080211788,0.0,0.060750082979211584,0.6447941660007928
2026-07-14T22:35:01,KNN-Direct-Manhattan,Darwin,0.1,22,22,1,0.6571428571428571,0.48586162499850616,0.0,0.05044387502130121,0.5363085419812705
2026-07-14T22:35:03,KNN-IC,Darwin,0.1,23,23,7,0.7142857142857143,1.9822038330021314,0.13088779200916179,0.021575958002358675,2.1346719169814605
2026-07-14T22:35:03,Mean-IC,Darwin,0.1,23,23,3,0.7142857142857143,0.18530433299019933,0.00182020798092708,0.018807292013661936,0.20593587501207367
2026-07-14T22:35:03,KNN-Direct,Darwin,0.1,23,23,1,0.7142857142857143,0.4971807499823626,0.0,0.051520375011023134,0.5487040000152774
2026-07-14T22:35:04,KNN-Direct-Weighted,Darwin,0.1,23,23,1,0.7142857142857143,0.5826085829758085,0.0,0.06061104097170755,0.6432225829921663
2026-07-14T22:35:05,KNN-Direct-Manhattan,Darwin,0.1,23,23,3,0.7142857142857143,0.6978363750095014,0.0,0.0779729999776464,0.775813541986281
2026-07-14T22:35:07,KNN-IC,Darwin,0.1,24,24,1,0.6571428571428571,2.146373208001023,0.11686308297794312,0.021492542000487447,2.28473362501245
2026-07-14T22:35:07,Mean-IC,Darwin,0.1,24,24,5,0.5428571428571428,0.18521962501108646,0.001847084000473842,0.018768874986562878,0.20583891699789092
2026-07-14T22:35:08,KNN-Direct,Darwin,0.1,24,24,3,0.6285714285714286,0.4996242499910295,0.0,0.051637374999700114,0.5512651659955736
2026-07-14T22:35:09,KNN-Direct-Weighted,Darwin,0.1,24,24,3,0.6285714285714286,0.5859903749951627,0.0,0.060771332995500416,0.6467652500141412
2026-07-14T22:35:09,KNN-Direct-Manhattan,Darwin,0.1,24,24,1,0.6571428571428571,0.48769333300879225,0.0,0.0505278329947032,0.5382250410038978
2026-07-14T22:35:11,KNN-IC,Darwin,0.1,25,25,2,0.6285714285714286,1.9773430830100551,0.1178455000044778,0.021345291985198855,2.1165378329751547
2026-07-14T22:35:11,Mean-IC,Darwin,0.1,25,25,1,0.6,0.1847904160094913,0.0018135829886887223,0.018720500025665388,0.205328375013778
2026-07-14T22:35:12,KNN-Direct,Darwin,0.1,25,25,1,0.6285714285714286,0.49763183400500566,0.0,0.05148245798773132,0.5491174159978982
2026-07-14T22:35:13,KNN-Direct-Weighted,Darwin,0.1,25,25,1,0.6285714285714286,0.5817231659893878,0.0,0.060789499984821305,0.6425157499907073
2026-07-14T22:35:13,KNN-Direct-Manhattan,Darwin,0.1,25,25,1,0.6285714285714286,0.4849735830212012,0.0,0.05027270800201222,0.5352496669802349
2026-07-14T22:35:15,KNN-IC,Darwin,0.1,26,26,1,0.8,1.9726865839911625,0.11579066701233387,0.02148141697398387,2.1099626250215806
2026-07-14T22:35:16,Mean-IC,Darwin,0.1,26,26,4,0.7714285714285715,0.1844191660056822,0.0018259579956065863,0.018775542004732415,0.20502391600166447
2026-07-14T22:35:16,KNN-Direct,Darwin,0.1,26,26,1,0.6285714285714286,0.4994308750028722,0.0,0.051458625006489456,0.5508925830072258
2026-07-14T22:35:17,KNN-Direct-Weighted,Darwin,0.1,26,26,1,0.6571428571428571,0.5855015839915723,0.0,0.060776041995268315,0.6462808750220574
2026-07-14T22:35:17,KNN-Direct-Manhattan,Darwin,0.1,26,26,3,0.7714285714285715,0.48812554200412706,0.0,0.05028708299505524,0.538415500021074
2026-07-14T22:35:20,KNN-IC,Darwin,0.1,27,27,2,0.6857142857142857,1.9834218750183936,0.20789891699678265,0.05269883299479261,2.2440297919965815
2026-07-14T22:35:20,Mean-IC,Darwin,0.1,27,27,1,0.7142857142857143,0.32696787500754,0.0033000419789459556,0.027316958003211766,0.3575930839870125
2026-07-14T22:35:20,KNN-Direct,Darwin,0.1,27,27,3,0.7428571428571429,0.5325188749993686,0.0,0.05155025000567548,0.5840731660136953
2026-07-14T22:35:21,KNN-Direct-Weighted,Darwin,0.1,27,27,4,0.7428571428571429,0.5840107499971054,0.0,0.06065033297636546,0.6446641249931417
2026-07-14T22:35:22,KNN-Direct-Manhattan,Darwin,0.1,27,27,1,0.7714285714285715,0.4843330830044579,0.0,0.05034295900259167,0.5346796249796171
2026-07-14T22:35:24,KNN-IC,Darwin,0.1,28,28,1,0.6571428571428571,1.960504957998637,0.1163445409911219,0.021119625016581267,2.0979734580032527
2026-07-14T22:35:24,Mean-IC,Darwin,0.1,28,28,1,0.6285714285714286,0.1853560000017751,0.001816375006455928,0.01899941699230112,0.2061752500012517
2026-07-14T22:35:24,KNN-Direct,Darwin,0.1,28,28,6,0.7428571428571429,0.4975013340008445,0.0,0.051813040976412594,0.5493176669988316
2026-07-14T22:35:25,KNN-Direct-Weighted,Darwin,0.1,28,28,1,0.7142857142857143,0.5833047920023091,0.0,0.06041783399996348,0.6437262499821372
2026-07-14T22:35:26,KNN-Direct-Manhattan,Darwin,0.1,28,28,1,0.7428571428571429,0.4840427500021178,0.0,0.0500497080211062,0.534095624985639
2026-07-14T22:35:28,KNN-IC,Darwin,0.1,29,29,2,0.7142857142857143,1.9770295839989558,0.11843679199228063,0.021500500006368384,2.1169714170100633
2026-07-14T22:35:28,Mean-IC,Darwin,0.1,29,29,3,0.7142857142857143,0.18433466699207202,0.0018102500180248171,0.01881679199868813,0.20496570802060887
2026-07-14T22:35:29,KNN-Direct,Darwin,0.1,29,29,1,0.6571428571428571,0.4965230419766158,0.0,0.05150137501186691,0.5480274579895195
2026-07-14T22:35:29,KNN-Direct-Weighted,Darwin,0.1,29,29,1,0.7428571428571429,0.5830853749939706,0.0,0.06024870800320059,0.643337541987421
2026-07-14T22:35:30,KNN-Direct-Manhattan,Darwin,0.1,29,29,1,0.7142857142857143,0.4853149580012541,0.0,0.050391916010994464,0.5357098749955185
2026-07-14T22:35:32,KNN-IC,Darwin,0.1,30,30,1,0.7142857142857143,2.2411657080228906,0.11052141597610898,0.020726791000925004,2.372417292004684
2026-07-14T22:35:32,Mean-IC,Darwin,0.1,30,30,1,0.6285714285714286,0.18082591699203476,0.0017496249929536134,0.01846466600545682,0.20104312500916421
2026-07-14T22:35:33,KNN-Direct,Darwin,0.1,30,30,1,0.6571428571428571,0.48985779198119417,0.0,0.05089679200318642,0.5407582499901764
2026-07-14T22:35:33,KNN-Direct-Weighted,Darwin,0.1,30,30,1,0.6857142857142857,0.5745380420121364,0.0,0.05949637500452809,0.6340374579885975
2026-07-14T22:35:34,KNN-Direct-Manhattan,Darwin,0.1,30,30,1,0.7428571428571429,0.4767768750025425,0.0,0.04930125002283603,0.5260815829969943
2026-07-14T22:35:37,KNN-IC,Darwin,0.1,31,31,14,0.6571428571428571,2.4610128339845687,0.12420270900474861,0.020719332998851314,2.6059387499990407
2026-07-14T22:35:37,Mean-IC,Darwin,0.1,31,31,14,0.6285714285714286,0.1803220000001602,0.0016447499801870435,0.01846095800283365,0.2004306250018999
2026-07-14T22:52:01,KNN-Direct,Darwin,0.1,31,31,3,0.6285714285714286,0.7467395419953391,0.0,0.0616120419872459,0.8083548750146292
2026-07-14T22:52:03,KNN-Direct-Weighted,Darwin,0.1,31,31,1,0.6857142857142857,1.6111207499925513,0.0,0.17540800001006573,1.7865366670012008
2026-07-14T22:52:04,KNN-Direct-Manhattan,Darwin,0.1,31,31,1,0.6285714285714286,0.9260370830015745,0.0,0.057673374976729974,0.9837182500050403
2026-07-14T22:52:06,KNN-IC,Darwin,0.1,32,32,1,0.8285714285714286,2.0022202919935808,0.11276662498130463,0.020929666992742568,2.1359212909883354
2026-07-14T22:52:06,Mean-IC,Darwin,0.1,32,32,3,0.7714285714285715,0.1818285420013126,0.0018392500060144812,0.018585208017611876,0.20225704199401662
2026-07-14T22:52:07,KNN-Direct,Darwin,0.1,32,32,9,0.6571428571428571,0.4882845000247471,0.0,0.05060954199871048,0.5388971249922179
2026-07-14T22:52:07,KNN-Direct-Weighted,Darwin,0.1,32,32,5,0.8,0.5751422909961548,0.0,0.05941099999472499,0.6345567910175305
2026-07-14T22:52:08,KNN-Direct-Manhattan,Darwin,0.1,32,32,1,0.8,0.47836887498851866,0.0,0.049339207995217294,0.5277112920011859
2026-07-14T22:52:10,KNN-IC,Darwin,0.1,33,33,2,0.8,1.9221787090064026,0.11634970901650377,0.02097279200097546,2.0595052499847952
2026-07-14T22:52:10,Mean-IC,Darwin,0.1,33,33,1,0.8285714285714286,0.18173620899324305,0.0017940420075319707,0.01849741698242724,0.20203229199978523
2026-07-14T22:52:11,KNN-Direct,Darwin,0.1,33,33,1,0.8,0.489933541015489,0.0,0.050855791982030496,0.5407920000143349
2026-07-14T22:52:11,KNN-Direct-Weighted,Darwin,0.1,33,33,1,0.7714285714285715,0.5744315000192728,0.0,0.059781292016850784,0.6342166250105947
2026-07-14T22:52:12,KNN-Direct-Manhattan,Darwin,0.1,33,33,1,0.8571428571428571,0.4780985840188805,0.0,0.04948791701463051,0.5275903329893481
2026-07-14T22:52:14,KNN-IC,Darwin,0.1,34,34,5,0.6285714285714286,2.0728706249792594,0.12800537500879727,0.02106850000564009,2.22194866699283
2026-07-14T22:52:14,Mean-IC,Darwin,0.1,34,34,5,0.6,0.1842670000041835,0.0018758749938569963,0.01869120800984092,0.20483837500796653
2026-07-14T22:52:15,KNN-Direct,Darwin,0.1,34,34,1,0.6,0.5042177500145044,0.0,0.05099379102466628,0.5552144170214888
2026-07-14T22:52:16,KNN-Direct-Weighted,Darwin,0.1,34,34,6,0.6,0.5774664169875905,0.0,0.05987749999621883,0.6373475829896051
2026-07-14T22:52:16,KNN-Direct-Manhattan,Darwin,0.1,34,34,7,0.6571428571428571,0.4809842920221854,0.0,0.04980770900147036,0.530795583006693
2026-07-14T22:52:18,KNN-IC,Darwin,0.1,35,35,2,0.7428571428571429,2.02111329199397,0.12622816700604744,0.02164679201086983,2.168993833998684
2026-07-14T22:52:18,Mean-IC,Darwin,0.1,35,35,3,0.7142857142857143,0.18550929200137034,0.00199408401385881,0.018582083022920415,0.20608949998859316
2026-07-14T22:52:19,KNN-Direct,Darwin,0.1,35,35,5,0.7428571428571429,0.49712670798180625,0.0,0.051315875025466084,0.5484456669946667
2026-07-14T22:52:20,KNN-Direct-Weighted,Darwin,0.1,35,35,4,0.7714285714285715,0.5776591250032652,0.0,0.06035695900209248,0.6380194159864914
2026-07-14T22:52:20,KNN-Direct-Manhattan,Darwin,0.1,35,35,3,0.7714285714285715,0.48048029199708253,0.0,0.04993300000205636,0.530416542023886
2026-07-14T22:52:22,KNN-IC,Darwin,0.1,36,36,1,0.7142857142857143,1.9315256249974482,0.11410437498125248,0.020975166000425816,2.0666096250060946
2026-07-14T22:52:22,Mean-IC,Darwin,0.1,36,36,1,0.6571428571428571,0.18383304198505357,0.0017941670084837824,0.01862583399633877,0.20425720800994895
2026-07-14T22:52:23,KNN-Direct,Darwin,0.1,36,36,3,0.6857142857142857,0.4940646250033751,0.0,0.051221749978139997,0.5452893330075312
2026-07-14T22:52:24,KNN-Direct-Weighted,Darwin,0.1,36,36,3,0.6857142857142857,0.5806834590039216,0.0,0.06027508300030604,0.6409620830090716
2026-07-14T22:52:24,KNN-Direct-Manhattan,Darwin,0.1,36,36,3,0.6285714285714286,0.4837932499940507,0.0,0.0500157089845743,0.5338125000125729
2026-07-14T22:52:26,KNN-IC,Darwin,0.1,37,37,3,0.6285714285714286,1.9234000420256052,0.1177478329918813,0.020946125005139038,2.062098207999952
2026-07-14T22:52:26,Mean-IC,Darwin,0.1,37,37,1,0.6285714285714286,0.1834455830103252,0.0018342499970458448,0.018626000004587695,0.20390962500823662
2026-07-14T22:52:27,KNN-Direct,Darwin,0.1,37,37,3,0.6571428571428571,0.4914157500024885,0.0,0.051151916006347165,0.5425705829984508
2026-07-14T22:52:28,KNN-Direct-Weighted,Darwin,0.1,37,37,3,0.6857142857142857,0.5778812920034397,0.0,0.05991762501071207,0.6378026249876712
2026-07-14T22:52:28,KNN-Direct-Manhattan,Darwin,0.1,37,37,1,0.6571428571428571,0.6824627910100389,0.0,0.07151091698324308,0.7539781250234228
2026-07-14T22:52:31,KNN-IC,Darwin,0.1,38,38,5,0.6857142857142857,2.2561381669947878,0.12409133298206143,0.020903541997540742,2.4011379159928765
2026-07-14T22:52:31,Mean-IC,Darwin,0.1,38,38,5,0.6857142857142857,0.18289683299371973,0.0018132909899577498,0.01875716698123142,0.20347129201400094
2026-07-14T22:52:32,KNN-Direct,Darwin,0.1,38,38,7,0.6857142857142857,0.4937786659866106,0.0,0.05097599999862723,0.5447579169995151
2026-07-14T22:52:32,KNN-Direct-Weighted,Darwin,0.1,38,38,5,0.6857142857142857,0.579999959009001,0.0,0.06019045799621381,0.6401937089976855
2026-07-14T22:52:33,KNN-Direct-Manhattan,Darwin,0.1,38,38,1,0.6857142857142857,0.4820435000001453,0.0,0.05001029200502671,0.5320570000039879
2026-07-14T22:52:35,KNN-IC,Darwin,0.1,39,39,1,0.6571428571428571,1.942701499996474,0.11405824997927994,0.021086542023112997,2.077850125002442
2026-07-14T22:52:35,Mean-IC,Darwin,0.1,39,39,1,0.6571428571428571,0.18378654200932942,0.0019090419809799641,0.018641917005879804,0.20434158298303373
2026-07-14T22:52:36,KNN-Direct,Darwin,0.1,39,39,1,0.7428571428571429,0.4932699999772012,0.0,0.05116008300683461,0.5444334170024376
2026-07-14T22:52:36,KNN-Direct-Weighted,Darwin,0.1,39,39,1,0.7428571428571429,0.5787747080030385,0.0,0.059966708009596914,0.6387451669725124
2026-07-14T22:52:37,KNN-Direct-Manhattan,Darwin,0.1,39,39,1,0.8285714285714286,0.48241608298849314,0.0,0.049842916982015595,0.5322623749962077
2026-07-14T22:52:39,KNN-IC,Darwin,0.2,0,0,5,0.6285714285714286,2.0988478749932256,0.13671087499824353,0.021137625008122995,2.256700541009195
2026-07-14T22:52:39,Mean-IC,Darwin,0.2,0,0,1,0.6285714285714286,0.18307970798923634,0.002070417016511783,0.018581542011816055,0.20373529198695906
2026-07-14T22:52:40,KNN-Direct,Darwin,0.2,0,0,1,0.6571428571428571,0.5675540000083856,0.0,0.058921000018017367,0.6264785419916734
2026-07-14T22:52:41,KNN-Direct-Weighted,Darwin,0.2,0,0,1,0.6285714285714286,0.6531734580057673,0.0,0.06805479200556874,0.7212318749807309
2026-07-14T22:52:41,KNN-Direct-Manhattan,Darwin,0.2,0,0,1,0.6857142857142857,0.5556430410069879,0.0,0.057369832997210324,0.6130161249893717
2026-07-14T22:52:44,KNN-IC,Darwin,0.2,1,1,1,0.6571428571428571,2.5403821250074543,0.11908558299182914,0.02102037498843856,2.680492250015959
2026-07-14T22:52:44,Mean-IC,Darwin,0.2,1,1,3,0.5714285714285714,0.18385154200950637,0.00209704099688679,0.01865854099742137,0.20461083302507177
2026-07-14T22:52:45,KNN-Direct,Darwin,0.2,1,1,3,0.6285714285714286,0.569521541998256,0.0,0.05914091700105928,0.6286656250013039
2026-07-14T22:52:45,KNN-Direct-Weighted,Darwin,0.2,1,1,3,0.6,0.6568542500026524,0.0,0.06783524999627843,0.7246931249974295
2026-07-14T22:52:46,KNN-Direct-Manhattan,Darwin,0.2,1,1,1,0.6285714285714286,0.5539937500143424,0.0,0.057292040990432724,0.611289416992804
2026-07-14T22:52:48,KNN-IC,Darwin,0.2,2,2,7,0.45714285714285713,2.064914916991256,0.14219495799625292,0.020965542003978044,2.228079541993793
2026-07-14T22:52:48,Mean-IC,Darwin,0.2,2,2,7,0.45714285714285713,0.18333362499834038,0.0021188330138102174,0.01864008398842998,0.20409650000510737
2026-07-14T22:52:49,KNN-Direct,Darwin,0.2,2,2,1,0.5428571428571428,0.5688790829735808,0.0,0.05887662500026636,0.6277591669932008
2026-07-14T22:52:50,KNN-Direct-Weighted,Darwin,0.2,2,2,1,0.4857142857142857,0.6542725000181235,0.0,0.06795066597987898,0.7222264999873005
2026-07-14T22:52:50,KNN-Direct-Manhattan,Darwin,0.2,2,2,1,0.5714285714285714,0.55684208299499,0.0,0.05791858397424221,0.6147643330041319
2026-07-14T22:52:53,KNN-IC,Darwin,0.2,3,3,1,0.5714285714285714,2.0826180830190424,0.11897737497929484,0.020928042009472847,2.2225274160155095
2026-07-14T22:52:53,Mean-IC,Darwin,0.2,3,3,3,0.5428571428571428,0.18353316700085998,0.0020989579788874835,0.018632250023074448,0.20426816600956954
2026-07-14T22:52:53,KNN-Direct,Darwin,0.2,3,3,4,0.6,0.5686500419978984,0.0,0.05878449999727309,0.6274382080009673
2026-07-14T22:52:54,KNN-Direct-Weighted,Darwin,0.2,3,3,3,0.5714285714285714,0.6545041250064969,0.0,0.06799695800873451,0.7225048329855781
2026-07-14T22:52:55,KNN-Direct-Manhattan,Darwin,0.2,3,3,3,0.5142857142857142,0.5570865000190679,0.0,0.057883250003214926,0.614973290998023
2026-07-14T22:52:57,KNN-IC,Darwin,0.2,4,4,6,0.6857142857142857,2.091263791982783,0.1402400830120314,0.020975332998204976,2.2524836669908836
2026-07-14T22:52:57,Mean-IC,Darwin,0.2,4,4,8,0.6285714285714286,0.1836114999896381,0.002067791996523738,0.018637958011822775,0.2043212080025114
2026-07-14T22:52:58,KNN-Direct,Darwin,0.2,4,4,5,0.7428571428571429,0.6103186249965802,0.0,0.08414208400063217,0.6944654999824706
2026-07-14T22:52:59,KNN-Direct-Weighted,Darwin,0.2,4,4,5,0.6571428571428571,1.0014622499875259,0.0,0.09352733299601823,1.0949963339953683
2026-07-14T22:53:00,KNN-Direct-Manhattan,Darwin,0.2,4,4,15,0.7142857142857143,0.5825694579980336,0.0,0.057840249995933846,0.6404149580048397
2026-07-14T22:53:02,KNN-IC,Darwin,0.2,5,5,3,0.6571428571428571,2.088636000000406,0.1250908329966478,0.021149666979908943,2.234880834002979
2026-07-14T22:53:02,Mean-IC,Darwin,0.2,5,5,1,0.6285714285714286,0.1830142909893766,0.0020867919956799597,0.01863404200412333,0.2037388339813333
2026-07-14T22:53:03,KNN-Direct,Darwin,0.2,5,5,1,0.6285714285714286,0.5704074579989538,0.0,0.058958959009032696,0.6293697909859475
2026-07-14T22:53:04,KNN-Direct-Weighted,Darwin,0.2,5,5,7,0.7142857142857143,0.6562167079828214,0.0,0.06802287499886006,0.7242429170000833
2026-07-14T22:53:04,KNN-Direct-Manhattan,Darwin,0.2,5,5,3,0.6857142857142857,0.5574829999823123,0.0,0.057869582989951596,0.6153559999947902
2026-07-14T22:53:06,KNN-IC,Darwin,0.2,6,6,5,0.6857142857142857,2.092922792013269,0.13826404200517572,0.02090562501689419,2.252096457988955
2026-07-14T22:53:07,Mean-IC,Darwin,0.2,6,6,5,0.6,0.18260879200533964,0.0020538340031635016,0.018577750015538186,0.20324454200454056
2026-07-14T22:53:07,KNN-Direct,Darwin,0.2,6,6,5,0.6,0.5657477919885423,0.0,0.059029791998909786,0.6247807499894407
2026-07-14T22:53:08,KNN-Direct-Weighted,Darwin,0.2,6,6,5,0.6571428571428571,0.6509832090232521,0.0,0.06777120899641886,0.7187579160090536
2026-07-14T22:53:09,KNN-Direct-Manhattan,Darwin,0.2,6,6,1,0.6571428571428571,0.5540751249936875,0.0,0.05768949998309836,0.6117698749876581
2026-07-14T22:53:11,KNN-IC,Darwin,0.2,7,7,3,0.8285714285714286,2.0792007920099422,0.12418283399892971,0.02098474997910671,2.224373083008686
2026-07-14T22:53:11,Mean-IC,Darwin,0.2,7,7,4,0.8285714285714286,0.18365829100366682,0.0022010419925209135,0.018732083000941202,0.20459512501838617
2026-07-14T22:53:12,KNN-Direct,Darwin,0.2,7,7,6,0.8285714285714286,0.568785333976848,0.0,0.05900591699173674,0.6277945000038017
2026-07-14T22:53:12,KNN-Direct-Weighted,Darwin,0.2,7,7,5,0.8,0.6531917910033371,0.0,0.06797558299149387,0.7211705000081565
2026-07-14T22:53:13,KNN-Direct-Manhattan,Darwin,0.2,7,7,1,0.8571428571428571,0.6117757080064621,0.0,0.07717066697659902,0.6889505420112982
2026-07-14T22:53:15,KNN-IC,Darwin,0.2,8,8,2,0.6571428571428571,2.2528526250098366,0.1220562499947846,0.021569208009168506,2.3964837919920683
2026-07-14T22:53:16,Mean-IC,Darwin,0.2,8,8,1,0.6,0.1833785839844495,0.0020731670083478093,0.018612790998304263,0.20406824999372475
2026-07-14T22:53:16,KNN-Direct,Darwin,0.2,8,8,1,0.7142857142857143,0.5697267079958692,0.0,0.059043291985290125,0.6287729160103481
2026-07-14T22:53:17,KNN-Direct-Weighted,Darwin,0.2,8,8,1,0.7142857142857143,0.6563830000231974,0.0,0.0678651659982279,0.7242516249825712
2026-07-14T22:53:18,KNN-Direct-Manhattan,Darwin,0.2,8,8,1,0.6857142857142857,0.5573184170061722,0.0,0.058055040979525074,0.615376958012348
2026-07-14T22:53:20,KNN-IC,Darwin,0.2,9,9,1,0.5714285714285714,2.098254625016125,0.1182846250012517,0.02103162501589395,2.2375750000064727
2026-07-14T22:53:20,Mean-IC,Darwin,0.2,9,9,1,0.5428571428571428,0.18329787498805672,0.0020830830035265535,0.018366458010859787,0.203753042005701
2026-07-14T22:53:21,KNN-Direct,Darwin,0.2,9,9,1,0.5714285714285714,0.567689249990508,0.0,0.05899399999179877,0.6266866250080056
2026-07-14T22:53:21,KNN-Direct-Weighted,Darwin,0.2,9,9,1,0.5714285714285714,0.6529100409825332,0.0,0.06796454201685265,0.7208782079978846
2026-07-14T22:53:22,KNN-Direct-Manhattan,Darwin,0.2,9,9,1,0.5714285714285714,0.5554669169941917,0.0,0.05747770800371654,0.6129484590201173
2026-07-14T22:53:24,KNN-IC,Darwin,0.2,10,10,1,0.8285714285714286,2.0823713749996386,0.11890833301004022,0.02084979202481918,2.222133916016901
2026-07-14T22:53:24,Mean-IC,Darwin,0.2,10,10,5,0.7428571428571429,0.18308779198559932,0.0020968340104445815,0.01874345901887864,0.20393145800335333
2026-07-14T22:53:25,KNN-Direct,Darwin,0.2,10,10,1,0.7428571428571429,0.5673784579848871,0.0,0.05860779102658853,0.625989166990621
2026-07-14T22:53:26,KNN-Direct-Weighted,Darwin,0.2,10,10,1,0.7714285714285715,0.6526259589882102,0.0,0.06765258399536833,0.7202819159720093
2026-07-14T22:53:26,KNN-Direct-Manhattan,Darwin,0.2,10,10,4,0.7428571428571429,0.5561259999813046,0.0,0.05765758399502374,0.6137872910185251
2026-07-14T22:53:29,KNN-IC,Darwin,0.2,11,11,1,0.6857142857142857,2.7813947499962524,0.15738620900083333,0.02451095901778899,2.963297332986258
2026-07-14T22:53:30,Mean-IC,Darwin,0.2,11,11,7,0.6571428571428571,0.18991712501156144,0.002089292014716193,0.01876820798497647,0.21077829200658016
2026-07-14T22:53:30,KNN-Direct,Darwin,0.2,11,11,1,0.6857142857142857,0.5678550419979729,0.0,0.05860954101081006,0.6264676669961773
2026-07-14T22:53:31,KNN-Direct-Weighted,Darwin,0.2,11,11,1,0.6285714285714286,0.6531509589985944,0.0,0.06816191598773003,0.7213162920088507
2026-07-14T22:53:32,KNN-Direct-Manhattan,Darwin,0.2,11,11,1,0.7714285714285715,0.555687374988338,0.0,0.057815375010250136,0.6135061249951832
2026-07-14T22:53:34,KNN-IC,Darwin,0.2,12,12,1,0.5714285714285714,2.0983478330017533,0.11834612500388175,0.02101191700785421,2.2377099999866914
2026-07-14T22:53:34,Mean-IC,Darwin,0.2,12,12,3,0.4857142857142857,0.18350895802723244,0.002091333008138463,0.01876020900090225,0.20436529198195785
2026-07-14T22:53:35,KNN-Direct,Darwin,0.2,12,12,3,0.5714285714285714,0.5680109579989221,0.0,0.0590217919962015,0.6270357499888632
2026-07-14T22:53:35,KNN-Direct-Weighted,Darwin,0.2,12,12,1,0.5142857142857142,0.6531078749976587,0.0,0.06773749997955747,0.7208490839984734
2026-07-14T22:53:36,KNN-Direct-Manhattan,Darwin,0.2,12,12,3,0.6857142857142857,0.5560261659848038,0.0,0.0577470000134781,0.6137770829955116
2026-07-14T22:53:38,KNN-IC,Darwin,0.2,13,13,4,0.6285714285714286,2.1063025839976035,0.1377034999895841,0.021035125013440847,2.2650457920099143
2026-07-14T22:53:38,Mean-IC,Darwin,0.2,13,13,5,0.6285714285714286,0.18283204198814929,0.0020644160103984177,0.01852091698674485,0.20342108301701955
2026-07-14T22:53:39,KNN-Direct,Darwin,0.2,13,13,3,0.7142857142857143,0.5713138749997597,0.0,0.058898459014017135,0.6302152920106892
2026-07-14T22:53:40,KNN-Direct-Weighted,Darwin,0.2,13,13,3,0.7142857142857143,0.6531656660081353,0.0,0.06796295897220261,0.7211322500079405
2026-07-14T22:53:40,KNN-Direct-Manhattan,Darwin,0.2,13,13,1,0.7714285714285715,0.5560405409778468,0.0,0.05762150001828559,0.6136658749892376
2026-07-14T22:53:43,KNN-IC,Darwin,0.2,14,14,2,0.7714285714285715,2.105442125000991,0.12149166699964553,0.020953458995791152,2.247891957988031
2026-07-14T22:53:43,Mean-IC,Darwin,0.2,14,14,1,0.8285714285714286,0.2295938750030473,0.0037166670081205666,0.03155341700767167,0.2648714169918094
2026-07-14T22:53:44,KNN-Direct,Darwin,0.2,14,14,5,0.6857142857142857,0.7702189169940539,0.0,0.05899066699203104,0.8292140410048887
2026-07-14T22:53:44,KNN-Direct-Weighted,Darwin,0.2,14,14,1,0.7428571428571429,0.6546675409772433,0.0,0.0680712909961585,0.7227429159975145
2026-07-14T22:53:45,KNN-Direct-Manhattan,Darwin,0.2,14,14,1,0.7142857142857143,0.5579825000022538,0.0,0.057628832990303636,0.6156149999878835
2026-07-14T22:53:47,KNN-IC,Darwin,0.2,15,15,1,0.7714285714285715,2.0947564160160255,0.11822775000473484,0.021030417003203183,2.2340184999920893
2026-07-14T22:53:48,Mean-IC,Darwin,0.2,15,15,6,0.7142857142857143,0.183978916000342,0.0020718330051749945,0.018719332991167903,0.20477408298756927
2026-07-14T22:53:48,KNN-Direct,Darwin,0.2,15,15,3,0.7142857142857143,0.5686986669898033,0.0,0.059046833019237965,0.6277486249746289
2026-07-14T22:53:49,KNN-Direct-Weighted,Darwin,0.2,15,15,3,0.7142857142857143,0.652998583012959,0.0,0.0679871249885764,0.7209893330000341
2026-07-14T22:53:50,KNN-Direct-Manhattan,Darwin,0.2,15,15,1,0.7714285714285715,0.5547418750065845,0.0,0.05787058299756609,0.6126164160086773
2026-07-14T22:53:52,KNN-IC,Darwin,0.2,16,16,1,0.7428571428571429,2.088339834008366,0.11945320898666978,0.020857041992712766,2.2286542920046486
2026-07-14T22:53:52,Mean-IC,Darwin,0.2,16,16,1,0.7142857142857143,0.18339162500342354,0.0020774580189026892,0.01863024997874163,0.20410345800337382
2026-07-14T22:53:53,KNN-Direct,Darwin,0.2,16,16,9,0.7714285714285715,0.5671729579917155,0.0,0.058825665997574106,0.6260015419975389
2026-07-14T22:53:53,KNN-Direct-Weighted,Darwin,0.2,16,16,8,0.7714285714285715,0.6534087090112735,0.0,0.067744166997727,0.7211564170138445
2026-07-14T22:53:54,KNN-Direct-Manhattan,Darwin,0.2,16,16,3,0.7428571428571429,0.5558307089959271,0.0,0.057984375016530976,0.6138191249920055
2026-07-14T22:53:56,KNN-IC,Darwin,0.2,17,17,1,0.6571428571428571,2.089283000008436,0.11766291697858833,0.021161792014027014,2.2281124590081163
2026-07-14T22:53:56,Mean-IC,Darwin,0.2,17,17,3,0.6285714285714286,0.18381533300271258,0.0021427499887067825,0.01869737502420321,0.20465912501094863
2026-07-14T22:53:57,KNN-Direct,Darwin,0.2,17,17,3,0.6571428571428571,0.5688031250028871,0.0,0.05923870802507736,0.6280448329926003
2026-07-14T22:53:58,KNN-Direct-Weighted,Darwin,0.2,17,17,1,0.6285714285714286,0.6543910830223467,0.0,0.06802995802718215,0.7224244579847436
2026-07-14T22:53:59,KNN-Direct-Manhattan,Darwin,0.2,17,17,4,0.6857142857142857,0.7848867920110933,0.0,0.09367724999901839,0.8785685829934664
2026-07-14T22:54:01,KNN-IC,Darwin,0.2,18,18,1,0.6,2.340639583999291,0.11842520898790099,0.021196332992985845,2.4802666250034235
2026-07-14T22:54:01,Mean-IC,Darwin,0.2,18,18,1,0.5714285714285714,0.18357491699862294,0.0020792919967789203,0.018569208012195304,0.2042274579871446
2026-07-14T22:54:02,KNN-Direct,Darwin,0.2,18,18,1,0.7714285714285715,0.5668425829790067,0.0,0.0589121250086464,0.6257581249810755
2026-07-14T22:54:03,KNN-Direct-Weighted,Darwin,0.2,18,18,1,0.7142857142857143,0.6527138340170495,0.0,0.06749629200203344,0.7202138749998994
2026-07-14T22:54:03,KNN-Direct-Manhattan,Darwin,0.2,18,18,1,0.7142857142857143,0.5560284590173978,0.0,0.05759329200373031,0.6136255839955993
2026-07-14T22:54:05,KNN-IC,Darwin,0.2,19,19,3,0.6,2.091912040981697,0.12450554201495834,0.02091083300183527,2.2373324999934994
2026-07-14T22:54:06,Mean-IC,Darwin,0.2,19,19,1,0.6285714285714286,0.18314612499671057,0.0021584589849226177,0.018616167013533413,0.2039247500069905
2026-07-14T22:54:06,KNN-Direct,Darwin,0.2,19,19,1,0.6285714285714286,0.5671776659728494,0.0,0.0587131250067614,0.6258945410081651
2026-07-14T22:54:07,KNN-Direct-Weighted,Darwin,0.2,19,19,4,0.6285714285714286,0.6519877079990692,0.0,0.0679143340094015,0.7199055409873836
2026-07-14T22:54:08,KNN-Direct-Manhattan,Darwin,0.2,19,19,1,0.6285714285714286,0.5556640839786269,0.0,0.05798208300257102,0.6136497080151457
2026-07-14T22:54:10,KNN-IC,Darwin,0.2,20,20,2,0.7142857142857143,2.073737250000704,0.12183354201260954,0.021184417011681944,2.216759834002005
2026-07-14T22:54:10,Mean-IC,Darwin,0.2,20,20,3,0.6285714285714286,0.18342441698769107,0.002188083017244935,0.018673916987609118,0.20429029199294746
2026-07-14T22:54:11,KNN-Direct,Darwin,0.2,20,20,1,0.7428571428571429,0.5675236670067534,0.0,0.05913195799803361,0.6266587080026511
2026-07-14T22:54:11,KNN-Direct-Weighted,Darwin,0.2,20,20,5,0.7428571428571429,0.6554788749781437,0.0,0.06790512500447221,0.7233877500111703
2026-07-14T22:54:12,KNN-Direct-Manhattan,Darwin,0.2,20,20,1,0.7428571428571429,0.5573867500061169,0.0,0.05775474998517893,0.6151449579920154
2026-07-14T22:54:15,KNN-IC,Darwin,0.2,21,21,2,0.7714285714285715,3.2156656660081353,0.11918704200070351,0.020602416014298797,3.355458208010532
2026-07-14T22:54:16,Mean-IC,Darwin,0.2,21,21,3,0.7428571428571429,0.18050333301653154,0.0019433749839663506,0.018496875010896474,0.20094658297603019
2026-07-14T22:54:16,KNN-Direct,Darwin,0.2,21,21,3,0.7428571428571429,0.5595771249791142,0.0,0.05824783301795833,0.6178285829955712
2026-07-14T22:54:17,KNN-Direct-Weighted,Darwin,0.2,21,21,7,0.7428571428571429,0.6530466660042293,0.0,0.06691704198601656,0.7199667500099167
2026-07-14T22:54:18,KNN-Direct-Manhattan,Darwin,0.2,21,21,3,0.7428571428571429,0.5494478330074344,0.0,0.0571635419910308,0.6066141249903012
2026-07-14T22:54:20,KNN-IC,Darwin,0.2,22,22,1,0.6857142857142857,2.0152047500014305,0.11448395799379796,0.02086729198344983,2.1505595830094535
2026-07-14T22:54:20,Mean-IC,Darwin,0.2,22,22,1,0.6857142857142857,0.1810105000040494,0.0019225830037612468,0.018543666985351592,0.2014797090087086
2026-07-14T22:54:21,KNN-Direct,Darwin,0.2,22,22,1,0.6285714285714286,0.5580945840047207,0.0,0.05822704097954556,0.6163246250071097
2026-07-14T23:03:38,KNN-Direct-Weighted,Darwin,0.2,22,22,1,0.6571428571428571,0.8508513339911588,0.0,0.06964487498044036,0.9205005000112578
2026-07-14T23:03:39,KNN-Direct-Manhattan,Darwin,0.2,22,22,1,0.6285714285714286,0.9204950410057791,0.0,0.064316832984332,0.9848164170107339
2026-07-14T23:03:42,KNN-IC,Darwin,0.2,23,23,3,0.7142857142857143,2.2995616249972954,0.1321356249973178,0.021290750009939075,2.452993459010031
2026-07-14T23:03:42,Mean-IC,Darwin,0.2,23,23,3,0.6857142857142857,0.18531162501312792,0.0022040829935576767,0.01881062501342967,0.2063311249949038
2026-07-14T23:03:43,KNN-Direct,Darwin,0.2,23,23,3,0.7428571428571429,0.5732895830005873,0.0,0.0598884169885423,0.633181708981283
2026-07-14T23:03:43,KNN-Direct-Weighted,Darwin,0.2,23,23,9,0.7428571428571429,0.660562042001402,0.0,0.06888474998413585,0.7294507500191685
2026-07-14T23:03:44,KNN-Direct-Manhattan,Darwin,0.2,23,23,1,0.7714285714285715,0.5602575840021018,0.0,0.05835458301589824,0.6186155830218922
2026-07-14T23:03:46,KNN-IC,Darwin,0.2,24,24,1,0.5714285714285714,2.2507144169940148,0.11916441697394475,0.021206542005529627,2.391089041979285
2026-07-14T23:03:47,Mean-IC,Darwin,0.2,24,24,1,0.5428571428571428,0.18458999998983927,0.0020525830041151494,0.018640875001437962,0.20528725002077408
2026-07-14T23:03:47,KNN-Direct,Darwin,0.2,24,24,5,0.6,0.567996541998582,0.0,0.05877566698472947,0.6267755000153556
2026-07-14T23:03:48,KNN-Direct-Weighted,Darwin,0.2,24,24,4,0.6,0.6532087500090711,0.0,0.06791399998473935,0.7211260420153849
2026-07-14T23:03:49,KNN-Direct-Manhattan,Darwin,0.2,24,24,5,0.6,0.5564033749978989,0.0,0.058483250002609566,0.6148905830050353
2026-07-14T23:03:51,KNN-IC,Darwin,0.2,25,25,2,0.6,2.173211541987257,0.12214329198468477,0.020917707995977253,2.3162765000015497
2026-07-14T23:03:51,Mean-IC,Darwin,0.2,25,25,1,0.5714285714285714,0.19945516597363167,0.00210491701727733,0.01861679198918864,0.22018104197923094
2026-07-14T23:03:52,KNN-Direct,Darwin,0.2,25,25,6,0.6,0.5659676670038607,0.0,0.059206665988313034,0.625177582987817
2026-07-14T23:03:52,KNN-Direct-Weighted,Darwin,0.2,25,25,1,0.6857142857142857,0.6522001670091413,0.0,0.06765591699513607,0.7198596670059487
2026-07-14T23:03:53,KNN-Direct-Manhattan,Darwin,0.2,25,25,1,0.6285714285714286,0.554325292003341,0.0,0.057497457979479805,0.6118258330097888
2026-07-14T23:03:55,KNN-IC,Darwin,0.2,26,26,2,0.8,2.2057935830089264,0.12844879197655246,0.021557000000029802,2.355804040998919
2026-07-14T23:03:56,Mean-IC,Darwin,0.2,26,26,1,0.7714285714285715,0.18752345800749026,0.002090291993226856,0.01894487498793751,0.20856295901467092
2026-07-14T23:03:56,KNN-Direct,Darwin,0.2,26,26,1,0.6857142857142857,0.5789933750056662,0.0,0.05951479100622237,0.6385109589900821
2026-07-14T23:03:57,KNN-Direct-Weighted,Darwin,0.2,26,26,1,0.7142857142857143,0.6607592500222381,0.0,0.06819783299579285,0.7289603749813978
2026-07-14T23:03:58,KNN-Direct-Manhattan,Darwin,0.2,26,26,1,0.6857142857142857,0.5636879999947269,0.0,0.05857183301122859,0.6222633329743985
2026-07-14T23:04:00,KNN-IC,Darwin,0.2,27,27,3,0.7428571428571429,2.143553208996309,0.22696166599052958,0.04066283299471252,2.411190084007103
2026-07-14T23:04:00,Mean-IC,Darwin,0.2,27,27,3,0.6857142857142857,0.33360099999117665,0.0029787500097882003,0.022893124987604097,0.3594810420181602
2026-07-14T23:04:01,KNN-Direct,Darwin,0.2,27,27,3,0.7428571428571429,0.5939189170021564,0.0,0.05928658400080167,0.6532092500128783
2026-07-14T23:04:02,KNN-Direct-Weighted,Darwin,0.2,27,27,3,0.7428571428571429,0.6576004580128938,0.0,0.06811474999994971,0.7257184580084868
2026-07-14T23:04:02,KNN-Direct-Manhattan,Darwin,0.2,27,27,1,0.8,0.5601412079995498,0.0,0.058203666005283594,0.6183483329950832
2026-07-14T23:04:05,KNN-IC,Darwin,0.2,28,28,1,0.6857142857142857,2.1277559169975575,0.12073270801920444,0.02124433300923556,2.2697374160052277
2026-07-14T23:04:05,Mean-IC,Darwin,0.2,28,28,1,0.6,0.18455137498676777,0.002058042009593919,0.018849249987397343,0.20546254198416136
2026-07-14T23:04:06,KNN-Direct,Darwin,0.2,28,28,1,0.7428571428571429,0.573426083981758,0.0,0.05977166700176895,0.6332010409969371
2026-07-14T23:04:06,KNN-Direct-Weighted,Darwin,0.2,28,28,1,0.7428571428571429,0.6644448750012089,0.0,0.06821041600778699,0.7326583329995628
2026-07-14T23:04:07,KNN-Direct-Manhattan,Darwin,0.2,28,28,1,0.8,0.5601031249971129,0.0,0.05835237502469681,0.6184596249950118
2026-07-14T23:04:09,KNN-IC,Darwin,0.2,29,29,2,0.7428571428571429,2.162357749999501,0.12369933299487457,0.02120074999402277,2.3072622920153663
2026-07-14T23:04:09,Mean-IC,Darwin,0.2,29,29,5,0.6857142857142857,0.1851966250105761,0.002270209020934999,0.01896512499661185,0.20643566601211205
2026-07-14T23:04:10,KNN-Direct,Darwin,0.2,29,29,1,0.6857142857142857,0.5731209999939892,0.0,0.05951462499797344,0.6326386249857023
2026-07-14T23:04:11,KNN-Direct-Weighted,Darwin,0.2,29,29,10,0.6857142857142857,0.6585302090097684,0.0,0.06848795799305663,0.7270213339943439
2026-07-14T23:04:11,KNN-Direct-Manhattan,Darwin,0.2,29,29,1,0.7142857142857143,0.560169083008077,0.0,0.058270207984605804,0.6184427080152091
2026-07-14T23:04:14,KNN-IC,Darwin,0.2,30,30,1,0.6857142857142857,2.124940791982226,0.11944987499737181,0.02120216700132005,2.265597124991473
2026-07-14T23:04:14,Mean-IC,Darwin,0.2,30,30,1,0.7142857142857143,0.18456266698194668,0.002115959010552615,0.018776208016788587,0.20545883299200796
2026-07-14T23:04:15,KNN-Direct,Darwin,0.2,30,30,6,0.7428571428571429,0.5702341250143945,0.0,0.05933270801324397,0.6295700409973506
2026-07-14T23:04:16,KNN-Direct-Weighted,Darwin,0.2,30,30,1,0.7142857142857143,0.9018982920097187,0.0,0.10317200000281446,1.0050749579968397
2026-07-14T23:04:16,KNN-Direct-Manhattan,Darwin,0.2,30,30,3,0.8,0.7833052920177579,0.0,0.0674390000058338,0.850749708013609
2026-07-14T23:04:19,KNN-IC,Darwin,0.2,31,31,14,0.6571428571428571,2.180479083006503,0.1450129580043722,0.021245207986794412,2.34674183401512
2026-07-14T23:04:19,Mean-IC,Darwin,0.2,31,31,14,0.6285714285714286,0.18513774999883026,0.0020798330078832805,0.0188558749796357,0.20607733400538564
2026-07-14T23:04:20,KNN-Direct,Darwin,0.2,31,31,1,0.6857142857142857,0.5706244579923805,0.0,0.05908245799946599,0.6297097920032684
2026-07-14T23:04:20,KNN-Direct-Weighted,Darwin,0.2,31,31,1,0.6857142857142857,0.6569151669973508,0.0,0.06819016599911265,0.7251087919867132
2026-07-14T23:04:21,KNN-Direct-Manhattan,Darwin,0.2,31,31,1,0.7142857142857143,0.5574908749840688,0.0,0.058286250015953556,0.6157808329735417
2026-07-14T23:04:23,KNN-IC,Darwin,0.2,32,32,1,0.7714285714285715,2.1367934590089135,0.12039516700315289,0.021223540999926627,2.2784160829905886
2026-07-14T23:04:23,Mean-IC,Darwin,0.2,32,32,1,0.8,0.18452204199275002,0.0020599169947672635,0.018829583015758544,0.2054157080128789
2026-07-14T23:04:24,KNN-Direct,Darwin,0.2,32,32,3,0.8,0.5717408339842223,0.0,0.059627208014717326,0.631370417017024
2026-07-14T23:04:25,KNN-Direct-Weighted,Darwin,0.2,32,32,3,0.8,0.6583261670020875,0.0,0.06839941599173471,0.726728917012224
2026-07-14T23:04:25,KNN-Direct-Manhattan,Darwin,0.2,32,32,1,0.8,0.5613344160083216,0.0,0.05865487499977462,0.6199922920204699
2026-07-14T23:04:28,KNN-IC,Darwin,0.2,33,33,2,0.7428571428571429,2.1267589579802006,0.12350183297530748,0.021382708015153185,2.271648041001754
2026-07-14T23:04:28,Mean-IC,Darwin,0.2,33,33,1,0.8285714285714286,0.18461841699900106,0.0022948750120121986,0.01871983299497515,0.20563670800765976
2026-07-14T23:04:28,KNN-Direct,Darwin,0.2,33,33,1,0.8,0.5716589590010699,0.0,0.059640541003318503,0.6313027500000317
2026-07-14T23:04:29,KNN-Direct-Weighted,Darwin,0.2,33,33,3,0.8571428571428571,0.6593830419878941,0.0,0.06818750000093132,0.7275743339851033
2026-07-14T23:04:30,KNN-Direct-Manhattan,Darwin,0.2,33,33,1,0.7714285714285715,0.5754411669913679,0.0,0.07355470900074579,0.6489998330071103
2026-07-14T23:04:32,KNN-IC,Darwin,0.2,34,34,1,0.6,2.191880708007375,0.11996008298592642,0.02141420799307525,2.333259500010172
2026-07-14T23:04:32,Mean-IC,Darwin,0.2,34,34,3,0.5428571428571428,0.18541945799370296,0.002089292014716193,0.018679209024412557,0.2061916250095237
2026-07-14T23:04:33,KNN-Direct,Darwin,0.2,34,34,3,0.6285714285714286,0.5713175419950858,0.0,0.05924429098377004,0.6305646669934504
2026-07-14T23:04:34,KNN-Direct-Weighted,Darwin,0.2,34,34,3,0.6285714285714286,0.656212375004543,0.0,0.06825512502109632,0.7244709169899579
2026-07-14T23:04:34,KNN-Direct-Manhattan,Darwin,0.2,34,34,5,0.6571428571428571,0.5587105000158772,0.0,0.05825458298204467,0.6169684169872198
2026-07-14T23:04:37,KNN-IC,Darwin,0.2,35,35,2,0.7142857142857143,2.105745124979876,0.12378200000966899,0.021298790990840644,2.250830166012747
2026-07-14T23:04:37,Mean-IC,Darwin,0.2,35,35,3,0.6857142857142857,0.18455212499247864,0.0021360829996410757,0.018786041997373104,0.20547766599338502
2026-07-14T23:04:37,KNN-Direct,Darwin,0.2,35,35,1,0.7714285714285715,0.57382166699972,0.0,0.059514874999877065,0.6333395419933368
2026-07-14T23:04:38,KNN-Direct-Weighted,Darwin,0.2,35,35,1,0.7428571428571429,0.6635575830005109,0.0,0.06852262502070516,0.7320835829887073
2026-07-14T23:04:39,KNN-Direct-Manhattan,Darwin,0.2,35,35,1,0.7714285714285715,0.5619100829935633,0.0,0.05830295800114982,0.620215917006135
2026-07-14T23:04:41,KNN-IC,Darwin,0.2,36,36,2,0.6571428571428571,2.0990071250125766,0.12326595900231041,0.021082708990434185,2.2433599999931175
2026-07-14T23:04:41,Mean-IC,Darwin,0.2,36,36,1,0.6285714285714286,0.18455137498676777,0.0020456250058487058,0.018796541990013793,0.20539683301467448
2026-07-14T23:04:42,KNN-Direct,Darwin,0.2,36,36,9,0.6285714285714286,0.5709110829920974,0.0,0.059135999996215105,0.6300498749769758
2026-07-14T23:04:43,KNN-Direct-Weighted,Darwin,0.2,36,36,7,0.6285714285714286,0.6558919160161167,0.0,0.06814225000562146,0.7240379579889122
2026-07-14T23:04:43,KNN-Direct-Manhattan,Darwin,0.2,36,36,3,0.5714285714285714,0.5594062919844873,0.0,0.05796645800000988,0.6173760410165414
2026-07-14T23:04:46,KNN-IC,Darwin,0.2,37,37,3,0.6285714285714286,2.625750166014768,0.20481829199707136,0.02921458298806101,2.85978970801807
2026-07-14T23:04:46,Mean-IC,Darwin,0.2,37,37,3,0.6,0.247323542018421,0.00254025001777336,0.021870958007639274,0.27173991699237376
2026-07-14T23:04:47,KNN-Direct,Darwin,0.2,37,37,3,0.6571428571428571,0.573396000021603,0.0,0.059404667001217604,0.6328034169855528
2026-07-14T23:04:48,KNN-Direct-Weighted,Darwin,0.2,37,37,3,0.6571428571428571,0.6546251669933554,0.0,0.06816558298305608,0.7227940000011586
2026-07-14T23:04:48,KNN-Direct-Manhattan,Darwin,0.2,37,37,1,0.7428571428571429,0.5600725420226809,0.0,0.05788520802161656,0.6179609579849057
2026-07-14T23:04:51,KNN-IC,Darwin,0.2,38,38,7,0.7142857142857143,2.11688812499051,0.13854358400567435,0.021200874994974583,2.276636791997589
2026-07-14T23:04:51,Mean-IC,Darwin,0.2,38,38,7,0.7428571428571429,0.18449491600040346,0.002062999992631376,0.019010749994777143,0.205572792008752
2026-07-14T23:04:52,KNN-Direct,Darwin,0.2,38,38,5,0.6857142857142857,0.5735377079981845,0.0,0.05935104200034402,0.6328917499922682
2026-07-14T23:04:52,KNN-Direct-Weighted,Darwin,0.2,38,38,1,0.7428571428571429,0.6586456670193002,0.0,0.0680740830139257,0.7267236250045244
2026-07-14T23:04:53,KNN-Direct-Manhattan,Darwin,0.2,38,38,3,0.7142857142857143,0.5600042500009295,0.0,0.057967416010797024,0.6179748329741415
2026-07-14T23:04:55,KNN-IC,Darwin,0.2,39,39,2,0.6857142857142857,2.1255331249849405,0.12380795800709166,0.021105833002366126,2.270450959011214
2026-07-14T23:04:55,Mean-IC,Darwin,0.2,39,39,1,0.6571428571428571,0.18486154099809937,0.002059624996036291,0.018958291999297217,0.20588370799669065
2026-07-14T23:04:56,KNN-Direct,Darwin,0.2,39,39,3,0.7142857142857143,0.5712603339925408,0.0,0.05898283398710191,0.6302463750180323
2026-07-14T23:04:57,KNN-Direct-Weighted,Darwin,0.2,39,39,3,0.6857142857142857,0.6571587499929592,0.0,0.06817845802288502,0.725340375007363
2026-07-14T23:04:57,KNN-Direct-Manhattan,Darwin,0.2,39,39,1,0.7714285714285715,0.5590417080093175,0.0,0.058142916997894645,0.6171884160139598
2026-07-14T23:05:00,KNN-IC,Darwin,0.3,0,0,2,0.6285714285714286,2.208187292009825,0.12502395900082774,0.0210627090127673,2.3542781670112163
2026-07-14T23:05:00,Mean-IC,Darwin,0.3,0,0,1,0.6285714285714286,0.2165959170088172,0.003794291988015175,0.024965874996269122,0.24536237501888536
2026-07-14T23:05:01,KNN-Direct,Darwin,0.3,0,0,1,0.7428571428571429,0.8088108329975512,0.0,0.06252191599924117,0.8713370000186842
2026-07-14T23:05:02,KNN-Direct-Weighted,Darwin,0.3,0,0,3,0.6857142857142857,0.6857149169954937,0.0,0.07109445802052505,0.7568126670084894
2026-07-14T23:05:02,KNN-Direct-Manhattan,Darwin,0.3,0,0,1,0.7714285714285715,0.5869300409976859,0.0,0.06078304100083187,0.6477163330127951
2026-07-14T23:05:05,KNN-IC,Darwin,0.3,1,1,4,0.6285714285714286,2.226861832983559,0.14793912501772866,0.021324000001186505,2.396129166998435
2026-07-14T23:05:05,Mean-IC,Darwin,0.3,1,1,3,0.6,0.18549375000293367,0.0024144169874489307,0.018833625013940036,0.20674562500789762
2026-07-14T23:05:05,KNN-Direct,Darwin,0.3,1,1,1,0.6857142857142857,0.6021647920133546,0.0,0.062368249986320734,0.6645358339883387
2026-07-14T23:05:06,KNN-Direct-Weighted,Darwin,0.3,1,1,5,0.6285714285714286,0.6852818340121303,0.0,0.07096008298685774,0.7562449999968521
2026-07-14T23:05:07,KNN-Direct-Manhattan,Darwin,0.3,1,1,1,0.7714285714285715,0.5881962079729419,0.0,0.06142762501258403,0.6496275409881491
2026-07-14T23:05:09,KNN-IC,Darwin,0.3,2,2,7,0.45714285714285713,2.1736091669881716,0.2101201250043232,0.02113124998868443,2.404864957992686
2026-07-14T23:05:09,Mean-IC,Darwin,0.3,2,2,7,0.45714285714285713,0.18549737500143237,0.0023041250242386013,0.018860209005651996,0.206666124984622
2026-07-14T23:05:10,KNN-Direct,Darwin,0.3,2,2,1,0.6,0.5994770420074929,0.0,0.06234233398572542,0.6618224999983795
2026-07-14T23:05:11,KNN-Direct-Weighted,Darwin,0.3,2,2,1,0.5142857142857142,0.6838500419980846,0.0,0.07100895800977014,0.754862250003498
2026-07-14T23:05:12,KNN-Direct-Manhattan,Darwin,0.3,2,2,1,0.6285714285714286,0.5863167910138145,0.0,0.06110908300615847,0.6474297090026084
2026-07-14T23:05:14,KNN-IC,Darwin,0.3,3,3,4,0.5714285714285714,2.209371541015571,0.14515441699768417,0.02116270799888298,2.3756929579831194
2026-07-14T23:05:14,Mean-IC,Darwin,0.3,3,3,3,0.6,0.1843739580071997,0.002487290999852121,0.019124041020404547,0.2059899579908233
2026-07-14T23:05:15,KNN-Direct,Darwin,0.3,3,3,4,0.5142857142857142,0.5992710829887073,0.0,0.0786211250233464,0.6778955000045244
2026-07-14T23:05:16,KNN-Direct-Weighted,Darwin,0.3,3,3,4,0.5428571428571428,1.0239577910106163,0.0,0.09342950000427663,1.1173919169814326
2026-07-14T23:05:17,KNN-Direct-Manhattan,Darwin,0.3,3,3,3,0.5714285714285714,0.6817127919930499,0.0,0.06125075000454672,0.7429690419812687
2026-07-14T23:05:19,KNN-IC,Darwin,0.3,4,4,5,0.6285714285714286,2.2069154170167167,0.14937699999427423,0.021374000003561378,2.3776710410020314
2026-07-14T23:05:19,Mean-IC,Darwin,0.3,4,4,5,0.6571428571428571,0.18475808299263008,0.0022743330046068877,0.018694833997869864,0.2057314999983646
2026-07-14T23:05:20,KNN-Direct,Darwin,0.3,4,4,14,0.6857142857142857,0.5989605420036241,0.0,0.06251250000786968,0.6614764159894548
2026-07-14T23:05:21,KNN-Direct-Weighted,Darwin,0.3,4,4,7,0.6571428571428571,0.684304540976882,0.0,0.07118550001177937,0.7554934579820838
2026-07-14T23:05:21,KNN-Direct-Manhattan,Darwin,0.3,4,4,9,0.6857142857142857,0.5875372499867808,0.0,0.0610496670124121,0.6485906660091132
2026-07-14T23:05:24,KNN-IC,Darwin,0.3,5,5,1,0.6571428571428571,2.199407958018128,0.12150204100180417,0.020898499991744757,2.3418122500006575
2026-07-14T23:05:24,Mean-IC,Darwin,0.3,5,5,3,0.6285714285714286,0.1849788750114385,0.0023308749950956553,0.018772417010040954,0.20608587499009445
2026-07-14T23:05:25,KNN-Direct,Darwin,0.3,5,5,1,0.6857142857142857,0.6016817500058096,0.0,0.0624171249801293,0.664102874987293
2026-07-14T23:05:25,KNN-Direct-Weighted,Darwin,0.3,5,5,3,0.7142857142857143,0.6840305830119178,0.0,0.07142604200635105,0.7554600420116913
2026-07-14T23:05:26,KNN-Direct-Manhattan,Darwin,0.3,5,5,5,0.6571428571428571,0.5871259580017067,0.0,0.06096266701933928,0.6480922919872683
2026-07-14T23:05:28,KNN-IC,Darwin,0.3,6,6,7,0.7142857142857143,2.2100793750141747,0.15144304098794237,0.021280374989146367,2.382807167014107
2026-07-14T23:05:29,Mean-IC,Darwin,0.3,6,6,9,0.5428571428571428,0.18457629199838266,0.002293124998686835,0.018816875002812594,0.20568966699647717
2026-07-14T23:05:29,KNN-Direct,Darwin,0.3,6,6,13,0.5714285714285714,0.5989737500203773,0.0,0.06251762501779012,0.6614945420005824
2026-07-14T23:05:30,KNN-Direct-Weighted,Darwin,0.3,6,6,1,0.6857142857142857,0.7290556249790825,0.0,0.11100512501434423,0.8400656250014435
2026-07-14T23:05:31,KNN-Direct-Manhattan,Darwin,0.3,6,6,14,0.5714285714285714,0.7472168749955017,0.0,0.06115933301043697,0.808382041985169
2026-07-14T23:05:33,KNN-IC,Darwin,0.3,7,7,2,0.8285714285714286,2.1922113329928834,0.12707429099828005,0.021086166991153732,2.340376042004209
2026-07-14T23:05:33,Mean-IC,Darwin,0.3,7,7,3,0.8,0.18508666698471643,0.0023268749937415123,0.01883908300078474,0.20625637500779703
2026-07-14T23:05:34,KNN-Direct,Darwin,0.3,7,7,1,0.7714285714285715,0.6008800830168184,0.0,0.0624257079907693,0.6633089589886367
2026-07-14T23:05:35,KNN-Direct-Weighted,Darwin,0.3,7,7,10,0.6857142857142857,0.6857505830121227,0.0,0.07143791698035784,0.7571918330213521
2026-07-14T23:05:36,KNN-Direct-Manhattan,Darwin,0.3,7,7,1,0.8,0.5863354589964729,0.0,0.06101570901228115,0.6473544999898877
2026-07-14T23:05:38,KNN-IC,Darwin,0.3,8,8,3,0.5428571428571428,2.203335917001823,0.1299180830246769,0.021070624992717057,2.3543284999905154
2026-07-14T23:05:38,Mean-IC,Darwin,0.3,8,8,5,0.5428571428571428,0.18537908399594016,0.002273625024827197,0.01906862499890849,0.20672570800525136
2026-07-14T23:05:39,KNN-Direct,Darwin,0.3,8,8,1,0.6,0.6016646670177579,0.0,0.06234687499818392,0.6640148749866057
2026-07-14T23:05:40,KNN-Direct-Weighted,Darwin,0.3,8,8,5,0.6,0.6864252079976723,0.0,0.0709998749953229,0.7574286659946665
2026-07-14T23:05:40,KNN-Direct-Manhattan,Darwin,0.3,8,8,1,0.6571428571428571,0.5882847080065403,0.0,0.061056042002746835,0.6493442920036614
2026-07-14T23:05:43,KNN-IC,Darwin,0.3,9,9,1,0.6,2.203019749984378,0.12117787500028498,0.021008542011259124,2.3452102080045734
2026-07-14T23:05:43,Mean-IC,Darwin,0.3,9,9,1,0.6571428571428571,0.18485779201728292,0.0023689170193392783,0.018703291978454217,0.20593450000160374
2026-07-14T23:05:43,KNN-Direct,Darwin,0.3,9,9,1,0.5714285714285714,0.6009447500109673,0.0,0.06231829200987704,0.6632662080228329
2026-07-14T23:05:44,KNN-Direct-Weighted,Darwin,0.3,9,9,1,0.6285714285714286,0.684385791013483,0.0,0.07100695799454115,0.7553962500242051
2026-07-14T23:05:45,KNN-Direct-Manhattan,Darwin,0.3,9,9,3,0.5428571428571428,0.5879234590101987,0.0,0.06099800000083633,0.6489252090104856
2026-07-14T23:05:48,KNN-IC,Darwin,0.3,10,10,2,0.7142857142857143,2.842222084000241,0.12645029198029079,0.02127537500928156,2.98995216700132
2026-07-14T23:05:48,Mean-IC,Darwin,0.3,10,10,3,0.7428571428571429,0.18489129201043397,0.0025125409883912653,0.018810083012795076,0.2062178749765735
2026-07-14T23:05:49,KNN-Direct,Darwin,0.3,10,10,3,0.7714285714285715,0.6025404160027392,0.0,0.06283995800185949,0.6653835000179242
2026-07-14T23:05:49,KNN-Direct-Weighted,Darwin,0.3,10,10,9,0.7714285714285715,0.6869266249996144,0.0,0.07145691700861789,0.7583874999836553
2026-07-14T23:05:50,KNN-Direct-Manhattan,Darwin,0.3,10,10,3,0.8,0.5895524999941699,0.0,0.061035499995341524,0.6505912920110859
2026-07-14T23:05:52,KNN-IC,Darwin,0.3,11,11,2,0.7142857142857143,2.19684024999151,0.12674366700230166,0.020996541978092864,2.3445850830175914
2026-07-14T23:05:53,Mean-IC,Darwin,0.3,11,11,1,0.6571428571428571,0.18519679200835526,0.0022613329929299653,0.018737583013717085,0.20619962498312816
2026-07-14T23:05:53,KNN-Direct,Darwin,0.3,11,11,1,0.7428571428571429,0.6001245840161573,0.0,0.06259579097968526,0.6627229579898994
2026-07-14T23:05:54,KNN-Direct-Weighted,Darwin,0.3,11,11,1,0.7428571428571429,0.6843150409986265,0.0,0.07112162499106489,0.7554400410153903
2026-07-14T23:05:55,KNN-Direct-Manhattan,Darwin,0.3,11,11,1,0.7714285714285715,0.5867883330211043,0.0,0.061384207976516336,0.6481761659961194
2026-07-14T23:05:57,KNN-IC,Darwin,0.3,12,12,1,0.5428571428571428,2.207988291978836,0.12048129201866686,0.02117295900825411,2.3496466249926016
2026-07-14T23:05:57,Mean-IC,Darwin,0.3,12,12,3,0.4857142857142857,0.1847641670028679,0.00226620800094679,0.018850082997232676,0.20588404199224897
2026-07-14T23:05:58,KNN-Direct,Darwin,0.3,12,12,3,0.5428571428571428,0.6025215410045348,0.0,0.062486707989592105,0.6650117080134805
2026-07-14T23:05:59,KNN-Direct-Weighted,Darwin,0.3,12,12,3,0.5142857142857142,0.6861404590017628,0.0,0.07118958298815414,0.7573332919855602
2026-07-14T23:05:59,KNN-Direct-Manhattan,Darwin,0.3,12,12,1,0.6857142857142857,0.5883519170165528,0.0,0.06092175000230782,0.6492776669911109
2026-07-14T23:06:02,KNN-IC,Darwin,0.3,13,13,2,0.6571428571428571,2.5641139590006787,0.12505574998795055,0.02105354200466536,2.7102277919766493
2026-07-14T23:06:02,Mean-IC,Darwin,0.3,13,13,7,0.6571428571428571,0.23371433300781064,0.0023900830128695816,0.018816124997101724,0.2549254169862252
2026-07-14T23:06:03,KNN-Direct,Darwin,0.3,13,13,15,0.6571428571428571,0.6019048750167713,0.0,0.06269666599109769,0.6646047499962151
2026-07-14T23:06:04,KNN-Direct-Weighted,Darwin,0.3,13,13,1,0.7142857142857143,0.6864876670006197,0.0,0.07135191600536928,0.7578426669933833
2026-07-14T23:06:04,KNN-Direct-Manhattan,Darwin,0.3,13,13,3,0.7714285714285715,0.5881200000003446,0.0,0.06118587500532158,0.6493093330063857
2026-07-14T23:06:07,KNN-IC,Darwin,0.3,14,14,2,0.7428571428571429,2.2085242919856682,0.12714450000203215,0.020977584004867822,2.3566504170012195
2026-07-14T23:06:07,Mean-IC,Darwin,0.3,14,14,1,0.7714285714285715,0.1849632079829462,0.0022468749957624823,0.01890729201841168,0.20612124999752268
2026-07-14T23:06:08,KNN-Direct,Darwin,0.3,14,14,5,0.7428571428571429,0.600042250007391,0.0,0.06242658299743198,0.6624719579995144
2026-07-14T23:06:08,KNN-Direct-Weighted,Darwin,0.3,14,14,1,0.8,0.6861054579785559,0.0,0.0710887500026729,0.7571971249999478
2026-07-14T23:06:09,KNN-Direct-Manhattan,Darwin,0.3,14,14,5,0.7142857142857143,0.5886618329968769,0.0,0.060824999993201345,0.64949062501546
2026-07-14T23:06:11,KNN-IC,Darwin,0.3,15,15,4,0.6857142857142857,2.214952500013169,0.14961395901627839,0.021170082996832207,2.385740875004558
2026-07-14T23:06:12,Mean-IC,Darwin,0.3,15,15,1,0.7142857142857143,0.18448175000958145,0.002278750005643815,0.01874395800405182,0.20550791700952686
2026-07-14T23:06:12,KNN-Direct,Darwin,0.3,15,15,3,0.8,0.6012727089982945,0.0,0.06228024998563342,0.6635560420108959
2026-07-14T23:06:13,KNN-Direct-Weighted,Darwin,0.3,15,15,8,0.7714285714285715,0.6844765410060063,0.0,0.07108820899156854,0.7555678749922663
2026-07-14T23:06:14,KNN-Direct-Manhattan,Darwin,0.3,15,15,1,0.8,0.588179249985842,0.0,0.06098791700787842,0.6491707500244956
2026-07-14T23:06:17,KNN-IC,Darwin,0.3,16,16,1,0.7428571428571429,2.8565736669988837,0.12242245802190155,0.02133116699405946,3.0003313749912195
2026-07-14T23:06:17,Mean-IC,Darwin,0.3,16,16,1,0.6571428571428571,0.1847318749933038,0.0022849579981993884,0.01874416699865833,0.2057649169873912
2026-07-14T23:06:18,KNN-Direct,Darwin,0.3,16,16,1,0.7428571428571429,0.6010092920041643,0.0,0.06249670899705961,0.663509250007337
2026-07-14T23:06:18,KNN-Direct-Weighted,Darwin,0.3,16,16,6,0.7428571428571429,0.6850326249841601,0.0,0.07125050001195632,0.7562867919914424
2026-07-14T23:06:19,KNN-Direct-Manhattan,Darwin,0.3,16,16,1,0.7714285714285715,0.5871038750046864,0.0,0.061138458986533806,0.6482459580001887
2026-07-14T23:06:21,KNN-IC,Darwin,0.3,17,17,3,0.7142857142857143,2.2084917920001317,0.13136699999449775,0.021203041018452495,2.361065957986284
2026-07-14T23:06:22,Mean-IC,Darwin,0.3,17,17,3,0.6857142857142857,0.18545712501509115,0.0022696249943692237,0.01874695799779147,0.20647741598077118
2026-07-14T23:06:22,KNN-Direct,Darwin,0.3,17,17,1,0.6571428571428571,0.6004073749936651,0.0,0.06264166699838825,0.663052209012676
2026-07-14T23:06:23,KNN-Direct-Weighted,Darwin,0.3,17,17,3,0.6571428571428571,0.6855389580014162,0.0,0.07124445898807608,0.7567869159975089
2026-07-14T23:06:24,KNN-Direct-Manhattan,Darwin,0.3,17,17,3,0.7428571428571429,0.5862962079991121,0.0,0.061017208005068824,0.6473166249925271
2026-07-14T23:06:26,KNN-IC,Darwin,0.3,18,18,1,0.5714285714285714,2.2241314580023754,0.12246191600570455,0.021103958977619186,2.367702250019647
2026-07-14T23:06:26,Mean-IC,Darwin,0.3,18,18,3,0.5428571428571428,0.18455645799986087,0.002480082999682054,0.0187767919851467,0.20581766701070592
2026-07-14T23:06:27,KNN-Direct,Darwin,0.3,18,18,1,0.6857142857142857,0.599293207982555,0.0,0.06234904201119207,0.6616456249903422
2026-07-14T23:06:28,KNN-Direct-Weighted,Darwin,0.3,18,18,1,0.7142857142857143,0.684516875015106,0.0,0.07109225000021979,0.7556127500138246
2026-07-14T23:06:28,KNN-Direct-Manhattan,Darwin,0.3,18,18,5,0.6285714285714286,0.586440083978232,0.0,0.06064108299324289,0.647084416996222
2026-07-14T23:06:31,KNN-IC,Darwin,0.3,19,19,2,0.6285714285714286,2.5387985419947654,0.12683558301068842,0.021205291006481275,2.686843375005992
2026-07-14T23:06:31,Mean-IC,Darwin,0.3,19,19,4,0.6,0.18504654100979678,0.002471374988090247,0.018815832998370752,0.20633770900894888
2026-07-14T23:06:32,KNN-Direct,Darwin,0.3,19,19,4,0.6,0.6008756250084843,0.0,0.062372749991482124,0.6632514999946579
2026-07-14T23:06:33,KNN-Direct-Weighted,Darwin,0.3,19,19,3,0.6,0.6854156250192318,0.0,0.07113879098324105,0.756557792017702
2026-07-14T23:06:33,KNN-Direct-Manhattan,Darwin,0.3,19,19,3,0.6,0.587943833990721,0.0,0.06100620800862089,0.6489535420259926
2026-07-14T23:06:36,KNN-IC,Darwin,0.3,20,20,2,0.6285714285714286,2.193820832995698,0.12720179100870155,0.02093645799322985,2.34196329198312
2026-07-14T23:06:36,Mean-IC,Darwin,0.3,20,20,5,0.6,0.18491166600142606,0.002258291991893202,0.0188919999927748,0.20606604201020673
2026-07-14T23:06:36,KNN-Direct,Darwin,0.3,20,20,5,0.6857142857142857,0.6009360419993754,0.0,0.0625019169820007,0.6634412920102477
2026-07-14T23:06:37,KNN-Direct-Weighted,Darwin,0.3,20,20,5,0.7142857142857143,0.685557582997717,0.0,0.07173575001070276,0.7572968330059666
2026-07-14T23:06:38,KNN-Direct-Manhattan,Darwin,0.3,20,20,3,0.6857142857142857,0.5934522910101805,0.0,0.06210445798933506,0.655560625018552
2026-07-14T23:06:40,KNN-IC,Darwin,0.3,21,21,3,0.7428571428571429,2.2203817919944413,0.13106225000228733,0.021377291996032,2.372825541999191
2026-07-14T23:06:40,Mean-IC,Darwin,0.3,21,21,3,0.6571428571428571,0.18502783300937153,0.002272749989060685,0.01865870799520053,0.2059634999895934
2026-07-14T23:06:41,KNN-Direct,Darwin,0.3,21,21,6,0.7428571428571429,0.6003297500137705,0.0,0.06269658298697323,0.6630294999922626
2026-07-14T23:06:42,KNN-Direct-Weighted,Darwin,0.3,21,21,5,0.7428571428571429,0.6865634999994654,0.0,0.07127654200303368,0.7578431250003632
2026-07-14T23:06:43,KNN-Direct-Manhattan,Darwin,0.3,21,21,3,0.7428571428571429,0.5872449160087854,0.0,0.06099962501320988,0.6482483340078034
2026-07-14T23:06:45,KNN-IC,Darwin,0.3,22,22,2,0.6571428571428571,2.190685208013747,0.1264393749879673,0.021261499990941957,2.3383904160000384
2026-07-14T23:06:45,Mean-IC,Darwin,0.3,22,22,1,0.6285714285714286,0.26995441599865444,0.003974124992964789,0.03361912499531172,0.30758262501331046
2026-07-14T23:06:46,KNN-Direct,Darwin,0.3,22,22,7,0.6857142857142857,0.9166758340143133,0.0,0.08539933298015967,1.0020802080107387
2026-07-14T23:06:47,KNN-Direct-Weighted,Darwin,0.3,22,22,8,0.6857142857142857,0.7414059170114342,0.0,0.07149504200788215,0.8129050840216223
2026-07-14T23:06:48,KNN-Direct-Manhattan,Darwin,0.3,22,22,1,0.6285714285714286,0.5864702079852577,0.0,0.061203666002256796,0.6476775000046473
2026-07-14T23:06:50,KNN-IC,Darwin,0.3,23,23,3,0.6857142857142857,2.215497209021123,0.13050791702698916,0.021028082992415875,2.367036707990337
2026-07-14T23:06:50,Mean-IC,Darwin,0.3,23,23,1,0.6571428571428571,0.1850563749903813,0.0023479580122511834,0.018633416999364272,0.2060418750043027
2026-07-14T23:06:51,KNN-Direct,Darwin,0.3,23,23,4,0.6571428571428571,0.6008130419941153,0.0,0.06246520800050348,0.6632813750184141
2026-07-14T23:06:52,KNN-Direct-Weighted,Darwin,0.3,23,23,7,0.7428571428571429,0.6850230830023065,0.0,0.0715939580113627,0.7566202500020154
2026-07-14T23:06:52,KNN-Direct-Manhattan,Darwin,0.3,23,23,3,0.6857142857142857,0.6310735409788322,0.0,0.06083975001820363,0.6919163749844301
2026-07-14T23:06:55,KNN-IC,Darwin,0.3,24,24,1,0.5714285714285714,2.1873606669832952,0.12171295800362714,0.021076583012472838,2.3301539579988457
2026-07-14T23:06:55,Mean-IC,Darwin,0.3,24,24,1,0.5428571428571428,0.18511912500252947,0.0023218750138767064,0.018737666017841548,0.20618216699222103
2026-07-14T23:06:56,KNN-Direct,Darwin,0.3,24,24,3,0.6285714285714286,0.5991657499980647,0.0,0.06205395900178701,0.6612228750018403
2026-07-14T23:06:56,KNN-Direct-Weighted,Darwin,0.3,24,24,1,0.6285714285714286,0.6856564590125345,0.0,0.07086024997988716,0.7565206669969484
2026-07-14T23:06:57,KNN-Direct-Manhattan,Darwin,0.3,24,24,8,0.6571428571428571,0.588291542022489,0.0,0.06122570901061408,0.6495208749838639
2026-07-14T23:06:59,KNN-IC,Darwin,0.3,25,25,1,0.6285714285714286,2.230002208991209,0.1218965419975575,0.021380666992627084,2.373283624998294
2026-07-14T23:07:00,Mean-IC,Darwin,0.3,25,25,1,0.5714285714285714,0.1845173750189133,0.0022662910050712526,0.018659291992662475,0.20544666700880043
2026-07-14T23:07:00,KNN-Direct,Darwin,0.3,25,25,3,0.5714285714285714,0.70847241699812,0.0,0.10227599999052472,0.8107528330001514
2026-07-14T23:07:01,KNN-Direct-Weighted,Darwin,0.3,25,25,3,0.6,0.7952626250043977,0.0,0.0714742089912761,0.8667424160230439
2026-07-14T23:07:02,KNN-Direct-Manhattan,Darwin,0.3,25,25,3,0.6,0.5882985840144102,0.0,0.06146895801066421,0.6497710410039872
2026-07-14T23:07:04,KNN-IC,Darwin,0.3,26,26,2,0.7714285714285715,2.2282507910276763,0.12737508298596367,0.021155875001568347,2.3767864169785753
2026-07-14T23:07:04,Mean-IC,Darwin,0.3,26,26,3,0.7142857142857143,0.1846328329993412,0.002273833000799641,0.018855500005884096,0.2057665839965921
2026-07-14T23:07:05,KNN-Direct,Darwin,0.3,26,26,1,0.6571428571428571,0.601150417001918,0.0,0.06232799999997951,0.6634817500016652
2026-07-14T23:07:06,KNN-Direct-Weighted,Darwin,0.3,26,26,1,0.6571428571428571,0.6841020830033813,0.0,0.07077670801663771,0.7548819580115378
2026-07-14T23:07:07,KNN-Direct-Manhattan,Darwin,0.3,26,26,1,0.7428571428571429,0.5873557910090312,0.0,0.06096570799127221,0.6483253329934087
2026-07-14T23:07:09,KNN-IC,Darwin,0.3,27,27,2,0.6571428571428571,2.191481041983934,0.12503254099283367,0.020929542020894587,2.3374469169939402
2026-07-14T23:07:09,Mean-IC,Darwin,0.3,27,27,3,0.6285714285714286,0.18397874999209307,0.0022849999950267375,0.018714708014158532,0.20498283300548792
2026-07-14T23:07:10,KNN-Direct,Darwin,0.3,27,27,1,0.6571428571428571,0.5965420829888899,0.0,0.06228420801926404,0.6588296669942793
2026-07-14T23:07:10,KNN-Direct-Weighted,Darwin,0.3,27,27,1,0.7142857142857143,0.6859173339908011,0.0,0.07087408399092965,0.7567951669916511
2026-07-14T23:07:11,KNN-Direct-Manhattan,Darwin,0.3,27,27,1,0.7142857142857143,0.5862183750141412,0.0,0.06002433298272081,0.6462464159994852
2026-07-14T23:07:13,KNN-IC,Darwin,0.3,28,28,1,0.6857142857142857,2.2224317910149693,0.12163658300414681,0.02118862498900853,2.36526083300123
2026-07-14T23:07:14,Mean-IC,Darwin,0.3,28,28,1,0.6,0.18486941599985585,0.0023223329917527735,0.018709625001065433,0.20590516598895192
2026-07-14T23:07:14,KNN-Direct,Darwin,0.3,28,28,1,0.8,0.6020547499938402,0.0,0.06252662499900907,0.6645842920115683
2026-07-14T23:07:15,KNN-Direct-Weighted,Darwin,0.3,28,28,1,0.7428571428571429,0.7316691669984721,0.0,0.09275820798939094,0.8244317920180038
2026-07-14T23:07:16,KNN-Direct-Manhattan,Darwin,0.3,28,28,1,0.8,0.8411700830038171,0.0,0.08265066600870341,0.9238259590056259
2026-07-14T23:07:19,KNN-IC,Darwin,0.3,29,29,3,0.6857142857142857,2.316249874973437,0.1306455830053892,0.02108404101454653,2.467983999988064
2026-07-14T23:07:19,Mean-IC,Darwin,0.3,29,29,1,0.7428571428571429,0.18539950001286343,0.0024551249807700515,0.018933958024717867,0.20679266599472612
2026-07-14T23:07:19,KNN-Direct,Darwin,0.3,29,29,1,0.7142857142857143,0.6014254160108976,0.0,0.06263154197949916,0.6640597920049913
2026-07-14T23:07:20,KNN-Direct-Weighted,Darwin,0.3,29,29,3,0.7714285714285715,0.686037875013426,0.0,0.0714102080091834,0.7574517089815345
2026-07-14T23:07:21,KNN-Direct-Manhattan,Darwin,0.3,29,29,3,0.6857142857142857,0.5884932919871062,0.0,0.061021292000077665,0.649518291989807
2026-07-14T23:07:23,KNN-IC,Darwin,0.3,30,30,2,0.7142857142857143,2.219972125021741,0.1273100000107661,0.0210933749913238,2.368379958003061
2026-07-14T23:07:23,Mean-IC,Darwin,0.3,30,30,3,0.5714285714285714,0.18513704198994674,0.0022678749810438603,0.018730250012595206,0.20613941599731334
2026-07-14T23:07:24,KNN-Direct,Darwin,0.3,30,30,1,0.7142857142857143,0.6006599999964237,0.0,0.06246912499773316,0.6631317920109723
2026-07-14T23:07:25,KNN-Direct-Weighted,Darwin,0.3,30,30,1,0.7428571428571429,0.6851485839870293,0.0,0.0711824590107426,0.7563342079811264
2026-07-14T23:07:26,KNN-Direct-Manhattan,Darwin,0.3,30,30,3,0.8,0.5868674160155933,0.0,0.06090937499538995,0.6477801659784745
2026-07-14T23:07:28,KNN-IC,Darwin,0.3,31,31,14,0.6571428571428571,2.2117925000202376,0.15540941699873656,0.021321540989447385,2.3885277909867
2026-07-14T23:07:28,Mean-IC,Darwin,0.3,31,31,14,0.6571428571428571,0.18464504199801013,0.002288332994794473,0.018800833000568673,0.2057386249944102
2026-07-14T23:07:29,KNN-Direct,Darwin,0.3,31,31,6,0.6571428571428571,0.602908708009636,0.0,0.06282508300500922,0.6657378330128267
2026-07-14T23:07:30,KNN-Direct-Weighted,Darwin,0.3,31,31,4,0.6571428571428571,0.688531541993143,0.0,0.07126929101650603,0.7598039169970434
2026-07-14T23:07:30,KNN-Direct-Manhattan,Darwin,0.3,31,31,3,0.7142857142857143,0.702377500012517,0.0,0.09165124999708496,0.7940333330188878
2026-07-14T23:07:33,KNN-IC,Darwin,0.3,32,32,14,0.6571428571428571,2.3593975410040002,0.15917275001993403,0.021056792000308633,2.539632125000935
2026-07-14T23:07:33,Mean-IC,Darwin,0.3,32,32,1,0.6857142857142857,0.18517004200839438,0.0025372089876327664,0.018716166989179328,0.20642779098125175
2026-07-14T23:07:34,KNN-Direct,Darwin,0.3,32,32,11,0.7142857142857143,0.6023920830048155,0.0,0.06238141699577682,0.664776333986083
2026-07-14T23:07:35,KNN-Direct-Weighted,Darwin,0.3,32,32,11,0.7142857142857143,0.686853124992922,0.0,0.07123466700431891,0.758091208001133
2026-07-14T23:07:35,KNN-Direct-Manhattan,Darwin,0.3,32,32,3,0.7428571428571429,0.5881801670184359,0.0,0.061012833000859246,0.649197208986152
2026-07-14T23:07:38,KNN-IC,Darwin,0.3,33,33,2,0.7428571428571429,2.224091582989786,0.12697166699217632,0.020999792002839968,2.3720670839829836
2026-07-14T23:07:38,Mean-IC,Darwin,0.3,33,33,1,0.6857142857142857,0.1845315000100527,0.0022730419877916574,0.018620290997205302,0.2054285420163069
2026-07-14T23:07:38,KNN-Direct,Darwin,0.3,33,33,1,0.7142857142857143,0.5996829159848858,0.0,0.06248637501266785,0.6621722090058029
2026-07-14T23:07:39,KNN-Direct-Weighted,Darwin,0.3,33,33,4,0.8571428571428571,0.6837165829783771,0.0,0.07091795798623934,0.7546377080143429
2026-07-14T23:07:40,KNN-Direct-Manhattan,Darwin,0.3,33,33,1,0.8285714285714286,0.5873817499959841,0.0,0.06078491601510905,0.6481701669981703
2026-07-14T23:07:42,KNN-IC,Darwin,0.3,34,34,2,0.6571428571428571,2.2713769580004737,0.12708999999449588,0.021317875012755394,2.4197898330166936
2026-07-14T23:07:42,Mean-IC,Darwin,0.3,34,34,5,0.5714285714285714,0.18472712498623878,0.0022925829980522394,0.018691665987716988,0.20571504198596813
2026-07-14T23:07:43,KNN-Direct,Darwin,0.3,34,34,5,0.6285714285714286,0.6009508340212051,0.0,0.06209508399479091,0.6630494169949088
2026-07-14T23:07:44,KNN-Direct-Weighted,Darwin,0.3,34,34,1,0.6571428571428571,0.6845270000048913,0.0,0.07097570900805295,0.7555062499886844
2026-07-14T23:07:45,KNN-Direct-Manhattan,Darwin,0.3,34,34,3,0.6571428571428571,0.5872779169876594,0.0,0.06079470898839645,0.6480760829872452
2026-07-14T23:07:47,KNN-IC,Darwin,0.3,35,35,3,0.7714285714285715,2.7908575830224436,0.12945679199765436,0.021073625015560538,2.9413924159889575
2026-07-14T23:07:48,Mean-IC,Darwin,0.3,35,35,3,0.6571428571428571,0.18486583398771472,0.002279542008182034,0.018936000007670373,0.20608558299136348
2026-07-14T23:07:48,KNN-Direct,Darwin,0.3,35,35,3,0.7714285714285715,0.6003114589839242,0.0,0.062068541010376066,0.6623831659962889
2026-07-14T23:07:49,KNN-Direct-Weighted,Darwin,0.3,35,35,3,0.8285714285714286,0.6826219589856919,0.0,0.07135758301592432,0.7539829590241425
2026-07-14T23:07:50,KNN-Direct-Manhattan,Darwin,0.3,35,35,1,0.7714285714285715,0.5867065839993302,0.0,0.06137170799775049,0.6480814590177033
2026-07-14T23:07:52,KNN-IC,Darwin,0.3,36,36,1,0.7142857142857143,2.203462250006851,0.12108675000490621,0.021255916013615206,2.3458087090111803
2026-07-14T23:07:52,Mean-IC,Darwin,0.3,36,36,1,0.6285714285714286,0.1846922090044245,0.0022715000086463988,0.018808415974490345,0.20577641599811614
2026-07-14T23:07:53,KNN-Direct,Darwin,0.3,36,36,3,0.6857142857142857,0.5998260419873986,0.0,0.06223270800546743,0.6620616670115851
2026-07-14T23:07:54,KNN-Direct-Weighted,Darwin,0.3,36,36,7,0.6285714285714286,0.6837223330221605,0.0,0.07047129201237112,0.754197166999802
2026-07-14T23:07:54,KNN-Direct-Manhattan,Darwin,0.3,36,36,1,0.6285714285714286,0.5848780410015024,0.0,0.06071824999526143,0.6455995419819374
2026-07-14T23:07:57,KNN-IC,Darwin,0.3,37,37,5,0.6285714285714286,2.1903631250024773,0.14419520797673613,0.021084625012008473,2.3556467089802027
2026-07-14T23:07:57,Mean-IC,Darwin,0.3,37,37,4,0.5428571428571428,0.18477274998440407,0.0022617090144194663,0.018710375006776303,0.20574883298831992
2026-07-14T23:07:58,KNN-Direct,Darwin,0.3,37,37,5,0.6,0.6003132089972496,0.0,0.06254329197690822,0.6628593750065193
2026-07-14T23:07:58,KNN-Direct-Weighted,Darwin,0.3,37,37,5,0.6,0.6856834169884678,0.0,0.0711045420030132,0.7567915830004495
2026-07-14T23:07:59,KNN-Direct-Manhattan,Darwin,0.3,37,37,1,0.6857142857142857,0.5875273749988992,0.0,0.06054658300126903,0.648077416990418
2026-07-14T23:08:02,KNN-IC,Darwin,0.3,38,38,5,0.7142857142857143,2.5424299589940347,0.14593504200456664,0.021125375002156943,2.7094945420103613
2026-07-14T23:08:02,Mean-IC,Darwin,0.3,38,38,5,0.6571428571428571,0.18454841698985547,0.0022985000105109066,0.01873329098452814,0.2055837500083726
2026-07-14T23:08:03,KNN-Direct,Darwin,0.3,38,38,4,0.7142857142857143,0.6019466250145342,0.0,0.06407754201791249,0.6660276660113595
2026-07-14T23:08:03,KNN-Direct-Weighted,Darwin,0.3,38,38,1,0.6857142857142857,0.6843970420013648,0.0,0.07117008400382474,0.7555711669847369
2026-07-14T23:08:04,KNN-Direct-Manhattan,Darwin,0.3,38,38,4,0.7142857142857143,0.5873534999846015,0.0,0.06090612499974668,0.6482635409920476
2026-07-14T23:08:06,KNN-IC,Darwin,0.3,39,39,2,0.6,2.2045199170242995,0.1271556249994319,0.021020667016273364,2.352700499992352
2026-07-14T23:08:07,Mean-IC,Darwin,0.3,39,39,1,0.6285714285714286,0.18441654200432822,0.0022840829915367067,0.018941208021715283,0.20564562498475425
2026-07-14T23:08:07,KNN-Direct,Darwin,0.3,39,39,1,0.7714285714285715,0.6001299579802435,0.0,0.06234825000865385,0.6624813749804161
2026-07-14T23:08:08,KNN-Direct-Weighted,Darwin,0.3,39,39,1,0.7428571428571429,0.6837539999978617,0.0,0.07095758299692534,0.7547150420141406
2026-07-14T23:08:09,KNN-Direct-Manhattan,Darwin,0.3,39,39,1,0.7714285714285715,0.5860965419851709,0.0,0.060865416016895324,0.646965292020468
2026-07-14T23:08:11,KNN-IC,Darwin,0.4,0,0,2,0.6285714285714286,2.2732910829945467,0.1300613330095075,0.021227332996204495,2.4245832500164397
2026-07-14T23:08:11,Mean-IC,Darwin,0.4,0,0,1,0.6571428571428571,0.1850787080184091,0.0024372499901801348,0.018698667001444846,0.2062187499832362
2026-07-14T23:08:12,KNN-Direct,Darwin,0.4,0,0,1,0.6571428571428571,0.601048833981622,0.0,0.06215758400503546,0.6632093750231434
2026-07-14T23:08:13,KNN-Direct-Weighted,Darwin,0.4,0,0,1,0.6285714285714286,0.6849693330004811,0.0,0.07100837500183843,0.75598054099828
2026-07-14T23:08:13,KNN-Direct-Manhattan,Darwin,0.4,0,0,1,0.6285714285714286,0.5877755409746896,0.0,0.06085866701323539,0.6486373340012506
2026-07-14T23:08:16,KNN-IC,Darwin,0.4,1,1,4,0.6285714285714286,2.6206751669815276,0.1546928339812439,0.02113358399947174,2.7965055000095163
2026-07-14T23:08:16,Mean-IC,Darwin,0.4,1,1,4,0.5142857142857142,0.18500604198197834,0.0026426250115036964,0.018639791989699006,0.20629208401078358
2026-07-14T23:08:17,KNN-Direct,Darwin,0.4,1,1,7,0.6285714285714286,0.5997612090141047,0.0,0.06179875001544133,0.6615629589941818
2026-07-14T23:08:18,KNN-Direct-Weighted,Darwin,0.4,1,1,5,0.6,0.6832435000105761,0.0,0.07123624999076128,0.7544835000007879
2026-07-14T23:08:18,KNN-Direct-Manhattan,Darwin,0.4,1,1,1,0.7428571428571429,0.5853855829918757,0.0,0.060861790989292786,0.6462510830024257
2026-07-14T23:08:21,KNN-IC,Darwin,0.4,2,2,3,0.5428571428571428,2.240799416002119,0.1339443329779897,0.021054208016721532,2.395801999984542
2026-07-14T23:08:21,Mean-IC,Darwin,0.4,2,2,1,0.5142857142857142,0.18517670899746008,0.0024466670001856983,0.01872204098617658,0.20634954201523215
2026-07-14T23:08:22,KNN-Direct,Darwin,0.4,2,2,3,0.5428571428571428,0.5981126249826048,0.0,0.06214295799145475,0.6602586660010274
2026-07-14T23:08:22,KNN-Direct-Weighted,Darwin,0.4,2,2,4,0.5142857142857142,0.682561916008126,0.0,0.07078008298412897,0.753345208009705
2026-07-14T23:08:23,KNN-Direct-Manhattan,Darwin,0.4,2,2,5,0.5428571428571428,0.5852452920225915,0.0,0.06113537499913946,0.6463844169920776
2026-07-14T23:08:26,KNN-IC,Darwin,0.4,3,3,4,0.5714285714285714,2.273468416999094,0.15230137499747798,0.021159583004191518,2.4469335000030696
2026-07-14T23:08:26,Mean-IC,Darwin,0.4,3,3,1,0.6571428571428571,0.18452875001821667,0.002434583002468571,0.018629458994837478,0.2055967909982428
2026-07-14T23:08:26,KNN-Direct,Darwin,0.4,3,3,4,0.5142857142857142,0.5986872500216123,0.0,0.062171790981665254,0.6608620840124786
2026-07-14T23:08:27,KNN-Direct-Weighted,Darwin,0.4,3,3,1,0.6285714285714286,0.684035042009782,0.0,0.07098691599094309,0.7550251670181751
2026-07-14T23:08:28,KNN-Direct-Manhattan,Darwin,0.4,3,3,3,0.5714285714285714,0.5873522920010146,0.0,0.06112550001125783,0.6484814999857917
2026-07-14T23:08:31,KNN-IC,Darwin,0.4,4,4,3,0.6285714285714286,2.425995041994611,0.26566341702709906,0.04085629200562835,2.732523915998172
2026-07-14T23:08:31,Mean-IC,Darwin,0.4,4,4,3,0.6285714285714286,0.32457029100623913,0.0032899999932851642,0.032495624996954575,0.3603636249899864
2026-07-14T23:08:32,KNN-Direct,Darwin,0.4,4,4,3,0.6857142857142857,0.7575958750094287,0.0,0.06265804200666025,0.8202575839823112
2026-07-14T23:08:33,KNN-Direct-Weighted,Darwin,0.4,4,4,3,0.7142857142857143,0.7271510410064366,0.0,0.07131425000261515,0.7984684169932734
2026-07-14T23:08:33,KNN-Direct-Manhattan,Darwin,0.4,4,4,3,0.6857142857142857,0.5850031659938395,0.0,0.060626499995123595,0.645633333013393
2026-07-14T23:08:36,KNN-IC,Darwin,0.4,5,5,1,0.6285714285714286,2.259279542020522,0.12302712499513291,0.020873625006061047,2.4031842080003116
2026-07-14T23:08:36,Mean-IC,Darwin,0.4,5,5,3,0.6,0.1845766670012381,0.002462166012264788,0.018772834009723738,0.20581562499864958
2026-07-14T23:08:36,KNN-Direct,Darwin,0.4,5,5,5,0.7142857142857143,0.5990914170106407,0.0,0.061750416993163526,0.6608447500038892
2026-07-14T23:08:37,KNN-Direct-Weighted,Darwin,0.4,5,5,9,0.6857142857142857,0.6835924999904819,0.0,0.07120487501379102,0.7548006669967435
2026-07-14T23:08:38,KNN-Direct-Manhattan,Darwin,0.4,5,5,1,0.7142857142857143,0.585511667013634,0.0,0.06087691700668074,0.6463923330011312
2026-07-14T23:08:40,KNN-IC,Darwin,0.4,6,6,1,0.5428571428571428,2.2798680419800803,0.12403962499229237,0.021112167014507577,2.425023624993628
2026-07-14T23:08:40,Mean-IC,Darwin,0.4,6,6,1,0.5142857142857142,0.18426104201353155,0.0024930000072345138,0.018661792011698708,0.20541937497910112
2026-07-14T23:08:41,KNN-Direct,Darwin,0.4,6,6,3,0.6857142857142857,0.5992680000199471,0.0,0.06235470902174711,0.661626624991186
2026-07-14T23:08:42,KNN-Direct-Weighted,Darwin,0.4,6,6,1,0.6571428571428571,0.6830255829845555,0.0,0.07091512501938269,0.7539441249973606
2026-07-14T23:08:43,KNN-Direct-Manhattan,Darwin,0.4,6,6,7,0.6571428571428571,0.5855219160148408,0.0,0.06080395798198879,0.6463290829851758
2026-07-14T23:08:45,KNN-IC,Darwin,0.4,7,7,2,0.8,2.254792833002284,0.12930366699583828,0.02477654197718948,2.408879791997606
2026-07-14T23:08:45,Mean-IC,Darwin,0.4,7,7,1,0.8,0.26760733302216977,0.004155000002356246,0.0338682500005234,0.3056388330005575
2026-07-14T23:08:46,KNN-Direct,Darwin,0.4,7,7,1,0.8285714285714286,0.7191745410091244,0.0,0.06266220801626332,0.7818407919839956
2026-07-14T23:08:47,KNN-Direct-Weighted,Darwin,0.4,7,7,1,0.8,0.6825570839864668,0.0,0.07087575001060031,0.7534367499756627
2026-07-14T23:08:47,KNN-Direct-Manhattan,Darwin,0.4,7,7,1,0.8285714285714286,0.5823228340013884,0.0,0.06082604199764319,0.6431523339997511
2026-07-14T23:08:50,KNN-IC,Darwin,0.4,8,8,4,0.5714285714285714,2.2572340830229223,0.15110550000099465,0.02110412498586811,2.429448124981718
2026-07-14T23:08:50,Mean-IC,Darwin,0.4,8,8,1,0.5428571428571428,0.1849942909902893,0.002449124993290752,0.01874245799263008,0.20618974999524653
2026-07-14T23:08:51,KNN-Direct,Darwin,0.4,8,8,1,0.5714285714285714,0.5993005409836769,0.0,0.06204179199994542,0.6613455830083694
2026-07-14T23:08:52,KNN-Direct-Weighted,Darwin,0.4,8,8,1,0.5428571428571428,0.6831588750064839,0.0,0.07094416598556563,0.7541065420082305
2026-07-14T23:08:52,KNN-Direct-Manhattan,Darwin,0.4,8,8,1,0.6285714285714286,0.5852839169965591,0.0,0.06085366601473652,0.6461404590227176
2026-07-14T23:08:55,KNN-IC,Darwin,0.4,9,9,1,0.5142857142857142,2.269138625008054,0.12331925000762567,0.02118250000057742,2.4136442079907283
2026-07-14T23:08:55,Mean-IC,Darwin,0.4,9,9,1,0.45714285714285713,0.1850173750135582,0.002502333984011784,0.018752250005491078,0.2062755829829257
2026-07-14T23:08:55,KNN-Direct,Darwin,0.4,9,9,1,0.5142857142857142,0.5997879169881344,0.0,0.062217208003858104,0.6620086250186432
2026-07-14T23:08:56,KNN-Direct-Weighted,Darwin,0.4,9,9,1,0.5428571428571428,0.6844195419980679,0.0,0.07109491698793136,0.7555175840097945
2026-07-14T23:08:57,KNN-Direct-Manhattan,Darwin,0.4,9,9,3,0.5714285714285714,0.5866794999747071,0.0,0.06107045800308697,0.6477534589939751
2026-07-14T23:08:59,KNN-IC,Darwin,0.4,10,10,4,0.7428571428571429,2.2498705000034533,0.15517358301440254,0.02104891699855216,2.4260973339842167
2026-07-14T23:08:59,Mean-IC,Darwin,0.4,10,10,5,0.7428571428571429,0.18504395900527015,0.0026362499920651317,0.01886408298742026,0.20654849999118596
2026-07-14T23:09:00,KNN-Direct,Darwin,0.4,10,10,12,0.8,0.6470590839744546,0.0,0.09023316600359976,0.7372963330126368
2026-07-14T23:09:01,KNN-Direct-Weighted,Darwin,0.4,10,10,11,0.7714285714285715,1.0275372909964062,0.0,0.09742199999163859,1.1249653749982826
2026-07-14T23:09:02,KNN-Direct-Manhattan,Darwin,0.4,10,10,14,0.7714285714285715,0.6122488330001943,0.0,0.060606291983276606,0.6728597090113908
2026-07-14T23:09:04,KNN-IC,Darwin,0.4,11,11,1,0.6,2.2575960000103805,0.12334499999997206,0.02122012499603443,2.402165084000444
2026-07-14T23:09:05,Mean-IC,Darwin,0.4,11,11,1,0.6285714285714286,0.18485591700300574,0.002420167002128437,0.01885066699469462,0.2061306250107009
2026-07-14T23:09:05,KNN-Direct,Darwin,0.4,11,11,4,0.8285714285714286,0.5989556660060771,0.0,0.06241983300424181,0.6613785840163473
2026-07-14T23:09:06,KNN-Direct-Weighted,Darwin,0.4,11,11,1,0.7428571428571429,0.6828877090010792,0.0,0.07092045800527558,0.7538120419776533
2026-07-14T23:09:07,KNN-Direct-Manhattan,Darwin,0.4,11,11,1,0.8,0.5846379589929711,0.0,0.06096887501189485,0.6456102499796543
2026-07-14T23:09:09,KNN-IC,Darwin,0.4,12,12,4,0.5142857142857142,2.2769306669943035,0.15310970798600465,0.021293166995747015,2.4513382090080995
2026-07-14T23:09:09,Mean-IC,Darwin,0.4,12,12,3,0.4857142857142857,0.1850198750034906,0.0026533749769441783,0.018797666998580098,0.20647454101708718
2026-07-14T23:09:10,KNN-Direct,Darwin,0.4,12,12,1,0.6285714285714286,0.6021608330192976,0.0,0.06273512498592027,0.6648994580027647
2026-07-14T23:09:11,KNN-Direct-Weighted,Darwin,0.4,12,12,1,0.6285714285714286,0.6868524169840384,0.0,0.07100954098859802,0.7578657080011908
2026-07-14T23:09:11,KNN-Direct-Manhattan,Darwin,0.4,12,12,4,0.6857142857142857,0.5876406250172295,0.0,0.060769292002078146,0.6484131249890197
2026-07-14T23:09:14,KNN-IC,Darwin,0.4,13,13,2,0.6285714285714286,2.292875916988123,0.13009395799599588,0.02111070801038295,2.444085166993318
2026-07-14T23:09:14,Mean-IC,Darwin,0.4,13,13,3,0.5714285714285714,0.18508979200851172,0.002441832999465987,0.018824041995685548,0.2063597920059692
2026-07-14T23:09:15,KNN-Direct,Darwin,0.4,13,13,4,0.7714285714285715,0.5988165829912759,0.0,0.06206233400735073,0.660882208001567
2026-07-14T23:09:16,KNN-Direct-Weighted,Darwin,0.4,13,13,3,0.7142857142857143,0.909573624987388,0.0,0.08207183401100338,0.9916495000070427
2026-07-14T23:09:16,KNN-Direct-Manhattan,Darwin,0.4,13,13,3,0.8285714285714286,0.5888199170003645,0.0,0.06091887500951998,0.649741917004576
2026-07-14T23:09:19,KNN-IC,Darwin,0.4,14,14,1,0.6857142857142857,2.332037957996363,0.12312812500749715,0.02128645798075013,2.4764568750106264
2026-07-14T23:09:19,Mean-IC,Darwin,0.4,14,14,3,0.6857142857142857,0.18426395798451267,0.0024267499975394458,0.01862166600767523,0.20531604197458364
2026-07-14T23:09:20,KNN-Direct,Darwin,0.4,14,14,3,0.7142857142857143,0.6000592089840211,0.0,0.06208566701388918,0.6621480000030715
2026-07-14T23:09:21,KNN-Direct-Weighted,Darwin,0.4,14,14,1,0.6571428571428571,0.6854323750012554,0.0,0.07105566599057056,0.7564915000111796
2026-07-14T23:09:21,KNN-Direct-Manhattan,Darwin,0.4,14,14,3,0.7142857142857143,0.5867359160038177,0.0,0.06044770899461582,0.6471869999950286
2026-07-14T23:09:24,KNN-IC,Darwin,0.4,15,15,1,0.6857142857142857,2.2804352910025045,0.12346170900855213,0.021272084006341174,2.4251729999959935
2026-07-14T23:09:24,Mean-IC,Darwin,0.4,15,15,1,0.7428571428571429,0.1850010000052862,0.0025112500006798655,0.01862799999071285,0.20614412499708124
2026-07-14T23:09:24,KNN-Direct,Darwin,0.4,15,15,1,0.7428571428571429,0.5984642910188995,0.0,0.06191741698421538,0.6603845409990754
2026-07-14T23:09:25,KNN-Direct-Weighted,Darwin,0.4,15,15,3,0.7714285714285715,0.6835845420137048,0.0,0.07128229099907912,0.7548702500062063
2026-07-14T23:09:26,KNN-Direct-Manhattan,Darwin,0.4,15,15,3,0.8,0.5858893749827985,0.0,0.06076137500349432,0.6466542080161162
2026-07-14T23:09:28,KNN-IC,Darwin,0.4,16,16,1,0.6857142857142857,2.258529249986168,0.1231234580045566,0.021279332984704524,2.4029366670001764
2026-07-14T23:09:28,Mean-IC,Darwin,0.4,16,16,1,0.6285714285714286,0.18516587500926107,0.0024457079998683184,0.018739874998573214,0.2063557499786839
2026-07-14T23:09:29,KNN-Direct,Darwin,0.4,16,16,1,0.7142857142857143,0.5990011249959935,0.0,0.06240404202253558,0.661408207990462
2026-07-14T23:09:30,KNN-Direct-Weighted,Darwin,0.4,16,16,4,0.7428571428571429,0.6835968339873943,0.0,0.071034791006241,0.7546345840091817
2026-07-14T23:09:31,KNN-Direct-Manhattan,Darwin,0.4,16,16,1,0.7714285714285715,0.8317053329956252,0.0,0.08599554200191051,0.9177053339954
2026-07-14T23:09:34,KNN-IC,Darwin,0.4,17,17,1,0.6857142857142857,2.5259691670071334,0.1249766249966342,0.021178249997319654,2.672129082988249
2026-07-14T23:09:34,Mean-IC,Darwin,0.4,17,17,3,0.6571428571428571,0.18519020799431019,0.002425874990876764,0.01895850000437349,0.20657887498964556
2026-07-14T23:09:34,KNN-Direct,Darwin,0.4,17,17,1,0.7142857142857143,0.6002627080015372,0.0,0.062095166998915374,0.6623607920191716
2026-07-14T23:09:35,KNN-Direct-Weighted,Darwin,0.4,17,17,1,0.6857142857142857,0.6842625410063192,0.0,0.07027837500208989,0.7545439999958035
2026-07-14T23:09:36,KNN-Direct-Manhattan,Darwin,0.4,17,17,1,0.7142857142857143,0.5857995830010623,0.0,0.060765417001675814,0.6465684160066303
2026-07-14T23:09:38,KNN-IC,Darwin,0.4,18,18,2,0.5714285714285714,2.2864950409857556,0.12944866699399427,0.02120200000354089,2.437150167010259
2026-07-14T23:09:38,Mean-IC,Darwin,0.4,18,18,3,0.5714285714285714,0.1854016249999404,0.002425459009828046,0.018904583004768938,0.20673629202065058
2026-07-14T23:09:39,KNN-Direct,Darwin,0.4,18,18,6,0.7142857142857143,0.5998553340032231,0.0,0.06239512498723343,0.6622539169911761
2026-07-14T23:09:40,KNN-Direct-Weighted,Darwin,0.4,18,18,6,0.7142857142857143,0.6833958750066813,0.0,0.07111320900730789,0.7545124999887776
2026-07-14T23:09:40,KNN-Direct-Manhattan,Darwin,0.4,18,18,5,0.6,0.585802166024223,0.0,0.06043666598270647,0.646242415998131
2026-07-14T23:09:43,KNN-IC,Darwin,0.4,19,19,1,0.6285714285714286,2.269095041003311,0.12356837501283735,0.021244707982987165,2.4139127919916064
2026-07-14T23:09:43,Mean-IC,Darwin,0.4,19,19,1,0.6,0.18510791700100526,0.002424709004117176,0.01880749998963438,0.2063442080107052
2026-07-14T23:09:44,KNN-Direct,Darwin,0.4,19,19,3,0.6285714285714286,0.598881124984473,0.0,0.062231791991507635,0.6611157910083421
2026-07-14T23:09:45,KNN-Direct-Weighted,Darwin,0.4,19,19,7,0.6285714285714286,0.6840739170147572,0.0,0.06999424999230541,0.7540712500049267
2026-07-14T23:09:45,KNN-Direct-Manhattan,Darwin,0.4,19,19,1,0.6571428571428571,0.6438548339938279,0.0,0.09064954100176692,0.734509000001708
2026-07-14T23:09:48,KNN-IC,Darwin,0.4,20,20,1,0.6,2.4488818329991773,0.12369687500176951,0.021013707999372855,2.593597041006433
2026-07-14T23:09:48,Mean-IC,Darwin,0.4,20,20,5,0.5714285714285714,0.185421583999414,0.002409834007266909,0.01873212499776855,0.2065677499922458
2026-07-14T23:09:49,KNN-Direct,Darwin,0.4,20,20,7,0.6571428571428571,0.5977756249776576,0.0,0.06234362500254065,0.660122291999869
2026-07-14T23:09:49,KNN-Direct-Weighted,Darwin,0.4,20,20,3,0.6857142857142857,0.6831055829825345,0.0,0.07099350000498816,0.7541027500119526
2026-07-14T23:09:50,KNN-Direct-Manhattan,Darwin,0.4,20,20,1,0.6857142857142857,0.5845718750206288,0.0,0.06097316698287614,0.6455484160105698
2026-07-14T23:09:53,KNN-IC,Darwin,0.4,21,21,5,0.7428571428571429,2.273215374996653,0.1536139579839073,0.021230333019047976,2.4480639589892235
2026-07-14T23:09:53,Mean-IC,Darwin,0.4,21,21,1,0.6857142857142857,0.1848595839983318,0.0024184590147342533,0.018785750027745962,0.20606799999950454
2026-07-14T23:09:53,KNN-Direct,Darwin,0.4,21,21,5,0.7428571428571429,0.6008895830018446,0.0,0.06225279200589284,0.6631455000024289
2026-07-14T23:09:54,KNN-Direct-Weighted,Darwin,0.4,21,21,5,0.6857142857142857,0.6853874579828698,0.0,0.07085754102445208,0.7562484169902746
2026-07-14T23:09:55,KNN-Direct-Manhattan,Darwin,0.4,21,21,3,0.7142857142857143,0.5880149579897989,0.0,0.060965957993175834,0.6489847920020111
2026-07-14T23:09:57,KNN-IC,Darwin,0.4,22,22,3,0.6285714285714286,2.2449802919873036,0.1336411250231322,0.02110700000775978,2.3997325420205016
2026-07-14T23:09:57,Mean-IC,Darwin,0.4,22,22,1,0.6571428571428571,0.18500574998324737,0.002449457999318838,0.01899075001711026,0.20645054199849255
2026-07-14T23:09:58,KNN-Direct,Darwin,0.4,22,22,1,0.6,0.597705499996664,0.0,0.06236158299725503,0.660070458019618
2026-07-14T23:09:59,KNN-Direct-Weighted,Darwin,0.4,22,22,1,0.6571428571428571,0.6825980419816915,0.0,0.07097433399758302,0.753575583017664
2026-07-14T23:10:00,KNN-Direct-Manhattan,Darwin,0.4,22,22,10,0.6571428571428571,0.5846339999989141,0.0,0.06085949999396689,0.6454971250204835
2026-07-14T23:10:03,KNN-IC,Darwin,0.4,23,23,1,0.7142857142857143,2.887246750004124,0.12876120800501667,0.02101712499279529,3.037029250001069
2026-07-14T23:10:03,Mean-IC,Darwin,0.4,23,23,3,0.6285714285714286,0.18460216600215062,0.0024332499888259917,0.018739874998573214,0.20577929200953804
2026-07-14T23:10:03,KNN-Direct,Darwin,0.4,23,23,3,0.7142857142857143,0.5993900000175927,0.0,0.062304292019689456,0.661697292001918
2026-07-14T23:10:04,KNN-Direct-Weighted,Darwin,0.4,23,23,3,0.7142857142857143,0.6834057500236668,0.0,0.07102241698885337,0.7544313749822322
2026-07-14T23:10:05,KNN-Direct-Manhattan,Darwin,0.4,23,23,1,0.8,0.5860653749841731,0.0,0.060991000005742535,0.6470592500118073
2026-07-14T23:10:07,KNN-IC,Darwin,0.4,24,24,3,0.5428571428571428,2.253892749984516,0.13372716700541787,0.021510541992029175,2.409134791989345
2026-07-14T23:10:07,Mean-IC,Darwin,0.4,24,24,1,0.6,0.18487629099399783,0.0024289579887408763,0.01872454199474305,0.2060337500006426
2026-07-14T23:10:08,KNN-Direct,Darwin,0.4,24,24,5,0.6285714285714286,0.6000894579919986,0.0,0.062416500004474074,0.6625094579940196
2026-07-14T23:10:09,KNN-Direct-Weighted,Darwin,0.4,24,24,7,0.6571428571428571,0.683662708994234,0.0,0.07090883300406858,0.7545749999990221
2026-07-14T23:10:10,KNN-Direct-Manhattan,Darwin,0.4,24,24,3,0.6857142857142857,0.5865009170083795,0.0,0.060804582986747846,0.6473089590144809
2026-07-14T23:10:12,KNN-IC,Darwin,0.4,25,25,1,0.6285714285714286,2.2894538329856005,0.12270187502144836,0.020992208999814466,2.4331517500104383
2026-07-14T23:10:12,Mean-IC,Darwin,0.4,25,25,1,0.5142857142857142,0.18529820800176822,0.002411208988633007,0.018750457995338365,0.20646395802032202
2026-07-14T23:10:13,KNN-Direct,Darwin,0.4,25,25,1,0.6,0.5973734580038581,0.0,0.06211970798904076,0.6594965830154251
2026-07-14T23:10:14,KNN-Direct-Weighted,Darwin,0.4,25,25,1,0.6285714285714286,0.6837962919962592,0.0,0.07104987499769777,0.7548499580007046
2026-07-14T23:10:14,KNN-Direct-Manhattan,Darwin,0.4,25,25,1,0.6285714285714286,0.6320539999869652,0.0,0.060900375014171004,0.6929575829999521
2026-07-14T23:10:17,KNN-IC,Darwin,0.4,26,26,1,0.7714285714285715,2.6253252919996157,0.12222704099258408,0.021095250005600974,2.7686519169947132
2026-07-14T23:10:17,Mean-IC,Darwin,0.4,26,26,1,0.7428571428571429,0.1845634580240585,0.0024252909934148192,0.018714459001785144,0.20570749999023974
2026-07-14T23:10:18,KNN-Direct,Darwin,0.4,26,26,1,0.8,0.5980354159837589,0.0,0.0624426249996759,0.660481124999933
2026-07-14T23:10:19,KNN-Direct-Weighted,Darwin,0.4,26,26,1,0.7428571428571429,0.6843099170073401,0.0,0.07107720800559036,0.755390415986767
2026-07-14T23:10:19,KNN-Direct-Manhattan,Darwin,0.4,26,26,1,0.8,0.585785625007702,0.0,0.06097625000984408,0.6467655829910655
2026-07-14T23:10:22,KNN-IC,Darwin,0.4,27,27,1,0.5714285714285714,2.2797145409858786,0.1233969590102788,0.021070250018965453,2.424186166987056
2026-07-14T23:10:22,Mean-IC,Darwin,0.4,27,27,3,0.6571428571428571,0.18469887500395998,0.0024669580161571503,0.01863670800230466,0.20580658299149945
2026-07-14T23:10:23,KNN-Direct,Darwin,0.4,27,27,5,0.7142857142857143,0.5995166659995448,0.0,0.06223645797581412,0.6617562499886844
2026-07-14T23:10:23,KNN-Direct-Weighted,Darwin,0.4,27,27,3,0.7142857142857143,0.683545583015075,0.0,0.0710781250090804,0.7546273329935502
2026-07-14T23:10:24,KNN-Direct-Manhattan,Darwin,0.4,27,27,5,0.6857142857142857,0.5865553329931572,0.0,0.06102999998256564,0.6475894580071326
2026-07-14T23:10:26,KNN-IC,Darwin,0.4,28,28,1,0.6571428571428571,2.2868460409808904,0.12289545900421217,0.0210873750038445,2.430832999991253
2026-07-14T23:10:27,Mean-IC,Darwin,0.4,28,28,1,0.5714285714285714,0.18455620898748748,0.0024409579928033054,0.0187185840040911,0.20571937499335036
2026-07-14T23:10:27,KNN-Direct,Darwin,0.4,28,28,1,0.6,0.5986162080080248,0.0,0.0621897499950137,0.6608089579967782
2026-07-14T23:10:28,KNN-Direct-Weighted,Darwin,0.4,28,28,1,0.6285714285714286,0.6846070000028703,0.0,0.07109258399577811,0.7557029580057133
2026-07-14T23:10:29,KNN-Direct-Manhattan,Darwin,0.4,28,28,1,0.6,0.5840641669929028,0.0,0.06099904200527817,0.645066459022928
2026-07-14T23:10:32,KNN-IC,Darwin,0.4,29,29,1,0.7714285714285715,2.8725567499932367,0.12327337500755675,0.0210580000129994,3.0168927080230787
2026-07-14T23:10:32,Mean-IC,Darwin,0.4,29,29,1,0.7428571428571429,0.18441787498886697,0.0024324159894604236,0.0187108330137562,0.2055649579851888
2026-07-14T23:10:33,KNN-Direct,Darwin,0.4,29,29,1,0.6571428571428571,0.5995782919926569,0.0,0.06184333298006095,0.6614244579977822
2026-07-14T23:10:33,KNN-Direct-Weighted,Darwin,0.4,29,29,1,0.6571428571428571,0.6843948750174604,0.0,0.07132983300834894,0.7557278339809272
2026-07-14T23:10:34,KNN-Direct-Manhattan,Darwin,0.4,29,29,1,0.7142857142857143,0.584284790995298,0.0,0.06080258300062269,0.6450907090038527
2026-07-14T23:10:36,KNN-IC,Darwin,0.4,30,30,2,0.6857142857142857,2.2880925000063144,0.12948266600142233,0.021152875007828698,2.438732416019775
2026-07-14T23:10:37,Mean-IC,Darwin,0.4,30,30,3,0.5428571428571428,0.1843998330004979,0.0024731669982429594,0.018648917000973597,0.20552579098148271
2026-07-14T23:10:37,KNN-Direct,Darwin,0.4,30,30,1,0.6285714285714286,0.5995159590092953,0.0,0.062347207975108176,0.6618660829844885
2026-07-14T23:10:38,KNN-Direct-Weighted,Darwin,0.4,30,30,1,0.6571428571428571,0.6841632910072803,0.0,0.0713751669973135,0.7555418339907192
2026-07-14T23:10:39,KNN-Direct-Manhattan,Darwin,0.4,30,30,1,0.6857142857142857,0.5865106249984819,0.0,0.0609671660058666,0.6474813329987228
2026-07-14T23:10:41,KNN-IC,Darwin,0.4,31,31,11,0.6285714285714286,2.283341875008773,0.1621856249985285,0.02130475000012666,2.466836499981582
2026-07-14T23:10:41,Mean-IC,Darwin,0.4,31,31,12,0.6285714285714286,0.18484012500266545,0.0024105419870465994,0.018893125001341105,0.20614779097377323
2026-07-14T23:10:42,KNN-Direct,Darwin,0.4,31,31,1,0.6857142857142857,0.5990200829983223,0.0,0.06215091599733569,0.6611749159928877
2026-07-14T23:10:43,KNN-Direct-Weighted,Darwin,0.4,31,31,1,0.6857142857142857,0.6846313329879194,0.0,0.07095237501198426,0.7555874579993542
2026-07-14T23:10:44,KNN-Direct-Manhattan,Darwin,0.4,31,31,1,0.7714285714285715,0.5866237500158604,0.0,0.06071808299748227,0.6473455410159659
2026-07-14T23:10:46,KNN-IC,Darwin,0.4,32,32,2,0.8,2.639331417012727,0.1309717090043705,0.021077292010886595,2.7913847909949254
2026-07-14T23:10:47,Mean-IC,Darwin,0.4,32,32,1,0.7142857142857143,0.1851336249965243,0.0024707090051379055,0.01879929201095365,0.20640791600453667
2026-07-14T23:10:47,KNN-Direct,Darwin,0.4,32,32,1,0.7428571428571429,0.5976625000184868,0.0,0.06147695900290273,0.6591426660015713
2026-07-14T23:10:48,KNN-Direct-Weighted,Darwin,0.4,32,32,1,0.8,0.682400958990911,0.0,0.07095616700826213,0.7533600830065552
2026-07-14T23:10:49,KNN-Direct-Manhattan,Darwin,0.4,32,32,1,0.8,0.5855507089872845,0.0,0.060490000003483146,0.646043999993708
2026-07-14T23:10:51,KNN-IC,Darwin,0.4,33,33,1,0.7142857142857143,2.281689291994553,0.1234994170081336,0.0212527499825228,2.4264452080242336
2026-07-14T23:10:51,Mean-IC,Darwin,0.4,33,33,1,0.6285714285714286,0.18483225000090897,0.002444041980197653,0.01872241700766608,0.20600283300154842
2026-07-14T23:10:52,KNN-Direct,Darwin,0.4,33,33,1,0.6857142857142857,0.6004667090019211,0.0,0.062012874986976385,0.6624831250228453
2026-07-14T23:10:53,KNN-Direct-Weighted,Darwin,0.4,33,33,1,0.6857142857142857,0.6858391250134446,0.0,0.07119662500917912,0.757039457996143
2026-07-14T23:10:53,KNN-Direct-Manhattan,Darwin,0.4,33,33,1,0.7714285714285715,0.5870511660177726,0.0,0.060850625013699755,0.647905083023943
2026-07-14T23:10:56,KNN-IC,Darwin,0.4,34,34,2,0.6857142857142857,2.287330958992243,0.12942558398935944,0.021117458993103355,2.4378780419938266
2026-07-14T23:10:56,Mean-IC,Darwin,0.4,34,34,1,0.5714285714285714,0.1846488750015851,0.0024453329970128834,0.01881437501288019,0.205912791978335
2026-07-14T23:10:57,KNN-Direct,Darwin,0.4,34,34,1,0.6571428571428571,0.5995748330024071,0.0,0.06201304099522531,0.6615908749809023
2026-07-14T23:10:57,KNN-Direct-Weighted,Darwin,0.4,34,34,4,0.6857142857142857,0.6842003329948056,0.0,0.07095012502395548,0.7551539590058383
2026-07-14T23:10:58,KNN-Direct-Manhattan,Darwin,0.4,34,34,1,0.6571428571428571,0.5867768329917453,0.0,0.06114183401223272,0.6479224169743247
2026-07-14T23:11:01,KNN-IC,Darwin,0.4,35,35,4,0.7714285714285715,2.485174040979473,0.2351077500206884,0.032085124985314906,2.7523735410068184
2026-07-14T23:11:01,Mean-IC,Darwin,0.4,35,35,3,0.6857142857142857,0.3010785000224132,0.0033867500023916364,0.0259015420160722,0.3303742079879157
2026-07-14T23:11:02,KNN-Direct,Darwin,0.4,35,35,3,0.7714285714285715,0.7176002910127863,0.0,0.06270770900300704,0.7803119999880437
2026-07-14T23:11:03,KNN-Direct-Weighted,Darwin,0.4,35,35,3,0.7428571428571429,0.6877217500004917,0.0,0.07126666602562182,0.7589922079932876
2026-07-14T23:11:03,KNN-Direct-Manhattan,Darwin,0.4,35,35,1,0.7428571428571429,0.5860457080125343,0.0,0.060922374977963045,0.6469716670108028
2026-07-14T23:11:06,KNN-IC,Darwin,0.4,36,36,8,0.6571428571428571,2.272761999978684,0.1557717919931747,0.021411499998066574,2.4499495000054594
2026-07-14T23:11:06,Mean-IC,Darwin,0.4,36,36,1,0.6,0.1850157080043573,0.0024653750006109476,0.018786833999911323,0.20627183298347518
2026-07-14T23:11:07,KNN-Direct,Darwin,0.4,36,36,8,0.6,0.5990913329878822,0.0,0.06243837499641813,0.6615321669960395
2026-07-14T23:11:07,KNN-Direct-Weighted,Darwin,0.4,36,36,14,0.6,0.6833076250040904,0.0,0.07088704200577922,0.7541978750086855
2026-07-14T23:11:08,KNN-Direct-Manhattan,Darwin,0.4,36,36,3,0.7428571428571429,0.5856177079840563,0.0,0.060844791994895786,0.6464662090002093
2026-07-14T23:11:10,KNN-IC,Darwin,0.4,37,37,2,0.6285714285714286,2.2654343339963816,0.12982595901121385,0.02106774999992922,2.41633241600357
2026-07-14T23:11:11,Mean-IC,Darwin,0.4,37,37,1,0.6,0.1851418750011362,0.0026591249916236848,0.01875616700272076,0.20656129202689044
2026-07-14T23:11:11,KNN-Direct,Darwin,0.4,37,37,1,0.6571428571428571,0.5970012910256628,0.0,0.0616873340040911,0.65869229202508
2026-07-14T23:11:12,KNN-Direct-Weighted,Darwin,0.4,37,37,1,0.6571428571428571,0.6836536250193603,0.0,0.070763291005278,0.754420166980708
2026-07-14T23:11:13,KNN-Direct-Manhattan,Darwin,0.4,37,37,1,0.7142857142857143,0.5855180840007961,0.0,0.06072645800304599,0.6462477919994853
2026-07-14T23:11:15,KNN-IC,Darwin,0.4,38,38,5,0.7142857142857143,2.3243451669986825,0.2530737919732928,0.03543004099628888,2.612857416999759
2026-07-14T23:11:16,Mean-IC,Darwin,0.4,38,38,9,0.6,0.27540083398343995,0.0028763749869540334,0.022035749978385866,0.30032412498258054
2026-07-14T23:11:16,KNN-Direct,Darwin,0.4,38,38,5,0.7714285714285715,0.6032232090074103,0.0,0.062224875000538304,0.665451499982737
2026-07-14T23:11:17,KNN-Direct-Weighted,Darwin,0.4,38,38,5,0.7428571428571429,0.6826227090205066,0.0,0.07071891700616106,0.7533450000046287
2026-07-14T23:11:18,KNN-Direct-Manhattan,Darwin,0.4,38,38,9,0.7428571428571429,0.5844414579914883,0.0,0.06087270801072009,0.645317457994679
2026-07-14T23:11:20,KNN-IC,Darwin,0.4,39,39,1,0.6571428571428571,2.2800264580000658,0.12383979198057204,0.02147245898959227,2.4253427920048125
2026-07-14T23:11:20,Mean-IC,Darwin,0.4,39,39,1,0.6285714285714286,0.18506066699046642,0.002471540996339172,0.01872587500838563,0.20626233299844898
2026-07-14T23:11:21,KNN-Direct,Darwin,0.4,39,39,5,0.6571428571428571,0.6000479999929667,0.0,0.06232179200742394,0.6623729580023792
2026-07-14T23:11:22,KNN-Direct-Weighted,Darwin,0.4,39,39,7,0.6857142857142857,0.6850093330140226,0.0,0.07080654200399294,0.7558192089782096
2026-07-14T23:11:22,KNN-Direct-Manhattan,Darwin,0.4,39,39,6,0.6857142857142857,0.5863742910150904,0.0,0.060809665999840945,0.6471869999950286
2026-07-14T23:11:25,KNN-IC,Darwin,0.5,0,0,3,0.6285714285714286,2.3220967079978436,0.13593754201428965,0.021134541981155053,2.479172874998767
2026-07-14T23:11:25,Mean-IC,Darwin,0.5,0,0,1,0.5714285714285714,0.18470170799992047,0.002584041008958593,0.018963667011121288,0.20625337501405738
2026-07-14T23:11:26,KNN-Direct,Darwin,0.5,0,0,1,0.6857142857142857,0.5857247920066584,0.0,0.06068649998633191,0.6464142909971997
2026-07-14T23:11:26,KNN-Direct-Weighted,Darwin,0.5,0,0,1,0.6571428571428571,0.6701372080133297,0.0,0.06973262500832789,0.7398734170128591
2026-07-14T23:11:27,KNN-Direct-Manhattan,Darwin,0.5,0,0,1,0.5428571428571428,0.5729486250202172,0.0,0.0591691670124419,0.6321213329792954
2026-07-14T23:11:30,KNN-IC,Darwin,0.5,1,1,6,0.6285714285714286,2.3463386250077747,0.1628574590140488,0.021197292022407055,2.5303976669965778
2026-07-14T23:11:30,Mean-IC,Darwin,0.5,1,1,3,0.5428571428571428,0.18429670800105669,0.0025662080151960254,0.01871295800083317,0.20557987500797026
2026-07-14T23:11:31,KNN-Direct,Darwin,0.5,1,1,10,0.6571428571428571,0.7577007079962641,0.0,0.07800195799791254,0.835706542013213
2026-07-14T23:11:32,KNN-Direct-Weighted,Darwin,0.5,1,1,5,0.6,0.9129663339990657,0.0,0.07015187502838671,0.9831226670066826
2026-07-14T23:11:32,KNN-Direct-Manhattan,Darwin,0.5,1,1,1,0.6571428571428571,0.5732828750042245,0.0,0.05950987499090843,0.6327963340154383
2026-07-14T23:11:35,KNN-IC,Darwin,0.5,2,2,2,0.5714285714285714,2.3046979999926407,0.1315707920002751,0.021305417001713067,2.457578666973859
2026-07-14T23:11:35,Mean-IC,Darwin,0.5,2,2,1,0.5142857142857142,0.18620112500502728,0.0026150839985348284,0.018847792001906782,0.20766879201983102
2026-07-14T23:11:36,KNN-Direct,Darwin,0.5,2,2,1,0.6857142857142857,0.5892190000158735,0.0,0.060960665985476226,0.6501827919855714
2026-07-14T23:11:36,KNN-Direct-Weighted,Darwin,0.5,2,2,1,0.6285714285714286,0.6741957500053104,0.0,0.06969841700629331,0.7438974999822676
2026-07-14T23:11:37,KNN-Direct-Manhattan,Darwin,0.5,2,2,1,0.6285714285714286,0.5748124999809079,0.0,0.05956158399931155,0.6343777079891879
2026-07-14T23:11:39,KNN-IC,Darwin,0.5,3,3,1,0.4857142857142857,2.3248503750073723,0.12451545798103325,0.021138332987902686,2.4705081669962965
2026-07-14T23:11:40,Mean-IC,Darwin,0.5,3,3,1,0.5428571428571428,0.18541120798909105,0.0025773330125957727,0.018771125003695488,0.20676287499372847
2026-07-14T23:11:40,KNN-Direct,Darwin,0.5,3,3,4,0.5142857142857142,0.5854062919970602,0.0,0.0614183749712538,0.6468284160073381
2026-07-14T23:11:41,KNN-Direct-Weighted,Darwin,0.5,3,3,3,0.6,0.6710334999952465,0.0,0.06949541700305417,0.7405326669977512
2026-07-14T23:11:42,KNN-Direct-Manhattan,Darwin,0.5,3,3,3,0.45714285714285713,0.5717185420216992,0.0,0.05937366702710278,0.6310955419903621
2026-07-14T23:11:44,KNN-IC,Darwin,0.5,4,4,9,0.6571428571428571,2.3190530000138097,0.16191558400169015,0.021028250019298866,2.5020005840051454
2026-07-14T23:11:44,Mean-IC,Darwin,0.5,4,4,13,0.5714285714285714,0.1850329999870155,0.0025843750045169145,0.018841999990399927,0.20646358400699683
2026-07-14T23:11:45,KNN-Direct,Darwin,0.5,4,4,6,0.6857142857142857,0.583259791979799,0.0,0.07972816700930707,0.6629915839876048
2026-07-14T23:11:46,KNN-Direct-Weighted,Darwin,0.5,4,4,6,0.6571428571428571,0.931302166020032,0.0,0.07044904099893756,1.001755624980433
2026-07-14T23:11:47,KNN-Direct-Manhattan,Darwin,0.5,4,4,12,0.6857142857142857,0.5708053749985993,0.0,0.05953283401322551,0.6303414169815369
2026-07-14T23:11:49,KNN-IC,Darwin,0.5,5,5,1,0.4857142857142857,2.3028815840079915,0.12432750000152737,0.021109332999913022,2.4483222079870757
2026-07-14T23:11:49,Mean-IC,Darwin,0.5,5,5,1,0.5142857142857142,0.18515737500274554,0.0025790829968173057,0.01868737500626594,0.20642720902105793
2026-07-14T23:11:50,KNN-Direct,Darwin,0.5,5,5,1,0.6857142857142857,0.5879549169912934,0.0,0.06132583299768157,0.6492837500118185
2026-07-14T23:11:51,KNN-Direct-Weighted,Darwin,0.5,5,5,7,0.6857142857142857,0.6739172909874469,0.0,0.06992587502463721,0.7438465419982094
2026-07-14T23:11:51,KNN-Direct-Manhattan,Darwin,0.5,5,5,1,0.6857142857142857,0.5750807920121588,0.0,0.05963225002051331,0.6347169579821639
2026-07-14T23:11:54,KNN-IC,Darwin,0.5,6,6,9,0.5428571428571428,2.3237342500069644,0.16278783298912458,0.021025458991061896,2.507551582995802
2026-07-14T23:11:54,Mean-IC,Darwin,0.5,6,6,1,0.5428571428571428,0.18485549997421913,0.0026287499931640923,0.018907500023487955,0.20639624999603257
2026-07-14T23:11:55,KNN-Direct,Darwin,0.5,6,6,5,0.6571428571428571,0.5847078329825308,0.0,0.060796915990067646,0.6455073750112206
2026-07-14T23:11:56,KNN-Direct-Weighted,Darwin,0.5,6,6,1,0.5714285714285714,0.6696488329907879,0.0,0.06980516700423323,0.7394571250188164
2026-07-14T23:11:56,KNN-Direct-Manhattan,Darwin,0.5,6,6,3,0.6571428571428571,0.5725233339762781,0.0,0.05955545901088044,0.6320816249935888
2026-07-14T23:11:59,KNN-IC,Darwin,0.5,7,7,8,0.7142857142857143,2.3028209159965627,0.16434412499074824,0.021174958994379267,2.48834391697892
2026-07-14T23:11:59,Mean-IC,Darwin,0.5,7,7,1,0.7428571428571429,0.18507129099452868,0.0027483750018291175,0.018698458996368572,0.20652624999638647
2026-07-14T23:12:00,KNN-Direct,Darwin,0.5,7,7,3,0.8285714285714286,0.5835731670085806,0.0,0.06088183299289085,0.6444585839926731
2026-07-14T23:12:00,KNN-Direct-Weighted,Darwin,0.5,7,7,7,0.8,0.7156222499907017,0.0,0.10078737500589341,0.8164147910138126
2026-07-14T23:12:01,KNN-Direct-Manhattan,Darwin,0.5,7,7,1,0.8285714285714286,0.7949601250002161,0.0,0.07724570902064443,0.8722116660210304
2026-07-14T23:12:04,KNN-IC,Darwin,0.5,8,8,5,0.5714285714285714,2.4126017090165988,0.15570945900981314,0.021120332996360958,2.589435957983369
2026-07-14T23:12:04,Mean-IC,Darwin,0.5,8,8,1,0.4857142857142857,0.18500337499426678,0.0027688750124070793,0.01876816598814912,0.2065442499879282
2026-07-14T23:12:05,KNN-Direct,Darwin,0.5,8,8,1,0.7428571428571429,0.5857328749843873,0.0,0.06113695801468566,0.6468726669845637
2026-07-14T23:12:05,KNN-Direct-Weighted,Darwin,0.5,8,8,4,0.6857142857142857,0.6728954580030404,0.0,0.06998937498428859,0.7428879170038272
2026-07-14T23:12:06,KNN-Direct-Manhattan,Darwin,0.5,8,8,7,0.6571428571428571,0.5769802909926511,0.0,0.05987970798742026,0.6368633749953005
2026-07-14T23:12:09,KNN-IC,Darwin,0.5,9,9,3,0.5428571428571428,2.3100823749846313,0.13617025001440197,0.02109874997404404,2.4673554580076598
2026-07-14T23:12:09,Mean-IC,Darwin,0.5,9,9,1,0.45714285714285713,0.1851908749958966,0.0025996659824158996,0.018781999999191612,0.2065766660089139
2026-07-14T23:12:09,KNN-Direct,Darwin,0.5,9,9,1,0.5428571428571428,0.5870417910045944,0.0,0.06115729198791087,0.6482026249868795
2026-07-14T23:12:10,KNN-Direct-Weighted,Darwin,0.5,9,9,1,0.5428571428571428,0.6706642500066664,0.0,0.06960454201907851,0.7402722089900635
2026-07-14T23:12:11,KNN-Direct-Manhattan,Darwin,0.5,9,9,1,0.6285714285714286,0.573625708988402,0.0,0.0593971659836825,0.6330260419927072
2026-07-14T23:12:13,KNN-IC,Darwin,0.5,10,10,1,0.8571428571428571,2.298406250018161,0.12473212499753572,0.021280124987242743,2.4444224999751896
2026-07-14T23:12:13,Mean-IC,Darwin,0.5,10,10,1,0.7142857142857143,0.18512808400555514,0.0026074170018546283,0.018781792023219168,0.20652158401207998
2026-07-14T23:12:14,KNN-Direct,Darwin,0.5,10,10,3,0.7714285714285715,0.5848725409887265,0.0,0.060709333018166944,0.6455852079961915
2026-07-14T23:12:15,KNN-Direct-Weighted,Darwin,0.5,10,10,5,0.7428571428571429,0.6697215000167489,0.0,0.06955920901964419,0.7392837919760495
2026-07-14T23:12:16,KNN-Direct-Manhattan,Darwin,0.5,10,10,5,0.7714285714285715,0.7982884160010144,0.0,0.09261862499988638,0.8909130420070142
2026-07-14T23:12:18,KNN-IC,Darwin,0.5,11,11,1,0.5714285714285714,2.3765059580036905,0.12408416700782254,0.021380499994847924,2.521976124990033
2026-07-14T23:12:18,Mean-IC,Darwin,0.5,11,11,1,0.6285714285714286,0.18505754199577495,0.002584125002613291,0.018729417002759874,0.20637520798482
2026-07-14T23:12:19,KNN-Direct,Darwin,0.5,11,11,3,0.7142857142857143,0.586614208004903,0.0,0.0608929579902906,0.6475104160199407
2026-07-14T23:12:20,KNN-Direct-Weighted,Darwin,0.5,11,11,3,0.6857142857142857,0.6716539999761153,0.0,0.06977929201093502,0.7414367079909425
2026-07-14T23:12:20,KNN-Direct-Manhattan,Darwin,0.5,11,11,4,0.7714285714285715,0.5751278329989873,0.0,0.059144166007172316,0.6342757089878432
2026-07-14T23:12:23,KNN-IC,Darwin,0.5,12,12,3,0.4857142857142857,2.3138933749869466,0.13671712498762645,0.02116666702204384,2.47178133399575
2026-07-14T23:12:23,Mean-IC,Darwin,0.5,12,12,1,0.5142857142857142,0.1852845840039663,0.0028510419942904264,0.018743499997071922,0.20688354200683534
2026-07-14T23:12:24,KNN-Direct,Darwin,0.5,12,12,4,0.6857142857142857,0.5868026250100229,0.0,0.06076795799890533,0.6475732910039369
2026-07-14T23:12:25,KNN-Direct-Weighted,Darwin,0.5,12,12,4,0.6571428571428571,0.6716009580122773,0.0,0.06964812500518747,0.7412529169814661
2026-07-14T23:12:25,KNN-Direct-Manhattan,Darwin,0.5,12,12,4,0.7428571428571429,0.5731072089984082,0.0,0.05941741599235684,0.6325281250174157
2026-07-14T23:12:28,KNN-IC,Darwin,0.5,13,13,4,0.6285714285714286,2.3332640420121606,0.15884787499089725,0.02112454199232161,2.513240665983176
2026-07-14T23:12:28,Mean-IC,Darwin,0.5,13,13,5,0.5714285714285714,0.18474391699419357,0.002791167004033923,0.018829750013537705,0.206368624989409
2026-07-14T23:12:29,KNN-Direct,Darwin,0.5,13,13,9,0.6857142857142857,0.5866425829881337,0.0,0.060966874996665865,0.6476120839943178
2026-07-14T23:12:29,KNN-Direct-Weighted,Darwin,0.5,13,13,3,0.7142857142857143,0.6724908750038594,0.0,0.06957029199111275,0.742064833000768
2026-07-14T23:12:30,KNN-Direct-Manhattan,Darwin,0.5,13,13,5,0.7428571428571429,0.5737993340007961,0.0,0.05929420900065452,0.633096666977508
2026-07-14T23:12:33,KNN-IC,Darwin,0.5,14,14,2,0.7142857142857143,2.606592333992012,0.132717041997239,0.021352582989493385,2.7606663750193547
2026-07-14T23:12:33,Mean-IC,Darwin,0.5,14,14,1,0.7428571428571429,0.1844310000014957,0.002601666026748717,0.018700917018577456,0.20573720897664316
2026-07-14T23:12:34,KNN-Direct,Darwin,0.5,14,14,1,0.7714285714285715,0.5885416249802802,0.0,0.06154779199277982,0.6500925000000279
2026-07-14T23:12:34,KNN-Direct-Weighted,Darwin,0.5,14,14,7,0.7428571428571429,0.6733709170075599,0.0,0.06974583299597725,0.7431203330052085
2026-07-14T23:12:35,KNN-Direct-Manhattan,Darwin,0.5,14,14,1,0.7428571428571429,0.5756115419790149,0.0,0.05960320800659247,0.6352182920090854
2026-07-14T23:12:37,KNN-IC,Darwin,0.5,15,15,1,0.7142857142857143,2.3217973750142846,0.12422662499011494,0.02121708300546743,2.467245792009635
2026-07-14T23:12:38,Mean-IC,Darwin,0.5,15,15,1,0.6571428571428571,0.18490045799990185,0.0026103339914698154,0.018665167008293793,0.20617958300863393
2026-07-14T23:12:38,KNN-Direct,Darwin,0.5,15,15,3,0.7714285714285715,0.5840988330019172,0.0,0.06114237499423325,0.6452443749876693
2026-07-14T23:12:39,KNN-Direct-Weighted,Darwin,0.5,15,15,3,0.8,0.6695244579750579,0.0,0.06981395799084567,0.7393419170111883
2026-07-14T23:12:40,KNN-Direct-Manhattan,Darwin,0.5,15,15,4,0.8,0.5720420000143349,0.0,0.0594515829870943,0.6314973330008797
2026-07-14T23:12:42,KNN-IC,Darwin,0.5,16,16,3,0.6857142857142857,2.307694791990798,0.13637537500471808,0.021145999984582886,2.465220375015633
2026-07-14T23:12:42,Mean-IC,Darwin,0.5,16,16,1,0.6285714285714286,0.18465008298517205,0.0026407919940538704,0.01883145800093189,0.20612616700236686
2026-07-14T23:12:43,KNN-Direct,Darwin,0.5,16,16,9,0.7142857142857143,0.5867880410223734,0.0,0.06084716599434614,0.6476381249958649
2026-07-14T23:12:44,KNN-Direct-Weighted,Darwin,0.5,16,16,1,0.7428571428571429,0.6721491249918472,0.0,0.06983262501307763,0.7419854589970782
2026-07-14T23:12:44,KNN-Direct-Manhattan,Darwin,0.5,16,16,1,0.8571428571428571,0.5736144999973476,0.0,0.059520000009797513,0.6331383750075474
2026-07-14T23:12:47,KNN-IC,Darwin,0.5,17,17,1,0.6285714285714286,2.994633166992571,0.12387687500449829,0.02122766600223258,3.1397415829997044
2026-07-14T23:12:48,Mean-IC,Darwin,0.5,17,17,3,0.6571428571428571,0.18502379101119004,0.0026060410018544644,0.018764957989333197,0.20639879099326208
2026-07-14T23:12:48,KNN-Direct,Darwin,0.5,17,17,6,0.6857142857142857,0.5875037910009269,0.0,0.06111754200537689,0.6486243749968708
2026-07-14T23:12:49,KNN-Direct-Weighted,Darwin,0.5,17,17,3,0.6857142857142857,0.6712765829870477,0.0,0.0698511250084266,0.7411309590097517
2026-07-14T23:12:50,KNN-Direct-Manhattan,Darwin,0.5,17,17,3,0.7142857142857143,0.5739785420009866,0.0,0.05965441599255428,0.6336362500151154
2026-07-14T23:12:52,KNN-IC,Darwin,0.5,18,18,3,0.6285714285714286,2.327635499997996,0.13621770800091326,0.02125591700314544,2.485113333998015
2026-07-14T23:12:52,Mean-IC,Darwin,0.5,18,18,1,0.6,0.18465387498144992,0.0025838330038823187,0.018756458011921495,0.20599837499321438
2026-07-14T23:12:53,KNN-Direct,Darwin,0.5,18,18,1,0.7428571428571429,0.5846269580069929,0.0,0.06080683399341069,0.6454367089900188
2026-07-14T23:12:54,KNN-Direct-Weighted,Darwin,0.5,18,18,8,0.6857142857142857,0.6712204169889446,0.0,0.06960833299672231,0.7408321250113659
2026-07-14T23:12:54,KNN-Direct-Manhattan,Darwin,0.5,18,18,7,0.6,0.5740040000237059,0.0,0.059688417008146644,0.6336962079803925
2026-07-14T23:12:57,KNN-IC,Darwin,0.5,19,19,3,0.6,2.325756791018648,0.13586908299475908,0.021284749993355945,2.482915291999234
2026-07-14T23:12:57,Mean-IC,Darwin,0.5,19,19,1,0.5428571428571428,0.18481420900207013,0.0025975420139729977,0.01884837500983849,0.20626362500479445
2026-07-14T23:12:58,KNN-Direct,Darwin,0.5,19,19,3,0.6,0.5862892500008456,0.0,0.060638084018137306,0.646930208982667
2026-07-14T23:12:58,KNN-Direct-Weighted,Darwin,0.5,19,19,3,0.6285714285714286,0.6700817910023034,0.0,0.06941733302664943,0.7395021249831188
2026-07-14T23:12:59,KNN-Direct-Manhattan,Darwin,0.5,19,19,5,0.6857142857142857,0.5724154170020483,0.0,0.0597690419817809,0.6321884999924805
2026-07-14T23:13:02,KNN-IC,Darwin,0.5,20,20,1,0.6285714285714286,2.633599624998169,0.12446041699149646,0.02114433399401605,2.779208040999947
2026-07-14T23:13:02,Mean-IC,Darwin,0.5,20,20,4,0.5428571428571428,0.18487658401136287,0.002565541974036023,0.01876300000003539,0.20620899999630637
2026-07-14T23:13:03,KNN-Direct,Darwin,0.5,20,20,1,0.6571428571428571,0.5872384580143262,0.0,0.060926083009690046,0.6481672920053825
2026-07-14T23:13:04,KNN-Direct-Weighted,Darwin,0.5,20,20,1,0.7142857142857143,0.6715322920063045,0.0,0.07003545798943378,0.741571374994237
2026-07-14T23:13:04,KNN-Direct-Manhattan,Darwin,0.5,20,20,1,0.6857142857142857,0.5738568330125418,0.0,0.05971116598811932,0.6335713340085931
2026-07-14T23:13:07,KNN-IC,Darwin,0.5,21,21,5,0.7428571428571429,2.3183832080103457,0.15866958297556266,0.021230083017144352,2.4982874160050415
2026-07-14T23:13:07,Mean-IC,Darwin,0.5,21,21,1,0.6571428571428571,0.18488358397735283,0.0026323329948354512,0.01866354202502407,0.20618316601030529
2026-07-14T23:13:07,KNN-Direct,Darwin,0.5,21,21,4,0.7428571428571429,0.5861328330065589,0.0,0.061111124989110976,0.6472475840128027
2026-07-14T23:13:08,KNN-Direct-Weighted,Darwin,0.5,21,21,1,0.8285714285714286,0.6717279579897877,0.0,0.07003416700172238,0.7417654169839807
2026-07-14T23:13:09,KNN-Direct-Manhattan,Darwin,0.5,21,21,3,0.7714285714285715,0.5712087920110207,0.0,0.059551166981691495,0.6307637090212665
2026-07-14T23:13:11,KNN-IC,Darwin,0.5,22,22,2,0.6285714285714286,2.304029749997426,0.13141237499075942,0.021075708995340392,2.4565217079943977
2026-07-14T23:13:12,Mean-IC,Darwin,0.5,22,22,1,0.5428571428571428,0.1849058329826221,0.0025928340037353337,0.018997708015376702,0.2065007089986466
2026-07-14T23:13:12,KNN-Direct,Darwin,0.5,22,22,6,0.6,0.5857576670241542,0.0,0.06074895799974911,0.6465099579945672
2026-07-14T23:13:13,KNN-Direct-Weighted,Darwin,0.5,22,22,5,0.6571428571428571,0.6695803330221679,0.0,0.06948766598361544,0.7390712499909569
2026-07-14T23:13:14,KNN-Direct-Manhattan,Darwin,0.5,22,22,4,0.6,0.5720982920029201,0.0,0.05949574999976903,0.6315974160097539
2026-07-14T23:13:16,KNN-IC,Darwin,0.5,23,23,2,0.7142857142857143,2.721510457980912,0.13883000001078472,0.02129420798155479,2.881638249993557
2026-07-14T23:13:17,Mean-IC,Darwin,0.5,23,23,1,0.6285714285714286,0.18548779201228172,0.0026226670015603304,0.018980082997586578,0.20709524999256246
2026-07-14T23:13:17,KNN-Direct,Darwin,0.5,23,23,9,0.7428571428571429,0.5846030839893501,0.0,0.06059237499721348,0.6451985000167042
2026-07-14T23:13:18,KNN-Direct-Weighted,Darwin,0.5,23,23,8,0.7428571428571429,0.6727545000030659,0.0,0.0699045829824172,0.7426623339997604
2026-07-14T23:13:19,KNN-Direct-Manhattan,Darwin,0.5,23,23,9,0.7142857142857143,0.5734728340175934,0.0,0.05972529199789278,0.6332016660016961
2026-07-14T23:13:21,KNN-IC,Darwin,0.5,24,24,3,0.6,2.3013680420117453,0.13633079099236056,0.021214375010458753,2.4589170410181396
2026-07-14T23:13:21,Mean-IC,Darwin,0.5,24,24,1,0.5142857142857142,0.1851049579854589,0.0026099169917870313,0.01883854198968038,0.20655750000150874
2026-07-14T23:13:22,KNN-Direct,Darwin,0.5,24,24,5,0.5714285714285714,0.5857588750077412,0.0,0.060623500001383945,0.6463857089984231
2026-07-14T23:13:23,KNN-Direct-Weighted,Darwin,0.5,24,24,3,0.5714285714285714,0.6710455410066061,0.0,0.06994499999564141,0.740993791987421
2026-07-14T23:13:23,KNN-Direct-Manhattan,Darwin,0.5,24,24,3,0.6285714285714286,0.572214374988107,0.0,0.05955520799034275,0.6317727499990724
2026-07-14T23:13:26,KNN-IC,Darwin,0.5,25,25,2,0.6,2.3372900829999708,0.13140479099820368,0.020967292017303407,2.4896660420054104
2026-07-14T23:13:26,Mean-IC,Darwin,0.5,25,25,1,0.5428571428571428,0.18448774999706075,0.0026382920041214675,0.01879533301689662,0.20592545898398384
2026-07-14T23:13:27,KNN-Direct,Darwin,0.5,25,25,3,0.6571428571428571,0.5858715419890359,0.0,0.060687624994898215,0.6465620000089984
2026-07-14T23:13:27,KNN-Direct-Weighted,Darwin,0.5,25,25,6,0.5714285714285714,0.6708554590004496,0.0,0.06960645801154897,0.7404650840035174
2026-07-14T23:13:28,KNN-Direct-Manhattan,Darwin,0.5,25,25,1,0.6,0.5728654160047881,0.0,0.0595462080091238,0.6324149580032099
2026-07-14T23:13:31,KNN-IC,Darwin,0.5,26,26,4,0.8,2.559850000019651,0.23866991701652296,0.025440458004595712,2.82396654097829
2026-07-14T23:13:31,Mean-IC,Darwin,0.5,26,26,1,0.7142857142857143,0.19236379201174714,0.002628290996653959,0.018954708008095622,0.21395083298557438
2026-07-14T23:13:32,KNN-Direct,Darwin,0.5,26,26,1,0.6571428571428571,0.5887451669841539,0.0,0.06093387500732206,0.6496822079934645
2026-07-14T23:13:33,KNN-Direct-Weighted,Darwin,0.5,26,26,8,0.7428571428571429,0.6725255830097012,0.0,0.07001416699495167,0.742542958992999
2026-07-14T23:13:33,KNN-Direct-Manhattan,Darwin,0.5,26,26,1,0.6,0.5743267910147551,0.0,0.05970304200309329,0.6340333330153953
2026-07-14T23:13:36,KNN-IC,Darwin,0.5,27,27,3,0.7142857142857143,2.3150624590052757,0.13543979200767353,0.021215832995949313,2.471722290996695
2026-07-14T23:13:36,Mean-IC,Darwin,0.5,27,27,1,0.6285714285714286,0.18557054197299294,0.0027002090064343065,0.018704374990193173,0.20697912501054816
2026-07-14T23:13:37,KNN-Direct,Darwin,0.5,27,27,1,0.5714285714285714,0.5863170830125455,0.0,0.06107470899587497,0.6473952080123127
2026-07-14T23:13:37,KNN-Direct-Weighted,Darwin,0.5,27,27,3,0.7428571428571429,0.6709005419979803,0.0,0.06960449999314733,0.7405087919905782
2026-07-14T23:13:38,KNN-Direct-Manhattan,Darwin,0.5,27,27,5,0.6285714285714286,0.5730169159942307,0.0,0.05933733397978358,0.6323577919974923
2026-07-14T23:13:40,KNN-IC,Darwin,0.5,28,28,1,0.6571428571428571,2.3418062909913715,0.12402191699948162,0.020994165999582037,2.4868261250085197
2026-07-14T23:13:41,Mean-IC,Darwin,0.5,28,28,1,0.5142857142857142,0.18454587500309572,0.002775875007500872,0.018684707989450544,0.20601070797420107
2026-07-14T23:13:41,KNN-Direct,Darwin,0.5,28,28,1,0.7142857142857143,0.5883625409915112,0.0,0.061227875004988164,0.6495933750120457
2026-07-14T23:13:42,KNN-Direct-Weighted,Darwin,0.5,28,28,1,0.6571428571428571,0.6721302919904701,0.0,0.06966979199205525,0.7418034579895902
2026-07-14T23:13:43,KNN-Direct-Manhattan,Darwin,0.5,28,28,1,0.6857142857142857,0.575468291004654,0.0,0.05983320900122635,0.6353052089980338
2026-07-14T23:13:45,KNN-IC,Darwin,0.5,29,29,2,0.6571428571428571,2.332814249995863,0.1323071670194622,0.02118791700922884,2.4863133749749977
2026-07-14T23:13:45,Mean-IC,Darwin,0.5,29,29,1,0.6285714285714286,0.26539487499394454,0.004535832995316014,0.036994458991102874,0.3069344160030596
2026-07-14T23:13:46,KNN-Direct,Darwin,0.5,29,29,6,0.6857142857142857,0.8671717089891899,0.0,0.07514187498600222,0.9423187500215136
2026-07-14T23:13:47,KNN-Direct-Weighted,Darwin,0.5,29,29,1,0.7428571428571429,0.7558694579929579,0.0,0.06920954200904816,0.8250831670011394
2026-07-14T23:13:48,KNN-Direct-Manhattan,Darwin,0.5,29,29,3,0.7142857142857143,0.5742339169955812,0.0,0.059657290985342115,0.6338945839961525
2026-07-14T23:13:50,KNN-IC,Darwin,0.5,30,30,1,0.7142857142857143,2.328963082982227,0.12462237500585616,0.021215249988017604,2.474804833997041
2026-07-14T23:13:50,Mean-IC,Darwin,0.5,30,30,3,0.5714285714285714,0.18466791699756868,0.0026402079965919256,0.01876204099971801,0.2060742910252884
2026-07-14T23:13:51,KNN-Direct,Darwin,0.5,30,30,3,0.6571428571428571,0.5857682909991127,0.0,0.06066858401754871,0.6464398329844698
2026-07-14T23:13:52,KNN-Direct-Weighted,Darwin,0.5,30,30,3,0.6571428571428571,0.6701910420088097,0.0,0.06970479202573188,0.7398992080125026
2026-07-14T23:13:53,KNN-Direct-Manhattan,Darwin,0.5,30,30,1,0.7142857142857143,0.5718667500186712,0.0,0.05965687497518957,0.6315270419872832
2026-07-14T23:13:55,KNN-IC,Darwin,0.5,31,31,7,0.6285714285714286,2.3291030840191524,0.16212104202713817,0.020987291994970292,2.5122161250037607
2026-07-14T23:13:55,Mean-IC,Darwin,0.5,31,31,9,0.6285714285714286,0.18538958299905062,0.002891709009418264,0.018924707983387634,0.20720975002041087
2026-07-14T23:13:56,KNN-Direct,Darwin,0.5,31,31,1,0.6857142857142857,0.5858841669978574,0.0,0.06085233300109394,0.6467393749917392
2026-07-14T23:13:57,KNN-Direct-Weighted,Darwin,0.5,31,31,4,0.7142857142857143,0.6694557910086587,0.0,0.06936175000737421,0.7388208329793997
2026-07-14T23:13:57,KNN-Direct-Manhattan,Darwin,0.5,31,31,1,0.7714285714285715,0.5740648750215769,0.0,0.05959279098897241,0.6336604589887429
2026-07-14T23:14:00,KNN-IC,Darwin,0.5,32,32,1,0.7142857142857143,2.338326083990978,0.12457516699214466,0.02124191599432379,2.4841476660221815
2026-07-14T23:14:00,Mean-IC,Darwin,0.5,32,32,1,0.6571428571428571,0.18462437501875684,0.002579250023700297,0.018667165975784883,0.20587529201293364
2026-07-14T23:14:01,KNN-Direct,Darwin,0.5,32,32,1,0.8,0.7714212499849964,0.0,0.0718727920029778,0.8432981669902802
2026-07-14T23:14:02,KNN-Direct-Weighted,Darwin,0.5,32,32,1,0.8285714285714286,0.7325354170170613,0.0,0.06947541600675322,0.8020148749928921
2026-07-14T23:14:02,KNN-Direct-Manhattan,Darwin,0.5,32,32,1,0.8285714285714286,0.5715942500100937,0.0,0.05971620898344554,0.6313138340192381
2026-07-14T23:14:05,KNN-IC,Darwin,0.5,33,33,1,0.7142857142857143,2.3293207089882344,0.12395241699414328,0.021142832993064076,2.474420208018273
2026-07-14T23:14:05,Mean-IC,Darwin,0.5,33,33,3,0.6,0.1848266250162851,0.0025919580075424165,0.018856915994547307,0.2062792079814244
2026-07-14T23:14:06,KNN-Direct,Darwin,0.5,33,33,1,0.7428571428571429,0.5875180829898454,0.0,0.06778387501253746,0.6553052499948535
2026-07-14T23:14:06,KNN-Direct-Weighted,Darwin,0.5,33,33,1,0.7714285714285715,0.665159666998079,0.0,0.06927070798701607,0.7344341660209466
2026-07-14T23:14:07,KNN-Direct-Manhattan,Darwin,0.5,33,33,5,0.7714285714285715,0.5704212500131689,0.0,0.05949570797383785,0.6299203749804292
2026-07-14T23:14:09,KNN-IC,Darwin,0.5,34,34,2,0.4857142857142857,2.33630674998858,0.13164145802147686,0.02120050002122298,2.4891524580016267
2026-07-14T23:14:10,Mean-IC,Darwin,0.5,34,34,1,0.5142857142857142,0.1846965000149794,0.0026230420044157654,0.018787957989843562,0.20611174998339266
2026-07-14T23:14:10,KNN-Direct,Darwin,0.5,34,34,1,0.6,0.587215459003346,0.0,0.06093191698892042,0.6481503329996485
2026-07-14T23:14:11,KNN-Direct-Weighted,Darwin,0.5,34,34,1,0.6571428571428571,0.672957167000277,0.0,0.06981370900757611,0.7427745410241187
2026-07-14T23:14:12,KNN-Direct-Manhattan,Darwin,0.5,34,34,1,0.7142857142857143,0.5743273750122171,0.0,0.059621041000355035,0.6339522920025047
2026-07-14T23:14:14,KNN-IC,Darwin,0.5,35,35,2,0.7428571428571429,2.309992124995915,0.13111995899816975,0.021051749994512647,2.4621682909782976
2026-07-14T23:14:14,Mean-IC,Darwin,0.5,35,35,3,0.6285714285714286,0.18356995799695142,0.0026837500045076013,0.018698290979955345,0.20495529199251905
2026-07-14T23:14:15,KNN-Direct,Darwin,0.5,35,35,7,0.6285714285714286,0.5873169999977108,0.0,0.06099737499607727,0.648317582992604
2026-07-14T23:14:16,KNN-Direct-Weighted,Darwin,0.5,35,35,5,0.7428571428571429,0.9311317079991568,0.0,0.1022062910196837,1.03334262498538
2026-07-14T23:14:17,KNN-Direct-Manhattan,Darwin,0.5,35,35,3,0.7142857142857143,0.7553306670160964,0.0,0.05988024998805486,0.8152160840108991
2026-07-14T23:14:19,KNN-IC,Darwin,0.5,36,36,1,0.6857142857142857,2.3145697920117527,0.12463129198295064,0.021132541995029896,2.460337917000288
2026-07-14T23:14:20,Mean-IC,Darwin,0.5,36,36,1,0.6,0.18526216701138765,0.002816249994793907,0.018737916980171576,0.20682016600039788
2026-07-14T23:14:20,KNN-Direct,Darwin,0.5,36,36,11,0.7142857142857143,0.5848400830000173,0.0,0.06103016599081457,0.6458736660133582
2026-07-14T23:14:21,KNN-Direct-Weighted,Darwin,0.5,36,36,8,0.6571428571428571,0.6707519170013256,0.0,0.06950150002376176,0.7402569999976549
2026-07-14T23:14:22,KNN-Direct-Manhattan,Darwin,0.5,36,36,5,0.7142857142857143,0.5723392500076443,0.0,0.05945816598250531,0.6318011250114068
2026-07-14T23:14:24,KNN-IC,Darwin,0.5,37,37,1,0.6,2.312884583021514,0.12397070799488574,0.021186749974731356,2.458046000014292
2026-07-14T23:14:24,Mean-IC,Darwin,0.5,37,37,1,0.5428571428571428,0.18491412501316518,0.002589541982160881,0.018710625008679926,0.20621795798069797
2026-07-14T23:14:25,KNN-Direct,Darwin,0.5,37,37,1,0.6,0.5875841660017613,0.0,0.060572874994250014,0.6481600829865783
2026-07-14T23:14:26,KNN-Direct-Weighted,Darwin,0.5,37,37,15,0.5428571428571428,0.6675884999858681,0.0,0.06987750000553206,0.7374696249898989
2026-07-14T23:14:26,KNN-Direct-Manhattan,Darwin,0.5,37,37,3,0.6571428571428571,0.5731304580112919,0.0,0.0596193750097882,0.6327531249844469
2026-07-14T23:14:29,KNN-IC,Darwin,0.5,38,38,5,0.7142857142857143,2.3157554999925196,0.15694033302133903,0.021311291988240555,2.4940116250072606
2026-07-14T23:14:29,Mean-IC,Darwin,0.5,38,38,3,0.7142857142857143,0.18536766699980944,0.0025813330139499158,0.01870670900098048,0.20665949999238364
2026-07-14T23:14:30,KNN-Direct,Darwin,0.5,38,38,5,0.7428571428571429,0.5886915840092115,0.0,0.061062959022819996,0.6497576659894548
2026-07-14T23:14:30,KNN-Direct-Weighted,Darwin,0.5,38,38,3,0.7428571428571429,0.7113922080025077,0.0,0.10736658397945575,0.8187637500232086
2026-07-14T23:14:31,KNN-Direct-Manhattan,Darwin,0.5,38,38,7,0.6857142857142857,0.7061192090041004,0.0,0.05971149998367764,0.7658354589948431
2026-07-14T23:14:34,KNN-IC,Darwin,0.5,39,39,5,0.5714285714285714,2.3306415829865728,0.1614256250031758,0.021160958014661446,2.51323208399117
2026-07-14T23:14:34,Mean-IC,Darwin,0.5,39,39,5,0.5428571428571428,0.18451533297775313,0.0027538750146050006,0.0187849169888068,0.20605816697934642
2026-07-14T23:14:35,KNN-Direct,Darwin,0.5,39,39,5,0.7142857142857143,0.5855835419788491,0.0,0.06098150002071634,0.646568500000285
2026-07-14T23:14:35,KNN-Direct-Weighted,Darwin,0.5,39,39,13,0.6285714285714286,0.6697119589953218,0.0,0.06989954199525528,0.7396147499966901
2026-07-14T23:14:36,KNN-Direct-Manhattan,Darwin,0.5,39,39,1,0.7142857142857143,0.5732701249944512,0.0,0.05891737499041483,0.6321914170111995
