timestamp,method,dataset,missing_rate,trial,seed,n_neighbors,accuracy,tuning_time_sec,train_time_sec,predict_time_sec,total_time_sec
2026-07-14T18:29:09,KNN-IC,Micromass,0.1,0,0,3,0.8611111111111112,7.363746165996417,0.48192125000059605,0.14021325000794604,7.985889292001957
2026-07-14T18:29:10,Mean-IC,Micromass,0.1,0,0,1,0.8888888888888888,0.9916846250125673,0.006327707989839837,0.09647708298871294,1.0944966249808203
2026-07-14T18:29:14,KNN-Direct,Micromass,0.1,0,0,1,0.8333333333333334,3.702023416000884,0.0,0.38060516701079905,4.082632457982982
2026-07-14T18:29:18,KNN-Direct-Weighted,Micromass,0.1,0,0,1,0.8472222222222222,4.180582083994523,0.0,0.4250030839757528,4.605589832994156
2026-07-14T18:29:22,KNN-Direct-Manhattan,Micromass,0.1,0,0,3,0.9444444444444444,3.5947287080052774,0.0,0.37330420801299624,3.9680369999841787
2026-07-14T18:29:31,KNN-IC,Micromass,0.1,1,1,2,0.9166666666666666,8.366780082986224,0.3807929580216296,0.1353454580239486,8.882925375015475
2026-07-14T18:29:32,Mean-IC,Micromass,0.1,1,1,4,0.8472222222222222,0.9409137920010835,0.005699582980014384,0.09562400000868365,1.0422433750063647
2026-07-14T18:29:36,KNN-Direct,Micromass,0.1,1,1,6,0.8333333333333334,3.7188653750054073,0.0,0.3773268749937415,4.096195667021675
2026-07-14T18:29:41,KNN-Direct-Weighted,Micromass,0.1,1,1,5,0.7916666666666666,4.187800207990222,0.0,0.4244050830020569,4.612209207989508
2026-07-14T18:29:45,KNN-Direct-Manhattan,Micromass,0.1,1,1,3,0.875,3.6495996250014286,0.0,0.3740169579978101,4.0236208330024965
2026-07-14T18:29:53,KNN-IC,Micromass,0.1,2,2,2,0.8888888888888888,7.50166116701439,0.49109175000921823,0.1458104170160368,8.138569665985415
2026-07-14T18:29:54,Mean-IC,Micromass,0.1,2,2,1,0.8888888888888888,0.9659524589951616,0.005664541997248307,0.09648124998784624,1.0681038330076262
2026-07-14T18:29:58,KNN-Direct,Micromass,0.1,2,2,1,0.8472222222222222,3.6720530840102583,0.0,0.381773000000976,4.053829583979677
2026-07-14T18:30:03,KNN-Direct-Weighted,Micromass,0.1,2,2,1,0.8472222222222222,4.108447375008836,0.0,0.4267120419826824,4.53516299999319
2026-07-14T18:30:07,KNN-Direct-Manhattan,Micromass,0.1,2,2,1,0.8888888888888888,3.652580082998611,0.0,0.3733547500160057,4.025938457984012
2026-07-14T18:30:15,KNN-IC,Micromass,0.1,3,3,2,0.8472222222222222,7.499867374979658,0.3830834580003284,0.13510179100558162,8.018057957990095
2026-07-14T18:30:16,Mean-IC,Micromass,0.1,3,3,1,0.8611111111111112,0.9407359580218326,0.0057302079803776,0.09562445900519378,1.0420955419831444
2026-07-14T18:30:20,KNN-Direct,Micromass,0.1,3,3,14,0.7222222222222222,3.6629757919872645,0.0,0.37793837499339134,4.040917667007307
2026-07-14T18:30:25,KNN-Direct-Weighted,Micromass,0.1,3,3,1,0.875,4.641319707996445,0.0,0.4260745419887826,5.067398332990706
2026-07-14T18:30:29,KNN-Direct-Manhattan,Micromass,0.1,3,3,1,0.9027777777777778,3.601801374985371,0.0,0.37236633300199173,3.9741713750117924
2026-07-14T18:30:37,KNN-IC,Micromass,0.1,4,4,2,0.8194444444444444,7.381218999973498,0.38286849998985417,0.13439008299610578,7.898482499993406
2026-07-14T18:30:38,Mean-IC,Micromass,0.1,4,4,1,0.8194444444444444,0.9882890830049291,0.008660374995088205,0.12053641700185835,1.1174928330001421
2026-07-14T18:30:42,KNN-Direct,Micromass,0.1,4,4,3,0.8611111111111112,3.6752749999868684,0.0,0.3793266249995213,4.054605665995041
2026-07-14T18:30:47,KNN-Direct-Weighted,Micromass,0.1,4,4,3,0.8611111111111112,4.1101195420196746,0.0,0.42581087502185255,4.535933999984991
2026-07-14T18:30:51,KNN-Direct-Manhattan,Micromass,0.1,4,4,7,0.9027777777777778,3.609847083018394,0.0,0.3738296670198906,3.9836804590013344
2026-07-14T18:30:59,KNN-IC,Micromass,0.1,5,5,2,0.8194444444444444,7.728714124998078,0.3813187080086209,0.13456820900319144,8.244606666994514
2026-07-14T18:31:00,Mean-IC,Micromass,0.1,5,5,1,0.8194444444444444,0.9386917919910047,0.0056425840011797845,0.09525974999996834,1.0395993340061978
2026-07-14T18:31:04,KNN-Direct,Micromass,0.1,5,5,7,0.7916666666666666,3.6585532920144033,0.0,0.37616320900269784,4.0347196249931585
2026-07-14T18:31:09,KNN-Direct-Weighted,Micromass,0.1,5,5,4,0.8055555555555556,4.168973541993182,0.0,0.4303664159961045,4.59934366599191
2026-07-14T18:31:13,KNN-Direct-Manhattan,Micromass,0.1,5,5,1,0.9166666666666666,3.643986416020198,0.0,0.37208770800498314,4.016077834006865
2026-07-14T18:31:20,KNN-IC,Micromass,0.1,6,6,2,0.8055555555555556,7.100180500012357,0.38443387497682124,0.13531629199860618,7.619936332979705
2026-07-14T18:31:21,Mean-IC,Micromass,0.1,6,6,1,0.8333333333333334,0.938616750005167,0.005666250013746321,0.09654587501427159,1.0408330420032144
2026-07-14T18:31:25,KNN-Direct,Micromass,0.1,6,6,1,0.75,3.7307355829980224,0.0,0.38015504099894315,4.110893999983091
2026-07-14T18:31:30,KNN-Direct-Weighted,Micromass,0.1,6,6,1,0.75,4.098649416991975,0.0,0.42591004201676697,4.524562499980675
2026-07-14T18:31:34,KNN-Direct-Manhattan,Micromass,0.1,6,6,1,0.8888888888888888,3.5948284170008264,0.0,0.3735950830159709,3.968427249987144
2026-07-14T18:31:42,KNN-IC,Micromass,0.1,7,7,3,0.8055555555555556,7.6652707920002285,0.3941899169876706,0.13333420801791362,8.19279941698187
2026-07-14T18:31:43,Mean-IC,Micromass,0.1,7,7,1,0.7916666666666666,0.9392483750125393,0.005664124997565523,0.09587212497717701,1.0407904170278925
2026-07-14T18:31:47,KNN-Direct,Micromass,0.1,7,7,1,0.8055555555555556,3.663062792009441,0.0,0.3763973339810036,4.039463292021537
2026-07-14T18:31:52,KNN-Direct-Weighted,Micromass,0.1,7,7,1,0.7916666666666666,4.116624582995428,0.0,0.42403395799919963,4.540662000013981
2026-07-14T18:31:56,KNN-Direct-Manhattan,Micromass,0.1,7,7,1,0.9027777777777778,4.104750416998286,0.0,0.37210708399652503,4.476860958006
2026-07-14T18:32:04,KNN-IC,Micromass,0.1,8,8,5,0.8333333333333334,7.361526834021788,0.4889428750029765,0.13443133400869556,7.984906083001988
2026-07-14T18:32:05,Mean-IC,Micromass,0.1,8,8,3,0.7916666666666666,0.9394240829860792,0.005891417007660493,0.09620137498131953,1.0415215410175733
2026-07-14T18:32:09,KNN-Direct,Micromass,0.1,8,8,3,0.7916666666666666,3.7303499999979977,0.0,0.3804680000175722,4.110821500013117
2026-07-14T18:32:14,KNN-Direct-Weighted,Micromass,0.1,8,8,3,0.8055555555555556,4.173041291011032,0.0,0.42662625000230037,4.599671332980506
2026-07-14T18:32:18,KNN-Direct-Manhattan,Micromass,0.1,8,8,1,0.9166666666666666,3.6152258339861874,0.0,0.3750153750006575,3.9902448329958133
2026-07-14T18:32:26,KNN-IC,Micromass,0.1,9,9,2,0.8472222222222222,7.503069250000408,0.3833625410043169,0.13495866698212922,8.021395291987574
2026-07-14T18:32:27,Mean-IC,Micromass,0.1,9,9,1,0.8194444444444444,0.9402617089799605,0.0057406249979976565,0.09541870799148455,1.041426167008467
2026-07-14T18:32:31,KNN-Direct,Micromass,0.1,9,9,7,0.7916666666666666,3.6532107499951962,0.0,0.3775429169763811,4.030757166008698
2026-07-14T18:32:36,KNN-Direct-Weighted,Micromass,0.1,9,9,4,0.7777777777777778,4.096727374999318,0.0,0.42462220901506953,4.52135324999108
2026-07-14T18:32:40,KNN-Direct-Manhattan,Micromass,0.1,9,9,1,0.9166666666666666,3.851282582996646,0.0,0.3751144999987446,4.22640054099611
2026-07-14T18:32:47,KNN-IC,Micromass,0.1,10,10,1,0.8333333333333334,7.223402582982089,0.36689750000368804,0.13334075000602752,7.723645541991573
2026-07-14T18:32:49,Mean-IC,Micromass,0.1,10,10,1,0.9027777777777778,0.9393662080110516,0.005644999997457489,0.09715366698219441,1.0421702500025276
2026-07-14T18:32:53,KNN-Direct,Micromass,0.1,10,10,1,0.8333333333333334,3.661126915976638,0.0,0.38136366702383384,4.042493624991039
2026-07-14T18:32:58,KNN-Direct-Weighted,Micromass,0.1,10,10,4,0.8611111111111112,4.653002499981085,0.0,0.42844204101129435,5.0814477909880225
2026-07-14T18:33:02,KNN-Direct-Manhattan,Micromass,0.1,10,10,4,0.8888888888888888,3.6005877920251805,0.0,0.37455199999385513,3.9751432919874787
2026-07-14T18:33:10,KNN-IC,Micromass,0.1,11,11,2,0.8611111111111112,7.633674875018187,0.38292129200999625,0.134290374990087,8.15089208300924
2026-07-14T18:33:11,Mean-IC,Micromass,0.1,11,11,1,0.8888888888888888,0.9428457090107258,0.005951999977696687,0.09514387499075383,1.043946291989414
2026-07-14T18:33:15,KNN-Direct,Micromass,0.1,11,11,7,0.8611111111111112,3.7173729579953942,0.0,0.37628762499662116,4.093663458013907
2026-07-14T18:33:19,KNN-Direct-Weighted,Micromass,0.1,11,11,7,0.8611111111111112,4.121165749995271,0.0,0.4238361250027083,4.545005708001554
2026-07-14T18:33:24,KNN-Direct-Manhattan,Micromass,0.1,11,11,8,0.9305555555555556,3.653023624996422,0.0,0.4870979580155108,4.140125415986404
2026-07-14T18:33:32,KNN-IC,Micromass,0.1,12,12,2,0.875,7.691999834001763,0.3858187920122873,0.1352295409888029,8.213053416984621
2026-07-14T18:33:33,Mean-IC,Micromass,0.1,12,12,1,0.9027777777777778,0.9394101249927189,0.005780708015663549,0.09652662498410791,1.0417230829771142
2026-07-14T18:33:37,KNN-Direct,Micromass,0.1,12,12,1,0.8611111111111112,3.655469582998194,0.0,0.3805410830245819,4.036013917007949
2026-07-14T18:33:41,KNN-Direct-Weighted,Micromass,0.1,12,12,1,0.8611111111111112,4.174181541980943,0.0,0.42604566700174473,4.60023083302076
2026-07-14T18:33:45,KNN-Direct-Manhattan,Micromass,0.1,12,12,1,0.9166666666666666,3.601900999987265,0.0,0.3746525000024121,3.976556709007127
2026-07-14T18:33:53,KNN-IC,Micromass,0.1,13,13,2,0.9027777777777778,7.177379958011443,0.5312410409969743,0.2430844999908004,7.951715250004781
2026-07-14T18:33:55,Mean-IC,Micromass,0.1,13,13,1,0.875,1.350463792012306,0.005684833013219759,0.09550887497607619,1.4516639170178678
2026-07-14T18:33:59,KNN-Direct,Micromass,0.1,13,13,6,0.8194444444444444,3.6538149580010213,0.0,0.37635804200544953,4.0301762919989415
2026-07-14T18:34:03,KNN-Direct-Weighted,Micromass,0.1,13,13,6,0.8194444444444444,4.104950084001757,0.0,0.4236242910264991,4.528577749995748
2026-07-14T18:34:07,KNN-Direct-Manhattan,Micromass,0.1,13,13,7,0.8888888888888888,3.634638958988944,0.0,0.3700322920049075,4.004675540985772
2026-07-14T18:34:15,KNN-IC,Micromass,0.1,14,14,14,0.6666666666666666,7.3884145409974735,0.47153504099696875,0.13515041599748656,7.995105083013186
2026-07-14T18:34:16,Mean-IC,Micromass,0.1,14,14,1,0.875,0.9393795839860104,0.0059198329981882125,0.09651458301232196,1.0418195000092965
2026-07-14T18:34:21,KNN-Direct,Micromass,0.1,14,14,13,0.8333333333333334,3.653988833015319,0.0,0.3797738749999553,4.0337662500096485
2026-07-14T18:34:26,KNN-Direct-Weighted,Micromass,0.1,14,14,14,0.8055555555555556,4.660032500018133,0.0,0.4259708340105135,5.086007250007242
2026-07-14T18:34:30,KNN-Direct-Manhattan,Micromass,0.1,14,14,9,0.9583333333333334,3.5956628750136588,0.0,0.3741127499961294,3.96977929098648
2026-07-14T18:34:37,KNN-IC,Micromass,0.1,15,15,1,0.8472222222222222,7.197400040982757,0.36581595899770036,0.13493541700881906,7.698156583996024
2026-07-14T18:34:38,Mean-IC,Micromass,0.1,15,15,8,0.8472222222222222,1.0262099579849746,0.0057779590133577585,0.09658004101947881,1.1285744170018006
2026-07-14T18:34:42,KNN-Direct,Micromass,0.1,15,15,7,0.8194444444444444,3.660788749984931,0.0,0.37706920798518695,4.037861374992644
2026-07-14T18:34:47,KNN-Direct-Weighted,Micromass,0.1,15,15,7,0.8333333333333334,4.113075333996676,0.0,0.4240198750048876,4.537098792003235
2026-07-14T18:34:51,KNN-Direct-Manhattan,Micromass,0.1,15,15,8,0.9305555555555556,3.6012439579935744,0.0,0.37214529199991375,3.973392749991035
2026-07-14T18:35:00,KNN-IC,Micromass,0.1,16,16,2,0.9305555555555556,8.067148915986763,0.383052958000917,0.1351960829924792,8.58540691700182
2026-07-14T18:35:01,Mean-IC,Micromass,0.1,16,16,3,0.9166666666666666,0.9391124170215335,0.005746209004428238,0.09670541700324975,1.0415694580005948
2026-07-14T18:35:05,KNN-Direct,Micromass,0.1,16,16,1,0.8333333333333334,3.6650937079975847,0.0,0.3798222080222331,4.044918958999915
2026-07-14T18:35:09,KNN-Direct-Weighted,Micromass,0.1,16,16,1,0.8472222222222222,4.188370375020895,0.0,0.42730050001409836,4.615674208995188
2026-07-14T18:35:13,KNN-Direct-Manhattan,Micromass,0.1,16,16,1,0.9166666666666666,3.647707291995175,0.0,0.3741322089917958,4.021843208000064
2026-07-14T18:35:21,KNN-IC,Micromass,0.1,17,17,2,0.8333333333333334,7.158719957980793,0.38335300001199357,0.13427870799205266,7.676356541982386
2026-07-14T18:35:22,Mean-IC,Micromass,0.1,17,17,1,0.8333333333333334,0.9385467910033185,0.00564275000942871,0.09520445798989385,1.0393990420270711
2026-07-14T18:35:27,KNN-Direct,Micromass,0.1,17,17,3,0.8611111111111112,4.264138208003715,0.0,0.3762052080128342,4.640346957981819
2026-07-14T18:35:31,KNN-Direct-Weighted,Micromass,0.1,17,17,3,0.875,4.113396208995255,0.0,0.42473020797478966,4.538129666005261
2026-07-14T18:35:35,KNN-Direct-Manhattan,Micromass,0.1,17,17,12,0.8472222222222222,3.609937291999813,0.0,0.3727454580075573,3.982686499977717
2026-07-14T18:35:43,KNN-IC,Micromass,0.1,18,18,5,0.7777777777777778,7.4185083330085035,0.441559541010065,0.13437458299449645,7.994448417011881
2026-07-14T18:35:44,Mean-IC,Micromass,0.1,18,18,6,0.8333333333333334,0.9378270410234109,0.005697416985640302,0.09634854199248366,1.039877749979496
2026-07-14T18:35:48,KNN-Direct,Micromass,0.1,18,18,3,0.7916666666666666,3.6620866669982206,0.0,0.3787472909898497,4.040837084001396
2026-07-14T18:35:53,KNN-Direct-Weighted,Micromass,0.1,18,18,4,0.7777777777777778,4.106903457985027,0.0,0.42680283400113694,4.533710166986566
2026-07-14T18:35:57,KNN-Direct-Manhattan,Micromass,0.1,18,18,3,0.8333333333333334,4.07682608399773,0.0,0.37484112501260825,4.451670540991472
2026-07-14T18:36:05,KNN-IC,Micromass,0.1,19,19,1,0.8194444444444444,7.2354137919901405,0.36731370800407603,0.134749249991728,7.7374814999930095
2026-07-14T18:36:06,Mean-IC,Micromass,0.1,19,19,3,0.8194444444444444,0.9421488329826389,0.005990500008920208,0.09613925000303425,1.0442843330092728
2026-07-14T18:36:10,KNN-Direct,Micromass,0.1,19,19,3,0.75,3.7084237080125604,0.0,0.37701070902403444,4.085437625006307
2026-07-14T18:36:15,KNN-Direct-Weighted,Micromass,0.1,19,19,3,0.75,4.14897775001009,0.0,0.4246661669749301,4.57364766599494
2026-07-14T18:36:19,KNN-Direct-Manhattan,Micromass,0.1,19,19,5,0.875,3.6010727920220234,0.0,0.37228679200052284,3.97336291699321
2026-07-14T18:36:27,KNN-IC,Micromass,0.1,20,20,6,0.8611111111111112,7.405297666991828,0.4375275420024991,0.134111750026932,7.976942250010325
2026-07-14T18:36:28,Mean-IC,Micromass,0.1,20,20,3,0.9166666666666666,0.9446663340204395,0.005707167001673952,0.0967972920043394,1.047175874991808
2026-07-14T18:36:32,KNN-Direct,Micromass,0.1,20,20,8,0.8194444444444444,3.6601575419772416,0.0,0.37942966699483804,4.039590583997779
2026-07-14T18:36:36,KNN-Direct-Weighted,Micromass,0.1,20,20,8,0.8194444444444444,4.106924833991798,0.0,0.42690824999590404,4.533836875023553
2026-07-14T18:36:41,KNN-Direct-Manhattan,Micromass,0.1,20,20,3,0.9305555555555556,3.8746229159878567,0.0,0.37478625000221655,4.249412917008158
2026-07-14T18:36:48,KNN-IC,Micromass,0.1,21,21,2,0.9305555555555556,7.358184250013437,0.3841609170194715,0.13550962498993613,7.87786008301191
2026-07-14T18:36:49,Mean-IC,Micromass,0.1,21,21,1,0.9444444444444444,0.9416683749877848,0.005837375007104129,0.09518533397931606,1.0426957909949124
2026-07-14T18:36:54,KNN-Direct,Micromass,0.1,21,21,3,0.8194444444444444,3.7552121250191703,0.0,0.5542942910105921,4.309511040977668
2026-07-14T18:36:59,KNN-Direct-Weighted,Micromass,0.1,21,21,3,0.8333333333333334,4.414307500002906,0.0,0.4235484589880798,4.837860833999002
2026-07-14T18:37:03,KNN-Direct-Manhattan,Micromass,0.1,21,21,3,0.875,3.6014146670058835,0.0,0.37187833298230544,3.9732967500167433
2026-07-14T18:37:11,KNN-IC,Micromass,0.1,22,22,2,0.9166666666666666,7.753919375012629,0.38278987500234507,0.1347553749801591,8.271469625004102
2026-07-14T18:37:12,Mean-IC,Micromass,0.1,22,22,4,0.9166666666666666,0.9391210830071941,0.005702875001588836,0.09629666700493544,1.0411260420223698
2026-07-14T18:37:16,KNN-Direct,Micromass,0.1,22,22,12,0.8194444444444444,3.6682182920048945,0.0,0.38803408297826536,4.056255959003465
2026-07-14T18:37:20,KNN-Direct-Weighted,Micromass,0.1,22,22,6,0.8055555555555556,4.1121472909871954,0.0,0.42774520901730284,4.539896333008073
2026-07-14T18:37:25,KNN-Direct-Manhattan,Micromass,0.1,22,22,1,0.9166666666666666,3.9106368749926332,0.0,0.4659887919842731,4.376629208010854
2026-07-14T18:37:33,KNN-IC,Micromass,0.1,23,23,3,0.8055555555555556,7.151994249987183,0.3971357499831356,0.1347815420012921,7.683916874986608
2026-07-14T18:37:34,Mean-IC,Micromass,0.1,23,23,1,0.8055555555555556,0.9366988750116434,0.005963749979855493,0.09510495801805519,1.037772333016619
2026-07-14T18:37:38,KNN-Direct,Micromass,0.1,23,23,1,0.7083333333333334,3.671059208980296,0.0,0.3769354579853825,4.047997916990425
2026-07-14T18:37:42,KNN-Direct-Weighted,Micromass,0.1,23,23,1,0.7083333333333334,4.180046208988642,0.0,0.4256455409922637,4.605695625010412
2026-07-14T18:37:46,KNN-Direct-Manhattan,Micromass,0.1,23,23,4,0.8611111111111112,3.6146002919995226,0.0,0.37188729099580087,3.9864907080191188
2026-07-14T18:37:55,KNN-IC,Micromass,0.1,24,24,1,0.8611111111111112,7.550389499985613,0.5783923330018297,0.1989578749926295,8.3277509160107
2026-07-14T18:37:56,Mean-IC,Micromass,0.1,24,24,1,0.9027777777777778,1.0135723330022302,0.00573491700924933,0.09667391699622385,1.1159868329996243
2026-07-14T18:38:00,KNN-Direct,Micromass,0.1,24,24,1,0.8472222222222222,3.6585408749815542,0.0,0.3794691670045722,4.038013292010874
2026-07-14T18:38:04,KNN-Direct-Weighted,Micromass,0.1,24,24,1,0.8472222222222222,4.102155292028328,0.0,0.42445208301069215,4.526610958011588
2026-07-14T18:38:08,KNN-Direct-Manhattan,Micromass,0.1,24,24,1,0.9166666666666666,3.607033832988236,0.0,0.4563994170166552,4.063437208009418
2026-07-14T18:38:16,KNN-IC,Micromass,0.1,25,25,3,0.75,7.30273875000421,0.39526141597889364,0.13457995900535025,7.832584749994567
2026-07-14T18:38:17,Mean-IC,Micromass,0.1,25,25,1,0.8055555555555556,0.9375218329951167,0.005647874990245327,0.09557758300798014,1.038752791006118
2026-07-14T18:38:21,KNN-Direct,Micromass,0.1,25,25,4,0.7222222222222222,3.6746573749987874,0.0,0.3765933329996187,4.05125370901078
2026-07-14T18:38:26,KNN-Direct-Weighted,Micromass,0.1,25,25,4,0.7222222222222222,4.809422833001008,0.0,0.42392791601014324,5.233354249998229
2026-07-14T18:38:30,KNN-Direct-Manhattan,Micromass,0.1,25,25,1,0.875,3.6183026669896208,0.0,0.37114574998850003,3.9894514580082614
2026-07-14T18:38:38,KNN-IC,Micromass,0.1,26,26,4,0.8055555555555556,7.167745000013383,0.5269566669885535,0.17053450000821613,7.865243209002074
2026-07-14T18:38:39,Mean-IC,Micromass,0.1,26,26,4,0.7777777777777778,0.9485335419885814,0.005796709010610357,0.09654770800261758,1.0508832090126816
2026-07-14T18:38:43,KNN-Direct,Micromass,0.1,26,26,3,0.8194444444444444,3.6915978329780046,0.0,0.379476958012674,4.071078082983149
2026-07-14T18:38:48,KNN-Direct-Weighted,Micromass,0.1,26,26,9,0.7638888888888888,4.099538667011075,0.0,0.4263072920148261,4.525849582976662
2026-07-14T18:38:52,KNN-Direct-Manhattan,Micromass,0.1,26,26,4,0.9027777777777778,3.6020612500142306,0.0,0.37382149999029934,3.975886083993828
2026-07-14T18:39:00,KNN-IC,Micromass,0.1,27,27,3,0.8472222222222222,7.884635750000598,0.3967961659946013,0.13509008300025016,8.416527207999025
2026-07-14T18:39:01,Mean-IC,Micromass,0.1,27,27,1,0.8611111111111112,0.9393072910024785,0.0057351669820491225,0.0951919170038309,1.0402388749935199
2026-07-14T18:39:05,KNN-Direct,Micromass,0.1,27,27,1,0.75,3.6619464159884956,0.0,0.3775039580068551,4.0394537080137525
2026-07-14T18:39:10,KNN-Direct-Weighted,Micromass,0.1,27,27,7,0.7638888888888888,4.168936542002484,0.0,0.4254588329931721,4.594399500027066
2026-07-14T18:39:14,KNN-Direct-Manhattan,Micromass,0.1,27,27,4,0.8611111111111112,3.6076752500084694,0.0,0.37317612499464303,3.9808549159788527
2026-07-14T18:39:22,KNN-IC,Micromass,0.1,28,28,2,0.8333333333333334,7.173442624974996,0.38134170800913125,0.1351208330015652,7.689910916989902
2026-07-14T18:39:23,Mean-IC,Micromass,0.1,28,28,1,0.8333333333333334,0.9388111669977661,0.005959041998721659,0.09621020799386315,1.0409850830037612
2026-07-14T18:39:27,KNN-Direct,Micromass,0.1,28,28,3,0.7638888888888888,3.756097665987909,0.0,0.3808734999911394,4.136974249995546
2026-07-14T18:39:31,KNN-Direct-Weighted,Micromass,0.1,28,28,3,0.7638888888888888,4.1114846669952385,0.0,0.4266956250066869,4.538183917000424
2026-07-14T18:39:35,KNN-Direct-Manhattan,Micromass,0.1,28,28,1,0.9027777777777778,3.612023749999935,0.0,0.3744287909939885,3.986455667007249
2026-07-14T18:39:44,KNN-IC,Micromass,0.1,29,29,2,0.8194444444444444,7.667931708012475,0.38213379197986796,0.13553312499425374,8.18560399999842
2026-07-14T18:39:45,Mean-IC,Micromass,0.1,29,29,4,0.8611111111111112,0.9416937080095522,0.00602741600596346,0.09609970799647272,1.0438264170079492
2026-07-14T18:39:49,KNN-Direct,Micromass,0.1,29,29,12,0.7638888888888888,3.6589366249972954,0.0,0.37648208302562125,4.035422249988187
2026-07-14T18:39:53,KNN-Direct-Weighted,Micromass,0.1,29,29,8,0.8472222222222222,4.1144152090128046,0.0,0.5714107909880113,4.685830624977825
2026-07-14T18:39:58,KNN-Direct-Manhattan,Micromass,0.1,29,29,4,0.9027777777777778,4.053581625019433,0.0,0.3714458340255078,4.4250316669931635
2026-07-14T18:40:06,KNN-IC,Micromass,0.1,30,30,1,0.8472222222222222,7.228996124991681,0.36815908399876207,0.13544233300490305,7.732602792006219
2026-07-14T18:40:07,Mean-IC,Micromass,0.1,30,30,1,0.8472222222222222,0.9437198750092648,0.005751041986513883,0.09659970898064785,1.0460786250187084
2026-07-14T18:40:11,KNN-Direct,Micromass,0.1,30,30,1,0.8055555555555556,3.716754374996526,0.0,0.38185179099673405,4.098609458014835
2026-07-14T18:40:15,KNN-Direct-Weighted,Micromass,0.1,30,30,1,0.8055555555555556,4.10916504097986,0.0,0.4269444170058705,4.536112957983278
2026-07-14T18:40:19,KNN-Direct-Manhattan,Micromass,0.1,30,30,4,0.8888888888888888,3.607714791985927,0.0,0.37409574998309836,3.9818140839925036
2026-07-14T18:40:28,KNN-IC,Micromass,0.1,31,31,1,0.8333333333333334,8.007530207978562,0.371111334010493,0.13585587497800589,8.514502665988402
2026-07-14T18:40:29,Mean-IC,Micromass,0.1,31,31,1,0.8333333333333334,0.9375599999912083,0.005913500004680827,0.09513812500517815,1.038616917008767
2026-07-14T18:40:33,KNN-Direct,Micromass,0.1,31,31,3,0.8611111111111112,3.6670855839911383,0.0,0.3780283749802038,4.045117583009414
2026-07-14T18:40:37,KNN-Direct-Weighted,Micromass,0.1,31,31,3,0.8611111111111112,4.113583541999105,0.0,0.42479441699106246,4.53838208297384
2026-07-14T18:40:41,KNN-Direct-Manhattan,Micromass,0.1,31,31,1,0.9166666666666666,3.666914832982002,0.0,0.3715027080033906,4.038421042001573
2026-07-14T18:40:49,KNN-IC,Micromass,0.1,32,32,10,0.7083333333333334,7.379663083993364,0.48885958301252685,0.13474291702732444,8.00327058302355
2026-07-14T18:40:50,Mean-IC,Micromass,0.1,32,32,11,0.7361111111111112,0.9385587500000838,0.00574458300252445,0.09638562498730607,1.0406942090194207
2026-07-14T18:40:55,KNN-Direct,Micromass,0.1,32,32,4,0.7777777777777778,4.1290675420023035,0.0,0.45775587498792447,4.586827082996024
2026-07-14T18:41:00,KNN-Direct-Weighted,Micromass,0.1,32,32,4,0.7777777777777778,4.110352791991318,0.0,0.4283831249922514,4.5387395409925375
2026-07-14T18:41:04,KNN-Direct-Manhattan,Micromass,0.1,32,32,3,0.875,3.609105500014266,0.0,0.37285508299828507,3.9819642920047045
2026-07-14T18:41:12,KNN-IC,Micromass,0.1,33,33,1,0.8611111111111112,7.702369665988954,0.36888754201936536,0.1345444999751635,8.20580704099848
2026-07-14T18:41:13,Mean-IC,Micromass,0.1,33,33,1,0.8333333333333334,0.9406872919935267,0.005693790997611359,0.0955421669932548,1.0419291250000242
2026-07-14T18:41:17,KNN-Direct,Micromass,0.1,33,33,7,0.7361111111111112,3.663190332998056,0.0,0.3788603749999311,4.042053874989506
2026-07-14T18:41:21,KNN-Direct-Weighted,Micromass,0.1,33,33,7,0.7361111111111112,4.116721208003582,0.0,0.4263776670268271,4.543102166993776
2026-07-14T18:41:26,KNN-Direct-Manhattan,Micromass,0.1,33,33,1,0.9027777777777778,4.072505666001234,0.0,0.37328795800567605,4.445797499996843
2026-07-14T18:41:34,KNN-IC,Micromass,0.1,34,34,2,0.8055555555555556,7.387287250021473,0.37972354199155234,0.13509724999312311,7.902182332996745
2026-07-14T18:41:35,Mean-IC,Micromass,0.1,34,34,1,0.7777777777777778,0.9384266669803765,0.005735708022257313,0.09605591697618365,1.0402232090127654
2026-07-14T18:41:39,KNN-Direct,Micromass,0.1,34,34,8,0.7083333333333334,3.7257158329884987,0.0,0.38326254099956714,4.108982000005199
2026-07-14T18:41:44,KNN-Direct-Weighted,Micromass,0.1,34,34,9,0.6666666666666666,4.1539432919817045,0.0,0.4266852499858942,4.580632291996153
2026-07-14T18:41:48,KNN-Direct-Manhattan,Micromass,0.1,34,34,14,0.7777777777777778,3.611685125011718,0.0,0.3754826670046896,3.987171041982947
2026-07-14T18:41:56,KNN-IC,Micromass,0.1,35,35,1,0.8194444444444444,7.946960500004934,0.36806454200996086,0.13543595897499472,8.450466499984032
2026-07-14T18:41:57,Mean-IC,Micromass,0.1,35,35,1,0.8333333333333334,0.9395968340104446,0.005658750014845282,0.09548079199157655,1.0407415829831734
2026-07-14T18:42:01,KNN-Direct,Micromass,0.1,35,35,3,0.7638888888888888,3.669220417010365,0.0,0.3764354160230141,4.045658707997063
2026-07-14T18:42:06,KNN-Direct-Weighted,Micromass,0.1,35,35,3,0.7638888888888888,4.1133845830045175,0.0,0.42367241700412706,4.537060709000798
2026-07-14T18:42:10,KNN-Direct-Manhattan,Micromass,0.1,35,35,1,0.875,3.8422423749871086,0.0,0.37145316699752584,4.21369874998345
2026-07-14T18:42:18,KNN-IC,Micromass,0.1,36,36,1,0.8333333333333334,7.3093566249881405,0.3693306249915622,0.13448208299814723,7.813174249982694
2026-07-14T18:42:19,Mean-IC,Micromass,0.1,36,36,1,0.8333333333333334,0.9407323330233339,0.005978250002954155,0.09621266700560227,1.0429278749797959
2026-07-14T18:42:23,KNN-Direct,Micromass,0.1,36,36,6,0.7916666666666666,3.6663079589779954,0.0,0.3789686670061201,4.045280124992132
2026-07-14T18:42:28,KNN-Direct-Weighted,Micromass,0.1,36,36,6,0.7777777777777778,4.690639874985209,0.0,0.4256744169979356,5.1163175420078915
2026-07-14T18:42:32,KNN-Direct-Manhattan,Micromass,0.1,36,36,1,0.9305555555555556,3.6078014170052484,0.0,0.37333008300629444,3.9811352500109933
2026-07-14T18:42:40,KNN-IC,Micromass,0.1,37,37,1,0.8194444444444444,7.573641708004288,0.3684927910217084,0.13396537498920225,8.076104874984594
2026-07-14T18:42:41,Mean-IC,Micromass,0.1,37,37,1,0.8333333333333334,0.9398763329954818,0.005689708021236584,0.09520658297697082,1.0407773749902844
2026-07-14T18:42:45,KNN-Direct,Micromass,0.1,37,37,3,0.7777777777777778,3.648420707992045,0.0,0.3752526669995859,4.023676375014475
2026-07-14T18:42:50,KNN-Direct-Weighted,Micromass,0.1,37,37,3,0.7777777777777778,4.096667665988207,0.0,0.42248824998387136,4.519159416988259
2026-07-14T18:42:54,KNN-Direct-Manhattan,Micromass,0.1,37,37,1,0.8055555555555556,3.5939302500046324,0.0,0.45782350000808947,4.051758957997663
2026-07-14T18:43:02,KNN-IC,Micromass,0.1,38,38,3,0.8611111111111112,7.9556747500027996,0.3922138340130914,0.13489362501422875,8.482788249995792
2026-07-14T18:43:03,Mean-IC,Micromass,0.1,38,38,7,0.8194444444444444,0.9381605419912376,0.005658083013258874,0.09679708399926312,1.0406209590146318
2026-07-14T18:43:07,KNN-Direct,Micromass,0.1,38,38,12,0.7083333333333334,3.671548582991818,0.0,0.3805180419876706,4.052070167002967
2026-07-14T18:43:12,KNN-Direct-Weighted,Micromass,0.1,38,38,12,0.6944444444444444,4.1671587919991,0.0,0.42691287500201724,4.594075291999616
2026-07-14T18:43:16,KNN-Direct-Manhattan,Micromass,0.1,38,38,5,0.9027777777777778,3.617380999989109,0.0,0.3747496670112014,3.9921343330061063
2026-07-14T18:43:24,KNN-IC,Micromass,0.1,39,39,3,0.8472222222222222,7.2949239169829525,0.6401649170147721,0.2611153750040103,8.196214666997548
2026-07-14T18:43:26,Mean-IC,Micromass,0.1,39,39,4,0.8333333333333334,1.4703715830110013,0.00594533298863098,0.09562070801621303,1.571943499991903
2026-07-14T18:43:30,KNN-Direct,Micromass,0.1,39,39,4,0.8055555555555556,3.6990337079914752,0.0,0.37726108299102634,4.076298125000903
2026-07-14T18:43:34,KNN-Direct-Weighted,Micromass,0.1,39,39,3,0.7916666666666666,4.105214542010799,0.0,0.4251656249980442,4.530383750010515
2026-07-14T18:43:38,KNN-Direct-Manhattan,Micromass,0.1,39,39,4,0.875,3.601042999973288,0.0,0.37186612500227056,3.972912791010458
2026-07-14T18:43:47,KNN-IC,Micromass,0.2,0,0,3,0.8194444444444444,8.525770499982173,0.45335770898964256,0.13535566598875448,9.11448829199071
2026-07-14T18:43:48,Mean-IC,Micromass,0.2,0,0,1,0.8333333333333334,0.9418757079984061,0.006992207985604182,0.09652037499472499,1.0453939169819932
2026-07-14T18:43:53,KNN-Direct,Micromass,0.2,0,0,4,0.8194444444444444,4.538661875005346,0.0,0.476082499983022,5.0147487909998745
2026-07-14T18:43:59,KNN-Direct-Weighted,Micromass,0.2,0,0,4,0.8194444444444444,5.409746249992168,0.0,0.515612583985785,5.92536354198819
2026-07-14T18:44:04,KNN-Direct-Manhattan,Micromass,0.2,0,0,3,0.9583333333333334,4.474833208019845,0.0,0.4670707499899436,4.941908709006384
2026-07-14T18:44:13,KNN-IC,Micromass,0.2,1,1,1,0.8611111111111112,8.266322332987329,0.39630475000012666,0.1346379999886267,8.797270375012886
2026-07-14T18:44:14,Mean-IC,Micromass,0.2,1,1,1,0.8888888888888888,0.9415553750004619,0.007015916984528303,0.09553608400165103,1.0441125410143286
2026-07-14T18:44:19,KNN-Direct,Micromass,0.2,1,1,4,0.8055555555555556,4.5267208340228535,0.0,0.4718145830265712,4.998539916006848
2026-07-14T18:44:25,KNN-Direct-Weighted,Micromass,0.2,1,1,4,0.8055555555555556,5.227384666999569,0.0,0.7310836669930723,5.958473833015887
2026-07-14T18:44:30,KNN-Direct-Manhattan,Micromass,0.2,1,1,3,0.875,4.481845250003971,0.0,0.4638234580052085,4.945674165996024
2026-07-14T18:44:39,KNN-IC,Micromass,0.2,2,2,2,0.8888888888888888,8.461316625005566,0.7820762089977507,0.23249195798416622,9.475892749993363
2026-07-14T18:44:41,Mean-IC,Micromass,0.2,2,2,1,0.8611111111111112,1.2438702090003062,0.007325834012590349,0.09649024999816902,1.3476924159913324
2026-07-14T18:44:46,KNN-Direct,Micromass,0.2,2,2,11,0.8194444444444444,4.527681457984727,0.0,0.4742435410153121,5.001929541991558
2026-07-14T18:44:51,KNN-Direct-Weighted,Micromass,0.2,2,2,8,0.7777777777777778,4.966467499994906,0.0,0.5142644580046181,5.48073608300183
2026-07-14T18:44:57,KNN-Direct-Manhattan,Micromass,0.2,2,2,1,0.8194444444444444,4.8421064160065725,0.0,0.46947283297777176,5.311584375012899
2026-07-14T18:45:06,KNN-IC,Micromass,0.2,3,3,6,0.75,8.451775624998845,0.6067299999995157,0.13417616600054316,9.192687458009459
2026-07-14T18:45:07,Mean-IC,Micromass,0.2,3,3,5,0.75,0.9400291669880971,0.007080375013174489,0.09561362498789094,1.0427279580035247
2026-07-14T18:45:12,KNN-Direct,Micromass,0.2,3,3,1,0.8333333333333334,4.730436291982187,0.0,0.47095099999569356,5.201391082984628
2026-07-14T18:45:18,KNN-Direct-Weighted,Micromass,0.2,3,3,1,0.8472222222222222,4.978571582993027,0.0,0.5466437499853782,5.52521937500569
2026-07-14T18:45:22,KNN-Direct-Manhattan,Micromass,0.2,3,3,1,0.8888888888888888,4.487919459003024,0.0,0.46307608400820754,4.951000375003787
2026-07-14T18:45:32,KNN-IC,Micromass,0.2,4,4,2,0.8055555555555556,9.12242120798328,0.4264035829983186,0.13562374998582527,9.684453833993757
2026-07-14T18:45:33,Mean-IC,Micromass,0.2,4,4,8,0.7916666666666666,0.9408423749846406,0.007047541002975777,0.09644233400467783,1.044337875006022
2026-07-14T18:45:38,KNN-Direct,Micromass,0.2,4,4,4,0.8194444444444444,4.5249324580072425,0.0,0.47296237500268035,4.997898457979318
2026-07-14T18:45:44,KNN-Direct-Weighted,Micromass,0.2,4,4,4,0.7777777777777778,5.139105125010246,0.0,0.5152235419955105,5.654332709003938
2026-07-14T18:45:49,KNN-Direct-Manhattan,Micromass,0.2,4,4,1,0.8611111111111112,4.506801124982303,0.0,0.46612466700025834,4.972931208991213
2026-07-14T18:45:58,KNN-IC,Micromass,0.2,5,5,2,0.8333333333333334,8.58401083300123,0.42173879098845646,0.13515295801335014,9.140909624984488
2026-07-14T18:45:59,Mean-IC,Micromass,0.2,5,5,1,0.8611111111111112,0.9417742500081658,0.007256290991790593,0.0957468330161646,1.0447823330177926
2026-07-14T18:46:04,KNN-Direct,Micromass,0.2,5,5,7,0.75,4.510138708021259,0.0,0.46834929200122133,4.978491791000124
2026-07-14T18:46:10,KNN-Direct-Weighted,Micromass,0.2,5,5,5,0.7916666666666666,5.1674281250161584,0.0,0.5160044590011239,5.683437041996513
2026-07-14T18:46:15,KNN-Direct-Manhattan,Micromass,0.2,5,5,6,0.9305555555555556,4.474153290997492,0.0,0.4631650829978753,4.937323416001163
2026-07-14T18:46:23,KNN-IC,Micromass,0.2,6,6,2,0.8333333333333334,7.9554046659905,0.42439358300180174,0.13425054200342856,8.51405391699518
2026-07-14T18:46:25,Mean-IC,Micromass,0.2,6,6,3,0.8055555555555556,1.506924874993274,0.012140249978983775,0.17255366602330469,1.69162649998907
2026-07-14T18:46:30,KNN-Direct,Micromass,0.2,6,6,7,0.7222222222222222,4.613087250007084,0.0,0.4739434999937657,5.087035290984204
2026-07-14T18:46:35,KNN-Direct-Weighted,Micromass,0.2,6,6,7,0.7361111111111112,4.957315124978777,0.0,0.5172534589946736,5.474572083010571
2026-07-14T18:46:41,KNN-Direct-Manhattan,Micromass,0.2,6,6,1,0.8888888888888888,4.641528582986211,0.0,0.4663009580108337,5.107833999994909
2026-07-14T18:46:50,KNN-IC,Micromass,0.2,7,7,2,0.7916666666666666,8.42349016701337,0.42532491698511876,0.1342324579891283,8.983052333001979
2026-07-14T18:46:51,Mean-IC,Micromass,0.2,7,7,3,0.7638888888888888,0.9401448330027051,0.007034082984318957,0.09533058301894926,1.042514958011452
2026-07-14T18:46:56,KNN-Direct,Micromass,0.2,7,7,1,0.7083333333333334,4.9349211669759825,0.0,0.47207258301205,5.40699799999129
2026-07-14T18:47:01,KNN-Direct-Weighted,Micromass,0.2,7,7,1,0.7222222222222222,4.979959666990908,0.0,0.5143490420014132,5.494312208000338
2026-07-14T18:47:06,KNN-Direct-Manhattan,Micromass,0.2,7,7,1,0.875,4.48758945899317,0.0,0.46598679199814796,4.953580291010439
2026-07-14T18:47:16,KNN-IC,Micromass,0.2,8,8,5,0.7777777777777778,8.686338541010628,0.6080016249907203,0.13557899999432266,9.429924875003053
2026-07-14T18:47:17,Mean-IC,Micromass,0.2,8,8,3,0.8611111111111112,0.9420981669973116,0.0072985409933608025,0.09657666701241396,1.0459782500111032
2026-07-14T18:47:22,KNN-Direct,Micromass,0.2,8,8,3,0.7777777777777778,4.573828124994179,0.0,0.4721058750001248,5.045938499999465
2026-07-14T18:47:28,KNN-Direct-Weighted,Micromass,0.2,8,8,3,0.7638888888888888,5.452734165999573,0.0,0.5159164170036092,5.968655166972894
2026-07-14T18:47:33,KNN-Direct-Manhattan,Micromass,0.2,8,8,1,0.9027777777777778,4.479653291986324,0.0,0.46682308401796035,4.946481083024992
2026-07-14T18:47:42,KNN-IC,Micromass,0.2,9,9,4,0.8194444444444444,8.836805124999955,0.6047569999936968,0.13486262498190627,9.576434333983343
2026-07-14T18:47:43,Mean-IC,Micromass,0.2,9,9,3,0.8055555555555556,0.9412759170227218,0.007320875010918826,0.09523495900793932,1.0438367080059834
2026-07-14T18:47:48,KNN-Direct,Micromass,0.2,9,9,3,0.7777777777777778,4.527600541012362,0.0,0.470152333000442,4.997756208002102
2026-07-14T18:47:54,KNN-Direct-Weighted,Micromass,0.2,9,9,8,0.75,5.011820583982626,0.0,0.691566208988661,5.703392457973678
2026-07-14T18:47:59,KNN-Direct-Manhattan,Micromass,0.2,9,9,3,0.9166666666666666,4.728277332993457,0.0,0.464170708990423,5.1924533330020495
2026-07-14T18:48:08,KNN-IC,Micromass,0.2,10,10,2,0.8194444444444444,8.194427332986379,0.42646379201323725,0.13500300000305288,8.75589908400434
2026-07-14T18:48:10,Mean-IC,Micromass,0.2,10,10,1,0.8611111111111112,1.2781870420149062,0.008106958994176239,0.11037475001649,1.3966744579956867
2026-07-14T18:48:15,KNN-Direct,Micromass,0.2,10,10,5,0.8333333333333334,4.524123209004756,0.0,0.4736631250125356,4.997790499997791
2026-07-14T18:48:20,KNN-Direct-Weighted,Micromass,0.2,10,10,5,0.8194444444444444,5.011943999998039,0.0,0.5146793750172947,5.526627249986632
2026-07-14T18:48:25,KNN-Direct-Manhattan,Micromass,0.2,10,10,4,0.9305555555555556,4.883666999987327,0.0,0.48259345898986794,5.36626358301146
2026-07-14T18:48:34,KNN-IC,Micromass,0.2,11,11,2,0.8888888888888888,8.401624208985595,0.4305346669862047,0.1352872080169618,8.967451333999634
2026-07-14T18:48:35,Mean-IC,Micromass,0.2,11,11,1,0.8888888888888888,0.9409314580261707,0.007053292007185519,0.09537500000442378,1.0433653329964727
2026-07-14T18:48:41,KNN-Direct,Micromass,0.2,11,11,13,0.75,4.956897083000513,0.0,0.46999554202193394,5.426896458986448
2026-07-14T18:48:46,KNN-Direct-Weighted,Micromass,0.2,11,11,13,0.7777777777777778,4.963903208990814,0.0,0.51349504198879,5.477402082993649
2026-07-14T18:48:51,KNN-Direct-Manhattan,Micromass,0.2,11,11,3,0.9305555555555556,4.511030208988814,0.0,0.4623345000145491,4.973368915991159
2026-07-14T18:49:01,KNN-IC,Micromass,0.2,12,12,2,0.875,8.796049208001932,0.4232050410064403,0.13470091699855402,9.353960000007646
2026-07-14T18:49:02,Mean-IC,Micromass,0.2,12,12,1,0.8611111111111112,0.942550209001638,0.007050583983073011,0.09633195900823921,1.0459375000209548
2026-07-14T18:49:07,KNN-Direct,Micromass,0.2,12,12,1,0.8472222222222222,4.527629749994958,0.0,0.47119279199978337,4.998826249997364
2026-07-14T18:49:13,KNN-Direct-Weighted,Micromass,0.2,12,12,1,0.8611111111111112,5.477360457996838,0.0,0.5153955839923583,5.992759917018702
2026-07-14T18:49:18,KNN-Direct-Manhattan,Micromass,0.2,12,12,1,0.9166666666666666,4.476799541997025,0.0,0.4729747499804944,4.949778666021302
2026-07-14T18:49:27,KNN-IC,Micromass,0.2,13,13,6,0.7638888888888888,8.22924245899776,0.6095860830100719,0.13454995799111202,8.973384290991817
2026-07-14T18:49:28,Mean-IC,Micromass,0.2,13,13,1,0.8194444444444444,0.9406270000035875,0.007043125020572916,0.09564558300189674,1.0433200419938657
2026-07-14T18:49:33,KNN-Direct,Micromass,0.2,13,13,10,0.7222222222222222,4.522754915989935,0.0,0.4703622499946505,4.993122040992603
2026-07-14T18:49:38,KNN-Direct-Weighted,Micromass,0.2,13,13,10,0.7361111111111112,4.967024416982895,0.0,0.5136487080017105,5.480677083018236
2026-07-14T18:49:44,KNN-Direct-Manhattan,Micromass,0.2,13,13,6,0.8472222222222222,4.877129792002961,0.0,0.46440520900068805,5.341538833017694
2026-07-14T18:49:52,KNN-IC,Micromass,0.2,14,14,2,0.8888888888888888,8.288437625014922,0.42367883399128914,0.13566549998358823,8.847787500009872
2026-07-14T18:49:53,Mean-IC,Micromass,0.2,14,14,1,0.8472222222222222,0.9432720000040717,0.00730462500359863,0.09656537498813123,1.0471470000047702
2026-07-14T18:49:59,KNN-Direct,Micromass,0.2,14,14,4,0.7777777777777778,4.735985875013284,0.0,0.4685750829812605,5.204564624989871
2026-07-14T18:50:04,KNN-Direct-Weighted,Micromass,0.2,14,14,6,0.7638888888888888,4.991318667016458,0.0,0.5147172500146553,5.50603974997648
2026-07-14T18:50:09,KNN-Direct-Manhattan,Micromass,0.2,14,14,14,0.9166666666666666,4.5256040829990525,0.0,0.6295279169862624,5.15513629099587
2026-07-14T18:50:18,KNN-IC,Micromass,0.2,15,15,2,0.8472222222222222,8.509878292010399,0.42467833298724145,0.13465983301284723,9.069222499994794
2026-07-14T18:50:19,Mean-IC,Micromass,0.2,15,15,1,0.8333333333333334,0.9428471669962164,0.007096457993611693,0.09568454101099633,1.0456342920078896
2026-07-14T18:50:25,KNN-Direct,Micromass,0.2,15,15,8,0.8055555555555556,4.62194849998923,0.0,0.5160159170045517,5.137968124996405
2026-07-14T18:50:30,KNN-Direct-Weighted,Micromass,0.2,15,15,15,0.7777777777777778,4.961718165985076,0.0,0.5131279170163907,5.474850041005993
2026-07-14T18:50:35,KNN-Direct-Manhattan,Micromass,0.2,15,15,11,0.8333333333333334,4.469363000011072,0.0,0.49549362499965355,4.964860250009224
2026-07-14T18:50:45,KNN-IC,Micromass,0.2,16,16,1,0.8611111111111112,9.113982207985828,0.398702417005552,0.13474104198394343,9.647430916986195
2026-07-14T18:50:46,Mean-IC,Micromass,0.2,16,16,1,0.875,0.9383254589920398,0.006988666980760172,0.09618566601420753,1.0415045839908998
2026-07-14T18:50:51,KNN-Direct,Micromass,0.2,16,16,1,0.8611111111111112,4.53708829099196,0.0,0.4714963329897728,5.008588041993789
2026-07-14T18:50:56,KNN-Direct-Weighted,Micromass,0.2,16,16,1,0.8611111111111112,5.20016812501126,0.0,0.5159712499880698,5.716143666999415
2026-07-14T18:51:01,KNN-Direct-Manhattan,Micromass,0.2,16,16,1,0.8888888888888888,4.485468084021704,0.0,0.4715068330115173,4.956979082984617
2026-07-14T18:51:11,KNN-IC,Micromass,0.2,17,17,1,0.8055555555555556,8.761984584009042,0.48268720900523476,0.1352465419913642,9.379924540990032
2026-07-14T18:51:12,Mean-IC,Micromass,0.2,17,17,1,0.7777777777777778,0.9405897920078132,0.0071757499827072024,0.09560429200064391,1.0433746250055265
2026-07-14T18:51:17,KNN-Direct,Micromass,0.2,17,17,8,0.8055555555555556,4.55467308301013,0.0,0.4682299999985844,5.022906250000233
2026-07-14T18:51:22,KNN-Direct-Weighted,Micromass,0.2,17,17,1,0.8194444444444444,4.961990707990481,0.0,0.5123421659809537,5.474336499988567
2026-07-14T18:51:27,KNN-Direct-Manhattan,Micromass,0.2,17,17,8,0.8611111111111112,4.640105416998267,0.0,0.46655558299971744,5.106665667000925
2026-07-14T18:51:36,KNN-IC,Micromass,0.2,18,18,4,0.8333333333333334,8.281501040997682,0.5270710829936434,0.1349910419958178,8.943568708986277
2026-07-14T18:51:37,Mean-IC,Micromass,0.2,18,18,3,0.8333333333333334,0.942917916981969,0.0070998330193106085,0.0962277090002317,1.0462502500158735
2026-07-14T18:51:43,KNN-Direct,Micromass,0.2,18,18,3,0.8055555555555556,4.98904337498243,0.0,0.4701644160086289,5.459211999987019
2026-07-14T18:51:48,KNN-Direct-Weighted,Micromass,0.2,18,18,3,0.7916666666666666,4.996909499983303,0.0,0.5099789170199074,5.506892749981489
2026-07-14T18:51:53,KNN-Direct-Manhattan,Micromass,0.2,18,18,3,0.8472222222222222,4.47024691599654,0.0,0.46398091700393707,4.934232915984467
2026-07-14T18:52:02,KNN-IC,Micromass,0.2,19,19,3,0.7361111111111112,8.463932374987053,0.4469244579959195,0.13393962499685585,9.044802040996728
2026-07-14T18:52:03,Mean-IC,Micromass,0.2,19,19,1,0.8194444444444444,0.9395027499995194,0.007133915991289541,0.09440520801581442,1.0410468749760184
2026-07-14T18:52:08,KNN-Direct,Micromass,0.2,19,19,14,0.8055555555555556,4.527977874997305,0.0,0.4720367499976419,5.000017999991542
2026-07-14T18:52:14,KNN-Direct-Weighted,Micromass,0.2,19,19,14,0.8472222222222222,5.4545090419996995,0.0,0.5124143330031075,5.966927208006382
2026-07-14T18:52:19,KNN-Direct-Manhattan,Micromass,0.2,19,19,1,0.9583333333333334,4.4753511670278385,0.0,0.469293000001926,4.944648583012167
2026-07-14T18:52:28,KNN-IC,Micromass,0.2,20,20,1,0.8333333333333334,8.561887584015494,0.3970537919958588,0.13490162501693703,9.093848207994597
2026-07-14T18:52:29,Mean-IC,Micromass,0.2,20,20,4,0.8333333333333334,0.9399702920054551,0.006987875007325783,0.09633070899872109,1.0432939589954913
2026-07-14T18:52:34,KNN-Direct,Micromass,0.2,20,20,12,0.8055555555555556,4.5197748329956084,0.0,0.4716110830195248,4.991389041999355
2026-07-14T18:52:40,KNN-Direct-Weighted,Micromass,0.2,20,20,1,0.8333333333333334,5.284550707991002,0.0,0.6621750420017634,5.946730042021954
2026-07-14T18:52:45,KNN-Direct-Manhattan,Micromass,0.2,20,20,3,0.9027777777777778,4.470388791000005,0.0,0.46556662500370294,4.935960541013628
2026-07-14T18:52:55,KNN-IC,Micromass,0.2,21,21,2,0.875,8.406660709006246,0.7242892080103047,0.13575245899846777,9.266708499984816
2026-07-14T18:52:56,Mean-IC,Micromass,0.2,21,21,1,0.9027777777777778,0.9426164160249755,0.007019499986199662,0.09559958399040624,1.0452407089760527
2026-07-14T18:53:01,KNN-Direct,Micromass,0.2,21,21,4,0.8333333333333334,4.530206792027457,0.0,0.49947320800856687,5.029683458007639
2026-07-14T18:53:06,KNN-Direct-Weighted,Micromass,0.2,21,21,7,0.7777777777777778,4.966347500012489,0.0,0.5130178339895792,5.479369291977491
2026-07-14T18:53:12,KNN-Direct-Manhattan,Micromass,0.2,21,21,1,0.8888888888888888,4.9284308750065975,0.0,0.4664685419993475,5.3949043749889825
2026-07-14T18:53:21,KNN-IC,Micromass,0.2,22,22,2,0.9027777777777778,8.435136791988043,0.42585283299558796,0.13472804200137034,8.99572358300793
2026-07-14T18:53:22,Mean-IC,Micromass,0.2,22,22,3,0.8888888888888888,0.9392865410191007,0.007083874981617555,0.09617870801594108,1.042554542014841
2026-07-14T18:53:27,KNN-Direct,Micromass,0.2,22,22,10,0.7916666666666666,4.694081624998944,0.0,0.4742774580081459,5.1683632920030504
2026-07-14T18:53:32,KNN-Direct-Weighted,Micromass,0.2,22,22,10,0.8194444444444444,4.967086707998533,0.0,0.5157786670024507,5.482869125000434
2026-07-14T18:53:37,KNN-Direct-Manhattan,Micromass,0.2,22,22,5,0.8194444444444444,4.515822624991415,0.0,0.46909837500425056,4.984925083001144
2026-07-14T18:53:47,KNN-IC,Micromass,0.2,23,23,8,0.7222222222222222,8.801482124981703,0.6040214590029791,0.13543404199299403,9.540943583007902
2026-07-14T18:53:48,Mean-IC,Micromass,0.2,23,23,1,0.7916666666666666,0.9494872920040507,0.007233457989059389,0.09537049999926239,1.0520961669972166
2026-07-14T18:53:53,KNN-Direct,Micromass,0.2,23,23,4,0.6944444444444444,4.518432999990182,0.0,0.4695458750065882,4.987983500002883
2026-07-14T18:53:59,KNN-Direct-Weighted,Micromass,0.2,23,23,4,0.6805555555555556,5.158050917001674,0.0,0.5126027909864206,5.670657333015697
2026-07-14T18:54:03,KNN-Direct-Manhattan,Micromass,0.2,23,23,1,0.8194444444444444,4.471671041974332,0.0,0.4638163330091629,4.935492624994367
2026-07-14T18:54:13,KNN-IC,Micromass,0.2,24,24,1,0.8472222222222222,9.039442750014132,0.3993660409760196,0.1350201670138631,9.573838582989993
2026-07-14T18:54:14,Mean-IC,Micromass,0.2,24,24,1,0.8888888888888888,0.9430251669837162,0.007121542003005743,0.0965550419932697,1.0467065830016509
2026-07-14T18:54:19,KNN-Direct,Micromass,0.2,24,24,1,0.75,4.5194583339907695,0.0,0.46976349997567013,4.9892260000051465
2026-07-14T18:54:25,KNN-Direct-Weighted,Micromass,0.2,24,24,1,0.75,5.09980683401227,0.0,0.623475000000326,5.723286708991509
2026-07-14T18:54:30,KNN-Direct-Manhattan,Micromass,0.2,24,24,1,0.9166666666666666,4.47334620798938,0.0,0.4665872910118196,4.93993791702087
2026-07-14T18:54:39,KNN-IC,Micromass,0.2,25,25,1,0.7361111111111112,8.320659624994732,0.39904258301248774,0.13564145797863603,8.855348375014728
2026-07-14T18:54:40,Mean-IC,Micromass,0.2,25,25,1,0.8333333333333334,1.6293655000044964,0.011401833995478228,0.14202137498068623,1.7827952089719474
2026-07-14T18:54:45,KNN-Direct,Micromass,0.2,25,25,1,0.7222222222222222,4.584334084007423,0.0,0.4682809580117464,5.052620375005063
2026-07-14T18:54:51,KNN-Direct-Weighted,Micromass,0.2,25,25,4,0.7361111111111112,4.9629717499774415,0.0,0.5120460000180174,5.475022208003793
2026-07-14T18:54:56,KNN-Direct-Manhattan,Micromass,0.2,25,25,3,0.8888888888888888,4.6369322079990525,0.0,0.4637837500195019,5.10071987498668
2026-07-14T18:55:05,KNN-IC,Micromass,0.2,26,26,4,0.7083333333333334,8.016051375016104,0.5867041670135222,0.13496850000228733,8.737729542015586
2026-07-14T18:55:06,Mean-IC,Micromass,0.2,26,26,4,0.7361111111111112,0.9468028749979567,0.007140832982258871,0.09841183299431577,1.0523610420059413
2026-07-14T18:55:12,KNN-Direct,Micromass,0.2,26,26,5,0.7222222222222222,5.243025458010379,0.0,0.469713166996371,5.712742584000807
2026-07-14T18:55:17,KNN-Direct-Weighted,Micromass,0.2,26,26,9,0.7638888888888888,5.086424916982651,0.0,0.515330249996623,5.601758708013222
2026-07-14T18:55:22,KNN-Direct-Manhattan,Micromass,0.2,26,26,10,0.8611111111111112,4.4310870000044815,0.0,0.46482854199712165,4.895920584007399
2026-07-14T18:55:31,KNN-IC,Micromass,0.2,27,27,1,0.8194444444444444,8.265281208994566,0.40609737500199117,0.13459158298792318,8.805975583003601
2026-07-14T18:55:32,Mean-IC,Micromass,0.2,27,27,1,0.7777777777777778,0.9408674580045044,0.007228333008242771,0.09504312500939704,1.0431434170168359
2026-07-14T18:55:37,KNN-Direct,Micromass,0.2,27,27,1,0.7638888888888888,4.513076832983643,0.0,0.4712942499900237,4.98437454100349
2026-07-14T18:55:42,KNN-Direct-Weighted,Micromass,0.2,27,27,1,0.75,4.951919291983359,0.0,0.5139798330201302,5.465902791998815
2026-07-14T18:55:47,KNN-Direct-Manhattan,Micromass,0.2,27,27,1,0.8472222222222222,4.462809250020655,0.0,0.4678720000083558,4.930685833998723
2026-07-14T18:55:56,KNN-IC,Micromass,0.2,28,28,1,0.8888888888888888,8.03589612498763,0.4027914580074139,0.13392479199683294,8.572617833997356
2026-07-14T18:55:57,Mean-IC,Micromass,0.2,28,28,1,0.8611111111111112,0.9740464170172345,0.006963625026401132,0.09605179200298153,1.077067000005627
2026-07-14T18:56:02,KNN-Direct,Micromass,0.2,28,28,6,0.7638888888888888,4.518294125009561,0.0,0.47506216701003723,4.993360958003905
2026-07-14T18:56:07,KNN-Direct-Weighted,Micromass,0.2,28,28,5,0.75,4.952675125008682,0.0,0.5183869579923339,5.47106608300237
2026-07-14T18:56:12,KNN-Direct-Manhattan,Micromass,0.2,28,28,3,0.8472222222222222,4.461810416978551,0.0,0.4666677910136059,4.928482499992242
2026-07-14T18:56:21,KNN-IC,Micromass,0.2,29,29,2,0.8194444444444444,8.454049624997424,0.43089175000204705,0.13444970798445866,9.019395917013753
2026-07-14T18:56:22,Mean-IC,Micromass,0.2,29,29,3,0.8055555555555556,0.9380362500087358,0.006999667006311938,0.09523870798875578,1.040279416978592
2026-07-14T18:56:27,KNN-Direct,Micromass,0.2,29,29,8,0.7638888888888888,4.5109002079989295,0.0,0.46787283298908733,4.978777500014985
2026-07-14T18:56:33,KNN-Direct-Weighted,Micromass,0.2,29,29,10,0.7222222222222222,4.949413374997675,0.0,0.5147981249901932,5.464215791987954
2026-07-14T18:56:38,KNN-Direct-Manhattan,Micromass,0.2,29,29,5,0.9166666666666666,4.4564287919783965,0.0,0.4630400419991929,4.919472915993538
2026-07-14T18:56:47,KNN-IC,Micromass,0.2,30,30,4,0.7916666666666666,8.34435545798624,0.5809749590116553,0.13449366702116095,9.059829500009073
2026-07-14T18:56:48,Mean-IC,Micromass,0.2,30,30,1,0.7777777777777778,0.9385047090181615,0.0072589999763295054,0.09585275000426918,1.0416209999821149
2026-07-14T18:56:53,KNN-Direct,Micromass,0.2,30,30,8,0.8194444444444444,4.515261708002072,0.0,0.46934383298503235,4.984609417006141
2026-07-14T18:56:58,KNN-Direct-Weighted,Micromass,0.2,30,30,8,0.7916666666666666,4.956891458015889,0.0,0.5179810420086142,5.474875625019195
2026-07-14T18:57:03,KNN-Direct-Manhattan,Micromass,0.2,30,30,4,0.9027777777777778,4.462911584007088,0.0,0.4660515830037184,4.92896733302041
2026-07-14T18:57:12,KNN-IC,Micromass,0.2,31,31,2,0.875,8.383251249993918,0.43298608300392516,0.1347831659950316,8.951025667018257
2026-07-14T18:57:13,Mean-IC,Micromass,0.2,31,31,1,0.8472222222222222,0.9391144999826793,0.006975500000407919,0.09517037501791492,1.0412656660191715
2026-07-14T18:57:18,KNN-Direct,Micromass,0.2,31,31,3,0.75,4.54173616701155,0.0,0.4690222919743974,5.0107629589911085
2026-07-14T18:57:24,KNN-Direct-Weighted,Micromass,0.2,31,31,3,0.7361111111111112,4.960032833012519,0.0,0.5134162080066744,5.47345341698383
2026-07-14T18:57:29,KNN-Direct-Manhattan,Micromass,0.2,31,31,7,0.9027777777777778,4.501811290974729,0.0,0.46605441701831296,4.96786995898583
2026-07-14T18:57:38,KNN-IC,Micromass,0.2,32,32,3,0.7222222222222222,8.550131625001086,0.4539676250133198,0.1352413330168929,9.139345666015288
2026-07-14T18:57:39,Mean-IC,Micromass,0.2,32,32,1,0.7222222222222222,0.9389328749966808,0.006978707999223843,0.09631466699647717,1.0422309589921497
2026-07-14T18:57:44,KNN-Direct,Micromass,0.2,32,32,4,0.75,4.499929374986095,0.0,0.47090999997453764,4.970843458984746
2026-07-14T18:57:49,KNN-Direct-Weighted,Micromass,0.2,32,32,5,0.7777777777777778,4.941281833016546,0.0,0.5141062089824118,5.455391208000947
2026-07-14T18:57:54,KNN-Direct-Manhattan,Micromass,0.2,32,32,3,0.8472222222222222,4.45450858399272,0.0,0.4626751249888912,4.917188249994069
2026-07-14T18:58:03,KNN-IC,Micromass,0.2,33,33,4,0.8333333333333334,8.440399040991906,0.578336540987948,0.13344020798103884,9.152181166980881
2026-07-14T18:58:04,Mean-IC,Micromass,0.2,33,33,1,0.8055555555555556,0.9382635829970241,0.0069785829982720315,0.09470645801047795,1.0399534169991966
2026-07-14T18:58:10,KNN-Direct,Micromass,0.2,33,33,7,0.6944444444444444,4.555223459028639,0.0,0.46961450000526384,5.0248415829846635
2026-07-14T18:58:15,KNN-Direct-Weighted,Micromass,0.2,33,33,7,0.7083333333333334,4.96173350000754,0.0,0.5140934159862809,5.475830665993271
2026-07-14T18:58:20,KNN-Direct-Manhattan,Micromass,0.2,33,33,7,0.7916666666666666,4.472423624974908,0.0,0.4696536250121426,4.942080792010529
2026-07-14T18:58:29,KNN-IC,Micromass,0.2,34,34,1,0.75,8.480561457981821,0.40618908300530165,0.1356032920011785,9.022358916990925
2026-07-14T18:58:30,Mean-IC,Micromass,0.2,34,34,1,0.6666666666666666,0.9389408339920919,0.006979625002713874,0.09640120799303986,1.042326624999987
2026-07-14T18:58:35,KNN-Direct,Micromass,0.2,34,34,10,0.6944444444444444,4.513882041006582,0.0,0.4722740840225015,4.986160083004506
2026-07-14T18:58:40,KNN-Direct-Weighted,Micromass,0.2,34,34,10,0.6944444444444444,4.95727449998958,0.0,0.5156409580085892,5.472919792024186
2026-07-14T18:58:45,KNN-Direct-Manhattan,Micromass,0.2,34,34,11,0.8194444444444444,4.463528749998659,0.0,0.4651968339749146,4.928730833024019
2026-07-14T18:58:54,KNN-IC,Micromass,0.2,35,35,1,0.7361111111111112,8.33947887501563,0.4026798340200912,0.13539229199523106,8.877559667016612
2026-07-14T18:58:55,Mean-IC,Micromass,0.2,35,35,1,0.7777777777777778,0.9410657500266097,0.006965500011574477,0.09514708298956975,1.0431830000015907
2026-07-14T18:59:00,KNN-Direct,Micromass,0.2,35,35,5,0.6666666666666666,4.514433415984968,0.0,0.46912862500175834,4.983567040995695
2026-07-14T18:59:06,KNN-Direct-Weighted,Micromass,0.2,35,35,3,0.7777777777777778,4.951260625006398,0.0,0.514394458004972,5.465659333014628
2026-07-14T18:59:11,KNN-Direct-Manhattan,Micromass,0.2,35,35,4,0.875,4.461677707993658,0.0,0.46769683400634676,4.929378709028242
2026-07-14T18:59:20,KNN-IC,Micromass,0.2,36,36,1,0.8194444444444444,8.302120583015494,0.39130566600942984,0.13292887498391792,8.82635991598363
2026-07-14T18:59:21,Mean-IC,Micromass,0.2,36,36,1,0.8472222222222222,0.9390953750116751,0.007203207991551608,0.09634679200826213,1.0426504589850083
2026-07-14T18:59:26,KNN-Direct,Micromass,0.2,36,36,8,0.6944444444444444,4.517297542013694,0.0,0.4700138329935726,4.987314416997833
2026-07-14T18:59:31,KNN-Direct-Weighted,Micromass,0.2,36,36,8,0.7083333333333334,4.959023790986976,0.0,0.5169219590025023,5.475949791987659
2026-07-14T18:59:36,KNN-Direct-Manhattan,Micromass,0.2,36,36,1,0.9166666666666666,4.468325583002297,0.0,0.5001478749909438,4.968477458023699
2026-07-14T18:59:45,KNN-IC,Micromass,0.2,37,37,2,0.8194444444444444,8.38181274998351,0.42977841701940633,0.1351357909734361,8.946732208016329
2026-07-14T18:59:46,Mean-IC,Micromass,0.2,37,37,1,0.8194444444444444,0.9385465829982422,0.007106042001396418,0.09545554101350717,1.0411136250186246
2026-07-14T18:59:51,KNN-Direct,Micromass,0.2,37,37,3,0.6666666666666666,4.503660290996777,0.0,0.47026604201528244,4.973929333005799
2026-07-14T18:59:56,KNN-Direct-Weighted,Micromass,0.2,37,37,9,0.7222222222222222,4.9475466669828165,0.0,0.5123139169882052,5.459863916999893
2026-07-14T19:00:01,KNN-Direct-Manhattan,Micromass,0.2,37,37,4,0.8333333333333334,4.485572791018058,0.0,0.4608864589827135,4.946463667001808
2026-07-14T19:00:10,KNN-IC,Micromass,0.2,38,38,1,0.8472222222222222,8.317719082988333,0.40700983299757354,0.1352369170053862,8.85997070799931
2026-07-14T19:00:11,Mean-IC,Micromass,0.2,38,38,4,0.8333333333333334,0.9389270410174504,0.00700724998023361,0.0966033750155475,1.0425428330199793
2026-07-14T19:00:16,KNN-Direct,Micromass,0.2,38,38,4,0.75,4.52140937501099,0.0,0.4709542079945095,4.992367750004632
2026-07-14T19:00:22,KNN-Direct-Weighted,Micromass,0.2,38,38,6,0.7222222222222222,4.999378458014689,0.0,0.5135225419944618,5.512904959003208
2026-07-14T19:00:27,KNN-Direct-Manhattan,Micromass,0.2,38,38,4,0.9027777777777778,4.465307500009658,0.0,0.4677726670051925,4.93308524999884
2026-07-14T19:00:36,KNN-IC,Micromass,0.2,39,39,2,0.875,8.392903833999299,0.43193016698933206,0.13413474999833852,8.958976041001733
2026-07-14T19:00:37,Mean-IC,Micromass,0.2,39,39,1,0.8472222222222222,0.9386287919769529,0.007170208002207801,0.09506862499983981,1.0408723329892382
2026-07-14T19:00:42,KNN-Direct,Micromass,0.2,39,39,6,0.7777777777777778,4.51129154197406,0.0,0.47341979198972695,4.984715124999639
2026-07-14T19:00:47,KNN-Direct-Weighted,Micromass,0.2,39,39,3,0.8194444444444444,4.954075082991039,0.0,0.5147507499787025,5.46883029199671
2026-07-14T19:00:52,KNN-Direct-Manhattan,Micromass,0.2,39,39,3,0.8611111111111112,4.46152183401864,0.0,0.4670516250189394,4.928577416983899
2026-07-14T19:01:02,KNN-IC,Micromass,0.3,0,0,2,0.8611111111111112,8.923442417028127,0.4636404999764636,0.13468520899186842,9.521773207990918
2026-07-14T19:01:03,Mean-IC,Micromass,0.3,0,0,1,0.8472222222222222,0.9400365420151502,0.008156291005434468,0.09616333298617974,1.0443607500055805
2026-07-14T19:01:08,KNN-Direct,Micromass,0.3,0,0,3,0.8333333333333334,4.821358082990628,0.0,0.5030369159940165,5.324399000004632
2026-07-14T19:01:14,KNN-Direct-Weighted,Micromass,0.3,0,0,3,0.8194444444444444,5.225235624995548,0.0,0.5443561660067644,5.769595999998273
2026-07-14T19:01:19,KNN-Direct-Manhattan,Micromass,0.3,0,0,3,0.9027777777777778,4.728370500000892,0.0,0.4956713749852497,5.224046208022628
2026-07-14T19:01:29,KNN-IC,Micromass,0.3,1,1,2,0.8333333333333334,8.955992874980439,0.4568401249998715,0.13502754201181233,9.547865833010292
2026-07-14T19:01:30,Mean-IC,Micromass,0.3,1,1,1,0.8333333333333334,0.942389333009487,0.008226416015531868,0.09566454202285968,1.0462851249903906
2026-07-14T19:01:35,KNN-Direct,Micromass,0.3,1,1,3,0.7222222222222222,4.774712459009606,0.0,0.5034019169979729,5.278120000002673
2026-07-14T19:01:41,KNN-Direct-Weighted,Micromass,0.3,1,1,3,0.7222222222222222,5.2212287499860395,0.0,0.5417981669888832,5.763030708010774
2026-07-14T19:01:46,KNN-Direct-Manhattan,Micromass,0.3,1,1,1,0.875,4.717668958008289,0.0,0.4946941660018638,5.212367999978596
2026-07-14T19:01:56,KNN-IC,Micromass,0.3,2,2,2,0.8472222222222222,9.261874834017362,0.4613763750239741,0.13443804200505838,9.857694207981694
2026-07-14T19:01:57,Mean-IC,Micromass,0.3,2,2,1,0.8611111111111112,0.9416819999751169,0.00815808298648335,0.09607154200784862,1.0459162920014933
2026-07-14T19:02:02,KNN-Direct,Micromass,0.3,2,2,10,0.7361111111111112,4.780497958010528,0.0,0.49884633399778977,5.2793477500090376
2026-07-14T19:02:08,KNN-Direct-Weighted,Micromass,0.3,2,2,12,0.7361111111111112,5.233165374986129,0.0,0.5440632080135401,5.777232207998168
2026-07-14T19:02:13,KNN-Direct-Manhattan,Micromass,0.3,2,2,1,0.875,4.723752624995541,0.0,0.4969957080029417,5.220753125002375
2026-07-14T19:02:23,KNN-IC,Micromass,0.3,3,3,2,0.8055555555555556,9.258105708984658,0.4577927080099471,0.13516808400163427,9.851071833021706
2026-07-14T19:02:24,Mean-IC,Micromass,0.3,3,3,4,0.8194444444444444,0.9383054170175456,0.008318417007103562,0.09496200000285171,1.0415910829906352
2026-07-14T19:02:29,KNN-Direct,Micromass,0.3,3,3,4,0.7361111111111112,4.7810490840056445,0.0,0.4957462919992395,5.276798666978721
2026-07-14T19:02:35,KNN-Direct-Weighted,Micromass,0.3,3,3,1,0.7638888888888888,5.253398542001378,0.0,0.5384244169981685,5.791826625005342
2026-07-14T19:02:40,KNN-Direct-Manhattan,Micromass,0.3,3,3,1,0.8472222222222222,4.71995420800522,0.0,0.49268100000335835,5.212640166981146
2026-07-14T19:02:50,KNN-IC,Micromass,0.3,4,4,1,0.7777777777777778,9.207936249993509,0.42354025001986884,0.13483854199876077,9.766320624999935
2026-07-14T19:02:51,Mean-IC,Micromass,0.3,4,4,4,0.8055555555555556,0.9391133340250235,0.007935250003356487,0.09592849999899045,1.042984041996533
2026-07-14T19:02:56,KNN-Direct,Micromass,0.3,4,4,4,0.8333333333333334,4.772467249975307,0.0,0.49671725000371225,5.269188832986401
2026-07-14T19:03:02,KNN-Direct-Weighted,Micromass,0.3,4,4,4,0.8611111111111112,5.227148791978834,0.0,0.5441236670012586,5.771276584011503
2026-07-14T19:03:07,KNN-Direct-Manhattan,Micromass,0.3,4,4,3,0.9305555555555556,4.71753137500491,0.0,0.49751179199665785,5.215047917008633
2026-07-14T19:03:17,KNN-IC,Micromass,0.3,5,5,5,0.8055555555555556,8.733424042002298,0.6276485419948585,0.1339975000009872,9.49507583299419
2026-07-14T19:03:18,Mean-IC,Micromass,0.3,5,5,9,0.7777777777777778,0.9383214589906856,0.008092459000181407,0.09489595799823292,1.0413147500075866
2026-07-14T19:03:23,KNN-Direct,Micromass,0.3,5,5,1,0.8194444444444444,4.778622332989471,0.0,0.4984076250111684,5.2770341669966
2026-07-14T19:03:29,KNN-Direct-Weighted,Micromass,0.3,5,5,1,0.8194444444444444,5.221514540986391,0.0,0.5398069160000887,5.761325166997267
2026-07-14T19:03:34,KNN-Direct-Manhattan,Micromass,0.3,5,5,1,0.8888888888888888,4.7156734589952976,0.0,0.49141220800811425,5.207090458017774
2026-07-14T19:03:43,KNN-IC,Micromass,0.3,6,6,2,0.8055555555555556,8.720048374991165,0.45760912500554696,0.1348850000067614,9.312547582987463
2026-07-14T19:03:45,Mean-IC,Micromass,0.3,6,6,1,0.8333333333333334,0.9391447500092909,0.008037457999307662,0.09622174999094568,1.0434177909919526
2026-07-14T19:03:50,KNN-Direct,Micromass,0.3,6,6,12,0.7777777777777778,4.768500208010664,0.0,0.501453875011066,5.269958041986683
2026-07-14T19:03:56,KNN-Direct-Weighted,Micromass,0.3,6,6,7,0.75,5.217445707996376,0.0,0.5443867919966578,5.76183708399185
2026-07-14T19:04:01,KNN-Direct-Manhattan,Micromass,0.3,6,6,1,0.9027777777777778,4.762252417014679,0.0,0.4967850829998497,5.259042416990269
2026-07-14T19:04:11,KNN-IC,Micromass,0.3,7,7,2,0.6944444444444444,9.22186975000659,0.4593221669783816,0.13316816600854509,9.814365666999947
2026-07-14T19:04:12,Mean-IC,Micromass,0.3,7,7,1,0.7916666666666666,0.9405117919959594,0.008118041994748637,0.09497079197899438,1.0436060829961207
2026-07-14T19:04:17,KNN-Direct,Micromass,0.3,7,7,5,0.6944444444444444,4.787528167013079,0.0,0.5011828749848064,5.288716207985999
2026-07-14T19:04:23,KNN-Direct-Weighted,Micromass,0.3,7,7,5,0.6805555555555556,5.223478792002425,0.0,0.5412249169894494,5.764708125003381
2026-07-14T19:04:28,KNN-Direct-Manhattan,Micromass,0.3,7,7,1,0.8333333333333334,4.72647224998218,0.0,0.4976469579851255,5.22412387499935
2026-07-14T19:04:38,KNN-IC,Micromass,0.3,8,8,2,0.75,9.236362958006794,0.45985754099092446,0.1341817499778699,9.830407208006363
2026-07-14T19:04:39,Mean-IC,Micromass,0.3,8,8,1,0.7916666666666666,0.9413177499955054,0.008033416990656406,0.0961447499867063,1.0455004590039607
2026-07-14T19:04:44,KNN-Direct,Micromass,0.3,8,8,4,0.7777777777777778,4.817074999999022,0.0,0.5040033340046648,5.32108250001329
2026-07-14T19:04:50,KNN-Direct-Weighted,Micromass,0.3,8,8,4,0.7916666666666666,5.220396042015636,0.0,0.5437333330046386,5.764133207994746
2026-07-14T19:04:55,KNN-Direct-Manhattan,Micromass,0.3,8,8,1,0.8611111111111112,4.731684792001033,0.0,0.49689025001134723,5.228580291004619
2026-07-14T19:05:05,KNN-IC,Micromass,0.3,9,9,6,0.8333333333333334,9.339592332980828,0.7022757080267183,0.13600345799932256,10.177888583013555
2026-07-14T19:05:06,Mean-IC,Micromass,0.3,9,9,7,0.7638888888888888,0.9397392499959096,0.008109833986964077,0.09542237501591444,1.0432762920099776
2026-07-14T19:05:12,KNN-Direct,Micromass,0.3,9,9,5,0.8194444444444444,4.787915749999229,0.0,0.4981541669985745,5.2860748340026475
2026-07-14T19:05:17,KNN-Direct-Weighted,Micromass,0.3,9,9,4,0.8611111111111112,5.228863958007423,0.0,0.5418703329924028,5.770738833001815
2026-07-14T19:05:23,KNN-Direct-Manhattan,Micromass,0.3,9,9,4,0.9027777777777778,4.726311042002635,0.0,0.49271374999079853,5.2190292089944705
2026-07-14T19:05:32,KNN-IC,Micromass,0.3,10,10,2,0.8333333333333334,9.086563332995865,0.4600708750076592,0.13514149998081848,9.681781166989822
2026-07-14T19:05:33,Mean-IC,Micromass,0.3,10,10,1,0.8611111111111112,0.9419649589981418,0.008013166981982067,0.09587833299883641,1.045861499995226
2026-07-14T19:05:39,KNN-Direct,Micromass,0.3,10,10,5,0.8194444444444444,4.778423834010027,0.0,0.5002669160021469,5.278695082990453
2026-07-14T19:05:44,KNN-Direct-Weighted,Micromass,0.3,10,10,6,0.8055555555555556,5.221981000009691,0.0,0.5459289999853354,5.767913916002726
2026-07-14T19:05:50,KNN-Direct-Manhattan,Micromass,0.3,10,10,3,0.9027777777777778,4.726924499991583,0.0,0.49667849999968894,5.223608207976213
2026-07-14T19:06:00,KNN-IC,Micromass,0.3,11,11,4,0.8194444444444444,9.27467191699543,0.6682907919748686,0.1346033330191858,10.077571667003212
2026-07-14T19:06:01,Mean-IC,Micromass,0.3,11,11,1,0.875,0.939573042007396,0.008007166994502768,0.095132416987326,1.0427175420045387
2026-07-14T19:06:06,KNN-Direct,Micromass,0.3,11,11,6,0.7222222222222222,4.796257584006526,0.0,0.496354542003246,5.2926162499934435
2026-07-14T19:06:12,KNN-Direct-Weighted,Micromass,0.3,11,11,12,0.75,5.278395000001183,0.0,0.5415965000283904,5.819995999976527
2026-07-14T19:06:17,KNN-Direct-Manhattan,Micromass,0.3,11,11,6,0.9305555555555556,4.727602332975948,0.0,0.49632508400827646,5.223931458982406
2026-07-14T19:06:27,KNN-IC,Micromass,0.3,12,12,2,0.875,9.29496758300229,0.4577259999932721,0.13385162499616854,9.886549666000064
2026-07-14T19:06:28,Mean-IC,Micromass,0.3,12,12,1,0.8611111111111112,0.9406455410062335,0.008006040996406227,0.09602125000674278,1.044677291996777
2026-07-14T19:06:33,KNN-Direct,Micromass,0.3,12,12,1,0.7916666666666666,4.781361166998977,0.0,0.5033254169975407,5.284690750006121
2026-07-14T19:06:39,KNN-Direct-Weighted,Micromass,0.3,12,12,1,0.7916666666666666,5.223461333982414,0.0,0.5434385839907918,5.766903874988202
2026-07-14T19:06:44,KNN-Direct-Manhattan,Micromass,0.3,12,12,1,0.8611111111111112,4.729871583986096,0.0,0.49932462500873953,5.229200875008246
2026-07-14T19:06:54,KNN-IC,Micromass,0.3,13,13,2,0.8333333333333334,8.965575541980797,0.4592237919860054,0.13574158400297165,9.560553832998266
2026-07-14T19:06:55,Mean-IC,Micromass,0.3,13,13,1,0.7916666666666666,0.9418878339929506,0.008038917003432289,0.09546287500415929,1.0453945000190288
2026-07-14T19:07:00,KNN-Direct,Micromass,0.3,13,13,11,0.6388888888888888,4.775014709011884,0.0,0.496452916006092,5.27147279199562
2026-07-14T19:07:06,KNN-Direct-Weighted,Micromass,0.3,13,13,9,0.6666666666666666,5.219466292008292,0.0,0.542098541976884,5.761568999994779
2026-07-14T19:07:11,KNN-Direct-Manhattan,Micromass,0.3,13,13,6,0.875,4.718097000004491,0.0,0.49341608298709616,5.2115180419932585
2026-07-14T19:07:21,KNN-IC,Micromass,0.3,14,14,3,0.8194444444444444,9.051392833993305,0.4920047500054352,0.13476424998953007,9.678168167010881
2026-07-14T19:07:22,Mean-IC,Micromass,0.3,14,14,1,0.8055555555555556,0.9410176250094082,0.007991166989086196,0.09622337500331923,1.0452372909931
2026-07-14T19:07:27,KNN-Direct,Micromass,0.3,14,14,4,0.7777777777777778,4.779790208005579,0.0,0.5015418750117533,5.2813370419899
2026-07-14T19:07:33,KNN-Direct-Weighted,Micromass,0.3,14,14,7,0.8055555555555556,5.228448458015919,0.0,0.5437949170009233,5.772247708984651
2026-07-14T19:07:38,KNN-Direct-Manhattan,Micromass,0.3,14,14,3,0.9027777777777778,4.763244542002212,0.0,0.5000067919900175,5.263255665980978
2026-07-14T19:07:48,KNN-IC,Micromass,0.3,15,15,3,0.7361111111111112,9.002861749992007,0.48734274998423643,0.1348496660066303,9.625063207990024
2026-07-14T19:07:49,Mean-IC,Micromass,0.3,15,15,1,0.7916666666666666,0.9416753750119824,0.008036540995817631,0.0950097500171978,1.0447267919953447
2026-07-14T19:07:54,KNN-Direct,Micromass,0.3,15,15,14,0.6944444444444444,4.780458291003015,0.0,0.4993052500067279,5.279767375002848
2026-07-14T19:08:00,KNN-Direct-Weighted,Micromass,0.3,15,15,14,0.6944444444444444,5.221766750008101,0.0,0.5391568339837249,5.76092712499667
2026-07-14T19:08:05,KNN-Direct-Manhattan,Micromass,0.3,15,15,11,0.8333333333333334,4.719130542012863,0.0,0.4910162090091035,5.210150833998341
2026-07-14T19:08:15,KNN-IC,Micromass,0.3,16,16,1,0.7916666666666666,9.314757957996335,0.4255962500174064,0.13465724998968653,9.875016833975678
2026-07-14T19:08:16,Mean-IC,Micromass,0.3,16,16,1,0.8472222222222222,0.9395332499989308,0.008031542005483061,0.09642120898934081,1.043991124985041
2026-07-14T19:08:21,KNN-Direct,Micromass,0.3,16,16,5,0.75,4.805685208993964,0.0,0.5030820420070086,5.308770875009941
2026-07-14T19:08:27,KNN-Direct-Weighted,Micromass,0.3,16,16,5,0.7638888888888888,5.217661750008119,0.0,0.5442495419993065,5.761915417009732
2026-07-14T19:08:32,KNN-Direct-Manhattan,Micromass,0.3,16,16,3,0.875,4.719319374999031,0.0,0.49207008400117047,5.211393667006632
2026-07-14T19:08:42,KNN-IC,Micromass,0.3,17,17,1,0.8055555555555556,8.813627166004153,0.4886945839971304,0.15462091701920144,9.456948917009868
2026-07-14T19:08:43,Mean-IC,Micromass,0.3,17,17,1,0.8055555555555556,0.9483728329942096,0.007960415998240933,0.09487591599463485,1.0512142080115154
2026-07-14T19:08:48,KNN-Direct,Micromass,0.3,17,17,4,0.8055555555555556,4.7775462080026045,0.0,0.500359915982699,5.277911084005609
2026-07-14T19:08:54,KNN-Direct-Weighted,Micromass,0.3,17,17,6,0.7916666666666666,5.230798999982653,0.0,0.5413565420021769,5.7721596250194125
2026-07-14T19:08:59,KNN-Direct-Manhattan,Micromass,0.3,17,17,9,0.8888888888888888,4.721595957991667,0.0,0.49482737501966767,5.216428749990882
2026-07-14T19:09:09,KNN-IC,Micromass,0.3,18,18,3,0.8055555555555556,9.109299500007182,0.4820577499922365,0.1341139170108363,9.725477082974976
2026-07-14T19:09:10,Mean-IC,Micromass,0.3,18,18,3,0.8194444444444444,0.9403853340190835,0.00808354202308692,0.0964133329980541,1.044887625001138
2026-07-14T19:09:15,KNN-Direct,Micromass,0.3,18,18,3,0.7361111111111112,4.78365770902019,0.0,0.5027812910266221,5.28644404100487
2026-07-14T19:09:21,KNN-Direct-Weighted,Micromass,0.3,18,18,7,0.8055555555555556,5.229142583004432,0.0,0.5435626250109635,5.772709000011673
2026-07-14T19:09:26,KNN-Direct-Manhattan,Micromass,0.3,18,18,3,0.9166666666666666,4.728149500006111,0.0,0.49848899999051355,5.22664370801067
2026-07-14T19:09:36,KNN-IC,Micromass,0.3,19,19,3,0.8611111111111112,9.013708458980545,0.4870462079998106,0.13528816599864513,9.636049124994315
2026-07-14T19:09:37,Mean-IC,Micromass,0.3,19,19,3,0.7222222222222222,0.9399829999892972,0.008014291001018137,0.0951887910196092,1.0431912089989055
2026-07-14T19:09:42,KNN-Direct,Micromass,0.3,19,19,11,0.7916666666666666,4.791813167015789,0.0,0.5028275420190766,5.294644667010289
2026-07-14T19:09:48,KNN-Direct-Weighted,Micromass,0.3,19,19,11,0.75,5.238410458987346,0.0,0.5416736670013051,5.780089000007138
2026-07-14T19:09:53,KNN-Direct-Manhattan,Micromass,0.3,19,19,8,0.9027777777777778,4.76343912500306,0.0,0.4944277920003515,5.25787191602285
2026-07-14T19:10:03,KNN-IC,Micromass,0.3,20,20,2,0.875,9.189268458023435,0.45835716600413434,0.13486024999292567,9.782491208985448
2026-07-14T19:10:04,Mean-IC,Micromass,0.3,20,20,1,0.875,0.939097791997483,0.008138125005643815,0.09645616699708626,1.043700207985239
2026-07-14T19:10:09,KNN-Direct,Micromass,0.3,20,20,1,0.8055555555555556,4.782045374973677,0.0,0.5048245410143863,5.286874415993225
2026-07-14T19:10:15,KNN-Direct-Weighted,Micromass,0.3,20,20,1,0.8055555555555556,5.230897250003181,0.0,0.545159417000832,5.776060790987685
2026-07-14T19:10:20,KNN-Direct-Manhattan,Micromass,0.3,20,20,9,0.8472222222222222,4.729439792019548,0.0,0.4997199159988668,5.229165666998597
2026-07-14T19:10:30,KNN-IC,Micromass,0.3,21,21,2,0.8888888888888888,9.166742250003153,0.4599089580005966,0.13391616599983536,9.76057299997774
2026-07-14T19:10:31,Mean-IC,Micromass,0.3,21,21,1,0.9027777777777778,0.9387651660072152,0.007965083001181483,0.09482354199280962,1.0415584169968497
2026-07-14T19:10:37,KNN-Direct,Micromass,0.3,21,21,1,0.7777777777777778,4.8068095830094535,0.0,0.4955741669982672,5.302388375013834
2026-07-14T19:10:42,KNN-Direct-Weighted,Micromass,0.3,21,21,1,0.7916666666666666,5.23489645900554,0.0,0.541361333016539,5.776261541992426
2026-07-14T19:10:48,KNN-Direct-Manhattan,Micromass,0.3,21,21,1,0.8333333333333334,4.724601750000147,0.0,0.4926680829958059,5.217275458009681
2026-07-14T19:10:58,KNN-IC,Micromass,0.3,22,22,6,0.8194444444444444,9.27914787500049,0.6544513340049889,0.13413095797295682,10.067735457996605
2026-07-14T19:10:59,Mean-IC,Micromass,0.3,22,22,5,0.7777777777777778,0.9392769999976736,0.008117582998238504,0.09621358397998847,1.0436134159972426
2026-07-14T19:11:04,KNN-Direct,Micromass,0.3,22,22,12,0.7638888888888888,4.768217499979073,0.0,0.4961910000129137,5.264413333003176
2026-07-14T19:11:10,KNN-Direct-Weighted,Micromass,0.3,22,22,6,0.7222222222222222,5.221636291011237,0.0,0.5444863750017248,5.766126582981087
2026-07-14T19:11:15,KNN-Direct-Manhattan,Micromass,0.3,22,22,8,0.8611111111111112,4.720703707978828,0.0,0.4961816249997355,5.216890624986263
2026-07-14T19:11:25,KNN-IC,Micromass,0.3,23,23,10,0.6666666666666666,8.990466832998209,0.7033691669930704,0.1345422089798376,9.82838358398294
2026-07-14T19:11:26,Mean-IC,Micromass,0.3,23,23,1,0.7361111111111112,0.9403407089994289,0.008073499979218468,0.09517300000879914,1.0435925830097403
2026-07-14T19:11:31,KNN-Direct,Micromass,0.3,23,23,11,0.6805555555555556,4.786239333014237,0.0,0.49749499998870306,5.2837382500001695
2026-07-14T19:11:37,KNN-Direct-Weighted,Micromass,0.3,23,23,7,0.7222222222222222,5.229717457987135,0.0,0.5402177500072867,5.769939291989431
2026-07-14T19:11:42,KNN-Direct-Manhattan,Micromass,0.3,23,23,4,0.8333333333333334,4.732274249981856,0.0,0.4928291660035029,5.225109084014548
2026-07-14T19:11:52,KNN-IC,Micromass,0.3,24,24,1,0.8194444444444444,9.072187124984339,0.4289293330220971,0.13455166699714027,9.635673917015083
2026-07-14T19:11:53,Mean-IC,Micromass,0.3,24,24,1,0.8333333333333334,0.9410787090018857,0.008277042012196034,0.09616370897856541,1.0455243329924997
2026-07-14T19:11:58,KNN-Direct,Micromass,0.3,24,24,1,0.8055555555555556,4.796054207981797,0.0,0.5008675419958308,5.2969258750090376
2026-07-14T19:12:04,KNN-Direct-Weighted,Micromass,0.3,24,24,1,0.8055555555555556,5.264513458008878,0.0,0.5429346669989172,5.807453707995592
2026-07-14T19:12:09,KNN-Direct-Manhattan,Micromass,0.3,24,24,4,0.8611111111111112,4.7376372090075165,0.0,0.49596674999338575,5.23360958401463
2026-07-14T19:12:19,KNN-IC,Micromass,0.3,25,25,4,0.7916666666666666,9.136109000013676,0.6748720000032336,0.13458545799949206,9.945572416007053
2026-07-14T19:12:20,Mean-IC,Micromass,0.3,25,25,1,0.8194444444444444,0.9406747919856571,0.008065083995461464,0.09542495899950154,1.0441699590010103
2026-07-14T19:12:25,KNN-Direct,Micromass,0.3,25,25,8,0.6666666666666666,4.778167999989819,0.0,0.4991822919982951,5.277355083992006
2026-07-14T19:12:31,KNN-Direct-Weighted,Micromass,0.3,25,25,10,0.6944444444444444,5.223564291984076,0.0,0.5379825420095585,5.761551250005141
2026-07-14T19:12:36,KNN-Direct-Manhattan,Micromass,0.3,25,25,1,0.8888888888888888,4.722735957999248,0.0,0.48958883399609476,5.212330291979015
2026-07-14T19:12:46,KNN-IC,Micromass,0.3,26,26,6,0.7083333333333334,8.785491290997015,0.6832213329907972,0.1353497500240337,9.604072957998142
2026-07-14T19:12:47,Mean-IC,Micromass,0.3,26,26,3,0.7361111111111112,0.9406808330095373,0.008002832997590303,0.09640283399494365,1.0450916669797152
2026-07-14T19:12:52,KNN-Direct,Micromass,0.3,26,26,9,0.7361111111111112,4.778621875011595,0.0,0.5023461669916287,5.280972083011875
2026-07-14T19:12:58,KNN-Direct-Weighted,Micromass,0.3,26,26,1,0.7777777777777778,5.217397583008278,0.0,0.544343374989694,5.76174566600821
2026-07-14T19:13:03,KNN-Direct-Manhattan,Micromass,0.3,26,26,4,0.875,4.723951833002502,0.0,0.4982760410057381,5.222233084001346
2026-07-14T19:13:13,KNN-IC,Micromass,0.3,27,27,1,0.7361111111111112,8.974342833011178,0.42593850000412203,0.13470500000403263,9.53499220800586
2026-07-14T19:13:14,Mean-IC,Micromass,0.3,27,27,1,0.7222222222222222,0.9387064999900758,0.008062416018219665,0.09542737499577925,1.0422008330060635
2026-07-14T19:13:19,KNN-Direct,Micromass,0.3,27,27,11,0.6388888888888888,4.778273542004172,0.0,0.49843108298955485,5.276708749996033
2026-07-14T19:13:25,KNN-Direct-Weighted,Micromass,0.3,27,27,8,0.6666666666666666,5.226764166989597,0.0,0.5407627919921651,5.767531624995172
2026-07-14T19:13:30,KNN-Direct-Manhattan,Micromass,0.3,27,27,3,0.8194444444444444,4.759369334002258,0.0,0.4905790830089245,5.249954083003104
2026-07-14T19:13:40,KNN-IC,Micromass,0.3,28,28,2,0.8194444444444444,8.73072425002465,0.45864191598957404,0.1349345830094535,9.324306458001956
2026-07-14T19:13:41,Mean-IC,Micromass,0.3,28,28,1,0.8055555555555556,0.9432902499975171,0.007973958010552451,0.0961852079781238,1.047454709012527
2026-07-14T19:13:46,KNN-Direct,Micromass,0.3,28,28,4,0.7222222222222222,4.777340582979377,0.0,0.502653083007317,5.279998042009538
2026-07-14T19:13:52,KNN-Direct-Weighted,Micromass,0.3,28,28,1,0.7083333333333334,5.227511459001107,0.0,0.5451321660075337,5.772647333011264
2026-07-14T19:13:57,KNN-Direct-Manhattan,Micromass,0.3,28,28,3,0.9166666666666666,4.718853999977,0.0,0.49380958400433883,5.21266762498999
2026-07-14T19:14:07,KNN-IC,Micromass,0.3,29,29,1,0.7777777777777778,9.224724208004773,0.41994575000717305,0.13473391698789783,9.779409125010716
2026-07-14T19:14:08,Mean-IC,Micromass,0.3,29,29,5,0.8055555555555556,0.938996082986705,0.007986250013345852,0.09519324998836964,1.0421806660015136
2026-07-14T19:14:13,KNN-Direct,Micromass,0.3,29,29,3,0.75,4.824017624981934,0.0,0.4971892079920508,5.321210791997146
2026-07-14T19:14:19,KNN-Direct-Weighted,Micromass,0.3,29,29,4,0.7777777777777778,5.229297707992373,0.0,0.5427169169997796,5.772018207993824
2026-07-14T19:14:24,KNN-Direct-Manhattan,Micromass,0.3,29,29,6,0.875,4.730788666987792,0.0,0.49411366699496284,5.224906624993309
2026-07-14T19:14:34,KNN-IC,Micromass,0.3,30,30,1,0.7361111111111112,9.04979837499559,0.413995541020995,0.13577720799366944,9.599576499982504
2026-07-14T19:14:35,Mean-IC,Micromass,0.3,30,30,1,0.7916666666666666,0.9418287920125294,0.00824595900485292,0.09647516699624248,1.046555167005863
2026-07-14T19:14:40,KNN-Direct,Micromass,0.3,30,30,12,0.7361111111111112,4.793272083014017,0.0,0.4999248750100378,5.293202500004554
2026-07-14T19:14:46,KNN-Direct-Weighted,Micromass,0.3,30,30,7,0.6944444444444444,5.2406265000172425,0.0,0.5445193749910686,5.785150124982465
2026-07-14T19:14:51,KNN-Direct-Manhattan,Micromass,0.3,30,30,1,0.8055555555555556,4.736608207982499,0.0,0.500306083005853,5.236918666982092
2026-07-14T19:15:01,KNN-IC,Micromass,0.3,31,31,2,0.8611111111111112,9.147253208997427,0.4515397089999169,0.13440891599748284,9.733207000012044
2026-07-14T19:15:02,Mean-IC,Micromass,0.3,31,31,1,0.8472222222222222,0.940411709016189,0.008080500003416091,0.09525866698822938,1.043755874998169
2026-07-14T19:15:07,KNN-Direct,Micromass,0.3,31,31,4,0.7916666666666666,4.794249041995499,0.0,0.49963704199763015,5.293890417000512
2026-07-14T19:15:13,KNN-Direct-Weighted,Micromass,0.3,31,31,4,0.7361111111111112,5.234026416001143,0.0,0.543430082994746,5.777460624987725
2026-07-14T19:15:18,KNN-Direct-Manhattan,Micromass,0.3,31,31,3,0.9444444444444444,4.737760415999219,0.0,0.4983537500083912,5.2361202080210205
2026-07-14T19:15:28,KNN-IC,Micromass,0.3,32,32,8,0.7361111111111112,9.35719833400799,0.683537749981042,0.13443337500211783,10.175174332980532
2026-07-14T19:15:29,Mean-IC,Micromass,0.3,32,32,4,0.6805555555555556,0.9407729580125306,0.008358667022548616,0.09654966701054946,1.0456855829979759
2026-07-14T19:15:35,KNN-Direct,Micromass,0.3,32,32,6,0.7083333333333334,4.784101625002222,0.0,0.5028467499942053,5.28695316700032
2026-07-14T19:15:41,KNN-Direct-Weighted,Micromass,0.3,32,32,5,0.7222222222222222,5.360011916985968,0.0,0.5451928339898586,5.905208624986699
2026-07-14T19:15:46,KNN-Direct-Manhattan,Micromass,0.3,32,32,7,0.8333333333333334,4.7989279169996735,0.0,0.48854175000451505,5.287473874981515
2026-07-14T19:15:56,KNN-IC,Micromass,0.3,33,33,2,0.8333333333333334,9.704284791980172,0.4551748330122791,0.1350086669845041,10.294473499991
2026-07-14T19:15:57,Mean-IC,Micromass,0.3,33,33,3,0.7916666666666666,0.9413597090169787,0.008224167017033324,0.09552608299418353,1.0451146659906954
2026-07-14T19:16:02,KNN-Direct,Micromass,0.3,33,33,1,0.7083333333333334,4.809316625003703,0.0,0.49705941599677317,5.30637958299485
2026-07-14T19:16:08,KNN-Direct-Weighted,Micromass,0.3,33,33,1,0.7083333333333334,5.251096749998396,0.0,0.5412655829859432,5.792366917012259
2026-07-14T19:16:14,KNN-Direct-Manhattan,Micromass,0.3,33,33,3,0.8611111111111112,4.908737999998266,0.0,0.49466779100475833,5.403410957980668
2026-07-14T19:16:23,KNN-IC,Micromass,0.3,34,34,2,0.7361111111111112,9.150953915988794,0.45388708301470615,0.13481049999245442,9.73965624999255
2026-07-14T19:16:25,Mean-IC,Micromass,0.3,34,34,8,0.7083333333333334,1.4100293329975102,0.011402459000237286,0.16363858297700062,1.585076458984986
2026-07-14T19:16:30,KNN-Direct,Micromass,0.3,34,34,12,0.7638888888888888,4.947303749999264,0.0,0.5003267499851063,5.447634875017684
2026-07-14T19:16:36,KNN-Direct-Weighted,Micromass,0.3,34,34,8,0.7638888888888888,5.233604042005027,0.0,0.5435690829763189,5.777177500014659
2026-07-14T19:16:42,KNN-Direct-Manhattan,Micromass,0.3,34,34,3,0.7777777777777778,4.930164958001114,0.0,0.498412000015378,5.42858145799255
2026-07-14T19:16:51,KNN-IC,Micromass,0.3,35,35,1,0.7361111111111112,8.923862792027649,0.41833462499198504,0.13414687500335276,9.476349083008245
2026-07-14T19:16:52,Mean-IC,Micromass,0.3,35,35,1,0.8194444444444444,0.9420067080063745,0.008318208012497053,0.09504441698663868,1.0453742089739535
2026-07-14T19:16:58,KNN-Direct,Micromass,0.3,35,35,1,0.7083333333333334,5.217012084001908,0.0,0.4971667080244515,5.714182583004003
2026-07-14T19:17:04,KNN-Direct-Weighted,Micromass,0.3,35,35,8,0.7083333333333334,5.246356125018792,0.0,0.5375821249908768,5.7839420000091195
2026-07-14T19:17:09,KNN-Direct-Manhattan,Micromass,0.3,35,35,3,0.8472222222222222,4.743863917014096,0.0,0.515113208006369,5.258982208004454
2026-07-14T19:17:19,KNN-IC,Micromass,0.3,36,36,2,0.7916666666666666,9.196853125002235,0.45383583300281316,0.13509850000264123,9.785793292016024
2026-07-14T19:17:20,Mean-IC,Micromass,0.3,36,36,1,0.8472222222222222,0.9412676249921788,0.008157415984896943,0.09622499998658895,1.0456552499963436
2026-07-14T19:17:26,KNN-Direct,Micromass,0.3,36,36,9,0.6666666666666666,5.053031000017654,0.0,0.6744060829805676,5.727441374998307
2026-07-14T19:17:31,KNN-Direct-Weighted,Micromass,0.3,36,36,9,0.6527777777777778,5.248684457998024,0.0,0.5456395829969551,5.794328584015602
2026-07-14T19:17:37,KNN-Direct-Manhattan,Micromass,0.3,36,36,1,0.8611111111111112,4.748447042016778,0.0,0.4937712080136407,5.24222370798816
2026-07-14T19:17:47,KNN-IC,Micromass,0.3,37,37,4,0.7638888888888888,9.455216500005918,0.6332820410025306,0.1350780000211671,10.223581957980059
2026-07-14T19:17:48,Mean-IC,Micromass,0.3,37,37,10,0.7361111111111112,0.9434628750022966,0.00814987500780262,0.09539820899954066,1.0470160839904565
2026-07-14T19:17:53,KNN-Direct,Micromass,0.3,37,37,3,0.6666666666666666,4.779975832992932,0.0,0.498004207998747,5.277983167005004
2026-07-14T19:17:59,KNN-Direct-Weighted,Micromass,0.3,37,37,3,0.6944444444444444,5.710448416997679,0.0,0.5399807910143863,6.250432875007391
2026-07-14T19:18:05,KNN-Direct-Manhattan,Micromass,0.3,37,37,3,0.8333333333333334,4.723321291996399,0.0,0.4927605419943575,5.216086208994966
2026-07-14T19:18:15,KNN-IC,Micromass,0.3,38,38,6,0.9027777777777778,9.56410941699869,0.6617395000066608,0.13425612499122508,10.360109666013159
2026-07-14T19:18:16,Mean-IC,Micromass,0.3,38,38,7,0.8055555555555556,0.9430066669883672,0.00816562501131557,0.0962259579973761,1.047403167001903
2026-07-14T19:18:21,KNN-Direct,Micromass,0.3,38,38,9,0.75,4.792407250002725,0.0,0.49837670801207423,5.290789458988002
2026-07-14T19:18:28,KNN-Direct-Weighted,Micromass,0.3,38,38,10,0.75,5.794578750006622,0.0,0.5431692500133067,6.337752166989958
2026-07-14T19:18:33,KNN-Direct-Manhattan,Micromass,0.3,38,38,5,0.8611111111111112,4.7445274160127155,0.0,0.49600229199859314,5.24053466701298
2026-07-14T19:18:43,KNN-IC,Micromass,0.3,39,39,1,0.8333333333333334,9.388028999994276,0.4176529999822378,0.1345808749902062,9.940268040983938
2026-07-14T19:18:44,Mean-IC,Micromass,0.3,39,39,1,0.8472222222222222,0.9422968750004657,0.008246250014053658,0.09547874997952022,1.0460265830042772
2026-07-14T19:18:49,KNN-Direct,Micromass,0.3,39,39,3,0.7361111111111112,4.786215542000718,0.0,0.4966093330003787,5.282829374977155
2026-07-14T19:18:55,KNN-Direct-Weighted,Micromass,0.3,39,39,3,0.7361111111111112,5.454437957989285,0.0,0.7480347499949858,6.202478166989749
2026-07-14T19:19:01,KNN-Direct-Manhattan,Micromass,0.3,39,39,3,0.8611111111111112,4.812061375007033,0.0,0.4908955410064664,5.302965917013353
2026-07-14T19:19:11,KNN-IC,Micromass,0.4,0,0,1,0.8055555555555556,9.656482457998209,0.4337142500153277,0.13514795797527768,10.2253506249981
2026-07-14T19:19:12,Mean-IC,Micromass,0.4,0,0,1,0.8611111111111112,0.9418523339845706,0.009079584007849917,0.09601995800039731,1.0469572080182843
2026-07-14T19:19:17,KNN-Direct,Micromass,0.4,0,0,3,0.7083333333333334,4.609924417018192,0.0,0.47773162499652244,5.087661541008856
2026-07-14T19:19:23,KNN-Direct-Weighted,Micromass,0.4,0,0,3,0.7083333333333334,5.04722008400131,0.0,0.5239354590012226,5.5711596670153085
2026-07-14T19:19:28,KNN-Direct-Manhattan,Micromass,0.4,0,0,4,0.8333333333333334,5.027607666008407,0.0,0.47484541599988006,5.50245787500171
2026-07-14T19:19:38,KNN-IC,Micromass,0.4,1,1,2,0.8055555555555556,9.43644104100531,0.4703106250090059,0.13535941697773524,10.042116832977626
2026-07-14T19:19:39,Mean-IC,Micromass,0.4,1,1,3,0.7361111111111112,1.078123625018634,0.015497583022806793,0.17336304200580344,1.2669957499892917
2026-07-14T19:19:45,KNN-Direct,Micromass,0.4,1,1,3,0.75,4.685681167000439,0.0,0.48172000001068227,5.167407291999552
2026-07-14T19:19:50,KNN-Direct-Weighted,Micromass,0.4,1,1,10,0.6944444444444444,5.044577583001228,0.0,0.5212863329797983,5.56586829101434
2026-07-14T19:19:56,KNN-Direct-Manhattan,Micromass,0.4,1,1,1,0.9027777777777778,4.844709625001997,0.0,0.6069582500203978,5.451673041010508
2026-07-14T19:20:06,KNN-IC,Micromass,0.4,2,2,2,0.7777777777777778,9.636879541998496,0.47725479200016707,0.13520470898947679,10.249344750016462
2026-07-14T19:20:07,Mean-IC,Micromass,0.4,2,2,1,0.8611111111111112,0.941724250005791,0.009104832977754995,0.09625033297925256,1.0470843329967465
2026-07-14T19:20:12,KNN-Direct,Micromass,0.4,2,2,4,0.7777777777777778,4.802845875005005,0.0,0.48084050000761636,5.283690374984872
2026-07-14T19:20:18,KNN-Direct-Weighted,Micromass,0.4,2,2,4,0.7916666666666666,5.041111667000223,0.0,0.523307334020501,5.564422958006617
2026-07-14T19:20:23,KNN-Direct-Manhattan,Micromass,0.4,2,2,1,0.8472222222222222,4.562364832992898,0.0,0.47533137499704026,5.037700207991293
2026-07-14T19:20:34,KNN-IC,Micromass,0.4,3,3,3,0.7777777777777778,10.411428874998819,0.507216583006084,0.13464004200068302,11.053290416981326
2026-07-14T19:20:35,Mean-IC,Micromass,0.4,3,3,3,0.8194444444444444,0.9424435410182923,0.009090375009691343,0.09531575001892634,1.0468547909986228
2026-07-14T19:20:40,KNN-Direct,Micromass,0.4,3,3,1,0.7222222222222222,4.832676707999781,0.0,0.4777113749878481,5.310391667007934
2026-07-14T19:20:46,KNN-Direct-Weighted,Micromass,0.4,3,3,7,0.7222222222222222,5.041397458000574,0.0,0.5218529169796966,5.563254000007873
2026-07-14T19:20:51,KNN-Direct-Manhattan,Micromass,0.4,3,3,1,0.8472222222222222,4.549508041003719,0.0,0.47488424999755807,5.024396541994065
2026-07-14T19:21:02,KNN-IC,Micromass,0.4,4,4,3,0.8055555555555556,10.330486916995142,0.5092342079733498,0.13453337497776374,10.974260165996384
2026-07-14T19:21:03,Mean-IC,Micromass,0.4,4,4,3,0.75,0.9440084999951068,0.009053041983861476,0.09635429200716317,1.04942129200208
2026-07-14T19:21:08,KNN-Direct,Micromass,0.4,4,4,4,0.7638888888888888,4.646433833026094,0.0,0.48405233400990255,5.130490624986123
2026-07-14T19:21:14,KNN-Direct-Weighted,Micromass,0.4,4,4,7,0.7638888888888888,5.276898292009719,0.0,0.5220024999871384,5.798905250005191
2026-07-14T19:21:19,KNN-Direct-Manhattan,Micromass,0.4,4,4,5,0.8333333333333334,4.556460540974513,0.0,0.47928329202113673,5.035749458998907
2026-07-14T19:21:30,KNN-IC,Micromass,0.4,5,5,9,0.7638888888888888,9.84898491599597,0.7001874999841675,0.1354874579992611,10.684665292006684
2026-07-14T19:21:31,Mean-IC,Micromass,0.4,5,5,1,0.7916666666666666,0.9426596660050564,0.009289334004279226,0.09563320901361294,1.04759162501432
2026-07-14T19:21:36,KNN-Direct,Micromass,0.4,5,5,3,0.7638888888888888,4.606104417005554,0.0,0.4790278330037836,5.085135707980953
2026-07-14T19:21:41,KNN-Direct-Weighted,Micromass,0.4,5,5,6,0.7916666666666666,5.265158833004534,0.0,0.5220476249814965,5.787210209004115
2026-07-14T19:21:47,KNN-Direct-Manhattan,Micromass,0.4,5,5,3,0.8611111111111112,4.591807709017303,0.0,0.4746512919955421,5.066463458002545
2026-07-14T19:21:57,KNN-IC,Micromass,0.4,6,6,6,0.75,9.875208084005862,0.7228334579849616,0.13511512501281686,10.733162124990486
2026-07-14T19:21:58,Mean-IC,Micromass,0.4,6,6,1,0.8333333333333334,0.9454839169920888,0.009063667006557807,0.09634291697875597,1.0508955830009654
2026-07-14T19:22:03,KNN-Direct,Micromass,0.4,6,6,8,0.75,4.605540582997492,0.0,0.47965129098156467,5.085195416992065
2026-07-14T19:22:09,KNN-Direct-Weighted,Micromass,0.4,6,6,8,0.7222222222222222,5.041816957993433,0.0,0.5230449999799021,5.5648650839866605
2026-07-14T19:22:14,KNN-Direct-Manhattan,Micromass,0.4,6,6,1,0.8194444444444444,4.753748165996512,0.0,0.4768703340087086,5.2306231659895275
2026-07-14T19:22:25,KNN-IC,Micromass,0.4,7,7,4,0.7916666666666666,9.709334500017576,1.060692208004184,0.23359483300009742,11.0036300419888
2026-07-14T19:22:26,Mean-IC,Micromass,0.4,7,7,4,0.7361111111111112,1.1315161249949597,0.00906000001123175,0.09562845798791386,1.236211249983171
2026-07-14T19:22:32,KNN-Direct,Micromass,0.4,7,7,3,0.7777777777777778,4.61223970897845,0.0,0.48116287498851307,5.09340629199869
2026-07-14T19:22:37,KNN-Direct-Weighted,Micromass,0.4,7,7,14,0.6666666666666666,5.048186458996497,0.0,0.5218247089942452,5.570014750002883
2026-07-14T19:22:43,KNN-Direct-Manhattan,Micromass,0.4,7,7,1,0.8611111111111112,5.0338208340108395,0.0,0.5125897499965504,5.546414874988841
2026-07-14T19:22:53,KNN-IC,Micromass,0.4,8,8,2,0.7638888888888888,9.668168000003789,0.47598329102038406,0.13552695797989145,10.279683125001611
2026-07-14T19:22:54,Mean-IC,Micromass,0.4,8,8,1,0.7361111111111112,0.9428002090135124,0.009048916981555521,0.09601479198317975,1.047869084024569
2026-07-14T19:23:00,KNN-Direct,Micromass,0.4,8,8,5,0.7222222222222222,5.125091499998234,0.0,0.4825633750006091,5.607658958004322
2026-07-14T19:23:05,KNN-Direct-Weighted,Micromass,0.4,8,8,7,0.7222222222222222,5.042235291999532,0.0,0.523891792021459,5.566130124992924
2026-07-14T19:23:11,KNN-Direct-Manhattan,Micromass,0.4,8,8,5,0.8333333333333334,4.792693458002759,0.0,0.6770333340100478,5.469731332996162
2026-07-14T19:23:21,KNN-IC,Micromass,0.4,9,9,8,0.7638888888888888,9.76426758398884,0.7559114579926245,0.13551983301294968,10.655704167002114
2026-07-14T19:23:22,Mean-IC,Micromass,0.4,9,9,1,0.75,0.9430352500057779,0.00910895798006095,0.0958900419936981,1.0480400410015136
2026-07-14T19:23:28,KNN-Direct,Micromass,0.4,9,9,4,0.7638888888888888,4.983087166998303,0.0,0.478173625015188,5.461264458979713
2026-07-14T19:23:33,KNN-Direct-Weighted,Micromass,0.4,9,9,4,0.7916666666666666,5.08423245800077,0.0,0.520085083990125,5.604321999999229
2026-07-14T19:23:38,KNN-Direct-Manhattan,Micromass,0.4,9,9,4,0.8611111111111112,4.552184250002028,0.0,0.4704350000247359,5.022623208002187
2026-07-14T19:23:49,KNN-IC,Micromass,0.4,10,10,3,0.8194444444444444,9.868723959021736,0.5098856250115205,0.1351381659915205,10.51375333298347
2026-07-14T19:23:50,Mean-IC,Micromass,0.4,10,10,1,0.8472222222222222,0.9434802500181831,0.009027416992466897,0.09649845899548382,1.0490115839929786
2026-07-14T19:23:55,KNN-Direct,Micromass,0.4,10,10,6,0.7916666666666666,4.803614624979673,0.0,0.6276587079919409,5.431277833005879
2026-07-14T19:24:01,KNN-Direct-Weighted,Micromass,0.4,10,10,7,0.8611111111111112,5.1597070829884615,0.0,0.5232472500065342,5.682958165998571
2026-07-14T19:24:06,KNN-Direct-Manhattan,Micromass,0.4,10,10,3,0.8888888888888888,4.578887833020417,0.0,0.4703587500262074,5.049251165997703
2026-07-14T19:24:17,KNN-IC,Micromass,0.4,11,11,4,0.7777777777777778,10.341570667020278,0.7139134159951936,0.1350067500025034,11.190496625000378
2026-07-14T19:24:18,Mean-IC,Micromass,0.4,11,11,4,0.8055555555555556,0.9447690410015639,0.009029958018800244,0.09571124997455627,1.0495145829918329
2026-07-14T19:24:24,KNN-Direct,Micromass,0.4,11,11,4,0.7916666666666666,4.600729333993513,0.0,0.4774907910032198,5.078224290977232
2026-07-14T19:24:29,KNN-Direct-Weighted,Micromass,0.4,11,11,1,0.8472222222222222,5.294180291995872,0.0,0.5206362909812015,5.814820416009752
2026-07-14T19:24:34,KNN-Direct-Manhattan,Micromass,0.4,11,11,3,0.9305555555555556,4.545545041008154,0.0,0.47459441699902527,5.02014366700314
2026-07-14T19:24:45,KNN-IC,Micromass,0.4,12,12,2,0.8611111111111112,10.402651042008074,0.473044625017792,0.13473745799274184,11.010438249999424
2026-07-14T19:24:46,Mean-IC,Micromass,0.4,12,12,1,0.7638888888888888,0.9442587920057122,0.009264416992664337,0.0968762910051737,1.0504047079884913
2026-07-14T19:24:51,KNN-Direct,Micromass,0.4,12,12,8,0.7916666666666666,4.602140500006499,0.0,0.4818413330067415,5.0839854999794625
2026-07-14T19:24:57,KNN-Direct-Weighted,Micromass,0.4,12,12,8,0.8055555555555556,5.238119666988496,0.0,0.5235639160091523,5.761687332997099
2026-07-14T19:25:02,KNN-Direct-Manhattan,Micromass,0.4,12,12,1,0.8888888888888888,4.553123166988371,0.0,0.4788833750062622,5.032011916016927
2026-07-14T19:25:13,KNN-IC,Micromass,0.4,13,13,2,0.8333333333333334,10.086848291015485,0.4766225829953328,0.13459037500433624,10.698066291981377
2026-07-14T19:25:14,Mean-IC,Micromass,0.4,13,13,1,0.8611111111111112,0.9417320830107201,0.008919708983739838,0.09545712501858361,1.0461142909771297
2026-07-14T19:25:19,KNN-Direct,Micromass,0.4,13,13,13,0.7361111111111112,4.607904125005007,0.0,0.4790065420093015,5.086915541003691
2026-07-14T19:25:25,KNN-Direct-Weighted,Micromass,0.4,13,13,13,0.7222222222222222,5.047571167000569,0.0,0.7413433750043623,5.788920666993363
2026-07-14T19:25:30,KNN-Direct-Manhattan,Micromass,0.4,13,13,10,0.8472222222222222,4.560564207989955,0.0,0.4722484590020031,5.032818083971506
2026-07-14T19:25:41,KNN-IC,Micromass,0.4,14,14,2,0.8055555555555556,9.785865959012881,0.8383635839854833,0.23018041599425487,10.854420499992557
2026-07-14T19:25:42,Mean-IC,Micromass,0.4,14,14,1,0.7638888888888888,0.9964820829918608,0.009055083006387576,0.09622566698817536,1.1017887080088258
2026-07-14T19:25:47,KNN-Direct,Micromass,0.4,14,14,12,0.7777777777777778,4.617931665998185,0.0,0.47972795899841003,5.097663624997949
2026-07-14T19:25:53,KNN-Direct-Weighted,Micromass,0.4,14,14,7,0.7916666666666666,5.05485620800755,0.0,0.5241346669790801,5.578994625015184
2026-07-14T19:25:58,KNN-Direct-Manhattan,Micromass,0.4,14,14,8,0.9166666666666666,4.762641709006857,0.0,0.4757787910057232,5.238425707997521
2026-07-14T19:26:08,KNN-IC,Micromass,0.4,15,15,3,0.7777777777777778,9.284928708977532,0.5104407500184607,0.13494333301787265,9.930318917002296
2026-07-14T19:26:09,Mean-IC,Micromass,0.4,15,15,1,0.8194444444444444,0.9418155000021216,0.008914000005461276,0.09524808300193399,1.0459824999852572
2026-07-14T19:26:14,KNN-Direct,Micromass,0.4,15,15,13,0.7222222222222222,5.069185500004096,0.0,0.4828797910013236,5.552069249999477
2026-07-14T19:26:20,KNN-Direct-Weighted,Micromass,0.4,15,15,14,0.8055555555555556,5.0392142919881735,0.0,0.5218613330216613,5.561079665989382
2026-07-14T19:26:25,KNN-Direct-Manhattan,Micromass,0.4,15,15,8,0.8611111111111112,4.657753917010268,0.0,0.5408373329846654,5.198595333000412
2026-07-14T19:26:36,KNN-IC,Micromass,0.4,16,16,5,0.9166666666666666,9.784146958001656,0.7347396249824669,0.135686124995118,10.654578250017948
2026-07-14T19:26:37,Mean-IC,Micromass,0.4,16,16,1,0.8611111111111112,0.9430422080040444,0.008786416990915313,0.09653799998341128,1.0483720420161262
2026-07-14T19:26:42,KNN-Direct,Micromass,0.4,16,16,5,0.7916666666666666,5.069561332988087,0.0,0.48217070900136605,5.551736791996518
2026-07-14T19:26:48,KNN-Direct-Weighted,Micromass,0.4,16,16,5,0.8194444444444444,5.077996500011068,0.0,0.5239551670092624,5.6019556669925805
2026-07-14T19:26:53,KNN-Direct-Manhattan,Micromass,0.4,16,16,5,0.9166666666666666,4.553390582994325,0.0,0.47674662500503473,5.030141208000714
2026-07-14T19:27:03,KNN-IC,Micromass,0.4,17,17,6,0.6527777777777778,9.601539875002345,0.6752135409915354,0.13335370799177326,10.410113124991767
2026-07-14T19:27:05,Mean-IC,Micromass,0.4,17,17,1,0.75,0.9427729579911102,0.00911570800235495,0.09520429201074876,1.047097875009058
2026-07-14T19:27:10,KNN-Direct,Micromass,0.4,17,17,15,0.7638888888888888,4.612598957988666,0.0,0.6077327500097454,5.220336041005794
2026-07-14T19:27:16,KNN-Direct-Weighted,Micromass,0.4,17,17,15,0.7777777777777778,5.391893791995244,0.0,0.5222072499745991,5.914106000011088
2026-07-14T19:27:21,KNN-Direct-Manhattan,Micromass,0.4,17,17,10,0.8333333333333334,4.557176166999852,0.0,0.473516166995978,5.030696750007337
2026-07-14T19:27:31,KNN-IC,Micromass,0.4,18,18,4,0.7916666666666666,9.8197230839869,0.6489518340094946,0.134810000017751,10.603491042013047
2026-07-14T19:27:32,Mean-IC,Micromass,0.4,18,18,5,0.7777777777777778,0.9428600000101142,0.009031749999849126,0.09634466597344726,1.0482417090097442
2026-07-14T19:27:37,KNN-Direct,Micromass,0.4,18,18,5,0.7083333333333334,4.605109291005647,0.0,0.479130833002273,5.084244166006101
2026-07-14T19:27:43,KNN-Direct-Weighted,Micromass,0.4,18,18,9,0.75,5.518731707998086,0.0,0.5226310419966467,6.041367666999577
2026-07-14T19:27:49,KNN-Direct-Manhattan,Micromass,0.4,18,18,3,0.7638888888888888,4.555707083985908,0.0,0.47446212501381524,5.03017362501123
2026-07-14T19:27:59,KNN-IC,Micromass,0.4,19,19,7,0.7916666666666666,9.817502083984436,0.739329459000146,0.1352320830046665,10.692068666015984
2026-07-14T19:28:00,Mean-IC,Micromass,0.4,19,19,3,0.7361111111111112,0.9447601659921929,0.008820791990729049,0.09556920800241642,1.0491547499841545
2026-07-14T19:28:05,KNN-Direct,Micromass,0.4,19,19,4,0.7638888888888888,4.669979583006352,0.0,0.47868325002491474,5.1486676250060555
2026-07-14T19:28:11,KNN-Direct-Weighted,Micromass,0.4,19,19,3,0.7638888888888888,5.544181374978507,0.0,0.5227687500009779,6.066954291018192
2026-07-14T19:28:17,KNN-Direct-Manhattan,Micromass,0.4,19,19,4,0.9166666666666666,4.565596500004176,0.0,0.4731451669940725,5.038747125014197
2026-07-14T19:28:27,KNN-IC,Micromass,0.4,20,20,8,0.7777777777777778,10.001459124992834,0.6671093339973595,0.1353815000038594,10.803955083014444
2026-07-14T19:28:28,Mean-IC,Micromass,0.4,20,20,5,0.7916666666666666,0.9423153749958146,0.009062583005288616,0.09623079100856557,1.047613167000236
2026-07-14T19:28:33,KNN-Direct,Micromass,0.4,20,20,12,0.8333333333333334,4.615735041996231,0.0,0.47791845799656585,5.093657042016275
2026-07-14T19:28:39,KNN-Direct-Weighted,Micromass,0.4,20,20,4,0.8472222222222222,5.047540708008455,0.0,0.5237003329966683,5.57124499999918
2026-07-14T19:28:45,KNN-Direct-Manhattan,Micromass,0.4,20,20,5,0.9305555555555556,5.056664792005904,0.0,0.47473483401699923,5.531404333014507
2026-07-14T19:28:55,KNN-IC,Micromass,0.4,21,21,1,0.7638888888888888,9.604723041993566,0.7017102499958128,0.2524855420051608,10.558927000005497
2026-07-14T19:28:57,Mean-IC,Micromass,0.4,21,21,1,0.8472222222222222,1.2924552920158021,0.009058832976734266,0.09564183300244622,1.397161791974213
2026-07-14T19:29:02,KNN-Direct,Micromass,0.4,21,21,1,0.6944444444444444,4.610800999973435,0.0,0.48162274999776855,5.0924286670051515
2026-07-14T19:29:07,KNN-Direct-Weighted,Micromass,0.4,21,21,1,0.7361111111111112,5.046557167021092,0.0,0.5219630000065081,5.568524833011907
2026-07-14T19:29:13,KNN-Direct-Manhattan,Micromass,0.4,21,21,13,0.8472222222222222,5.050053124985425,0.0,0.476882957998896,5.526940832991386
2026-07-14T19:29:23,KNN-IC,Micromass,0.4,22,22,2,0.8472222222222222,9.757093208027072,0.47605287499027327,0.13533787499181926,10.368488915992202
2026-07-14T19:29:24,Mean-IC,Micromass,0.4,22,22,4,0.8472222222222222,0.9426203330222052,0.00901479198364541,0.09658804099308327,1.0482283330056816
2026-07-14T19:29:30,KNN-Direct,Micromass,0.4,22,22,3,0.7916666666666666,5.000596833007876,0.0,0.4859090840036515,5.486510124988854
2026-07-14T19:29:35,KNN-Direct-Weighted,Micromass,0.4,22,22,14,0.7777777777777778,5.037333540996769,0.0,0.5231636250100564,5.560500666993903
2026-07-14T19:29:40,KNN-Direct-Manhattan,Micromass,0.4,22,22,4,0.875,4.709358041000087,0.0,0.5409050829766784,5.250267666997388
2026-07-14T19:29:51,KNN-IC,Micromass,0.4,23,23,1,0.7222222222222222,9.48031308298232,0.43160587499733083,0.13392175000626594,10.045846374996472
2026-07-14T19:29:52,Mean-IC,Micromass,0.4,23,23,1,0.75,0.9429442920081783,0.009157958993455395,0.09566149997408502,1.0477687910024542
2026-07-14T19:29:57,KNN-Direct,Micromass,0.4,23,23,7,0.7361111111111112,5.083283875021152,0.0,0.4769581659929827,5.560247832996538
2026-07-14T19:30:03,KNN-Direct-Weighted,Micromass,0.4,23,23,7,0.7222222222222222,5.045606542000314,0.0,0.5213686249917373,5.566979042021558
2026-07-14T19:30:08,KNN-Direct-Manhattan,Micromass,0.4,23,23,1,0.8055555555555556,4.55514162502368,0.0,0.4739877500105649,5.029134582990082
2026-07-14T19:30:18,KNN-IC,Micromass,0.4,24,24,2,0.875,9.82371999998577,0.4762249169871211,0.13434679101919755,10.434297500003595
2026-07-14T19:30:19,Mean-IC,Micromass,0.4,24,24,3,0.7916666666666666,0.9435140830173623,0.009189832984702662,0.09651949998806231,1.0492279580212198
2026-07-14T19:30:24,KNN-Direct,Micromass,0.4,24,24,1,0.7638888888888888,4.60831741700531,0.0,0.47820949999731965,5.086530416010646
2026-07-14T19:30:30,KNN-Direct-Weighted,Micromass,0.4,24,24,1,0.75,5.556735958001809,0.0,0.5245630829886068,6.081302292004693
2026-07-14T19:30:35,KNN-Direct-Manhattan,Micromass,0.4,24,24,3,0.875,4.546552415995393,0.0,0.4740788750059437,5.020635541994125
2026-07-14T19:30:46,KNN-IC,Micromass,0.4,25,25,2,0.7083333333333334,9.93451950000599,0.5187336659873836,0.13414704200113192,10.587406250007916
2026-07-14T19:30:47,Mean-IC,Micromass,0.4,25,25,1,0.7777777777777778,0.9454486669856124,0.009006790991406888,0.09544374997494742,1.0499042090086732
2026-07-14T19:30:52,KNN-Direct,Micromass,0.4,25,25,6,0.6527777777777778,4.6058523330139,0.0,0.4762893329898361,5.0821454169927165
2026-07-14T19:30:58,KNN-Direct-Weighted,Micromass,0.4,25,25,3,0.6527777777777778,5.5665069590031635,0.0,0.5204081249830779,6.086919374996796
2026-07-14T19:31:03,KNN-Direct-Manhattan,Micromass,0.4,25,25,3,0.875,4.559541665978031,0.0,0.47103516600327566,5.03058229200542
2026-07-14T19:31:14,KNN-IC,Micromass,0.4,26,26,4,0.6666666666666666,9.629124291997869,0.7195960000099149,0.1353443749831058,10.484069917001761
2026-07-14T19:31:15,Mean-IC,Micromass,0.4,26,26,3,0.6944444444444444,0.9437275000091176,0.0091233330022078,0.0964097079995554,1.0492655409907456
2026-07-14T19:31:20,KNN-Direct,Micromass,0.4,26,26,1,0.6805555555555556,4.60740608299966,0.0,0.48209562501870096,5.08950449997792
2026-07-14T19:31:26,KNN-Direct-Weighted,Micromass,0.4,26,26,1,0.6666666666666666,5.2615222909953445,0.0,0.7408727500005625,6.002399749995675
2026-07-14T19:31:31,KNN-Direct-Manhattan,Micromass,0.4,26,26,11,0.7916666666666666,4.608566583017819,0.0,0.47901195799931884,5.087583333981456
2026-07-14T19:31:42,KNN-IC,Micromass,0.4,27,27,4,0.7916666666666666,9.807872917008353,0.7355878749804106,0.13473583300947212,10.67820262501482
2026-07-14T19:31:43,Mean-IC,Micromass,0.4,27,27,1,0.8055555555555556,0.9428836250153836,0.009052916982909665,0.09531270799925551,1.0472548329853453
2026-07-14T19:31:48,KNN-Direct,Micromass,0.4,27,27,1,0.7083333333333334,4.60608445800608,0.0,0.4770594580040779,5.0831477499741595
2026-07-14T19:31:53,KNN-Direct-Weighted,Micromass,0.4,27,27,1,0.6944444444444444,5.048156250006286,0.0,0.5211350000172388,5.5692952499957755
2026-07-14T19:31:59,KNN-Direct-Manhattan,Micromass,0.4,27,27,1,0.7777777777777778,5.026488041999983,0.0,0.47593241700087674,5.502425457991194
2026-07-14T19:32:09,KNN-IC,Micromass,0.4,28,28,2,0.8194444444444444,9.248257625004044,0.4745187080116011,0.13456333300564438,9.857344875024864
2026-07-14T19:32:10,Mean-IC,Micromass,0.4,28,28,1,0.8333333333333334,1.125127415987663,0.013858082995284349,0.17384316699462943,1.312838500016369
2026-07-14T19:32:15,KNN-Direct,Micromass,0.4,28,28,6,0.7638888888888888,4.645149500021944,0.0,0.4788653750147205,5.124020041985204
2026-07-14T19:32:21,KNN-Direct-Weighted,Micromass,0.4,28,28,3,0.7083333333333334,5.033178166981088,0.0,0.5245277500071097,5.557709833025001
2026-07-14T19:32:26,KNN-Direct-Manhattan,Micromass,0.4,28,28,3,0.8333333333333334,4.88693899998907,0.0,0.6263352909882087,5.513279209000757
2026-07-14T19:32:37,KNN-IC,Micromass,0.4,29,29,3,0.7777777777777778,9.658412666991353,0.5080835419939831,0.13551179200294428,10.302013667009305
2026-07-14T19:32:38,Mean-IC,Micromass,0.4,29,29,1,0.75,0.942612624989124,0.0090222499857191,0.09517366701038554,1.0468130829976872
2026-07-14T19:32:43,KNN-Direct,Micromass,0.4,29,29,13,0.6527777777777778,4.8171096250007395,0.0,0.4786152910091914,5.295730083016679
2026-07-14T19:32:48,KNN-Direct-Weighted,Micromass,0.4,29,29,8,0.7361111111111112,5.0449969159963075,0.0,0.5215224580024369,5.5665234589832835
2026-07-14T19:32:54,KNN-Direct-Manhattan,Micromass,0.4,29,29,6,0.8611111111111112,4.5532251249824185,0.0,0.4714928329922259,5.024721708003199
2026-07-14T19:33:04,KNN-IC,Micromass,0.4,30,30,3,0.7916666666666666,10.229560834006406,0.5106257500010543,0.13490858298609965,10.875101374986116
2026-07-14T19:33:05,Mean-IC,Micromass,0.4,30,30,6,0.6666666666666666,0.9449265839939471,0.009238207974703982,0.09685833399998955,1.051027665991569
2026-07-14T19:33:11,KNN-Direct,Micromass,0.4,30,30,6,0.7222222222222222,4.799108207982499,0.0,0.4865533330012113,5.285665041999891
2026-07-14T19:33:16,KNN-Direct-Weighted,Micromass,0.4,30,30,9,0.7222222222222222,5.071298916998785,0.0,0.5232779999787454,5.594580459001008
2026-07-14T19:33:21,KNN-Direct-Manhattan,Micromass,0.4,30,30,5,0.8611111111111112,4.57518629101105,0.0,0.4751293339941185,5.0503192500036675
2026-07-14T19:33:33,KNN-IC,Micromass,0.4,31,31,5,0.7916666666666666,10.903708917001495,0.7764165420085192,0.13316441600909457,11.813296416978119
2026-07-14T19:33:34,Mean-IC,Micromass,0.4,31,31,4,0.7361111111111112,0.9512049579934683,0.00929625000571832,0.09505716597777791,1.0555635420023464
2026-07-14T19:33:39,KNN-Direct,Micromass,0.4,31,31,10,0.6944444444444444,4.704293833987322,0.0,0.4894822920032311,5.193779666995397
2026-07-14T19:33:45,KNN-Direct-Weighted,Micromass,0.4,31,31,1,0.7083333333333334,5.386613583017606,0.0,0.5239883330068551,5.910605957993539
2026-07-14T19:33:51,KNN-Direct-Manhattan,Micromass,0.4,31,31,5,0.8333333333333334,4.670297083008336,0.0,0.4737633329932578,5.144064000021899
2026-07-14T19:34:01,KNN-IC,Micromass,0.4,32,32,9,0.6388888888888888,10.073126249975758,0.7429805000138003,0.13481854100245982,10.950930624996545
2026-07-14T19:34:03,Mean-IC,Micromass,0.4,32,32,1,0.7361111111111112,0.943047500011744,0.009107749996474013,0.09639579101349227,1.0485560839879327
2026-07-14T19:34:08,KNN-Direct,Micromass,0.4,32,32,5,0.75,4.600377958005993,0.0,0.47954720800044015,5.079929208004614
2026-07-14T19:34:14,KNN-Direct-Weighted,Micromass,0.4,32,32,1,0.6805555555555556,5.49638154101558,0.0,0.5334402080043219,6.029826375015546
2026-07-14T19:34:19,KNN-Direct-Manhattan,Micromass,0.4,32,32,3,0.8472222222222222,4.552752332994714,0.0,0.47357241599820554,5.026329874992371
2026-07-14T19:34:29,KNN-IC,Micromass,0.4,33,33,4,0.75,9.966873958008364,0.6992344169993885,0.13557837501866743,10.801692167005967
2026-07-14T19:34:31,Mean-IC,Micromass,0.4,33,33,1,0.7638888888888888,0.9416046669939533,0.009111999999731779,0.09558216700679623,1.046303875016747
2026-07-14T19:34:36,KNN-Direct,Micromass,0.4,33,33,10,0.7083333333333334,4.598652458982542,0.0,0.4790668750065379,5.077723750000587
2026-07-14T19:34:41,KNN-Direct-Weighted,Micromass,0.4,33,33,10,0.6805555555555556,5.069576707988745,0.0,0.5201879169908352,5.589768792007817
2026-07-14T19:34:47,KNN-Direct-Manhattan,Micromass,0.4,33,33,7,0.8194444444444444,4.996754958003294,0.0,0.47606320900376886,5.472822957992321
2026-07-14T19:34:57,KNN-IC,Micromass,0.4,34,34,1,0.6944444444444444,9.62019345900626,0.4892657500167843,0.25173395898309536,10.361202166997828
2026-07-14T19:34:58,Mean-IC,Micromass,0.4,34,34,1,0.6388888888888888,1.0863309580017813,0.009225584013620391,0.09667649999028072,1.1922380839823745
2026-07-14T19:35:03,KNN-Direct,Micromass,0.4,34,34,8,0.6805555555555556,4.611477750004269,0.0,0.4809045830043033,5.09238658301183
2026-07-14T19:35:09,KNN-Direct-Weighted,Micromass,0.4,34,34,7,0.7222222222222222,5.0428764160024,0.0,0.5249429999967106,5.567822958983015
2026-07-14T19:35:14,KNN-Direct-Manhattan,Micromass,0.4,34,34,12,0.7638888888888888,4.975771917001111,0.0,0.47414629100239836,5.449923832988134
2026-07-14T19:35:24,KNN-IC,Micromass,0.4,35,35,1,0.8055555555555556,9.36914899997646,0.4323204579995945,0.13425820900010876,9.935733708000043
2026-07-14T19:35:25,Mean-IC,Micromass,0.4,35,35,1,0.7361111111111112,0.9429910000180826,0.009022500016726553,0.09544229198945686,1.0474611250101589
2026-07-14T19:35:31,KNN-Direct,Micromass,0.4,35,35,6,0.7777777777777778,4.797189292003168,0.0,0.4780182499962393,5.275212708016625
2026-07-14T19:35:36,KNN-Direct-Weighted,Micromass,0.4,35,35,6,0.7638888888888888,5.075561959005427,0.0,0.5203874160069972,5.595953540992923
2026-07-14T19:35:41,KNN-Direct-Manhattan,Micromass,0.4,35,35,1,0.8611111111111112,4.544640291976975,0.0,0.47410862499964423,5.018753082986223
2026-07-14T19:35:52,KNN-IC,Micromass,0.4,36,36,2,0.8194444444444444,10.140431459003594,0.47688029101118445,0.13504079199628904,10.752357749996008
2026-07-14T19:35:53,Mean-IC,Micromass,0.4,36,36,6,0.7222222222222222,0.9430415829992853,0.009045917016919702,0.09666108299279585,1.0487535840074997
2026-07-14T19:35:58,KNN-Direct,Micromass,0.4,36,36,4,0.7222222222222222,4.76342724999995,0.0,0.48041799999191426,5.243849542021053
2026-07-14T19:36:04,KNN-Direct-Weighted,Micromass,0.4,36,36,4,0.7083333333333334,5.033771499991417,0.0,0.5211536669812631,5.55492929200409
2026-07-14T19:36:09,KNN-Direct-Manhattan,Micromass,0.4,36,36,1,0.8333333333333334,4.546196541981772,0.0,0.5106222500035074,5.05682283299393
2026-07-14T19:36:20,KNN-IC,Micromass,0.4,37,37,3,0.8055555555555556,10.178361832979135,0.5102881659986451,0.1350736249878537,10.823728791991016
2026-07-14T19:36:21,Mean-IC,Micromass,0.4,37,37,5,0.7083333333333334,0.9427731659961864,0.009135375003097579,0.09557345899520442,1.0474867079756223
2026-07-14T19:36:26,KNN-Direct,Micromass,0.4,37,37,6,0.7638888888888888,4.598627291008597,0.0,0.4820476669992786,5.0806785830063745
2026-07-14T19:36:32,KNN-Direct-Weighted,Micromass,0.4,37,37,1,0.6944444444444444,5.263961166027002,0.0,0.5209274170047138,5.78489237499889
2026-07-14T19:36:37,KNN-Direct-Manhattan,Micromass,0.4,37,37,3,0.7916666666666666,4.54436374999932,0.0,0.46998858300503343,5.014356125000631
2026-07-14T19:36:47,KNN-IC,Micromass,0.4,38,38,3,0.8611111111111112,10.186703958985163,0.5072704589983914,0.13545812500524335,10.829437416017754
2026-07-14T19:36:49,Mean-IC,Micromass,0.4,38,38,1,0.7777777777777778,0.9410180410195608,0.009204290981870145,0.09620433297823183,1.0464314580021892
2026-07-14T19:36:54,KNN-Direct,Micromass,0.4,38,38,7,0.7638888888888888,4.598963666998316,0.0,0.4780285000160802,5.076996499992674
2026-07-14T19:36:59,KNN-Direct-Weighted,Micromass,0.4,38,38,7,0.7638888888888888,5.232512124988716,0.0,0.5235240000183694,5.75604020798346
2026-07-14T19:37:04,KNN-Direct-Manhattan,Micromass,0.4,38,38,5,0.9027777777777778,4.547563250001986,0.0,0.47410962500725873,5.021677417011233
2026-07-14T19:37:15,KNN-IC,Micromass,0.4,39,39,2,0.8472222222222222,10.261420625000028,0.4761247089772951,0.1343253749946598,10.871876249992056
2026-07-14T19:37:16,Mean-IC,Micromass,0.4,39,39,1,0.8055555555555556,0.9436382080020849,0.009039249998750165,0.0957465409883298,1.048428915994009
2026-07-14T19:37:21,KNN-Direct,Micromass,0.4,39,39,6,0.6944444444444444,4.618040250003105,0.0,0.48161887502647005,5.099662916996749
2026-07-14T19:37:27,KNN-Direct-Weighted,Micromass,0.4,39,39,6,0.6944444444444444,5.079645459016319,0.0,0.6518390000273939,5.731489083002089
2026-07-14T19:37:32,KNN-Direct-Manhattan,Micromass,0.4,39,39,3,0.8472222222222222,4.642847916984465,0.0,0.4778092500055209,5.120662583009107
2026-07-14T19:37:43,KNN-IC,Micromass,0.5,0,0,3,0.7777777777777778,9.906000791990664,0.913014083984308,0.22591541599831544,11.044938000006368
2026-07-14T19:37:44,Mean-IC,Micromass,0.5,0,0,1,0.7638888888888888,0.9562004999897908,0.009974499989766628,0.09622287499951199,1.0624025829893071
2026-07-14T19:37:49,KNN-Direct,Micromass,0.5,0,0,3,0.7083333333333334,4.333829000010155,0.0,0.45276370900683105,4.786597749975044
2026-07-14T19:37:54,KNN-Direct-Weighted,Micromass,0.5,0,0,3,0.6666666666666666,4.779986250010552,0.0,0.49678570800460875,5.27677612498519
2026-07-14T19:37:59,KNN-Direct-Manhattan,Micromass,0.5,0,0,5,0.8888888888888888,4.465886374993715,0.0,0.44632333298795857,4.912214458017843
2026-07-14T19:38:10,KNN-IC,Micromass,0.5,1,1,1,0.7361111111111112,9.790129417000571,0.44454179098829627,0.13543749999371357,10.370113499986473
2026-07-14T19:38:11,Mean-IC,Micromass,0.5,1,1,1,0.7361111111111112,0.941752875020029,0.009950125007890165,0.09518962501897477,1.0468974579998758
2026-07-14T19:38:16,KNN-Direct,Micromass,0.5,1,1,3,0.75,4.785206125001423,0.0,0.45249695898382924,5.2377072920207866
2026-07-14T19:38:21,KNN-Direct-Weighted,Micromass,0.5,1,1,3,0.7222222222222222,4.771561583998846,0.0,0.49315929200383835,5.264724874985404
2026-07-14T19:38:26,KNN-Direct-Manhattan,Micromass,0.5,1,1,3,0.8055555555555556,4.276102500007255,0.0,0.4462907080014702,4.722398707992397
2026-07-14T19:38:37,KNN-IC,Micromass,0.5,2,2,1,0.7777777777777778,10.350648999999976,0.44524600001750514,0.13500683300662786,10.930907125002705
2026-07-14T19:38:38,Mean-IC,Micromass,0.5,2,2,1,0.7777777777777778,0.9417940840066876,0.009945625002728775,0.09608470802777447,1.0478290840110276
2026-07-14T19:38:43,KNN-Direct,Micromass,0.5,2,2,9,0.6805555555555556,4.642649000015808,0.0,0.6250329589820467,5.2676861669751815
2026-07-14T19:38:49,KNN-Direct-Weighted,Micromass,0.5,2,2,11,0.7222222222222222,4.772386833996279,0.0,0.49461449999944307,5.2670053750043735
2026-07-14T19:38:53,KNN-Direct-Manhattan,Micromass,0.5,2,2,3,0.7777777777777778,4.278363874997012,0.0,0.44760766698163934,4.725975874986034
2026-07-14T19:39:05,KNN-IC,Micromass,0.5,3,3,8,0.6944444444444444,10.285047250014031,0.7890832920093089,0.13514720799867064,11.209283625008538
2026-07-14T19:39:06,Mean-IC,Micromass,0.5,3,3,1,0.75,0.9417057080136146,0.009776499995496124,0.09530874999472871,1.046796250011539
2026-07-14T19:39:10,KNN-Direct,Micromass,0.5,3,3,10,0.7222222222222222,4.325509834015975,0.0,0.44809195800917223,4.77360620899708
2026-07-14T19:39:16,KNN-Direct-Weighted,Micromass,0.5,3,3,10,0.75,5.288438791001681,0.0,0.5273668750014622,5.8158093340171035
2026-07-14T19:39:21,KNN-Direct-Manhattan,Micromass,0.5,3,3,3,0.8055555555555556,4.30810549997841,0.0,0.4455389580107294,4.753649084013887
2026-07-14T19:39:32,KNN-IC,Micromass,0.5,4,4,8,0.75,10.31176441599382,0.7554526669846382,0.1346815420256462,11.20190424998873
2026-07-14T19:39:33,Mean-IC,Micromass,0.5,4,4,3,0.75,0.9564316670002881,0.009995458007324487,0.09634354198351502,1.0627754159795586
2026-07-14T19:39:38,KNN-Direct,Micromass,0.5,4,4,1,0.7638888888888888,4.348714124993421,0.0,0.4491681669896934,4.797885958018014
2026-07-14T19:39:43,KNN-Direct-Weighted,Micromass,0.5,4,4,1,0.7638888888888888,4.898907750000944,0.0,0.4955885829986073,5.394500833004713
2026-07-14T19:39:48,KNN-Direct-Manhattan,Micromass,0.5,4,4,8,0.8888888888888888,4.281755625008373,0.0,0.44580862499424256,4.7275687500077765
2026-07-14T19:39:58,KNN-IC,Micromass,0.5,5,5,2,0.7777777777777778,9.685690125013934,0.48812870800611563,0.1353616249980405,10.30918616699637
2026-07-14T19:39:59,Mean-IC,Micromass,0.5,5,5,1,0.8055555555555556,0.9464420419826638,0.009908416017424315,0.09564020799007267,1.051995750021888
2026-07-14T19:40:04,KNN-Direct,Micromass,0.5,5,5,5,0.7638888888888888,4.330768207990332,0.0,0.45055591702111997,4.781328500015661
2026-07-14T19:40:10,KNN-Direct-Weighted,Micromass,0.5,5,5,5,0.8055555555555556,4.764249875006499,0.0,0.4937304169870913,5.257984209019924
2026-07-14T19:40:15,KNN-Direct-Manhattan,Micromass,0.5,5,5,3,0.8888888888888888,4.78344308398664,0.0,0.44516308297170326,5.228611166996416
2026-07-14T19:40:25,KNN-IC,Micromass,0.5,6,6,2,0.8333333333333334,9.60835645798943,0.4938062079891097,0.13441420800518245,10.236582416982856
2026-07-14T19:40:26,Mean-IC,Micromass,0.5,6,6,1,0.8194444444444444,0.9420786249975208,0.009803458000533283,0.09623554101563059,1.0481225410185289
2026-07-14T19:40:31,KNN-Direct,Micromass,0.5,6,6,11,0.7083333333333334,4.530396332993405,0.0,0.45010820802417584,4.980509334011003
2026-07-14T19:40:36,KNN-Direct-Weighted,Micromass,0.5,6,6,6,0.75,4.770613000000594,0.0,0.494511541997781,5.26512829202693
2026-07-14T19:40:41,KNN-Direct-Manhattan,Micromass,0.5,6,6,1,0.8472222222222222,4.275021874986123,0.0,0.4458147909899708,4.720842292008456
2026-07-14T19:40:53,KNN-IC,Micromass,0.5,7,7,7,0.6666666666666666,10.821441458014306,0.7432639169855975,0.13574316599988379,11.700454207981238
2026-07-14T19:40:54,Mean-IC,Micromass,0.5,7,7,3,0.6527777777777778,0.9423967920010909,0.009854208998149261,0.09527337501640432,1.0475289580062963
2026-07-14T19:40:59,KNN-Direct,Micromass,0.5,7,7,3,0.7638888888888888,4.773255916981725,0.0,0.4539931670005899,5.227252459008014
2026-07-14T19:41:04,KNN-Direct-Weighted,Micromass,0.5,7,7,4,0.7083333333333334,4.774474334000843,0.0,0.4937063750112429,5.268184375017881
2026-07-14T19:41:09,KNN-Direct-Manhattan,Micromass,0.5,7,7,1,0.8333333333333334,4.316058083000826,0.0,0.44354037501034327,4.759602750011254
2026-07-14T19:41:20,KNN-IC,Micromass,0.5,8,8,3,0.7638888888888888,10.63713720801752,0.5304211659822613,0.13483645801898092,11.302400040993234
2026-07-14T19:41:21,Mean-IC,Micromass,0.5,8,8,1,0.75,0.9441558330145199,0.010042249981779605,0.09647137499996461,1.050674332975177
2026-07-14T19:41:26,KNN-Direct,Micromass,0.5,8,8,7,0.8194444444444444,4.361709208023967,0.0,0.4527621249726508,4.814474791986868
2026-07-14T19:41:32,KNN-Direct-Weighted,Micromass,0.5,8,8,6,0.7638888888888888,4.971550333022606,0.0,0.49523045800742693,5.466784333984833
2026-07-14T19:41:36,KNN-Direct-Manhattan,Micromass,0.5,8,8,9,0.875,4.270156499987934,0.0,0.44552445798763074,4.715685333008878
2026-07-14T19:41:48,KNN-IC,Micromass,0.5,9,9,2,0.7916666666666666,10.850835082994308,0.49118858299334534,0.13446708300034516,11.47649616698618
2026-07-14T19:41:49,Mean-IC,Micromass,0.5,9,9,4,0.7777777777777778,0.9425806250073947,0.009934000001521781,0.09544745800667442,1.0479668749903794
2026-07-14T19:41:54,KNN-Direct,Micromass,0.5,9,9,4,0.7222222222222222,4.342595082998741,0.0,0.45155145798344165,4.794150500005344
2026-07-14T19:42:00,KNN-Direct-Weighted,Micromass,0.5,9,9,5,0.7361111111111112,5.281982957996661,0.0,0.493186041014269,5.775172875000862
2026-07-14T19:42:04,KNN-Direct-Manhattan,Micromass,0.5,9,9,6,0.8333333333333334,4.283441875013523,0.0,0.44567841599928215,4.729124957986642
2026-07-14T19:42:15,KNN-IC,Micromass,0.5,10,10,2,0.8333333333333334,10.127474707987858,0.49305462499614805,0.13509529101429507,10.755630291008856
2026-07-14T19:42:16,Mean-IC,Micromass,0.5,10,10,1,0.7916666666666666,0.941005208005663,0.01023650000570342,0.09639470899128355,1.0476417499885429
2026-07-14T19:42:21,KNN-Direct,Micromass,0.5,10,10,7,0.7638888888888888,4.3373267500137445,0.0,0.485344749991782,4.822675041999901
2026-07-14T19:42:26,KNN-Direct-Weighted,Micromass,0.5,10,10,5,0.7916666666666666,4.772650667000562,0.0,0.49534579101600684,5.267999917006819
2026-07-14T19:42:31,KNN-Direct-Manhattan,Micromass,0.5,10,10,5,0.875,4.73376879200805,0.0,0.4468495420005638,5.180622415995458
2026-07-14T19:42:43,KNN-IC,Micromass,0.5,11,11,6,0.7638888888888888,10.020599584007869,0.9102572079864331,0.25289624999277294,11.183762792003108
2026-07-14T19:42:44,Mean-IC,Micromass,0.5,11,11,1,0.7361111111111112,1.0743367499962915,0.010079250001581386,0.09549733300809748,1.1799193750193808
2026-07-14T19:42:48,KNN-Direct,Micromass,0.5,11,11,1,0.8055555555555556,4.328159333002986,0.0,0.45050104201072827,4.778664582991041
2026-07-14T19:42:54,KNN-Direct-Weighted,Micromass,0.5,11,11,3,0.8194444444444444,4.771364333981182,0.0,0.4939097500173375,5.265278208011296
2026-07-14T19:42:59,KNN-Direct-Manhattan,Micromass,0.5,11,11,6,0.9166666666666666,4.780075791000854,0.0,0.45373033301439136,5.2338115829916205
2026-07-14T19:43:10,KNN-IC,Micromass,0.5,12,12,2,0.8472222222222222,10.102947333012708,0.49051120900548995,0.13442162499995902,10.727885666012298
2026-07-14T19:43:11,Mean-IC,Micromass,0.5,12,12,1,0.8194444444444444,0.9459358330059331,0.009775208018254489,0.09666154201840982,1.052377499989234
2026-07-14T19:43:16,KNN-Direct,Micromass,0.5,12,12,3,0.8194444444444444,4.51932120800484,0.0,0.4552815839997493,4.9746062500053085
2026-07-14T19:43:21,KNN-Direct-Weighted,Micromass,0.5,12,12,3,0.8055555555555556,4.781352375022834,0.0,0.49593937501776963,5.277295417006826
2026-07-14T19:43:26,KNN-Direct-Manhattan,Micromass,0.5,12,12,3,0.8333333333333334,4.296701749990461,0.0,0.4464917080185842,4.743197874980979
2026-07-14T19:43:37,KNN-IC,Micromass,0.5,13,13,2,0.7916666666666666,10.52656054199906,0.4934400000202004,0.13465933399857022,11.154665040987311
2026-07-14T19:43:38,Mean-IC,Micromass,0.5,13,13,1,0.8333333333333334,0.9475130840146448,0.009857874974841252,0.09572170799947344,1.0530977080052253
2026-07-14T19:43:43,KNN-Direct,Micromass,0.5,13,13,6,0.6666666666666666,4.437158082990209,0.0,0.5218140420038253,4.958977000002051
2026-07-14T19:43:48,KNN-Direct-Weighted,Micromass,0.5,13,13,14,0.6944444444444444,4.789077791007003,0.0,0.49429433298064396,5.283375833008904
2026-07-14T19:43:53,KNN-Direct-Manhattan,Micromass,0.5,13,13,3,0.8611111111111112,4.2966632500174455,0.0,0.4449537079781294,4.7416216249985155
2026-07-14T19:44:04,KNN-IC,Micromass,0.5,14,14,3,0.7638888888888888,10.516988832998322,0.5298103330133017,0.13409041598788463,11.180899708007928
2026-07-14T19:44:05,Mean-IC,Micromass,0.5,14,14,1,0.7361111111111112,0.9435627500060946,0.009979374997783452,0.09684008298791014,1.0503869999956805
2026-07-14T19:44:10,KNN-Direct,Micromass,0.5,14,14,7,0.7222222222222222,4.347171833011089,0.0,0.44937470901641063,4.796550750004826
2026-07-14T19:44:16,KNN-Direct-Weighted,Micromass,0.5,14,14,7,0.7361111111111112,5.034625166998012,0.0,0.49999362498056144,5.534622125007445
2026-07-14T19:44:20,KNN-Direct-Manhattan,Micromass,0.5,14,14,10,0.9027777777777778,4.301229750009952,0.0,0.44861862499965355,4.749853166984394
2026-07-14T19:44:31,KNN-IC,Micromass,0.5,15,15,2,0.7916666666666666,10.353326707991073,0.4931618339905981,0.1342357080138754,10.980729708011495
2026-07-14T19:44:32,Mean-IC,Micromass,0.5,15,15,3,0.8194444444444444,0.9437697920075152,0.010063832974992692,0.09541129201534204,1.0492499580141157
2026-07-14T19:44:37,KNN-Direct,Micromass,0.5,15,15,4,0.7638888888888888,4.33370333298808,0.0,0.44959524998557754,4.7833017079974525
2026-07-14T19:44:43,KNN-Direct-Weighted,Micromass,0.5,15,15,5,0.8055555555555556,4.7834419590071775,0.0,0.6531864169810433,5.436634082987439
2026-07-14T19:44:48,KNN-Direct-Manhattan,Micromass,0.5,15,15,3,0.8888888888888888,4.615998583001783,0.0,0.44624479199410416,5.06224870798178
2026-07-14T19:44:59,KNN-IC,Micromass,0.5,16,16,1,0.8055555555555556,10.464440207986627,0.44707683302112855,0.13428229099372402,11.04580462499871
2026-07-14T19:45:00,Mean-IC,Micromass,0.5,16,16,4,0.8333333333333334,0.9431740420113783,0.009788374998606741,0.09667958298814483,1.049646750005195
2026-07-14T19:45:05,KNN-Direct,Micromass,0.5,16,16,3,0.7916666666666666,4.338217709009768,0.0,0.45548649999545887,4.793708499986678
2026-07-14T19:45:10,KNN-Direct-Weighted,Micromass,0.5,16,16,10,0.7777777777777778,4.783026416989742,0.0,0.49671704100910574,5.279747666994808
2026-07-14T19:45:15,KNN-Direct-Manhattan,Micromass,0.5,16,16,9,0.8472222222222222,4.720837875007419,0.0,0.44706079200841486,5.16790395899443
2026-07-14T19:45:25,KNN-IC,Micromass,0.5,17,17,2,0.7361111111111112,9.649211749987444,0.49045254100929014,0.135324708011467,10.274994708015583
2026-07-14T19:45:26,Mean-IC,Micromass,0.5,17,17,1,0.7083333333333334,0.9429629170044791,0.01013999999850057,0.09549620799953118,1.048603709001327
2026-07-14T19:45:31,KNN-Direct,Micromass,0.5,17,17,3,0.7083333333333334,4.575490916991839,0.0,0.45168762499815784,5.027183541009435
2026-07-14T19:45:37,KNN-Direct-Weighted,Micromass,0.5,17,17,3,0.7222222222222222,4.780515124992235,0.0,0.4942662919929717,5.274785875022644
2026-07-14T19:45:41,KNN-Direct-Manhattan,Micromass,0.5,17,17,7,0.8472222222222222,4.287179457984166,0.0,0.4469304170052055,4.734114542021416
2026-07-14T19:45:53,KNN-IC,Micromass,0.5,18,18,2,0.8194444444444444,10.576934834010899,0.49224266700912267,0.13461649999953806,11.203799500013702
2026-07-14T19:45:54,Mean-IC,Micromass,0.5,18,18,1,0.8194444444444444,0.9459138329839334,0.009996208013035357,0.09631912500481121,1.0522342500044033
2026-07-14T19:45:59,KNN-Direct,Micromass,0.5,18,18,3,0.6805555555555556,4.52139112498844,0.0,0.44971225000335835,4.971106916986173
2026-07-14T19:46:04,KNN-Direct-Weighted,Micromass,0.5,18,18,8,0.7222222222222222,4.780167500022799,0.0,0.49447733399574645,5.274648541002534
2026-07-14T19:46:09,KNN-Direct-Manhattan,Micromass,0.5,18,18,4,0.8055555555555556,4.32149400000344,0.0,0.44632870799978264,4.7678280000109226
2026-07-14T19:46:20,KNN-IC,Micromass,0.5,19,19,3,0.7361111111111112,10.511178041022504,0.7641648330027238,0.13610370902461,11.411451417021453
2026-07-14T19:46:21,Mean-IC,Micromass,0.5,19,19,3,0.7916666666666666,0.9369050420064013,0.00978670798940584,0.09673691602074541,1.043433000013465
2026-07-14T19:48:16,KNN-Direct,Micromass,0.5,19,19,3,0.75,27.61374512501061,0.0,0.4467803330044262,28.06055629099137
2026-07-14T19:48:21,KNN-Direct-Weighted,Micromass,0.5,19,19,10,0.7083333333333334,4.7171947919996455,0.0,0.48744658299256116,5.204665667028166
2026-07-14T19:48:26,KNN-Direct-Manhattan,Micromass,0.5,19,19,5,0.8333333333333334,4.513386541017098,0.0,0.436718542012386,4.950109291996341
2026-07-14T19:48:37,KNN-IC,Micromass,0.5,20,20,2,0.8194444444444444,9.92408987498493,0.49671174999093637,0.13278975000139326,10.553596042009303
2026-07-14T19:48:38,Mean-IC,Micromass,0.5,20,20,5,0.6666666666666666,0.9297333750000689,0.0099624159920495,0.09458333300426602,1.0342822920065373
2026-07-14T19:48:43,KNN-Direct,Micromass,0.5,20,20,6,0.8055555555555556,4.304857333016116,0.0,0.44247508302214555,4.747337500011781
2026-07-14T19:48:48,KNN-Direct-Weighted,Micromass,0.5,20,20,5,0.7916666666666666,4.716313125012675,0.0,0.491879915993195,5.208198749984149
2026-07-14T19:48:52,KNN-Direct-Manhattan,Micromass,0.5,20,20,6,0.9027777777777778,4.207846542005427,0.0,0.438985666987719,4.646838250017026
2026-07-14T19:49:03,KNN-IC,Micromass,0.5,21,21,2,0.8333333333333334,10.217292083019856,0.4841485829965677,0.13363729100092314,10.83508237497881
2026-07-14T19:49:04,Mean-IC,Micromass,0.5,21,21,1,0.8611111111111112,0.9297967499878723,0.009410375001607463,0.09403604199178517,1.0332464590028394
2026-07-14T19:49:09,KNN-Direct,Micromass,0.5,21,21,3,0.7361111111111112,4.257401457987726,0.0,0.44142041602754034,4.698826083011227
2026-07-14T19:49:14,KNN-Direct-Weighted,Micromass,0.5,21,21,3,0.75,4.835538291983539,0.0,0.4878462920023594,5.32339000000502
2026-07-14T19:49:19,KNN-Direct-Manhattan,Micromass,0.5,21,21,1,0.8055555555555556,4.208923541998956,0.0,0.4362941249855794,4.645222500024829
2026-07-14T19:49:30,KNN-IC,Micromass,0.5,22,22,14,0.6805555555555556,10.393353042018134,0.7835309169895481,0.13383895898004994,11.310727250005584
2026-07-14T19:49:31,Mean-IC,Micromass,0.5,22,22,3,0.8055555555555556,0.9274979589972645,0.009686916979262605,0.09503383300034329,1.0322221670066938
2026-07-14T19:49:36,KNN-Direct,Micromass,0.5,22,22,12,0.7638888888888888,4.257236167002702,0.0,0.44348725001327693,4.700727667019237
2026-07-14T19:49:41,KNN-Direct-Weighted,Micromass,0.5,22,22,10,0.7638888888888888,4.839177415997256,0.0,0.4978363339905627,5.337018582999008
2026-07-14T19:49:46,KNN-Direct-Manhattan,Micromass,0.5,22,22,8,0.8611111111111112,4.212927207991015,0.0,0.43833216701750644,4.651266333006788
2026-07-14T19:50:01,KNN-IC,Micromass,0.5,23,23,5,0.625,10.007681000017328,1.013619250006741,0.13573437501327135,11.157038958015619
2026-07-14T19:50:02,Mean-IC,Micromass,0.5,23,23,1,0.7083333333333334,0.9280092499975581,0.009916374983731657,0.09384079198935069,1.031769749999512
2026-07-14T19:50:06,KNN-Direct,Micromass,0.5,23,23,15,0.6805555555555556,4.2601906250056345,0.0,0.4399929999781307,4.700187417009147
2026-07-14T19:50:12,KNN-Direct-Weighted,Micromass,0.5,23,23,11,0.7083333333333334,4.707229000021471,0.0,0.48775991701404564,5.194994624995161
2026-07-14T19:50:16,KNN-Direct-Manhattan,Micromass,0.5,23,23,14,0.8333333333333334,4.324704541009851,0.0,0.43550900000263937,4.7602192920167
2026-07-14T19:50:27,KNN-IC,Micromass,0.5,24,24,1,0.7638888888888888,9.717582250013947,0.44130220901570283,0.13328570901649073,10.292174458998488
2026-07-14T19:50:28,Mean-IC,Micromass,0.5,24,24,3,0.8055555555555556,0.9258842920244206,0.009794750018045306,0.09472462499979883,1.0304101249785163
2026-07-14T19:50:33,KNN-Direct,Micromass,0.5,24,24,3,0.7916666666666666,4.6401024170045275,0.0,0.4407642919977661,5.080871290992945
2026-07-14T19:53:30,KNN-Direct-Weighted,Micromass,0.5,24,24,3,0.7916666666666666,4.848784333997173,0.0,0.5007004170038272,5.349490499997046
2026-07-14T19:53:36,KNN-Direct-Manhattan,Micromass,0.5,24,24,1,0.8333333333333334,5.089609207992908,0.0,0.4410202920262236,5.530635709001217
2026-07-14T19:53:47,KNN-IC,Micromass,0.5,25,25,2,0.8194444444444444,10.145023832999868,0.48498024998116307,0.13359308301005512,10.76360224999371
2026-07-14T19:53:48,Mean-IC,Micromass,0.5,25,25,1,0.8055555555555556,0.9383740829944145,0.009959791990695521,0.09548654101672582,1.0438260000082664
2026-07-14T19:53:53,KNN-Direct,Micromass,0.5,25,25,3,0.6805555555555556,4.4020911660045385,0.0,0.45024504102184437,4.85234062501695
2026-07-14T19:53:58,KNN-Direct-Weighted,Micromass,0.5,25,25,3,0.6805555555555556,4.788118790980661,0.0,0.500577583006816,5.288700625009369
2026-07-14T19:54:03,KNN-Direct-Manhattan,Micromass,0.5,25,25,4,0.875,4.2833187080104835,0.0,0.4455030829994939,4.728826332982862
2026-07-14T19:54:13,KNN-IC,Micromass,0.5,26,26,4,0.5694444444444444,9.885068250005133,0.7603579169954173,0.13559883399284445,10.781030957994517
2026-07-14T19:54:14,Mean-IC,Micromass,0.5,26,26,1,0.6388888888888888,0.9443336249969434,0.009964416996808723,0.09649895899929106,1.050801791017875
2026-07-14T19:54:19,KNN-Direct,Micromass,0.5,26,26,10,0.7222222222222222,4.328268457989907,0.0,0.4522734170022886,4.780546374997357
2026-07-14T19:54:25,KNN-Direct-Weighted,Micromass,0.5,26,26,8,0.6805555555555556,4.945889750000788,0.0,0.49605991700082086,5.441954499983694
2026-07-14T19:54:29,KNN-Direct-Manhattan,Micromass,0.5,26,26,15,0.8472222222222222,4.277847374993144,0.0,0.447418124997057,4.725269917020341
2026-07-14T19:54:40,KNN-IC,Micromass,0.5,27,27,3,0.7638888888888888,10.431211707997136,0.5243892500002403,0.13390208399505354,11.089508666016627
2026-07-14T19:54:42,Mean-IC,Micromass,0.5,27,27,5,0.7222222222222222,0.9405697909824084,0.009903416997985914,0.09497154198470525,1.0454500839987304
2026-07-14T19:54:46,KNN-Direct,Micromass,0.5,27,27,8,0.6805555555555556,4.29701095802011,0.0,0.44410112500190735,4.74111579201417
2026-07-14T19:54:52,KNN-Direct-Weighted,Micromass,0.5,27,27,5,0.6527777777777778,4.789626625017263,0.0,0.5547864170221146,5.344417957996484
2026-07-14T19:54:56,KNN-Direct-Manhattan,Micromass,0.5,27,27,12,0.7916666666666666,4.287852082983591,0.0,0.4405628750100732,4.728419916995335
2026-07-14T19:55:08,KNN-IC,Micromass,0.5,28,28,4,0.7916666666666666,10.27686270797858,0.825946875003865,0.1565897499967832,11.25940704200184
2026-07-14T19:55:09,Mean-IC,Micromass,0.5,28,28,1,0.8055555555555556,0.992450290999841,0.010075875004986301,0.0985553750069812,1.1010871670150664
2026-07-14T19:55:14,KNN-Direct,Micromass,0.5,28,28,5,0.6527777777777778,4.444389583019074,0.0,0.46297887500259094,4.9073727920185775
2026-07-14T19:55:19,KNN-Direct-Weighted,Micromass,0.5,28,28,5,0.6805555555555556,4.85488554200856,0.0,0.5404200840275735,5.3953101669903845
2026-07-14T19:55:25,KNN-Direct-Manhattan,Micromass,0.5,28,28,1,0.8472222222222222,5.626602915988769,0.0,0.588955207989784,6.215566333004972
2026-07-14T19:55:37,KNN-IC,Micromass,0.5,29,29,4,0.75,10.533701292006299,0.8594981659844052,0.1345312909979839,11.527740624995204
2026-07-14T19:55:38,Mean-IC,Micromass,0.5,29,29,1,0.7916666666666666,0.9467376249958761,0.009857916011242196,0.09536591701908037,1.051967917010188
2026-07-14T19:55:43,KNN-Direct,Micromass,0.5,29,29,5,0.7222222222222222,4.440580666007008,0.0,0.4521089170011692,4.892692958004773
2026-07-14T19:55:48,KNN-Direct-Weighted,Micromass,0.5,29,29,11,0.6944444444444444,4.773622833978152,0.0,0.49523183301789686,5.268858208990423
2026-07-14T19:55:53,KNN-Direct-Manhattan,Micromass,0.5,29,29,9,0.8611111111111112,4.681306082988158,0.0,0.49989858400658704,5.181208207999589
2026-07-14T19:56:04,KNN-IC,Micromass,0.5,30,30,7,0.6666666666666666,9.895492416981142,0.7815060410066508,0.13400849999743514,10.81101329199737
2026-07-14T19:56:05,Mean-IC,Micromass,0.5,30,30,12,0.6388888888888888,0.993124083004659,0.010032082995167002,0.09846045801532455,1.1016230420209467
2026-07-14T19:56:10,KNN-Direct,Micromass,0.5,30,30,14,0.6805555555555556,4.425370250013657,0.0,0.4553597919875756,4.880733625002904
2026-07-14T19:56:15,KNN-Direct-Weighted,Micromass,0.5,30,30,12,0.7222222222222222,4.772133708989713,0.0,0.4974014589970466,5.269538584019756
2026-07-14T19:56:20,KNN-Direct-Manhattan,Micromass,0.5,30,30,10,0.7916666666666666,4.274222540989285,0.0,0.45188337500439957,4.726109874987742
2026-07-14T19:56:31,KNN-IC,Micromass,0.5,31,31,1,0.7638888888888888,10.645008958003018,0.4465734999976121,0.134906791994581,11.226494750007987
2026-07-14T19:56:32,Mean-IC,Micromass,0.5,31,31,3,0.7361111111111112,0.9418610839929897,0.00977699999930337,0.09533908299636096,1.0469827909837477
2026-07-14T19:56:37,KNN-Direct,Micromass,0.5,31,31,3,0.75,4.565729916997952,0.0,0.5254559169989079,5.0911895419994835
2026-07-14T19:56:43,KNN-Direct-Weighted,Micromass,0.5,31,31,13,0.7361111111111112,4.77801329200156,0.0,0.49557224998716265,5.273589374992298
2026-07-14T19:56:47,KNN-Direct-Manhattan,Micromass,0.5,31,31,5,0.8611111111111112,4.281785625003977,0.0,0.4426857910002582,4.72447616700083
2026-07-14T19:56:59,KNN-IC,Micromass,0.5,32,32,4,0.6388888888888888,10.896288124989951,0.7635365419846494,0.1347977080149576,11.794627374998527
2026-07-14T19:57:00,Mean-IC,Micromass,0.5,32,32,3,0.6944444444444444,0.9402447089960333,0.009962250012904406,0.09664274999522604,1.0468583749898244
2026-07-14T19:57:05,KNN-Direct,Micromass,0.5,32,32,6,0.6944444444444444,4.3667071249801666,0.0,0.44874962500762194,4.81546033298946
2026-07-14T19:57:11,KNN-Direct-Weighted,Micromass,0.5,32,32,6,0.6944444444444444,5.001699834014289,0.0,0.497038417001022,5.498742000025231
2026-07-14T19:57:15,KNN-Direct-Manhattan,Micromass,0.5,32,32,1,0.7638888888888888,4.269807792006759,0.0,0.447080999991158,4.716893208009424
2026-07-14T19:57:27,KNN-IC,Micromass,0.5,33,33,6,0.6527777777777778,10.505444582988275,0.7668511669908185,0.13473045799764805,11.40703183299047
2026-07-14T19:57:28,Mean-IC,Micromass,0.5,33,33,1,0.6527777777777778,0.9448522499878891,0.009595957992132753,0.0952878330135718,1.0497419169987552
2026-07-14T19:57:33,KNN-Direct,Micromass,0.5,33,33,7,0.7083333333333334,4.331150540994713,0.0,0.45125804099370725,4.782412000000477
2026-07-14T19:57:38,KNN-Direct-Weighted,Micromass,0.5,33,33,5,0.7777777777777778,5.125873249984579,0.0,0.4929487089975737,5.618825665995246
2026-07-14T19:57:43,KNN-Direct-Manhattan,Micromass,0.5,33,33,8,0.8055555555555556,4.272190916992258,0.0,0.4525373750075232,4.724732458009385
2026-07-14T19:57:54,KNN-IC,Micromass,0.5,34,34,1,0.7638888888888888,10.71743812499335,0.4475135419925209,0.13461516698589548,11.299572541989619
2026-07-14T19:57:55,Mean-IC,Micromass,0.5,34,34,8,0.6388888888888888,0.9401114580105059,0.009663416014518589,0.09644620897597633,1.0462263329827692
2026-07-14T19:58:00,KNN-Direct,Micromass,0.5,34,34,10,0.7222222222222222,4.3293713750026654,0.0,0.4561619579908438,4.785536791023333
2026-07-14T19:58:05,KNN-Direct-Weighted,Micromass,0.5,34,34,10,0.7361111111111112,4.762527208018582,0.0,0.49758158400072716,5.2601122919877525
2026-07-14T19:58:10,KNN-Direct-Manhattan,Micromass,0.5,34,34,9,0.7638888888888888,4.512908000004245,0.0,0.45151349998195656,4.964425250014756
2026-07-14T19:58:21,KNN-IC,Micromass,0.5,35,35,2,0.7083333333333334,10.037774333992274,0.5045329169952311,0.13609395798994228,10.678407415980473
2026-07-14T19:58:22,Mean-IC,Micromass,0.5,35,35,1,0.6944444444444444,1.1714463749958668,0.012569415994221345,0.12238520800019614,1.3064070420223288
2026-07-14T19:58:27,KNN-Direct,Micromass,0.5,35,35,1,0.6944444444444444,4.3932403340004385,0.0,0.45254616701276973,4.845790915976977
2026-07-14T19:58:32,KNN-Direct-Weighted,Micromass,0.5,35,35,1,0.7222222222222222,4.776358332979726,0.0,0.4965377080079634,5.272899750008946
2026-07-14T19:58:37,KNN-Direct-Manhattan,Micromass,0.5,35,35,4,0.875,4.393802292004693,0.0,0.5705292919883505,4.96433600000455
2026-07-14T19:58:48,KNN-IC,Micromass,0.5,36,36,4,0.6944444444444444,10.05216737498995,0.7792337080172729,0.13429370798985474,10.96570125001017
2026-07-14T19:58:49,Mean-IC,Micromass,0.5,36,36,1,0.6944444444444444,0.9565622500085738,0.009844207990681753,0.09881870899698697,1.0652313750179019
2026-07-14T19:58:54,KNN-Direct,Micromass,0.5,36,36,4,0.6805555555555556,4.501843791978899,0.0,0.4535134590114467,4.955361333995825
2026-07-14T19:59:00,KNN-Direct-Weighted,Micromass,0.5,36,36,12,0.7083333333333334,4.836324000003515,0.0,0.50585708298604,5.342185542016523
2026-07-14T19:59:04,KNN-Direct-Manhattan,Micromass,0.5,36,36,4,0.8333333333333334,4.346498833008809,0.0,0.4557427919935435,4.8022463750094175
2026-07-14T19:59:16,KNN-IC,Micromass,0.5,37,37,4,0.7777777777777778,10.256281417008722,0.734451041003922,0.13524833400151692,11.125987624982372
2026-07-14T19:59:17,Mean-IC,Micromass,0.5,37,37,5,0.7361111111111112,0.971935042005498,0.009934458998031914,0.09524195801350288,1.0771166670019738
2026-07-14T19:59:21,KNN-Direct,Micromass,0.5,37,37,7,0.6666666666666666,4.365192166995257,0.0,0.46690408399445005,4.832099749997724
2026-07-14T19:59:27,KNN-Direct-Weighted,Micromass,0.5,37,37,3,0.6111111111111112,4.8129947919806,0.0,0.4940060000226367,5.307004875008715
2026-07-14T19:59:32,KNN-Direct-Manhattan,Micromass,0.5,37,37,5,0.8055555555555556,4.257499792001909,0.0,0.4450330419931561,4.7025365000008605
2026-07-14T19:59:47,KNN-IC,Micromass,0.5,38,38,3,0.75,15.083277333003934,0.5276067499944475,0.13492279199999757,15.745813250017818
2026-07-14T19:59:48,Mean-IC,Micromass,0.5,38,38,3,0.8194444444444444,0.9574465000187047,0.009995667001930997,0.09711274999426678,1.0645605840254575
2026-07-14T19:59:55,KNN-Direct,Micromass,0.5,38,38,11,0.7083333333333334,5.907197708002059,0.0,0.7791506669891533,6.686361540982034
2026-07-14T20:00:03,KNN-Direct-Weighted,Micromass,0.5,38,38,6,0.7083333333333334,6.942636082996614,0.0,0.899724166985834,7.842369417019654
2026-07-14T20:00:09,KNN-Direct-Manhattan,Micromass,0.5,38,38,5,0.8333333333333334,5.442809125001077,0.0,0.49171866598771885,5.934535707987379
2026-07-14T20:00:20,KNN-IC,Micromass,0.5,39,39,1,0.7916666666666666,10.736310290987603,0.44411108299391344,0.13514041699818335,11.315568083984545
2026-07-14T20:00:21,Mean-IC,Micromass,0.5,39,39,1,0.8055555555555556,0.94564991700463,0.010167500004172325,0.09597279198351316,1.0517952080117539
2026-07-14T20:00:26,KNN-Direct,Micromass,0.5,39,39,8,0.7083333333333334,4.44585812499281,0.0,0.4474765839986503,4.893338333000429
2026-07-14T20:00:31,KNN-Direct-Weighted,Micromass,0.5,39,39,11,0.7222222222222222,4.834556624991819,0.0,0.49432004199479707,5.328880667017074
2026-07-14T20:00:36,KNN-Direct-Manhattan,Micromass,0.5,39,39,4,0.8472222222222222,4.332518540992169,0.0,0.4850626249972265,4.817585290991701
