timestamp,method,dataset,missing_rate,trial,seed,n_neighbors,accuracy,tuning_time_sec,train_time_sec,predict_time_sec,total_time_sec
2026-07-14T23:50:56,KNN-IC,Parkinson2clc,0.1,0,0,1,0.8974358974358975,0.3570072500151582,0.0076901249994989485,0.021200750023126602,0.38590304198442027
2026-07-14T23:50:56,Mean-IC,Parkinson2clc,0.1,0,0,1,0.9230769230769231,0.2103290829982143,0.0009278339857701212,0.02140374999726191,0.23266645899275318
2026-07-14T23:50:56,KNN-Direct,Parkinson2clc,0.1,0,0,1,0.9487179487179487,0.404400125000393,0.0,0.04122545800055377,0.4456296249991283
2026-07-14T23:50:57,KNN-Direct-Weighted,Parkinson2clc,0.1,0,0,1,0.9487179487179487,0.5076766249840148,0.0,0.05162675000610761,0.5593083330022637
2026-07-14T23:50:57,KNN-Direct-Manhattan,Parkinson2clc,0.1,0,0,4,0.9487179487179487,0.39055458302027546,0.0,0.0395228749839589,0.4300817920011468
2026-07-14T23:50:58,KNN-IC,Parkinson2clc,0.1,1,1,1,0.8717948717948718,0.35433724999893457,0.008852791012031958,0.021706625004298985,0.3849031250283588
2026-07-14T23:50:58,Mean-IC,Parkinson2clc,0.1,1,1,1,0.9230769230769231,0.2099888340162579,0.0009717080101836473,0.020985042006941512,0.23195029099588282
2026-07-14T23:50:58,KNN-Direct,Parkinson2clc,0.1,1,1,3,0.8974358974358975,0.4032423330063466,0.0,0.040948832989670336,0.44419408301473595
2026-07-14T23:50:59,KNN-Direct-Weighted,Parkinson2clc,0.1,1,1,1,0.9487179487179487,0.5051936249947175,0.0,0.051072125002974644,0.5562697910063434
2026-07-14T23:50:59,KNN-Direct-Manhattan,Parkinson2clc,0.1,1,1,1,0.9230769230769231,0.3884625000064261,0.0,0.03945079198456369,0.42791704199044034
2026-07-14T23:51:00,KNN-IC,Parkinson2clc,0.1,2,2,4,0.7692307692307693,0.3327386250020936,0.008901875000447035,0.021318874991266057,0.3629631249932572
2026-07-14T23:51:00,Mean-IC,Parkinson2clc,0.1,2,2,1,0.7692307692307693,0.20863983398885466,0.0009098339942283928,0.020878125011222437,0.23043116700137034
2026-07-14T23:51:00,KNN-Direct,Parkinson2clc,0.1,2,2,1,0.8461538461538461,0.40393000000040047,0.0,0.04119795799488202,0.44513116698362865
2026-07-14T23:51:01,KNN-Direct-Weighted,Parkinson2clc,0.1,2,2,1,0.7948717948717948,0.5033422499836888,0.0,0.051287915994180366,0.5546337080013473
2026-07-14T23:51:01,KNN-Direct-Manhattan,Parkinson2clc,0.1,2,2,6,0.8461538461538461,0.40173987500020303,0.0,0.05415704200277105,0.45590162501321174
2026-07-14T23:51:02,KNN-IC,Parkinson2clc,0.1,3,3,3,0.8205128205128205,0.41864558300585486,0.008212665998144075,0.025854166015051305,0.4527174169779755
2026-07-14T23:51:02,Mean-IC,Parkinson2clc,0.1,3,3,1,0.9487179487179487,0.2161795840074774,0.0009511250245850533,0.021203832991886884,0.23833891699905507
2026-07-14T23:51:03,KNN-Direct,Parkinson2clc,0.1,3,3,3,0.8717948717948718,0.4056675419851672,0.0,0.04096054201363586,0.4466312500007916
2026-07-14T23:51:03,KNN-Direct-Weighted,Parkinson2clc,0.1,3,3,3,0.8717948717948718,0.5051183330069762,0.0,0.05158645901246928,0.5567084999929648
2026-07-14T23:51:04,KNN-Direct-Manhattan,Parkinson2clc,0.1,3,3,3,0.9230769230769231,0.3883062500099186,0.0,0.04006995799136348,0.42837970901746303
2026-07-14T23:51:04,KNN-IC,Parkinson2clc,0.1,4,4,3,0.8717948717948718,0.33044499999959953,0.008190000022295862,0.020966707990737632,0.359606083977269
2026-07-14T23:51:04,Mean-IC,Parkinson2clc,0.1,4,4,3,0.8717948717948718,0.20990604200051166,0.0009592080023139715,0.021328583010472357,0.23220562498318031
2026-07-14T23:51:05,KNN-Direct,Parkinson2clc,0.1,4,4,3,0.9487179487179487,0.4134797080187127,0.0,0.04135462499107234,0.45483745797537267
2026-07-14T23:51:05,KNN-Direct-Weighted,Parkinson2clc,0.1,4,4,3,0.9487179487179487,0.5148369160015136,0.0,0.050751916016452014,0.5655922910082154
2026-07-14T23:51:06,KNN-Direct-Manhattan,Parkinson2clc,0.1,4,4,3,0.9487179487179487,0.3865169579803478,0.0,0.039137792016845196,0.4256584160029888
2026-07-14T23:51:06,KNN-IC,Parkinson2clc,0.1,5,5,2,0.9487179487179487,0.3299782500253059,0.008145999978296459,0.021406250016298145,0.35953329197946005
2026-07-14T23:51:06,Mean-IC,Parkinson2clc,0.1,5,5,1,0.8974358974358975,0.21614112498355098,0.0009945000056177378,0.07708087499486282,0.2942202919803094
2026-07-14T23:51:07,KNN-Direct,Parkinson2clc,0.1,5,5,1,0.9487179487179487,0.40630404101102613,0.0,0.041137541993521154,0.44744524999987334
2026-07-14T23:51:07,KNN-Direct-Weighted,Parkinson2clc,0.1,5,5,1,0.9487179487179487,0.5058559169992805,0.0,0.051162916992325336,0.5570224169932771
2026-07-14T23:51:08,KNN-Direct-Manhattan,Parkinson2clc,0.1,5,5,1,0.9487179487179487,0.39024529099697247,0.0,0.039766458998201415,0.4300156249955762
2026-07-14T23:51:08,KNN-IC,Parkinson2clc,0.1,6,6,3,0.8717948717948718,0.3292961659899447,0.008156000025337562,0.021266457973979414,0.35872216601273976
2026-07-14T23:51:08,Mean-IC,Parkinson2clc,0.1,6,6,1,0.8461538461538461,0.2088046669960022,0.0009221670043189079,0.0211749579757452,0.23090870899613947
2026-07-14T23:51:09,KNN-Direct,Parkinson2clc,0.1,6,6,3,0.8717948717948718,0.40336458300589584,0.0,0.04115524998633191,0.44452320798882283
2026-07-14T23:51:09,KNN-Direct-Weighted,Parkinson2clc,0.1,6,6,3,0.7948717948717948,0.5057625419867691,0.0,0.05146899999817833,0.5572350000147708
2026-07-14T23:51:10,KNN-Direct-Manhattan,Parkinson2clc,0.1,6,6,3,0.8717948717948718,0.3900089169910643,0.0,0.03962150000734255,0.4296346659830306
2026-07-14T23:51:10,KNN-IC,Parkinson2clc,0.1,7,7,1,0.9743589743589743,0.32864954200340435,0.007673332991544157,0.021385416010161862,0.357711582997581
2026-07-14T23:51:10,Mean-IC,Parkinson2clc,0.1,7,7,1,0.9487179487179487,0.2085301250044722,0.000970041990512982,0.02116433301125653,0.2306682499765884
2026-07-14T23:51:11,KNN-Direct,Parkinson2clc,0.1,7,7,1,0.9487179487179487,0.40273241701652296,0.0,0.04090974997961894,0.443645249994006
2026-07-14T23:51:11,KNN-Direct-Weighted,Parkinson2clc,0.1,7,7,1,0.9487179487179487,0.5042992910020985,0.0,0.051646500010974705,0.5559493750042748
2026-07-14T23:51:12,KNN-Direct-Manhattan,Parkinson2clc,0.1,7,7,3,0.9487179487179487,0.3885787089820951,0.0,0.03934258301160298,0.4279244579956867
2026-07-14T23:51:12,KNN-IC,Parkinson2clc,0.1,8,8,4,0.8717948717948718,0.3314384999976028,0.00878991698846221,0.021276457991916686,0.3615097909932956
2026-07-14T23:51:12,Mean-IC,Parkinson2clc,0.1,8,8,1,0.8205128205128205,0.20926170799066313,0.0008967499888967723,0.021022417000494897,0.23118437500670552
2026-07-14T23:51:13,KNN-Direct,Parkinson2clc,0.1,8,8,5,0.8717948717948718,0.40496862499276176,0.0,0.04096091599785723,0.44593258399982005
2026-07-14T23:51:13,KNN-Direct-Weighted,Parkinson2clc,0.1,8,8,5,0.8717948717948718,0.5052320419927128,0.0,0.051237915991805494,0.5564736250089481
2026-07-14T23:51:14,KNN-Direct-Manhattan,Parkinson2clc,0.1,8,8,1,0.9230769230769231,0.38889974998892285,0.0,0.039197041012812406,0.4280999999900814
2026-07-14T23:51:14,KNN-IC,Parkinson2clc,0.1,9,9,1,0.8461538461538461,0.3337631250033155,0.007965917000547051,0.02125858300132677,0.3629911250027362
2026-07-14T23:51:14,Mean-IC,Parkinson2clc,0.1,9,9,3,0.8974358974358975,0.20826258300803602,0.0009384169825352728,0.021023959008743986,0.23022812500130385
2026-07-14T23:51:15,KNN-Direct,Parkinson2clc,0.1,9,9,4,0.9230769230769231,0.4031955419923179,0.0,0.04096779102110304,0.4441662500030361
2026-07-14T23:51:15,KNN-Direct-Weighted,Parkinson2clc,0.1,9,9,4,0.9230769230769231,0.5042292909929529,0.0,0.05141916699358262,0.5556521250109654
2026-07-14T23:51:16,KNN-Direct-Manhattan,Parkinson2clc,0.1,9,9,3,0.9230769230769231,0.3907831249816809,0.0,0.0404184999933932,0.43120562500553206
2026-07-14T23:51:16,KNN-IC,Parkinson2clc,0.1,10,10,2,1.0,0.336207167012617,0.008147332991939038,0.02097433400922455,0.36533270799554884
2026-07-14T23:51:17,Mean-IC,Parkinson2clc,0.1,10,10,8,0.9487179487179487,0.25837512500584126,0.0013595000200439245,0.029081499989842996,0.2888217089930549
2026-07-14T23:51:17,KNN-Direct,Parkinson2clc,0.1,10,10,5,0.9487179487179487,0.6515222500020172,0.0,0.04867058401578106,0.700197083002422
2026-07-14T23:51:18,KNN-Direct-Weighted,Parkinson2clc,0.1,10,10,7,0.9487179487179487,0.5512210410088301,0.0,0.05143266697996296,0.6026579170138575
2026-07-14T23:51:18,KNN-Direct-Manhattan,Parkinson2clc,0.1,10,10,9,0.9743589743589743,0.3892934579926077,0.0,0.039908541017211974,0.4292053330282215
2026-07-14T23:51:19,KNN-IC,Parkinson2clc,0.1,11,11,1,0.9743589743589743,0.334812458982924,0.008076958998572081,0.021191708015976474,0.3640844589972403
2026-07-14T23:51:19,Mean-IC,Parkinson2clc,0.1,11,11,1,0.9743589743589743,0.20964762501535006,0.0009124170173890889,0.021029625000664964,0.23159616702469066
2026-07-14T23:51:19,KNN-Direct,Parkinson2clc,0.1,11,11,1,0.8974358974358975,0.40450933401007205,0.0,0.04123812500620261,0.4457504580204841
2026-07-14T23:51:20,KNN-Direct-Weighted,Parkinson2clc,0.1,11,11,1,0.8974358974358975,0.5080452080001123,0.0,0.051668333006091416,0.5597169579996262
2026-07-14T23:51:20,KNN-Direct-Manhattan,Parkinson2clc,0.1,11,11,8,0.9487179487179487,0.390169958001934,0.0,0.039558624994242564,0.4297322499915026
2026-07-14T23:51:21,KNN-IC,Parkinson2clc,0.1,12,12,3,0.8974358974358975,0.3369040830002632,0.008005875017261133,0.02118508401326835,0.3661020420258865
2026-07-14T23:51:21,Mean-IC,Parkinson2clc,0.1,12,12,5,0.8974358974358975,0.2106490419828333,0.0009217080078087747,0.021007000003010035,0.23258420900674537
2026-07-14T23:51:21,KNN-Direct,Parkinson2clc,0.1,12,12,4,1.0,0.4051859999890439,0.0,0.04123345899279229,0.44642254200880416
2026-07-14T23:51:22,KNN-Direct-Weighted,Parkinson2clc,0.1,12,12,3,1.0,0.5067765830026474,0.0,0.0513984999852255,0.5581783750094473
2026-07-14T23:51:22,KNN-Direct-Manhattan,Parkinson2clc,0.1,12,12,12,0.9230769230769231,0.39019770800950937,0.0,0.039738374995067716,0.4299396669957787
2026-07-14T23:51:23,KNN-IC,Parkinson2clc,0.1,13,13,1,0.8717948717948718,0.3353610410122201,0.0077614169858861715,0.021145000006072223,0.3642743749951478
2026-07-14T23:51:23,Mean-IC,Parkinson2clc,0.1,13,13,9,0.8974358974358975,0.20964620797894895,0.0009207919938489795,0.021158916992135346,0.23173241698532365
2026-07-14T23:51:23,KNN-Direct,Parkinson2clc,0.1,13,13,8,0.9230769230769231,0.4051574589975644,0.0,0.041212957992684096,0.4463736659963615
2026-07-14T23:51:24,KNN-Direct-Weighted,Parkinson2clc,0.1,13,13,3,0.8974358974358975,0.5051911659829784,0.0,0.051252083998406306,0.5564468750089873
2026-07-14T23:51:24,KNN-Direct-Manhattan,Parkinson2clc,0.1,13,13,7,0.9230769230769231,0.38890433302731253,0.0,0.03928762502619065,0.4281960839871317
2026-07-14T23:51:25,KNN-IC,Parkinson2clc,0.1,14,14,1,0.8974358974358975,0.3317515420203563,0.007775334001053125,0.021410167013527825,0.3609427500050515
2026-07-14T23:51:25,Mean-IC,Parkinson2clc,0.1,14,14,1,0.8461538461538461,0.20991916698403656,0.000932082999497652,0.02105541600030847,0.23191033300827257
2026-07-14T23:51:25,KNN-Direct,Parkinson2clc,0.1,14,14,1,0.9487179487179487,0.40417312501813285,0.0,0.041067916987231,0.44524420899688266
2026-07-14T23:51:26,KNN-Direct-Weighted,Parkinson2clc,0.1,14,14,1,0.9487179487179487,0.5058362919953652,0.0,0.051714375003939494,0.5575542910082731
2026-07-14T23:51:26,KNN-Direct-Manhattan,Parkinson2clc,0.1,14,14,1,0.9487179487179487,0.38873837498249486,0.0,0.03951716699521057,0.4282592920062598
2026-07-14T23:51:27,KNN-IC,Parkinson2clc,0.1,15,15,1,0.9487179487179487,0.3322172909975052,0.007652042026165873,0.021564041991950944,0.36144187502213754
2026-07-14T23:51:27,Mean-IC,Parkinson2clc,0.1,15,15,4,0.9487179487179487,0.20928445900790393,0.0009221659856848419,0.02113712497521192,0.2313469999935478
2026-07-14T23:51:27,KNN-Direct,Parkinson2clc,0.1,15,15,5,0.9743589743589743,0.40415045799454674,0.0,0.040939041995443404,0.44509266698150896
2026-07-14T23:51:28,KNN-Direct-Weighted,Parkinson2clc,0.1,15,15,5,0.9743589743589743,0.5052322920237202,0.0,0.05139174999203533,0.5566277499892749
2026-07-14T23:51:28,KNN-Direct-Manhattan,Parkinson2clc,0.1,15,15,4,0.9487179487179487,0.3882874579867348,0.0,0.03986783398431726,0.4281588330049999
2026-07-14T23:51:29,KNN-IC,Parkinson2clc,0.1,16,16,5,0.7948717948717948,0.33115591600653715,0.00849495900911279,0.021312708995537832,0.36096775002079085
2026-07-14T23:51:29,Mean-IC,Parkinson2clc,0.1,16,16,9,0.8205128205128205,0.20868774998234585,0.0009560410107951611,0.021073500014608726,0.23072441699332558
2026-07-14T23:51:29,KNN-Direct,Parkinson2clc,0.1,16,16,14,0.7692307692307693,0.4023685420106631,0.0,0.04094845897634514,0.4433204160013702
2026-07-14T23:51:30,KNN-Direct-Weighted,Parkinson2clc,0.1,16,16,11,0.7692307692307693,0.5029525410209317,0.0,0.05134420798276551,0.5543001659971196
2026-07-14T23:51:30,KNN-Direct-Manhattan,Parkinson2clc,0.1,16,16,14,0.7692307692307693,0.3881437499949243,0.0,0.03950799998710863,0.4276555410178844
2026-07-14T23:51:31,KNN-IC,Parkinson2clc,0.1,17,17,2,0.9230769230769231,0.38660641701426357,0.007895999995525926,0.02111745800357312,0.41562362501281314
2026-07-14T23:51:31,Mean-IC,Parkinson2clc,0.1,17,17,11,0.8974358974358975,0.20995229200343601,0.0009423340088687837,0.02107683298527263,0.23197829199489206
2026-07-14T23:51:32,KNN-Direct,Parkinson2clc,0.1,17,17,3,0.9487179487179487,0.4569765420164913,0.0,0.051933375012595206,0.508914083999116
2026-07-14T23:51:32,KNN-Direct-Weighted,Parkinson2clc,0.1,17,17,13,0.8717948717948718,0.5913350830087438,0.0,0.05226920900167897,0.6436092499934603
2026-07-14T23:51:33,KNN-Direct-Manhattan,Parkinson2clc,0.1,17,17,3,0.9487179487179487,0.39332029200159013,0.0,0.039670500002102926,0.4329948329832405
2026-07-14T23:51:33,KNN-IC,Parkinson2clc,0.1,18,18,1,0.9230769230769231,0.3380655830260366,0.008407582994550467,0.021395707997726277,0.36787270798231475
2026-07-14T23:51:33,Mean-IC,Parkinson2clc,0.1,18,18,1,0.8461538461538461,0.20984187501017004,0.0009285830019507557,0.020678625005530193,0.23145312498672865
2026-07-14T23:51:34,KNN-Direct,Parkinson2clc,0.1,18,18,3,0.9230769230769231,0.4035319999966305,0.0,0.04102862498257309,0.4445634589937981
2026-07-14T23:51:34,KNN-Direct-Weighted,Parkinson2clc,0.1,18,18,8,0.8717948717948718,0.5045335000031628,0.0,0.051330459013115615,0.5558675419888459
2026-07-14T23:51:35,KNN-Direct-Manhattan,Parkinson2clc,0.1,18,18,8,0.9230769230769231,0.3967889999912586,0.0,0.03940483400947414,0.4361977909866255
2026-07-14T23:51:35,KNN-IC,Parkinson2clc,0.1,19,19,2,0.9230769230769231,0.33086287500918843,0.008211250009480864,0.02105554100126028,0.36013295798329636
2026-07-14T23:51:35,Mean-IC,Parkinson2clc,0.1,19,19,5,0.8205128205128205,0.20867166598327458,0.0009182920039165765,0.021235457999864593,0.23082875000545755
2026-07-14T23:51:36,KNN-Direct,Parkinson2clc,0.1,19,19,1,0.8974358974358975,0.4048771669913549,0.0,0.04080124999745749,0.4456815830199048
2026-07-14T23:51:36,KNN-Direct-Weighted,Parkinson2clc,0.1,19,19,3,0.8717948717948718,0.5068106669932604,0.0,0.051120457996148616,0.5579348329920322
2026-07-14T23:51:37,KNN-Direct-Manhattan,Parkinson2clc,0.1,19,19,1,0.9230769230769231,0.38941358300508,0.0,0.039391250000335276,0.4288086249725893
2026-07-14T23:51:37,KNN-IC,Parkinson2clc,0.1,20,20,2,0.8974358974358975,0.33465162498760037,0.007897417002823204,0.02116524998564273,0.36372074999962933
2026-07-14T23:51:37,Mean-IC,Parkinson2clc,0.1,20,20,1,0.9743589743589743,0.2093387919885572,0.0009201659995596856,0.02096733299549669,0.23122958300518803
2026-07-14T23:51:38,KNN-Direct,Parkinson2clc,0.1,20,20,3,0.9230769230769231,0.4051834999991115,0.0,0.04083924999576993,0.44602612499147654
2026-07-14T23:51:38,KNN-Direct-Weighted,Parkinson2clc,0.1,20,20,3,0.9230769230769231,0.506192375003593,0.0,0.05131095802062191,0.5575070829945616
2026-07-14T23:51:39,KNN-Direct-Manhattan,Parkinson2clc,0.1,20,20,4,0.9743589743589743,0.38987975000054576,0.0,0.03961962499306537,0.4295030829962343
2026-07-14T23:51:39,KNN-IC,Parkinson2clc,0.1,21,21,1,0.9230769230769231,0.33121358399512246,0.007997458975296468,0.02144599999883212,0.36066045801271684
2026-07-14T23:51:39,Mean-IC,Parkinson2clc,0.1,21,21,3,0.8974358974358975,0.20957000000635162,0.0009060410084202886,0.020995875005610287,0.23147529200650752
2026-07-14T23:51:40,KNN-Direct,Parkinson2clc,0.1,21,21,1,0.9230769230769231,0.4059412920032628,0.0,0.04097604099661112,0.446920707996469
2026-07-14T23:51:40,KNN-Direct-Weighted,Parkinson2clc,0.1,21,21,1,0.9487179487179487,0.5066533329954837,0.0,0.05130354201537557,0.5579604159865994
2026-07-14T23:51:41,KNN-Direct-Manhattan,Parkinson2clc,0.1,21,21,1,0.9230769230769231,0.3887327910051681,0.0,0.03955466698971577,0.42829083401011303
2026-07-14T23:51:41,KNN-IC,Parkinson2clc,0.1,22,22,1,1.0,0.33188774998416193,0.0077238329977262765,0.021238792018266395,0.3608535419916734
2026-07-14T23:51:41,Mean-IC,Parkinson2clc,0.1,22,22,13,0.7948717948717948,0.20997550000902265,0.0009369999752379954,0.021005208021961153,0.23192474999814294
2026-07-14T23:51:42,KNN-Direct,Parkinson2clc,0.1,22,22,1,0.9487179487179487,0.4031355000042822,0.0,0.04086849998566322,0.4440070830169134
2026-07-14T23:51:42,KNN-Direct-Weighted,Parkinson2clc,0.1,22,22,1,0.9487179487179487,0.5035801249905489,0.0,0.05100166701595299,0.5545857080142014
2026-07-14T23:51:43,KNN-Direct-Manhattan,Parkinson2clc,0.1,22,22,11,0.8205128205128205,0.3880358750175219,0.0,0.039304374979110435,0.4273437919910066
2026-07-14T23:51:43,KNN-IC,Parkinson2clc,0.1,23,23,1,0.9230769230769231,0.3336249999993015,0.008096042001852766,0.02133637497900054,0.36306070900172926
2026-07-14T23:51:43,Mean-IC,Parkinson2clc,0.1,23,23,1,0.9487179487179487,0.20890199998393655,0.0009130419930443168,0.020889292005449533,0.23070716601796448
2026-07-14T23:51:44,KNN-Direct,Parkinson2clc,0.1,23,23,5,0.8717948717948718,0.4037913329957519,0.0,0.040957791992696,0.44475212501129135
2026-07-14T23:51:44,KNN-Direct-Weighted,Parkinson2clc,0.1,23,23,3,0.8974358974358975,0.503194542019628,0.0,0.05161645798943937,0.5548145409848075
2026-07-14T23:51:45,KNN-Direct-Manhattan,Parkinson2clc,0.1,23,23,3,0.9230769230769231,0.3890827909926884,0.0,0.039235750009538606,0.4283224589889869
2026-07-14T23:51:45,KNN-IC,Parkinson2clc,0.1,24,24,15,0.8461538461538461,0.33354783299728297,0.008702457998879254,0.021351916977437213,0.36360599999898113
2026-07-14T23:51:45,Mean-IC,Parkinson2clc,0.1,24,24,11,0.8205128205128205,0.21076454102876596,0.0009486249764449894,0.020908042002702132,0.23262487500323914
2026-07-14T23:51:46,KNN-Direct,Parkinson2clc,0.1,24,24,5,0.9230769230769231,0.4024022500088904,0.0,0.04100433297571726,0.4434095839969814
2026-07-14T23:51:47,KNN-Direct-Weighted,Parkinson2clc,0.1,24,24,5,0.8974358974358975,0.5380563750222791,0.0,0.07446337500005029,0.6125242080015596
2026-07-14T23:51:47,KNN-Direct-Manhattan,Parkinson2clc,0.1,24,24,3,0.8717948717948718,0.6101045410032384,0.0,0.04641479201382026,0.65652454199153
2026-07-14T23:51:48,KNN-IC,Parkinson2clc,0.1,25,25,2,0.8974358974358975,0.34305891700205393,0.007869959023082629,0.021409542008768767,0.3723423339833971
2026-07-14T23:51:48,Mean-IC,Parkinson2clc,0.1,25,25,5,0.8461538461538461,0.2094077919900883,0.0009257080091629177,0.0210844170069322,0.23142462500254624
2026-07-14T23:51:48,KNN-Direct,Parkinson2clc,0.1,25,25,1,0.8717948717948718,0.4033486249973066,0.0,0.040814541978761554,0.44416583399288356
2026-07-14T23:51:49,KNN-Direct-Weighted,Parkinson2clc,0.1,25,25,5,0.8461538461538461,0.5035142080159858,0.0,0.051067749998765066,0.5545855409873184
2026-07-14T23:51:49,KNN-Direct-Manhattan,Parkinson2clc,0.1,25,25,5,0.8717948717948718,0.388155458989786,0.0,0.039267207990633324,0.4274254580086563
2026-07-14T23:51:50,KNN-IC,Parkinson2clc,0.1,26,26,1,0.9230769230769231,0.3341039999795612,0.007937667018268257,0.02146012501907535,0.36350512501667254
2026-07-14T23:51:50,Mean-IC,Parkinson2clc,0.1,26,26,1,0.9743589743589743,0.20929541601799428,0.0009042499877978116,0.021136583003681153,0.23133954100194387
2026-07-14T23:51:50,KNN-Direct,Parkinson2clc,0.1,26,26,5,0.9230769230769231,0.4026526249945164,0.0,0.04108820800320245,0.4437436249863822
2026-07-14T23:51:51,KNN-Direct-Weighted,Parkinson2clc,0.1,26,26,1,0.9230769230769231,0.5059869159886148,0.0,0.05129745797603391,0.5572873330092989
2026-07-14T23:51:51,KNN-Direct-Manhattan,Parkinson2clc,0.1,26,26,1,0.8974358974358975,0.3873787079937756,0.0,0.03922458298620768,0.42660666699521244
2026-07-14T23:51:52,KNN-IC,Parkinson2clc,0.1,27,27,1,0.9487179487179487,0.33249629198689945,0.007772541983285919,0.021379417012212798,0.36165145799168386
2026-07-14T23:51:52,Mean-IC,Parkinson2clc,0.1,27,27,1,0.9230769230769231,0.2088133340002969,0.0008912500052247196,0.020824832987273112,0.23053245799383149
2026-07-14T23:51:52,KNN-Direct,Parkinson2clc,0.1,27,27,1,0.9230769230769231,0.4049703330092598,0.0,0.04089387500425801,0.4458670419990085
2026-07-14T23:51:53,KNN-Direct-Weighted,Parkinson2clc,0.1,27,27,1,0.8974358974358975,0.5064513749966864,0.0,0.05153404199518263,0.5579888329957612
2026-07-14T23:51:53,KNN-Direct-Manhattan,Parkinson2clc,0.1,27,27,1,0.9487179487179487,0.38974162499653175,0.0,0.039256958989426494,0.4290017079911195
2026-07-14T23:51:54,KNN-IC,Parkinson2clc,0.1,28,28,2,1.0,0.32939029100816697,0.007998457993380725,0.021368749992689118,0.35876437500701286
2026-07-14T23:51:54,Mean-IC,Parkinson2clc,0.1,28,28,1,0.9230769230769231,0.20877749999635853,0.0008979580015875399,0.021071000024676323,0.23074937498313375
2026-07-14T23:51:54,KNN-Direct,Parkinson2clc,0.1,28,28,1,1.0,0.4023603330133483,0.0,0.040866083989385515,0.4432291249977425
2026-07-14T23:51:55,KNN-Direct-Weighted,Parkinson2clc,0.1,28,28,1,1.0,0.5039516249962617,0.0,0.05146758400951512,0.5554228329856414
2026-07-14T23:51:55,KNN-Direct-Manhattan,Parkinson2clc,0.1,28,28,1,0.9743589743589743,0.38820216601016,0.0,0.03947895800229162,0.4276846669963561
2026-07-14T23:51:56,KNN-IC,Parkinson2clc,0.1,29,29,1,0.9487179487179487,0.3336645829840563,0.007852834009099752,0.021227916004136205,0.3627489589853212
2026-07-14T23:51:56,Mean-IC,Parkinson2clc,0.1,29,29,1,0.8974358974358975,0.20903916700626723,0.0009125829965341836,0.02089241598150693,0.23084741600905545
2026-07-14T23:51:56,KNN-Direct,Parkinson2clc,0.1,29,29,3,0.9487179487179487,0.40340033400570974,0.0,0.04100741699221544,0.44441062497207895
2026-07-14T23:51:57,KNN-Direct-Weighted,Parkinson2clc,0.1,29,29,4,0.9230769230769231,0.5028345840109978,0.0,0.0513431660074275,0.5541813329909928
2026-07-14T23:51:57,KNN-Direct-Manhattan,Parkinson2clc,0.1,29,29,1,0.7948717948717948,0.3882126249955036,0.0,0.039404042006935924,0.4276200419990346
2026-07-14T23:51:58,KNN-IC,Parkinson2clc,0.1,30,30,1,0.9230769230769231,0.33243849998689257,0.008019917004276067,0.02136295899981633,0.3618245410034433
2026-07-14T23:51:58,Mean-IC,Parkinson2clc,0.1,30,30,1,0.8974358974358975,0.2092666249955073,0.0008928749884944409,0.020940583024639636,0.23110299999825656
2026-07-14T23:51:58,KNN-Direct,Parkinson2clc,0.1,30,30,1,0.9743589743589743,0.4046457090007607,0.0,0.041127042000880465,0.44577587497769855
2026-07-14T23:51:59,KNN-Direct-Weighted,Parkinson2clc,0.1,30,30,1,0.9743589743589743,0.504551083984552,0.0,0.05126591699081473,0.5558207079884596
2026-07-14T23:51:59,KNN-Direct-Manhattan,Parkinson2clc,0.1,30,30,1,0.9487179487179487,0.3896744170051534,0.0,0.039525499974843115,0.42920345801394433
2026-07-14T23:52:00,KNN-IC,Parkinson2clc,0.1,31,31,1,0.9487179487179487,0.3283380409993697,0.0075684999756049365,0.021302917011780664,0.3572158750030212
2026-07-14T23:52:00,Mean-IC,Parkinson2clc,0.1,31,31,4,0.8974358974358975,0.20962537499144673,0.0009165000228676945,0.02118320800946094,0.2317288330232259
2026-07-14T23:52:00,KNN-Direct,Parkinson2clc,0.1,31,31,1,0.9230769230769231,0.4030665000027511,0.0,0.04081229100120254,0.4438816249894444
2026-07-14T23:52:01,KNN-Direct-Weighted,Parkinson2clc,0.1,31,31,1,0.9230769230769231,0.5039566659834236,0.0,0.05128174999845214,0.5552418750012293
2026-07-14T23:52:01,KNN-Direct-Manhattan,Parkinson2clc,0.1,31,31,4,0.8717948717948718,0.3876134160091169,0.0,0.05161541700363159,0.4392332920106128
2026-07-14T23:52:02,KNN-IC,Parkinson2clc,0.1,32,32,1,0.9230769230769231,0.5625522909977008,0.015095540991751477,0.03581562501494773,0.6134696250082925
2026-07-14T23:52:02,Mean-IC,Parkinson2clc,0.1,32,32,1,0.9230769230769231,0.358841792010935,0.001574875001097098,0.034610125003382564,0.3950329579820391
2026-07-14T23:52:03,KNN-Direct,Parkinson2clc,0.1,32,32,1,0.9230769230769231,0.53028712500236,0.0,0.041341832984471694,0.5716338749916758
2026-07-14T23:52:04,KNN-Direct-Weighted,Parkinson2clc,0.1,32,32,1,0.9487179487179487,0.5038985840219539,0.0,0.05129000000306405,0.5551917499979027
2026-07-14T23:52:04,KNN-Direct-Manhattan,Parkinson2clc,0.1,32,32,1,0.9230769230769231,0.38928483400377445,0.0,0.03963245899649337,0.4289204999804497
2026-07-14T23:52:04,KNN-IC,Parkinson2clc,0.1,33,33,2,0.8461538461538461,0.32939974998589605,0.007830000016838312,0.021189041988691315,0.3584253750159405
2026-07-14T23:52:05,Mean-IC,Parkinson2clc,0.1,33,33,1,0.8717948717948718,0.2084843750053551,0.0008975829987321049,0.02073858299991116,0.23012366599868983
2026-07-14T23:52:05,KNN-Direct,Parkinson2clc,0.1,33,33,4,0.8205128205128205,0.4039692090009339,0.0,0.04085666697937995,0.4448287500126753
2026-07-14T23:52:06,KNN-Direct-Weighted,Parkinson2clc,0.1,33,33,4,0.8717948717948718,0.5050712499942165,0.0,0.05135408299975097,0.5564287920133211
2026-07-14T23:52:06,KNN-Direct-Manhattan,Parkinson2clc,0.1,33,33,1,0.8461538461538461,0.38836095901206136,0.0,0.03954804202658124,0.42791204099194147
2026-07-14T23:52:06,KNN-IC,Parkinson2clc,0.1,34,34,1,0.9743589743589743,0.33230741700390354,0.00792391601135023,0.02120433299569413,0.36143916597939096
2026-07-14T23:52:07,Mean-IC,Parkinson2clc,0.1,34,34,1,0.9487179487179487,0.2089748750149738,0.0008988330082502216,0.02081950000138022,0.23069658401072957
2026-07-14T23:52:07,KNN-Direct,Parkinson2clc,0.1,34,34,1,1.0,0.4022057499969378,0.0,0.04092354199383408,0.44313220801996067
2026-07-14T23:52:08,KNN-Direct-Weighted,Parkinson2clc,0.1,34,34,3,0.9230769230769231,0.5025807920028456,0.0,0.051304709020769224,0.5538887080037966
2026-07-14T23:52:08,KNN-Direct-Manhattan,Parkinson2clc,0.1,34,34,1,0.9487179487179487,0.387614291976206,0.0,0.03918879199773073,0.42680683301296085
2026-07-14T23:52:08,KNN-IC,Parkinson2clc,0.1,35,35,1,0.9487179487179487,0.32954100001370534,0.007664333010325208,0.02112304198089987,0.3583319580066018
2026-07-14T23:52:09,Mean-IC,Parkinson2clc,0.1,35,35,3,0.9487179487179487,0.20908437500474975,0.0009410000056959689,0.02089366700965911,0.23092249999172054
2026-07-14T23:52:09,KNN-Direct,Parkinson2clc,0.1,35,35,4,0.9230769230769231,0.4035301670082845,0.0,0.04085779201705009,0.4443905840162188
2026-07-14T23:52:10,KNN-Direct-Weighted,Parkinson2clc,0.1,35,35,1,0.8974358974358975,0.5047599160170648,0.0,0.051118375005899,0.5558817089768127
2026-07-14T23:52:10,KNN-Direct-Manhattan,Parkinson2clc,0.1,35,35,1,0.8974358974358975,0.38832358398940414,0.0,0.039247167005669326,0.4275741250021383
2026-07-14T23:52:10,KNN-IC,Parkinson2clc,0.1,36,36,8,0.8205128205128205,0.33198970899684355,0.008560416987165809,0.021428792009828612,0.36198537499876693
2026-07-14T23:52:11,Mean-IC,Parkinson2clc,0.1,36,36,1,0.9487179487179487,0.20899716700660065,0.0009129999962169677,0.020953375002136454,0.23086729197530076
2026-07-14T23:52:11,KNN-Direct,Parkinson2clc,0.1,36,36,1,0.9230769230769231,0.40376120901782997,0.0,0.040925333014456555,0.44468933300231583
2026-07-14T23:52:12,KNN-Direct-Weighted,Parkinson2clc,0.1,36,36,1,0.9230769230769231,0.5045095829991624,0.0,0.051170040998840705,0.5556831249850802
2026-07-14T23:52:12,KNN-Direct-Manhattan,Parkinson2clc,0.1,36,36,4,0.8974358974358975,0.3882094160071574,0.0,0.039432042016414925,0.4276446249859873
2026-07-14T23:52:12,KNN-IC,Parkinson2clc,0.1,37,37,1,0.8974358974358975,0.3316508749849163,0.008086583024123684,0.021120541990967467,0.36086149999755435
2026-07-14T23:52:13,Mean-IC,Parkinson2clc,0.1,37,37,11,0.8205128205128205,0.20782824998605065,0.0011209170043002814,0.020859041978837922,0.2298112919961568
2026-07-14T23:52:13,KNN-Direct,Parkinson2clc,0.1,37,37,5,0.8205128205128205,0.40226087500923313,0.0,0.04081325000151992,0.4430768750025891
2026-07-14T23:52:14,KNN-Direct-Weighted,Parkinson2clc,0.1,37,37,1,0.9487179487179487,0.5038449999992736,0.0,0.051266708003822714,0.5551150409737602
2026-07-14T23:52:14,KNN-Direct-Manhattan,Parkinson2clc,0.1,37,37,5,0.8717948717948718,0.3878413750207983,0.0,0.03945129198837094,0.4272959580121096
2026-07-14T23:52:14,KNN-IC,Parkinson2clc,0.1,38,38,1,0.8717948717948718,0.33370524999918416,0.007788499991875142,0.021314666024409235,0.36281654200865887
2026-07-14T23:52:15,Mean-IC,Parkinson2clc,0.1,38,38,1,0.8974358974358975,0.20860641699982807,0.0009547919908072799,0.020949666999513283,0.23051412499626167
2026-07-14T23:52:15,KNN-Direct,Parkinson2clc,0.1,38,38,14,0.8205128205128205,0.40393145798589103,0.0,0.040884624992031604,0.4448187919915654
2026-07-14T23:52:16,KNN-Direct-Weighted,Parkinson2clc,0.1,38,38,14,0.7948717948717948,0.5052969169919379,0.0,0.05121004197280854,0.5565103330009151
2026-07-14T23:52:16,KNN-Direct-Manhattan,Parkinson2clc,0.1,38,38,1,0.8461538461538461,0.38810966699384153,0.0,0.039361167000606656,0.4274741669942159
2026-07-14T23:52:17,KNN-IC,Parkinson2clc,0.1,39,39,1,0.8717948717948718,0.3677285409939941,0.009844667016295716,0.02941091702086851,0.40698904200689867
2026-07-14T23:52:17,Mean-IC,Parkinson2clc,0.1,39,39,1,0.8717948717948718,0.37458483400405385,0.0017701250035315752,0.03534608299378306,0.4117072919907514
2026-07-14T23:52:17,KNN-Direct,Parkinson2clc,0.1,39,39,1,0.8717948717948718,0.4498990420252085,0.0,0.04123050000634976,0.49113379200571217
2026-07-14T23:52:18,KNN-Direct-Weighted,Parkinson2clc,0.1,39,39,1,0.8717948717948718,0.5042710420093499,0.0,0.05078737498843111,0.5550619999994524
2026-07-14T23:52:18,KNN-Direct-Manhattan,Parkinson2clc,0.1,39,39,1,0.8205128205128205,0.3888952090055682,0.0,0.03966991699417122,0.4285683339985553
2026-07-14T23:52:19,KNN-IC,Parkinson2clc,0.2,0,0,1,0.8717948717948718,0.33942995802499354,0.00821470798109658,0.02116491601918824,0.368813124980079
2026-07-14T23:52:19,Mean-IC,Parkinson2clc,0.2,0,0,1,0.8717948717948718,0.20900604099733755,0.0010991250164806843,0.02071233300375752,0.23082404097658582
2026-07-14T23:52:20,KNN-Direct,Parkinson2clc,0.2,0,0,1,0.8974358974358975,0.4072211249731481,0.0,0.04139404199668206,0.4486179589875974
2026-07-14T23:52:20,KNN-Direct-Weighted,Parkinson2clc,0.2,0,0,1,0.8974358974358975,0.5089548749965616,0.0,0.05149283300852403,0.5604515420272946
2026-07-14T23:52:21,KNN-Direct-Manhattan,Parkinson2clc,0.2,0,0,3,0.8974358974358975,0.39343929197639227,0.0,0.04152054100995883,0.43496312500792556
2026-07-14T23:52:21,KNN-IC,Parkinson2clc,0.2,1,1,12,0.8205128205128205,0.3399212090007495,0.009710249985801056,0.021076750010252,0.37071170800481923
2026-07-14T23:52:21,Mean-IC,Parkinson2clc,0.2,1,1,1,0.8717948717948718,0.2083848750044126,0.0009087500220630318,0.020823917002417147,0.23012074999860488
2026-07-14T23:52:22,KNN-Direct,Parkinson2clc,0.2,1,1,5,0.8205128205128205,0.4073661250004079,0.0,0.04100483297952451,0.44837433300563134
2026-07-14T23:52:22,KNN-Direct-Weighted,Parkinson2clc,0.2,1,1,3,0.8717948717948718,0.508923000015784,0.0,0.051486624986864626,0.5604132500011474
2026-07-14T23:52:23,KNN-Direct-Manhattan,Parkinson2clc,0.2,1,1,3,0.8974358974358975,0.3933097919798456,0.0,0.03969725000206381,0.4330105840053875
2026-07-14T23:52:23,KNN-IC,Parkinson2clc,0.2,2,2,2,0.8205128205128205,0.3404522920027375,0.008504958008415997,0.02122133399825543,0.3701863749884069
2026-07-14T23:52:23,Mean-IC,Parkinson2clc,0.2,2,2,1,0.7948717948717948,0.20827462497982197,0.0009002919832710177,0.02079300000332296,0.22997095799655654
2026-07-14T23:52:24,KNN-Direct,Parkinson2clc,0.2,2,2,1,0.8717948717948718,0.4074814170016907,0.0,0.04133504201308824,0.4488196249876637
2026-07-14T23:52:24,KNN-Direct-Weighted,Parkinson2clc,0.2,2,2,1,0.8461538461538461,0.5092433329846244,0.0,0.051657000003615394,0.5609038750117179
2026-07-14T23:52:25,KNN-Direct-Manhattan,Parkinson2clc,0.2,2,2,1,0.8974358974358975,0.39372804199228995,0.0,0.039660792012000456,0.43339233298320323
2026-07-14T23:52:25,KNN-IC,Parkinson2clc,0.2,3,3,2,0.8461538461538461,0.3389555829926394,0.008557666005799547,0.020966082985978574,0.3684822919894941
2026-07-14T23:52:25,Mean-IC,Parkinson2clc,0.2,3,3,3,0.7948717948717948,0.20914249998168088,0.0008991659851744771,0.020895291003398597,0.23094016700633802
2026-07-14T23:52:26,KNN-Direct,Parkinson2clc,0.2,3,3,3,0.8717948717948718,0.40789924998534843,0.0,0.04141333399456926,0.44931570801418275
2026-07-14T23:52:26,KNN-Direct-Weighted,Parkinson2clc,0.2,3,3,3,0.8974358974358975,0.5087857500184327,0.0,0.05169529200065881,0.5604843329929281
2026-07-14T23:52:27,KNN-Direct-Manhattan,Parkinson2clc,0.2,3,3,5,0.8974358974358975,0.3927319580106996,0.0,0.04004449999774806,0.4327798329759389
2026-07-14T23:52:27,KNN-IC,Parkinson2clc,0.2,4,4,4,0.8717948717948718,0.3405569999886211,0.009391708008479327,0.02135241698124446,0.3713077080028597
2026-07-14T23:52:27,Mean-IC,Parkinson2clc,0.2,4,4,6,0.8205128205128205,0.20891858299728483,0.0008978749974630773,0.021074375021271408,0.2308969579753466
2026-07-14T23:52:28,KNN-Direct,Parkinson2clc,0.2,4,4,7,0.8974358974358975,0.40912758398917504,0.0,0.041310417000204325,0.4504413749964442
2026-07-14T23:52:28,KNN-Direct-Weighted,Parkinson2clc,0.2,4,4,5,0.8717948717948718,0.5090684170136228,0.0,0.05167383298976347,0.5607451249961741
2026-07-14T23:52:29,KNN-Direct-Manhattan,Parkinson2clc,0.2,4,4,5,0.8461538461538461,0.3932866659888532,0.0,0.03968704098952003,0.43297695901128463
2026-07-14T23:52:29,KNN-IC,Parkinson2clc,0.2,5,5,2,0.9230769230769231,0.34051495799212717,0.008277041022665799,0.021138291980605572,0.36993362501380034
2026-07-14T23:52:29,Mean-IC,Parkinson2clc,0.2,5,5,1,0.8717948717948718,0.20840379100991413,0.0009058750001713634,0.021038124978076667,0.23035404199617915
2026-07-14T23:52:30,KNN-Direct,Parkinson2clc,0.2,5,5,1,0.9487179487179487,0.4090745830035303,0.0,0.04127704197890125,0.450354625005275
2026-07-14T23:52:30,KNN-Direct-Weighted,Parkinson2clc,0.2,5,5,1,0.9487179487179487,0.5085952089866623,0.0,0.051734750013565645,0.5603333750041202
2026-07-14T23:52:31,KNN-Direct-Manhattan,Parkinson2clc,0.2,5,5,1,0.9230769230769231,0.39312516700010747,0.0,0.03987583299749531,0.4330039579945151
2026-07-14T23:52:31,KNN-IC,Parkinson2clc,0.2,6,6,3,0.8461538461538461,0.3393884999968577,0.008259875001385808,0.02115895799943246,0.3688107499910984
2026-07-14T23:52:31,Mean-IC,Parkinson2clc,0.2,6,6,1,0.8461538461538461,0.20813458299380727,0.0009346659935545176,0.02100300000165589,0.23007845898973756
2026-07-14T23:52:32,KNN-Direct,Parkinson2clc,0.2,6,6,3,0.8974358974358975,0.6269328329944983,0.0,0.0662678340158891,0.6932049590104725
2026-07-14T23:52:33,KNN-Direct-Weighted,Parkinson2clc,0.2,6,6,4,0.8974358974358975,0.7612677919969428,0.0,0.05895095900632441,0.8202247079752851
2026-07-14T23:52:33,KNN-Direct-Manhattan,Parkinson2clc,0.2,6,6,3,0.9230769230769231,0.3938913339807186,0.0,0.03980354100349359,0.43369895801879466
2026-07-14T23:52:34,KNN-IC,Parkinson2clc,0.2,7,7,11,0.8717948717948718,0.3401147080003284,0.009777832980034873,0.021247249998850748,0.37114308300078847
2026-07-14T23:52:34,Mean-IC,Parkinson2clc,0.2,7,7,3,0.8717948717948718,0.20868775001144968,0.0009035829862114042,0.020897667011013255,0.23049195800558664
2026-07-14T23:52:34,KNN-Direct,Parkinson2clc,0.2,7,7,1,0.9230769230769231,0.40801458299392834,0.0,0.041646666009910405,0.44966424998710863
2026-07-14T23:52:35,KNN-Direct-Weighted,Parkinson2clc,0.2,7,7,1,0.9230769230769231,0.5104606669920031,0.0,0.05161049999878742,0.5620749579975381
2026-07-14T23:52:35,KNN-Direct-Manhattan,Parkinson2clc,0.2,7,7,3,0.9230769230769231,0.39325525000458583,0.0,0.040100582991726696,0.4333585000131279
2026-07-14T23:52:36,KNN-IC,Parkinson2clc,0.2,8,8,4,0.8717948717948718,0.3419671249866951,0.009183582995319739,0.02143541700206697,0.37259287500637583
2026-07-14T23:52:36,Mean-IC,Parkinson2clc,0.2,8,8,3,0.8717948717948718,0.20874299999559298,0.0009111670078709722,0.02097441698424518,0.23063483301666565
2026-07-14T23:52:36,KNN-Direct,Parkinson2clc,0.2,8,8,4,0.8717948717948718,0.4086406250135042,0.0,0.041529999987687916,0.45017387499683537
2026-07-14T23:52:37,KNN-Direct-Weighted,Parkinson2clc,0.2,8,8,4,0.8717948717948718,0.5098955830035266,0.0,0.05166679198737256,0.5615658750175498
2026-07-14T23:52:37,KNN-Direct-Manhattan,Parkinson2clc,0.2,8,8,6,0.8461538461538461,0.39317495800787583,0.0,0.039850749977631494,0.4330290829821024
2026-07-14T23:52:38,KNN-IC,Parkinson2clc,0.2,9,9,3,0.8717948717948718,0.3405699580034707,0.008437084004981443,0.021230584010481834,0.3702411249978468
2026-07-14T23:52:38,Mean-IC,Parkinson2clc,0.2,9,9,3,0.7948717948717948,0.20822529200813733,0.0009512499964330345,0.021027083974331617,0.2302063750103116
2026-07-14T23:52:38,KNN-Direct,Parkinson2clc,0.2,9,9,3,0.8974358974358975,0.4073827499814797,0.0,0.041328417020849884,0.44871429100749083
2026-07-14T23:52:39,KNN-Direct-Weighted,Parkinson2clc,0.2,9,9,3,0.9487179487179487,0.5080736670061015,0.0,0.051711375010199845,0.5597885829920415
2026-07-14T23:52:39,KNN-Direct-Manhattan,Parkinson2clc,0.2,9,9,5,0.9230769230769231,0.39182395799434744,0.0,0.03971420900779776,0.4315415419987403
2026-07-14T23:52:40,KNN-IC,Parkinson2clc,0.2,10,10,5,0.9487179487179487,0.34097870797268115,0.009209040988935158,0.021423208992928267,0.37161391699919477
2026-07-14T23:52:40,Mean-IC,Parkinson2clc,0.2,10,10,8,0.8974358974358975,0.2084885420044884,0.0009296670032199472,0.021022000000812113,0.2304466249770485
2026-07-14T23:52:41,KNN-Direct,Parkinson2clc,0.2,10,10,3,0.9487179487179487,0.4079977079818491,0.0,0.04148395801894367,0.4494843340071384
2026-07-14T23:52:41,KNN-Direct-Weighted,Parkinson2clc,0.2,10,10,5,1.0,0.5094472499913536,0.0,0.051706708007259294,0.5611571249901317
2026-07-14T23:52:42,KNN-Direct-Manhattan,Parkinson2clc,0.2,10,10,3,1.0,0.39235612499760464,0.0,0.03996166598517448,0.43232108300435357
2026-07-14T23:52:42,KNN-IC,Parkinson2clc,0.2,11,11,2,0.9230769230769231,0.340422250010306,0.00826299999607727,0.021440333017380908,0.37013241701060906
2026-07-14T23:52:42,Mean-IC,Parkinson2clc,0.2,11,11,1,0.8461538461538461,0.20889716601232067,0.0009113329870160669,0.021088208013679832,0.2308999580272939
2026-07-14T23:52:43,KNN-Direct,Parkinson2clc,0.2,11,11,5,0.9487179487179487,0.408124833018519,0.0,0.04156124999281019,0.44968895899364725
2026-07-14T23:52:43,KNN-Direct-Weighted,Parkinson2clc,0.2,11,11,6,0.9487179487179487,0.5083480830071494,0.0,0.05159191699931398,0.5599432500021067
2026-07-14T23:52:44,KNN-Direct-Manhattan,Parkinson2clc,0.2,11,11,5,0.9487179487179487,0.3934390420035925,0.0,0.03992599999764934,0.4333681669959333
2026-07-14T23:52:44,KNN-IC,Parkinson2clc,0.2,12,12,12,0.8974358974358975,0.3407899999874644,0.009777333994861692,0.021130334003828466,0.37170091600273736
2026-07-14T23:52:44,Mean-IC,Parkinson2clc,0.2,12,12,14,0.8717948717948718,0.20885125000495464,0.0008971669885795563,0.020827916014241055,0.2305794169951696
2026-07-14T23:52:45,KNN-Direct,Parkinson2clc,0.2,12,12,11,0.8974358974358975,0.4076200839772355,0.0,0.041249083005823195,0.4488722090027295
2026-07-14T23:52:45,KNN-Direct-Weighted,Parkinson2clc,0.2,12,12,1,0.8717948717948718,0.5083975000015926,0.0,0.051820874999975786,0.5602217919949908
2026-07-14T23:52:46,KNN-Direct-Manhattan,Parkinson2clc,0.2,12,12,4,0.8974358974358975,0.39245045799179934,0.0,0.04014745799941011,0.43260154098970816
2026-07-14T23:52:46,KNN-IC,Parkinson2clc,0.2,13,13,1,0.8717948717948718,0.3405937920033466,0.008109249989502132,0.021164334000786766,0.36987087500165217
2026-07-14T23:52:46,Mean-IC,Parkinson2clc,0.2,13,13,13,0.8717948717948718,0.20942258299328387,0.0009550830000080168,0.0209887919772882,0.23137266698176973
2026-07-14T23:52:47,KNN-Direct,Parkinson2clc,0.2,13,13,3,0.9230769230769231,0.5545998329762369,0.0,0.06727062500431202,0.6218743339995854
2026-07-14T23:52:48,KNN-Direct-Weighted,Parkinson2clc,0.2,13,13,1,0.8974358974358975,0.6175863749813288,0.0,0.0516499160148669,0.6692418750026263
2026-07-14T23:52:48,KNN-Direct-Manhattan,Parkinson2clc,0.2,13,13,3,0.8974358974358975,0.39464287500595674,0.0,0.03973645897349343,0.4343830000143498
2026-07-14T23:52:48,KNN-IC,Parkinson2clc,0.2,14,14,2,0.8974358974358975,0.3403734580206219,0.008404958003666252,0.021173040993744507,0.36995441702310927
2026-07-14T23:52:49,Mean-IC,Parkinson2clc,0.2,14,14,1,0.8974358974358975,0.20917616700171493,0.0009632500004954636,0.020959500019671395,0.23110245799762197
2026-07-14T23:52:49,KNN-Direct,Parkinson2clc,0.2,14,14,1,0.8974358974358975,0.4073875419853721,0.0,0.041276250005466864,0.4486661249829922
2026-07-14T23:52:50,KNN-Direct-Weighted,Parkinson2clc,0.2,14,14,1,0.8974358974358975,0.5091717919858638,0.0,0.051782958005787805,0.5609580420132261
2026-07-14T23:52:50,KNN-Direct-Manhattan,Parkinson2clc,0.2,14,14,1,0.8974358974358975,0.39019279199419543,0.0,0.039871874992968515,0.4300682920147665
2026-07-14T23:52:50,KNN-IC,Parkinson2clc,0.2,15,15,1,1.0,0.3390009159920737,0.008095124998362735,0.021092957991641015,0.3681925830023829
2026-07-14T23:52:51,Mean-IC,Parkinson2clc,0.2,15,15,1,0.8974358974358975,0.20878208399517462,0.0009278329962398857,0.02089216699823737,0.23060524999164045
2026-07-14T23:52:51,KNN-Direct,Parkinson2clc,0.2,15,15,1,0.9743589743589743,0.4098337920149788,0.0,0.04122733301483095,0.4510640840162523
2026-07-14T23:52:52,KNN-Direct-Weighted,Parkinson2clc,0.2,15,15,1,0.9743589743589743,0.5095734590140637,0.0,0.05166287499014288,0.5612397090008017
2026-07-14T23:52:52,KNN-Direct-Manhattan,Parkinson2clc,0.2,15,15,3,0.9743589743589743,0.39319545798934996,0.0,0.03980654099723324,0.43300558300688863
2026-07-14T23:52:52,KNN-IC,Parkinson2clc,0.2,16,16,14,0.7948717948717948,0.3406691249983851,0.009581999998772517,0.021314249985152856,0.37157187500270084
2026-07-14T23:52:53,Mean-IC,Parkinson2clc,0.2,16,16,5,0.8205128205128205,0.20864091700059362,0.0009412090003024787,0.021047540998551995,0.23063304199604318
2026-07-14T23:52:53,KNN-Direct,Parkinson2clc,0.2,16,16,14,0.7948717948717948,0.40864916698774323,0.0,0.04145499999867752,0.45010716599063016
2026-07-14T23:52:54,KNN-Direct-Weighted,Parkinson2clc,0.2,16,16,14,0.7948717948717948,0.56142087499029,0.0,0.05182412499561906,0.6132483340043109
2026-07-14T23:52:54,KNN-Direct-Manhattan,Parkinson2clc,0.2,16,16,8,0.7692307692307693,0.3938061250082683,0.0,0.04000604199245572,0.43381541600683704
2026-07-14T23:52:55,KNN-IC,Parkinson2clc,0.2,17,17,1,0.8717948717948718,0.3396734579873737,0.007938416994875297,0.021352500014472753,0.3689712079940364
2026-07-14T23:52:55,Mean-IC,Parkinson2clc,0.2,17,17,7,0.8461538461538461,0.20865691697690636,0.0009661249932833016,0.020884750003460795,0.23051150000537746
2026-07-14T23:52:55,KNN-Direct,Parkinson2clc,0.2,17,17,5,0.8461538461538461,0.407339666999178,0.0,0.04148229100974277,0.44882495899219066
2026-07-14T23:52:56,KNN-Direct-Weighted,Parkinson2clc,0.2,17,17,5,0.8717948717948718,0.5084347499941941,0.0,0.05165320899686776,0.5600915830000304
2026-07-14T23:52:56,KNN-Direct-Manhattan,Parkinson2clc,0.2,17,17,3,0.8717948717948718,0.3931877920113038,0.0,0.039863250014605,0.43305412502377294
2026-07-14T23:52:57,KNN-IC,Parkinson2clc,0.2,18,18,1,0.8974358974358975,0.3398949579859618,0.008148208988131955,0.021262291993480176,0.36931204100255854
2026-07-14T23:52:57,Mean-IC,Parkinson2clc,0.2,18,18,6,0.8461538461538461,0.20878245800849982,0.0009244999964721501,0.021029542025644332,0.23073958398890682
2026-07-14T23:52:57,KNN-Direct,Parkinson2clc,0.2,18,18,4,0.9487179487179487,0.407059457997093,0.0,0.04151079198345542,0.4485732500033919
2026-07-14T23:52:58,KNN-Direct-Weighted,Parkinson2clc,0.2,18,18,4,0.9230769230769231,0.509730749996379,0.0,0.05161766699166037,0.5613516670127865
2026-07-14T23:52:58,KNN-Direct-Manhattan,Parkinson2clc,0.2,18,18,1,0.8974358974358975,0.39274904201738536,0.0,0.040007750008953735,0.432760124997003
2026-07-14T23:52:59,KNN-IC,Parkinson2clc,0.2,19,19,1,0.8717948717948718,0.34447862501838244,0.007997042004717514,0.02107058299588971,0.37354962501558475
2026-07-14T23:52:59,Mean-IC,Parkinson2clc,0.2,19,19,7,0.7692307692307693,0.20848483400186524,0.0010359580046497285,0.021098166005685925,0.23062499999650754
2026-07-14T23:52:59,KNN-Direct,Parkinson2clc,0.2,19,19,5,0.8974358974358975,0.4113071659812704,0.0,0.041501958010485396,0.4528122089977842
2026-07-14T23:53:00,KNN-Direct-Weighted,Parkinson2clc,0.2,19,19,5,0.9230769230769231,0.5080070830008481,0.0,0.05207199999131262,0.5600827090092935
2026-07-14T23:53:00,KNN-Direct-Manhattan,Parkinson2clc,0.2,19,19,8,0.8974358974358975,0.39239779199124314,0.0,0.03985337499761954,0.43225395801709965
2026-07-14T23:53:01,KNN-IC,Parkinson2clc,0.2,20,20,9,0.8205128205128205,0.3386262090061791,0.009589666005922481,0.021218500012764707,0.36943762499140576
2026-07-14T23:53:01,Mean-IC,Parkinson2clc,0.2,20,20,8,0.7948717948717948,0.20816879099584185,0.0008974999946076423,0.020827291999012232,0.22989662500913255
2026-07-14T23:53:01,KNN-Direct,Parkinson2clc,0.2,20,20,3,0.8974358974358975,0.40568612501374446,0.0,0.041143666981952265,0.4468322500179056
2026-07-14T23:53:02,KNN-Direct-Weighted,Parkinson2clc,0.2,20,20,14,0.9230769230769231,0.7953215409943368,0.0,0.08395116700557992,0.87927687499905
2026-07-14T23:53:03,KNN-Direct-Manhattan,Parkinson2clc,0.2,20,20,1,0.8205128205128205,0.5690925829985645,0.0,0.04650450000190176,0.6156015419983305
2026-07-14T23:53:03,KNN-IC,Parkinson2clc,0.2,21,21,1,0.9230769230769231,0.34743720799451694,0.007823207997716963,0.021136708004632965,0.37640054101939313
2026-07-14T23:53:04,Mean-IC,Parkinson2clc,0.2,21,21,3,0.8205128205128205,0.20864137497846968,0.0009452090016566217,0.020954167004674673,0.23054704201058485
2026-07-14T23:53:04,KNN-Direct,Parkinson2clc,0.2,21,21,1,0.8717948717948718,0.40677341699483804,0.0,0.04135383400716819,0.44813037500716746
2026-07-14T23:53:05,KNN-Direct-Weighted,Parkinson2clc,0.2,21,21,1,0.8974358974358975,0.5078249170037452,0.0,0.05144399998243898,0.5592726659961045
2026-07-14T23:53:05,KNN-Direct-Manhattan,Parkinson2clc,0.2,21,21,1,0.8461538461538461,0.39279799998621456,0.0,0.03968445799546316,0.43248608300928026
2026-07-14T23:53:05,KNN-IC,Parkinson2clc,0.2,22,22,1,0.8974358974358975,0.3402577920060139,0.00798075000056997,0.021180541982175782,0.3694222919875756
2026-07-14T23:53:06,Mean-IC,Parkinson2clc,0.2,22,22,3,0.8717948717948718,0.20883145797415636,0.0009631660068407655,0.02089170800172724,0.2306927089812234
2026-07-14T23:53:06,KNN-Direct,Parkinson2clc,0.2,22,22,1,0.9230769230769231,0.408865582983708,0.0,0.04115649999585003,0.45002512499922886
2026-07-14T23:53:07,KNN-Direct-Weighted,Parkinson2clc,0.2,22,22,1,0.8974358974358975,0.5108148330182303,0.0,0.051716000016313046,0.5625345409789588
2026-07-14T23:53:07,KNN-Direct-Manhattan,Parkinson2clc,0.2,22,22,1,0.8974358974358975,0.39350058301351964,0.0,0.039666041993768886,0.4331700830080081
2026-07-14T23:53:07,KNN-IC,Parkinson2clc,0.2,23,23,1,0.8717948717948718,0.34064091701293364,0.00804633300867863,0.021376208984293044,0.370070000004489
2026-07-14T23:53:08,Mean-IC,Parkinson2clc,0.2,23,23,1,0.8974358974358975,0.20876800001133233,0.0009391659987159073,0.021183167002163827,0.23089354098192416
2026-07-14T23:53:08,KNN-Direct,Parkinson2clc,0.2,23,23,3,0.8974358974358975,0.40729187498800457,0.0,0.041287541011115536,0.44858233400736935
2026-07-14T23:53:09,KNN-Direct-Weighted,Parkinson2clc,0.2,23,23,1,0.8974358974358975,0.5081194999802392,0.0,0.05156779199023731,0.5596907919971272
2026-07-14T23:53:09,KNN-Direct-Manhattan,Parkinson2clc,0.2,23,23,9,0.8461538461538461,0.39284587500151247,0.0,0.03975791699485853,0.4326072919939179
2026-07-14T23:53:09,KNN-IC,Parkinson2clc,0.2,24,24,1,0.8974358974358975,0.33974112500436604,0.008090749994153157,0.02116962501895614,0.3690052079909947
2026-07-14T23:53:10,Mean-IC,Parkinson2clc,0.2,24,24,9,0.7948717948717948,0.20870845898753032,0.0009413330117240548,0.021133292000740767,0.23078966699540615
2026-07-14T23:53:10,KNN-Direct,Parkinson2clc,0.2,24,24,6,0.8974358974358975,0.40713379200315103,0.0,0.0413846249866765,0.44852137501584366
2026-07-14T23:53:11,KNN-Direct-Weighted,Parkinson2clc,0.2,24,24,1,0.8974358974358975,0.508518875023583,0.0,0.05174483300652355,0.5602672079985496
2026-07-14T23:53:11,KNN-Direct-Manhattan,Parkinson2clc,0.2,24,24,6,0.9230769230769231,0.3932825420051813,0.0,0.039860833989223465,0.4331465420254972
2026-07-14T23:53:11,KNN-IC,Parkinson2clc,0.2,25,25,6,0.8461538461538461,0.3396173340152018,0.009255540993763134,0.02126012500957586,0.3701396659889724
2026-07-14T23:53:12,Mean-IC,Parkinson2clc,0.2,25,25,12,0.7692307692307693,0.20775729199522175,0.0009497080172877759,0.020981624984415248,0.2296948749863077
2026-07-14T23:53:12,KNN-Direct,Parkinson2clc,0.2,25,25,6,0.8717948717948718,0.4086470830079634,0.0,0.04154704199754633,0.4501968330005184
2026-07-14T23:53:13,KNN-Direct-Weighted,Parkinson2clc,0.2,25,25,5,0.8717948717948718,0.5087685839971527,0.0,0.05176087497966364,0.5605330000107642
2026-07-14T23:53:13,KNN-Direct-Manhattan,Parkinson2clc,0.2,25,25,3,0.8974358974358975,0.3930531660153065,0.0,0.03985700002522208,0.4329140420013573
2026-07-14T23:53:14,KNN-IC,Parkinson2clc,0.2,26,26,2,0.8717948717948718,0.3397692920116242,0.00847195801907219,0.021150249987840652,0.3693946250132285
2026-07-14T23:53:14,Mean-IC,Parkinson2clc,0.2,26,26,1,0.9230769230769231,0.20809970900882035,0.0009267499845009297,0.020999458007281646,0.23003241600235924
2026-07-14T23:53:14,KNN-Direct,Parkinson2clc,0.2,26,26,1,0.9230769230769231,0.407581957988441,0.0,0.04151304200058803,0.4490976670058444
2026-07-14T23:53:15,KNN-Direct-Weighted,Parkinson2clc,0.2,26,26,1,0.9230769230769231,0.5085148339858279,0.0,0.05154887499520555,0.5600670830172021
2026-07-14T23:53:15,KNN-Direct-Manhattan,Parkinson2clc,0.2,26,26,3,0.9230769230769231,0.39339670797926374,0.0,0.04001741702086292,0.4334175419935491
2026-07-14T23:53:16,KNN-IC,Parkinson2clc,0.2,27,27,4,0.8974358974358975,0.33951687498483807,0.00956712500192225,0.021134542010258883,0.3702220419945661
2026-07-14T23:53:16,Mean-IC,Parkinson2clc,0.2,27,27,3,0.8461538461538461,0.20806258299853653,0.001257374999113381,0.020832209003856406,0.23015554100857116
2026-07-14T23:53:16,KNN-Direct,Parkinson2clc,0.2,27,27,3,0.9230769230769231,0.40677333300118335,0.0,0.04125412501161918,0.4480302500014659
2026-07-14T23:53:17,KNN-Direct-Weighted,Parkinson2clc,0.2,27,27,3,0.8717948717948718,0.7422375830064993,0.0,0.07785758399404585,0.8200994590006303
2026-07-14T23:53:18,KNN-Direct-Manhattan,Parkinson2clc,0.2,27,27,1,0.9230769230769231,0.41900424999766983,0.0,0.03975600001285784,0.45876429197960533
2026-07-14T23:53:18,KNN-IC,Parkinson2clc,0.2,28,28,2,0.9487179487179487,0.34069483302300796,0.00856554097845219,0.02134308300446719,0.3706070829939563
2026-07-14T23:53:18,Mean-IC,Parkinson2clc,0.2,28,28,1,0.9487179487179487,0.20852383397868834,0.0009081670141313225,0.020946415985235944,0.23038112500216812
2026-07-14T23:53:19,KNN-Direct,Parkinson2clc,0.2,28,28,1,0.9743589743589743,0.40871195899671875,0.0,0.04129029100295156,0.4500055000244174
2026-07-14T23:53:19,KNN-Direct-Weighted,Parkinson2clc,0.2,28,28,1,0.9743589743589743,0.5085937500116415,0.0,0.05160141599480994,0.5601987500267569
2026-07-14T23:53:20,KNN-Direct-Manhattan,Parkinson2clc,0.2,28,28,1,0.9230769230769231,0.39382720898720436,0.0,0.03965533399605192,0.4334858750225976
2026-07-14T23:53:20,KNN-IC,Parkinson2clc,0.2,29,29,1,0.8974358974358975,0.3411326250061393,0.008039167005335912,0.021162207995075732,0.37033687499933876
2026-07-14T23:53:20,Mean-IC,Parkinson2clc,0.2,29,29,1,0.8974358974358975,0.20855295800720342,0.0009242499945685267,0.020887291990220547,0.2303673330170568
2026-07-14T23:53:21,KNN-Direct,Parkinson2clc,0.2,29,29,5,0.9487179487179487,0.411237333988538,0.0,0.041445417009526864,0.4526852919952944
2026-07-14T23:53:21,KNN-Direct-Weighted,Parkinson2clc,0.2,29,29,1,0.9230769230769231,0.5086161250073928,0.0,0.0516326249926351,0.5602522499975748
2026-07-14T23:53:22,KNN-Direct-Manhattan,Parkinson2clc,0.2,29,29,6,0.8974358974358975,0.39269070798764005,0.0,0.03961966698989272,0.43231350000132807
2026-07-14T23:53:22,KNN-IC,Parkinson2clc,0.2,30,30,1,0.9487179487179487,0.33876433299155906,0.007838499994250014,0.021013458986999467,0.3676198330067564
2026-07-14T23:53:22,Mean-IC,Parkinson2clc,0.2,30,30,3,0.8461538461538461,0.20769870802178048,0.0009014170209411532,0.02084395900601521,0.22944712499156594
2026-07-14T23:53:23,KNN-Direct,Parkinson2clc,0.2,30,30,3,0.8974358974358975,0.40641029202379286,0.0,0.04116287501528859,0.4475762080110144
2026-07-14T23:53:23,KNN-Direct-Weighted,Parkinson2clc,0.2,30,30,3,0.8974358974358975,0.5074594169855118,0.0,0.051645917003042996,0.5591084580228198
2026-07-14T23:53:24,KNN-Direct-Manhattan,Parkinson2clc,0.2,30,30,3,0.8974358974358975,0.3923723330080975,0.0,0.03982999999425374,0.43220587499672547
2026-07-14T23:53:24,KNN-IC,Parkinson2clc,0.2,31,31,1,0.8461538461538461,0.3394787909928709,0.008179332973668352,0.021207582991337404,0.36887162501807325
2026-07-14T23:53:24,Mean-IC,Parkinson2clc,0.2,31,31,3,0.8974358974358975,0.20794333299272694,0.000954833987634629,0.020801000006031245,0.22970570900361054
2026-07-14T23:53:25,KNN-Direct,Parkinson2clc,0.2,31,31,3,0.8974358974358975,0.40681654200307094,0.0,0.04153858299832791,0.4483581249951385
2026-07-14T23:53:25,KNN-Direct-Weighted,Parkinson2clc,0.2,31,31,3,0.9230769230769231,0.5072005830006674,0.0,0.051598833000753075,0.5588024590106215
2026-07-14T23:53:26,KNN-Direct-Manhattan,Parkinson2clc,0.2,31,31,3,0.8974358974358975,0.3926669579814188,0.0,0.03979004200664349,0.4324603749846574
2026-07-14T23:53:26,KNN-IC,Parkinson2clc,0.2,32,32,1,0.8974358974358975,0.34037045799777843,0.008324333000928164,0.021168834005948156,0.36986700000124983
2026-07-14T23:53:26,Mean-IC,Parkinson2clc,0.2,32,32,5,0.8461538461538461,0.20803908299421892,0.0009247080015484244,0.02106562498374842,0.23003245898871683
2026-07-14T23:53:27,KNN-Direct,Parkinson2clc,0.2,32,32,1,0.9487179487179487,0.40773162501864135,0.0,0.041502124979160726,0.4492366670165211
2026-07-14T23:53:27,KNN-Direct-Weighted,Parkinson2clc,0.2,32,32,1,0.9230769230769231,0.508682333980687,0.0,0.05129779101116583,0.5599834590102546
2026-07-14T23:53:28,KNN-Direct-Manhattan,Parkinson2clc,0.2,32,32,1,0.8974358974358975,0.3925959589832928,0.0,0.03976370801683515,0.43236283300211653
2026-07-14T23:53:28,KNN-IC,Parkinson2clc,0.2,33,33,2,0.7435897435897436,0.33837262500310317,0.008198625000659376,0.02135929197538644,0.36793391601531766
2026-07-14T23:53:28,Mean-IC,Parkinson2clc,0.2,33,33,10,0.7692307692307693,0.20812825000029989,0.0009178330074064434,0.020858832984231412,0.22991170900058933
2026-07-14T23:53:29,KNN-Direct,Parkinson2clc,0.2,33,33,5,0.7948717948717948,0.4064784999936819,0.0,0.04142904200125486,0.4479103750200011
2026-07-14T23:53:29,KNN-Direct-Weighted,Parkinson2clc,0.2,33,33,5,0.7948717948717948,0.5073339169903193,0.0,0.05168145798961632,0.559018333995482
2026-07-14T23:53:30,KNN-Direct-Manhattan,Parkinson2clc,0.2,33,33,3,0.8461538461538461,0.39231637498596683,0.0,0.039846208004746586,0.4321662090078462
2026-07-14T23:53:30,KNN-IC,Parkinson2clc,0.2,34,34,2,0.9487179487179487,0.34207916699233465,0.008067584014497697,0.021389625006122515,0.371542540990049
2026-07-14T23:53:30,Mean-IC,Parkinson2clc,0.2,34,34,13,0.8717948717948718,0.20821924999472685,0.000920124992262572,0.021281708002788946,0.23042454198002815
2026-07-14T23:53:31,KNN-Direct,Parkinson2clc,0.2,34,34,7,0.9230769230769231,0.40742974999011494,0.0,0.04151066701160744,0.44894299999577925
2026-07-14T23:53:31,KNN-Direct-Weighted,Parkinson2clc,0.2,34,34,6,0.9487179487179487,0.5078196249960456,0.0,0.054681209003319964,0.5625050000089686
2026-07-14T23:53:32,KNN-Direct-Manhattan,Parkinson2clc,0.2,34,34,3,0.9743589743589743,0.628671041020425,0.0,0.06582904097740538,0.6945058330020402
2026-07-14T23:53:33,KNN-IC,Parkinson2clc,0.2,35,35,2,0.9230769230769231,0.5537675420055166,0.01487991597969085,0.032381625002017245,0.6010358749772422
2026-07-14T23:53:33,Mean-IC,Parkinson2clc,0.2,35,35,3,0.9230769230769231,0.26609074999578297,0.0010923329973593354,0.02337204199284315,0.2905597079952713
2026-07-14T23:53:34,KNN-Direct,Parkinson2clc,0.2,35,35,6,0.8974358974358975,0.4057117920019664,0.0,0.04096116701839492,0.4466759579954669
2026-07-14T23:53:34,KNN-Direct-Weighted,Parkinson2clc,0.2,35,35,1,0.9230769230769231,0.5076823330018669,0.0,0.05146266700467095,0.5591483330063056
2026-07-14T23:53:35,KNN-Direct-Manhattan,Parkinson2clc,0.2,35,35,4,0.9230769230769231,0.4417384999978822,0.0,0.04009237501304597,0.4818343330116477
2026-07-14T23:53:35,KNN-IC,Parkinson2clc,0.2,36,36,5,0.7692307692307693,0.33765337499789894,0.009459624998271465,0.02111537498421967,0.3682316670019645
2026-07-14T23:53:35,Mean-IC,Parkinson2clc,0.2,36,36,3,0.8461538461538461,0.2085275410208851,0.0011526659945957363,0.02087370801018551,0.23055712500354275
2026-07-14T23:53:36,KNN-Direct,Parkinson2clc,0.2,36,36,3,0.7948717948717948,0.4067512089968659,0.0,0.04159050001180731,0.4483444159850478
2026-07-14T23:53:36,KNN-Direct-Weighted,Parkinson2clc,0.2,36,36,3,0.8461538461538461,0.50699049999821,0.0,0.05190004201722331,0.5588942089816555
2026-07-14T23:53:37,KNN-Direct-Manhattan,Parkinson2clc,0.2,36,36,4,0.8717948717948718,0.392228457989404,0.0,0.03974649999872781,0.43197825000970624
2026-07-14T23:53:37,KNN-IC,Parkinson2clc,0.2,37,37,1,0.8717948717948718,0.33958033300586976,0.007933041983051226,0.02128870799788274,0.36880566700710915
2026-07-14T23:53:37,Mean-IC,Parkinson2clc,0.2,37,37,6,0.8461538461538461,0.2090241250116378,0.0009246250265277922,0.020908417005557567,0.23086095799226314
2026-07-14T23:53:38,KNN-Direct,Parkinson2clc,0.2,37,37,4,0.8205128205128205,0.40774575000978075,0.0,0.041432041994994506,0.44918062500073574
2026-07-14T23:53:38,KNN-Direct-Weighted,Parkinson2clc,0.2,37,37,4,0.8205128205128205,0.5072060420061462,0.0,0.05166270898189396,0.5588719999941532
2026-07-14T23:53:39,KNN-Direct-Manhattan,Parkinson2clc,0.2,37,37,3,0.8205128205128205,0.3929142090200912,0.0,0.03976879201945849,0.4326859590073582
2026-07-14T23:53:39,KNN-IC,Parkinson2clc,0.2,38,38,1,0.8717948717948718,0.3403055829985533,0.008032625017222017,0.02142104197992012,0.3697624580236152
2026-07-14T23:53:39,Mean-IC,Parkinson2clc,0.2,38,38,9,0.7948717948717948,0.208736125001451,0.0009022080048453063,0.021036582998931408,0.2306815419869963
2026-07-14T23:53:40,KNN-Direct,Parkinson2clc,0.2,38,38,5,0.9487179487179487,0.4076287079951726,0.0,0.04161612500320189,0.4492471670091618
2026-07-14T23:53:40,KNN-Direct-Weighted,Parkinson2clc,0.2,38,38,10,0.8205128205128205,0.5096321669989266,0.0,0.05184400000143796,0.5614795829751529
2026-07-14T23:53:41,KNN-Direct-Manhattan,Parkinson2clc,0.2,38,38,4,0.8461538461538461,0.39383283400093205,0.0,0.03980304198921658,0.43363920800038613
2026-07-14T23:53:41,KNN-IC,Parkinson2clc,0.2,39,39,4,0.8205128205128205,0.3397859579999931,0.009486750001087785,0.021104207989992574,0.370380541018676
2026-07-14T23:53:41,Mean-IC,Parkinson2clc,0.2,39,39,1,0.8205128205128205,0.20858350000344217,0.0010155829950235784,0.020877833012491465,0.23048012499930337
2026-07-14T23:53:42,KNN-Direct,Parkinson2clc,0.2,39,39,1,0.8974358974358975,0.4072031250107102,0.0,0.04122966597788036,0.44843587500508875
2026-07-14T23:53:42,KNN-Direct-Weighted,Parkinson2clc,0.2,39,39,1,0.8717948717948718,0.5073720419895835,0.0,0.05156100000021979,0.5589362920145504
2026-07-14T23:53:43,KNN-Direct-Manhattan,Parkinson2clc,0.2,39,39,1,0.8974358974358975,0.3926742500043474,0.0,0.03966316700098105,0.4323404160095379
2026-07-14T23:53:43,KNN-IC,Parkinson2clc,0.3,0,0,2,0.9230769230769231,0.3452749580028467,0.00876487500499934,0.02105262500117533,0.37509570800466463
2026-07-14T23:53:43,Mean-IC,Parkinson2clc,0.3,0,0,9,0.7948717948717948,0.20764933302416466,0.0009304579871241003,0.02080600001499988,0.2293886669795029
2026-07-14T23:53:44,KNN-Direct,Parkinson2clc,0.3,0,0,1,0.8974358974358975,0.4091353749972768,0.0,0.04153737498563714,0.4506756250048056
2026-07-14T23:53:44,KNN-Direct-Weighted,Parkinson2clc,0.3,0,0,1,0.8717948717948718,0.509866750013316,0.0,0.05181000000447966,0.5616802919830661
2026-07-14T23:53:45,KNN-Direct-Manhattan,Parkinson2clc,0.3,0,0,1,0.8717948717948718,0.3937116249871906,0.0,0.03977249999297783,0.4334876670036465
2026-07-14T23:53:45,KNN-IC,Parkinson2clc,0.3,1,1,5,0.8974358974358975,0.3441221250104718,0.009648082981584594,0.021371209004428238,0.3751466249814257
2026-07-14T23:53:45,Mean-IC,Parkinson2clc,0.3,1,1,9,0.8205128205128205,0.20758112499606796,0.0009620840137358755,0.02080270799342543,0.22934895800426602
2026-07-14T23:53:46,KNN-Direct,Parkinson2clc,0.3,1,1,6,0.8974358974358975,0.408690791024128,0.0,0.04149441598565318,0.4501883749908302
2026-07-14T23:53:46,KNN-Direct-Weighted,Parkinson2clc,0.3,1,1,6,0.8974358974358975,0.5095474169938825,0.0,0.051656166004249826,0.5612070409988519
2026-07-14T23:53:47,KNN-Direct-Manhattan,Parkinson2clc,0.3,1,1,3,0.8461538461538461,0.568397583992919,0.0,0.05126991600263864,0.6196728750073817
2026-07-14T23:53:47,KNN-IC,Parkinson2clc,0.3,2,2,2,0.7948717948717948,0.3785732919932343,0.008700417005456984,0.021308167022652924,0.40858608300914057
2026-07-14T23:53:48,Mean-IC,Parkinson2clc,0.3,2,2,1,0.7692307692307693,0.20917387498775497,0.0009339580137748271,0.020870625012321398,0.23098158300854266
2026-07-14T23:53:48,KNN-Direct,Parkinson2clc,0.3,2,2,3,0.8717948717948718,0.40878129098564386,0.0,0.04148704101680778,0.45027112498064525
2026-07-14T23:53:49,KNN-Direct-Weighted,Parkinson2clc,0.3,2,2,1,0.8461538461538461,0.5095167079998646,0.0,0.05129504200886004,0.5608148750034161
2026-07-14T23:53:49,KNN-Direct-Manhattan,Parkinson2clc,0.3,2,2,3,0.8461538461538461,0.39385195801150985,0.0,0.040093874995363876,0.43394925000029616
2026-07-14T23:53:50,KNN-IC,Parkinson2clc,0.3,3,3,2,0.7692307692307693,0.3451812920102384,0.008733583992579952,0.02109129200107418,0.375012666976545
2026-07-14T23:53:50,Mean-IC,Parkinson2clc,0.3,3,3,1,0.8461538461538461,0.2091840420034714,0.0009562919731251895,0.020818584016524255,0.23096633300883695
2026-07-14T23:53:50,KNN-Direct,Parkinson2clc,0.3,3,3,3,0.8974358974358975,0.4095286660012789,0.0,0.041513958014547825,0.4510456249990966
2026-07-14T23:53:51,KNN-Direct-Weighted,Parkinson2clc,0.3,3,3,3,0.8717948717948718,0.5106348340050317,0.0,0.05166191601892933,0.5623000420164317
2026-07-14T23:53:51,KNN-Direct-Manhattan,Parkinson2clc,0.3,3,3,5,0.9230769230769231,0.3954468340089079,0.0,0.03994937500101514,0.43539933298598044
2026-07-14T23:53:52,KNN-IC,Parkinson2clc,0.3,4,4,2,0.8974358974358975,0.3452957080153283,0.008512749976944178,0.021391584014054388,0.37520308399689384
2026-07-14T23:53:52,Mean-IC,Parkinson2clc,0.3,4,4,6,0.8461538461538461,0.20823587500490248,0.000929457979509607,0.020831000001635402,0.23000295899691992
2026-07-14T23:53:52,KNN-Direct,Parkinson2clc,0.3,4,4,5,0.8461538461538461,0.40835924999555573,0.0,0.041496707999613136,0.44985883301706053
2026-07-14T23:53:53,KNN-Direct-Weighted,Parkinson2clc,0.3,4,4,5,0.8461538461538461,0.5101188340049703,0.0,0.05183187502552755,0.5619537500024308
2026-07-14T23:53:53,KNN-Direct-Manhattan,Parkinson2clc,0.3,4,4,5,0.7948717948717948,0.39422620899858885,0.0,0.040224666998256,0.4344542079779785
2026-07-14T23:53:54,KNN-IC,Parkinson2clc,0.3,5,5,3,0.8974358974358975,0.3436274169944227,0.00889029199606739,0.02121187502052635,0.3737326670088805
2026-07-14T23:53:54,Mean-IC,Parkinson2clc,0.3,5,5,1,0.8717948717948718,0.20947104200604372,0.0009324579732492566,0.020870416978141293,0.23127720900811255
2026-07-14T23:53:54,KNN-Direct,Parkinson2clc,0.3,5,5,1,0.9230769230769231,0.40730041699134745,0.0,0.04143808301887475,0.4487411659792997
2026-07-14T23:53:55,KNN-Direct-Weighted,Parkinson2clc,0.3,5,5,6,0.8974358974358975,0.5098745420109481,0.0,0.05190795799717307,0.5617860420024954
2026-07-14T23:53:55,KNN-Direct-Manhattan,Parkinson2clc,0.3,5,5,11,0.8974358974358975,0.39354354099486955,0.0,0.03993704202002846,0.43348354200134054
2026-07-14T23:53:56,KNN-IC,Parkinson2clc,0.3,6,6,1,0.8461538461538461,0.3448357919987757,0.008137415978126228,0.021407167019788176,0.37438374999328516
2026-07-14T23:53:56,Mean-IC,Parkinson2clc,0.3,6,6,1,0.8205128205128205,0.2078049169795122,0.0009449589997529984,0.020724625006550923,0.2294776669878047
2026-07-14T23:53:56,KNN-Direct,Parkinson2clc,0.3,6,6,3,0.8205128205128205,0.4086368749849498,0.0,0.04171229200437665,0.4503517920093145
2026-07-14T23:53:57,KNN-Direct-Weighted,Parkinson2clc,0.3,6,6,3,0.7948717948717948,0.5099039579799864,0.0,0.05171166700893082,0.5616190420114435
2026-07-14T23:53:57,KNN-Direct-Manhattan,Parkinson2clc,0.3,6,6,5,0.9230769230769231,0.39447995799127966,0.0,0.039982082991627976,0.4344654580054339
2026-07-14T23:53:58,KNN-IC,Parkinson2clc,0.3,7,7,4,0.8717948717948718,0.3433677919965703,0.00976337501197122,0.021257916989270598,0.37439245902351104
2026-07-14T23:53:58,Mean-IC,Parkinson2clc,0.3,7,7,7,0.9230769230769231,0.2088064999843482,0.000909624999621883,0.020915083005093038,0.2306343330128584
2026-07-14T23:53:58,KNN-Direct,Parkinson2clc,0.3,7,7,7,0.8717948717948718,0.4094448329997249,0.0,0.04134374999557622,0.45079187498777173
2026-07-14T23:53:59,KNN-Direct-Weighted,Parkinson2clc,0.3,7,7,5,0.8717948717948718,0.5112680419988465,0.0,0.05194883298827335,0.5632204999856185
2026-07-14T23:53:59,KNN-Direct-Manhattan,Parkinson2clc,0.3,7,7,7,0.8717948717948718,0.39497799999662675,0.0,0.039855250011896715,0.4348365830082912
2026-07-14T23:54:00,KNN-IC,Parkinson2clc,0.3,8,8,6,0.8205128205128205,0.34667324999463744,0.010239666007691994,0.02109575000940822,0.3780122080061119
2026-07-14T23:54:00,Mean-IC,Parkinson2clc,0.3,8,8,3,0.7692307692307693,0.20825025002704933,0.0009499999869149178,0.020906833990011364,0.23011324999970384
2026-07-14T23:54:01,KNN-Direct,Parkinson2clc,0.3,8,8,5,0.8205128205128205,0.40860241701011546,0.0,0.041414333012653515,0.4500198340101633
2026-07-14T23:54:01,KNN-Direct-Weighted,Parkinson2clc,0.3,8,8,5,0.8717948717948718,0.5095876249833964,0.0,0.05178958401666023,0.5613806670007762
2026-07-14T23:54:02,KNN-Direct-Manhattan,Parkinson2clc,0.3,8,8,7,0.8205128205128205,0.39306224999018013,0.0,0.09380345800309442,0.48686941698542796
2026-07-14T23:54:02,KNN-IC,Parkinson2clc,0.3,9,9,1,0.9230769230769231,0.6149444580078125,0.014994208002462983,0.03548287498415448,0.665427624975564
2026-07-14T23:54:03,Mean-IC,Parkinson2clc,0.3,9,9,1,0.8461538461538461,0.33819070798926987,0.0011945840087719262,0.02776654198532924,0.3671600829984527
2026-07-14T23:54:03,KNN-Direct,Parkinson2clc,0.3,9,9,3,0.9230769230769231,0.4971954590000678,0.0,0.041507958027068526,0.5387072089943103
2026-07-14T23:54:04,KNN-Direct-Weighted,Parkinson2clc,0.3,9,9,3,0.8974358974358975,0.5096210410119966,0.0,0.05190799999400042,0.561532708001323
2026-07-14T23:54:04,KNN-Direct-Manhattan,Parkinson2clc,0.3,9,9,3,0.9230769230769231,0.39492220801184885,0.0,0.040099208999890834,0.4350246660178527
2026-07-14T23:54:05,KNN-IC,Parkinson2clc,0.3,10,10,4,0.9487179487179487,0.345246250013588,0.009794915997190401,0.0211710830044467,0.3762155409785919
2026-07-14T23:54:05,Mean-IC,Parkinson2clc,0.3,10,10,10,0.8205128205128205,0.20841962500708178,0.0009613340080250055,0.020959499990567565,0.23034433301654644
2026-07-14T23:54:05,KNN-Direct,Parkinson2clc,0.3,10,10,1,0.9230769230769231,0.40924824998364784,0.0,0.0414675000065472,0.45071900001494214
2026-07-14T23:54:06,KNN-Direct-Weighted,Parkinson2clc,0.3,10,10,5,0.9487179487179487,0.5099067499977536,0.0,0.0519510000012815,0.5618610419915058
2026-07-14T23:54:06,KNN-Direct-Manhattan,Parkinson2clc,0.3,10,10,1,0.9487179487179487,0.3940545000077691,0.0,0.04003366600954905,0.434091291972436
2026-07-14T23:54:07,KNN-IC,Parkinson2clc,0.3,11,11,3,0.9743589743589743,0.3433499170059804,0.008956999983638525,0.021192874992266297,0.3735031250107568
2026-07-14T23:54:07,Mean-IC,Parkinson2clc,0.3,11,11,5,0.8974358974358975,0.20833204197697341,0.0009478330030106008,0.020844167011091486,0.23012729198671877
2026-07-14T23:54:07,KNN-Direct,Parkinson2clc,0.3,11,11,6,0.9743589743589743,0.4073602920107078,0.0,0.04151062501478009,0.44887404202017933
2026-07-14T23:54:08,KNN-Direct-Weighted,Parkinson2clc,0.3,11,11,6,0.9743589743589743,0.5093475839821622,0.0,0.051728208985878155,0.5610792090010364
2026-07-14T23:54:08,KNN-Direct-Manhattan,Parkinson2clc,0.3,11,11,8,1.0,0.39339966702391393,0.0,0.03999679099069908,0.4333994589978829
2026-07-14T23:54:09,KNN-IC,Parkinson2clc,0.3,12,12,2,0.8461538461538461,0.34681937500135973,0.008348750008735806,0.021208749996731058,0.3763803750043735
2026-07-14T23:54:09,Mean-IC,Parkinson2clc,0.3,12,12,10,0.8461538461538461,0.20848416700027883,0.0009213330049533397,0.020883083023363724,0.23029479198157787
2026-07-14T23:54:09,KNN-Direct,Parkinson2clc,0.3,12,12,7,0.9743589743589743,0.4092588330095168,0.0,0.04159441700903699,0.45085625001229346
2026-07-14T23:54:10,KNN-Direct-Weighted,Parkinson2clc,0.3,12,12,5,0.9487179487179487,0.5101415830140468,0.0,0.051793084014207125,0.561937874997966
2026-07-14T23:54:10,KNN-Direct-Manhattan,Parkinson2clc,0.3,12,12,11,0.8205128205128205,0.3934683749976102,0.0,0.03992787501192652,0.4333993339969311
2026-07-14T23:54:11,KNN-IC,Parkinson2clc,0.3,13,13,1,0.9230769230769231,0.3444630000158213,0.00841404200764373,0.021280332992319018,0.3741606670082547
2026-07-14T23:54:11,Mean-IC,Parkinson2clc,0.3,13,13,7,0.8974358974358975,0.20824987499509007,0.000974374997895211,0.020847083011176437,0.23007441600202583
2026-07-14T23:54:11,KNN-Direct,Parkinson2clc,0.3,13,13,5,0.9230769230769231,0.4078814170206897,0.0,0.04162116700899787,0.4495054169965442
2026-07-14T23:54:12,KNN-Direct-Weighted,Parkinson2clc,0.3,13,13,7,0.8974358974358975,0.5096698330016807,0.0,0.05170650000218302,0.5613797910045832
2026-07-14T23:54:12,KNN-Direct-Manhattan,Parkinson2clc,0.3,13,13,9,0.9230769230769231,0.3941561669926159,0.0,0.04008145901025273,0.434240791015327
2026-07-14T23:54:13,KNN-IC,Parkinson2clc,0.3,14,14,4,0.9230769230769231,0.3439465000119526,0.009860292018856853,0.021105291991261765,0.3749189579975791
2026-07-14T23:54:13,Mean-IC,Parkinson2clc,0.3,14,14,1,0.7948717948717948,0.20781441699364223,0.0009228749840985984,0.020979624998290092,0.22972312499769032
2026-07-14T23:54:13,KNN-Direct,Parkinson2clc,0.3,14,14,3,0.8974358974358975,0.40711983302026056,0.0,0.04135683400090784,0.44847949998802505
2026-07-14T23:54:14,KNN-Direct-Weighted,Parkinson2clc,0.3,14,14,3,0.9230769230769231,0.5091847919975407,0.0,0.051564416993642226,0.5607525419909507
2026-07-14T23:54:14,KNN-Direct-Manhattan,Parkinson2clc,0.3,14,14,3,0.8974358974358975,0.3932457089831587,0.0,0.03987095900811255,0.43312012500246055
2026-07-14T23:54:15,KNN-IC,Parkinson2clc,0.3,15,15,8,0.9487179487179487,0.3448107909935061,0.0101936669962015,0.02114237501518801,0.37615204200847074
2026-07-14T23:54:15,Mean-IC,Parkinson2clc,0.3,15,15,3,0.9487179487179487,0.2089370829926338,0.0011639999866019934,0.020929874997818843,0.23103408300084993
2026-07-14T23:54:15,KNN-Direct,Parkinson2clc,0.3,15,15,3,0.9230769230769231,0.40924087501480244,0.0,0.04165304100024514,0.4508964999986347
2026-07-14T23:54:16,KNN-Direct-Weighted,Parkinson2clc,0.3,15,15,6,0.9487179487179487,0.5103007919969968,0.0,0.05180287500843406,0.5621069589979015
2026-07-14T23:54:17,KNN-Direct-Manhattan,Parkinson2clc,0.3,15,15,3,0.8974358974358975,0.3945838749932591,0.0,0.0686914169928059,0.4632800830004271
2026-07-14T23:54:17,KNN-IC,Parkinson2clc,0.3,16,16,6,0.7948717948717948,0.6089440000068862,0.014459416997851804,0.026720833004219458,0.6501292079919949
2026-07-14T23:54:17,Mean-IC,Parkinson2clc,0.3,16,16,4,0.8974358974358975,0.2361408339929767,0.0009909159853123128,0.020991042023524642,0.25812695900094695
2026-07-14T23:54:18,KNN-Direct,Parkinson2clc,0.3,16,16,3,0.8717948717948718,0.41050362499663606,0.0,0.04141962499124929,0.4519262080139015
2026-07-14T23:54:18,KNN-Direct-Weighted,Parkinson2clc,0.3,16,16,3,0.9230769230769231,0.5109332080173772,0.0,0.051899416983360425,0.5628357919922564
2026-07-14T23:54:19,KNN-Direct-Manhattan,Parkinson2clc,0.3,16,16,3,0.8205128205128205,0.39583637498435564,0.0,0.0399622920085676,0.43580216701957397
2026-07-14T23:54:19,KNN-IC,Parkinson2clc,0.3,17,17,2,0.8974358974358975,0.3423983750108164,0.00846520799677819,0.02112620900152251,0.371996333997231
2026-07-14T23:54:19,Mean-IC,Parkinson2clc,0.3,17,17,5,0.8717948717948718,0.20865099999355152,0.0009633330046199262,0.02099312501377426,0.23061366702313535
2026-07-14T23:54:20,KNN-Direct,Parkinson2clc,0.3,17,17,8,0.9230769230769231,0.40865708398632705,0.0,0.04139150000992231,0.45005174999823794
2026-07-14T23:54:21,KNN-Direct-Weighted,Parkinson2clc,0.3,17,17,6,0.9230769230769231,0.5545106249919627,0.0,0.05164933399646543,0.6061632079945412
2026-07-14T23:54:21,KNN-Direct-Manhattan,Parkinson2clc,0.3,17,17,6,0.8717948717948718,0.3928114170266781,0.0,0.04001250001601875,0.43282749998616055
2026-07-14T23:54:21,KNN-IC,Parkinson2clc,0.3,18,18,6,0.8461538461538461,0.3456050830136519,0.009974332991987467,0.021492500003660098,0.3770757079764735
2026-07-14T23:54:22,Mean-IC,Parkinson2clc,0.3,18,18,6,0.8461538461538461,0.20814741699723527,0.0009370000043418258,0.020730667019961402,0.22981791698839515
2026-07-14T23:54:22,KNN-Direct,Parkinson2clc,0.3,18,18,6,0.8717948717948718,0.408921875001397,0.0,0.04172004197607748,0.45064516601269133
2026-07-14T23:54:23,KNN-Direct-Weighted,Parkinson2clc,0.3,18,18,6,0.8461538461538461,0.5097988329944201,0.0,0.05157495799358003,0.5613770420022774
2026-07-14T23:54:23,KNN-Direct-Manhattan,Parkinson2clc,0.3,18,18,9,0.8974358974358975,0.39501408298383467,0.0,0.03991645900532603,0.43493366602342576
2026-07-14T23:54:23,KNN-IC,Parkinson2clc,0.3,19,19,1,0.8974358974358975,0.34478062501875684,0.008516250003594905,0.021182208001846448,0.37448254198534414
2026-07-14T23:54:24,Mean-IC,Parkinson2clc,0.3,19,19,5,0.8205128205128205,0.2088165829773061,0.0009451660152990371,0.021076291013741866,0.23084120897692628
2026-07-14T23:54:24,KNN-Direct,Parkinson2clc,0.3,19,19,4,0.8974358974358975,0.40930616701371036,0.0,0.04139499997836538,0.45070408398169093
2026-07-14T23:54:25,KNN-Direct-Weighted,Parkinson2clc,0.3,19,19,3,0.8974358974358975,0.5102612499904353,0.0,0.05190045898780227,0.5621652079862542
2026-07-14T23:54:25,KNN-Direct-Manhattan,Parkinson2clc,0.3,19,19,7,0.8974358974358975,0.3949693330214359,0.0,0.04007783401175402,0.43505054200068116
2026-07-14T23:54:25,KNN-IC,Parkinson2clc,0.3,20,20,3,0.8974358974358975,0.34377583299647085,0.00846745798480697,0.02135079199797474,0.3735977499745786
2026-07-14T23:54:26,Mean-IC,Parkinson2clc,0.3,20,20,3,0.8974358974358975,0.20838258299045265,0.0009309170127380639,0.020920374983688816,0.23023666700464673
2026-07-14T23:54:26,KNN-Direct,Parkinson2clc,0.3,20,20,3,0.8974358974358975,0.4072802909940947,0.0,0.04158358299173415,0.4488667919940781
2026-07-14T23:54:27,KNN-Direct-Weighted,Parkinson2clc,0.3,20,20,4,0.8717948717948718,0.5086914580024313,0.0,0.05164462502580136,0.5603390829928685
2026-07-14T23:54:27,KNN-Direct-Manhattan,Parkinson2clc,0.3,20,20,1,0.8461538461538461,0.3936825830023736,0.0,0.039967749995412305,0.4336538329953328
2026-07-14T23:54:28,KNN-IC,Parkinson2clc,0.3,21,21,2,0.8717948717948718,0.34511691602529027,0.00866966598550789,0.021225917007541284,0.37501604098360986
2026-07-14T23:54:28,Mean-IC,Parkinson2clc,0.3,21,21,1,0.7948717948717948,0.2081622499972582,0.0009396669920533895,0.020813959010411054,0.22991924997768365
2026-07-14T23:54:28,KNN-Direct,Parkinson2clc,0.3,21,21,1,0.8717948717948718,0.40852791600627825,0.0,0.041411915997741744,0.44994304099236615
2026-07-14T23:54:29,KNN-Direct-Weighted,Parkinson2clc,0.3,21,21,1,0.8974358974358975,0.509737916989252,0.0,0.05184450000524521,0.5615857920201961
2026-07-14T23:54:29,KNN-Direct-Manhattan,Parkinson2clc,0.3,21,21,1,0.9230769230769231,0.39450195801327936,0.0,0.03987908401177265,0.4343845830007922
2026-07-14T23:54:30,KNN-IC,Parkinson2clc,0.3,22,22,10,0.8205128205128205,0.3458208750234917,0.010057290986878797,0.021266124997055158,0.3771476249967236
2026-07-14T23:54:30,Mean-IC,Parkinson2clc,0.3,22,22,4,0.8717948717948718,0.20866537498659454,0.0009435829997528344,0.02108812500955537,0.23070049998932518
2026-07-14T23:54:30,KNN-Direct,Parkinson2clc,0.3,22,22,1,0.7692307692307693,0.40931129100499675,0.0,0.0415061250096187,0.4508202080032788
2026-07-14T23:54:31,KNN-Direct-Weighted,Parkinson2clc,0.3,22,22,1,0.7948717948717948,0.5100689160171896,0.0,0.051773957995465025,0.5618464169965591
2026-07-14T23:54:31,KNN-Direct-Manhattan,Parkinson2clc,0.3,22,22,5,0.8974358974358975,0.39379087497945875,0.0,0.03997654200065881,0.4337707500089891
2026-07-14T23:54:32,KNN-IC,Parkinson2clc,0.3,23,23,4,0.9230769230769231,0.4201307080220431,0.018913834006525576,0.03790125000523403,0.4770041670126375
2026-07-14T23:54:32,Mean-IC,Parkinson2clc,0.3,23,23,12,0.8717948717948718,0.3749315830064006,0.0016479170008096844,0.03500454098684713,0.4115948329854291
2026-07-14T23:54:33,KNN-Direct,Parkinson2clc,0.3,23,23,3,0.8974358974358975,0.62442654199549,0.0,0.05710404200362973,0.6815364169888198
2026-07-14T23:54:33,KNN-Direct-Weighted,Parkinson2clc,0.3,23,23,3,0.9230769230769231,0.5456753749749623,0.0,0.051357499993173406,0.597040749998996
2026-07-14T23:54:34,KNN-Direct-Manhattan,Parkinson2clc,0.3,23,23,3,0.9230769230769231,0.39408733299933374,0.0,0.040096334007102996,0.43418708399985917
2026-07-14T23:54:34,KNN-IC,Parkinson2clc,0.3,24,24,2,0.8461538461538461,0.34726824998506345,0.008326666022185236,0.021084084000904113,0.3766825000056997
2026-07-14T23:54:35,Mean-IC,Parkinson2clc,0.3,24,24,7,0.8717948717948718,0.2082645839836914,0.0009161670168396086,0.02086175000295043,0.23004854199825786
2026-07-14T23:54:35,KNN-Direct,Parkinson2clc,0.3,24,24,7,0.9230769230769231,0.4102227500115987,0.0,0.0418180420238059,0.45204370899591595
2026-07-14T23:54:36,KNN-Direct-Weighted,Parkinson2clc,0.3,24,24,9,0.8974358974358975,0.5105281669821125,0.0,0.05185425002127886,0.5623859999759588
2026-07-14T23:54:36,KNN-Direct-Manhattan,Parkinson2clc,0.3,24,24,9,0.9230769230769231,0.3947361249884125,0.0,0.03979566600173712,0.43453520798357204
2026-07-14T23:54:36,KNN-IC,Parkinson2clc,0.3,25,25,7,0.8461538461538461,0.3469659170077648,0.010128583991900086,0.021362500003306195,0.37846029197680764
2026-07-14T23:54:37,Mean-IC,Parkinson2clc,0.3,25,25,9,0.7948717948717948,0.20937524997862056,0.0009228340059053153,0.020917875022860244,0.2312189579824917
2026-07-14T23:54:37,KNN-Direct,Parkinson2clc,0.3,25,25,4,0.8461538461538461,0.4092994999955408,0.0,0.04151687500416301,0.45081912499153987
2026-07-14T23:54:38,KNN-Direct-Weighted,Parkinson2clc,0.3,25,25,3,0.9230769230769231,0.5105299160059076,0.0,0.051739999995334074,0.5622815840179101
2026-07-14T23:54:38,KNN-Direct-Manhattan,Parkinson2clc,0.3,25,25,5,0.8717948717948718,0.39596370901563205,0.0,0.040273165999678895,0.4362402499828022
2026-07-14T23:54:38,KNN-IC,Parkinson2clc,0.3,26,26,3,0.8205128205128205,0.3430995829985477,0.008872499980498105,0.021095458010677248,0.37307062500622123
2026-07-14T23:54:39,Mean-IC,Parkinson2clc,0.3,26,26,1,0.8461538461538461,0.20879274999606423,0.0009397499961778522,0.020841124991420656,0.23057683400111273
2026-07-14T23:54:39,KNN-Direct,Parkinson2clc,0.3,26,26,4,0.9230769230769231,0.4086265000223648,0.0,0.04139616701286286,0.450025459023891
2026-07-14T23:54:40,KNN-Direct-Weighted,Parkinson2clc,0.3,26,26,3,0.9487179487179487,0.5093893330194987,0.0,0.05195500000263564,0.5613475829886738
2026-07-14T23:54:40,KNN-Direct-Manhattan,Parkinson2clc,0.3,26,26,3,0.8717948717948718,0.3938107079884503,0.0,0.039846416999353096,0.43366008301381953
2026-07-14T23:54:40,KNN-IC,Parkinson2clc,0.3,27,27,2,0.8974358974358975,0.3450809170026332,0.008443041006103158,0.02152658300474286,0.3750537909800187
2026-07-14T23:54:41,Mean-IC,Parkinson2clc,0.3,27,27,4,0.9230769230769231,0.20856391699635424,0.000931332993786782,0.020865250000497326,0.2303632090042811
2026-07-14T23:54:41,KNN-Direct,Parkinson2clc,0.3,27,27,3,0.9743589743589743,0.409787291981047,0.0,0.04165833399747498,0.4514490829897113
2026-07-14T23:54:42,KNN-Direct-Weighted,Parkinson2clc,0.3,27,27,3,0.8974358974358975,0.5105632079939824,0.0,0.05179850000422448,0.5623652079957537
2026-07-14T23:54:42,KNN-Direct-Manhattan,Parkinson2clc,0.3,27,27,4,0.9230769230769231,0.39403162500821054,0.0,0.03999674998340197,0.4340316659945529
2026-07-14T23:54:43,KNN-IC,Parkinson2clc,0.3,28,28,3,0.8974358974358975,0.34309354101424105,0.00892112500150688,0.021170042018638924,0.37318799999775365
2026-07-14T23:54:43,Mean-IC,Parkinson2clc,0.3,28,28,5,0.8461538461538461,0.20860445802100003,0.0009318329975940287,0.020821832993533462,0.23036116699222475
2026-07-14T23:54:43,KNN-Direct,Parkinson2clc,0.3,28,28,1,0.9230769230769231,0.4089200409944169,0.0,0.041589458007365465,0.45051241701003164
2026-07-14T23:54:44,KNN-Direct-Weighted,Parkinson2clc,0.3,28,28,1,0.8974358974358975,0.5098521249892656,0.0,0.051720374991418794,0.5615757910127286
2026-07-14T23:54:44,KNN-Direct-Manhattan,Parkinson2clc,0.3,28,28,1,0.9487179487179487,0.3944913340092171,0.0,0.04004766698926687,0.43454283400205895
2026-07-14T23:54:45,KNN-IC,Parkinson2clc,0.3,29,29,2,1.0,0.3445292919932399,0.008327957999426872,0.021235541003989056,0.3740959169808775
2026-07-14T23:54:45,Mean-IC,Parkinson2clc,0.3,29,29,3,0.8974358974358975,0.20876370801124722,0.0009552499977871776,0.0211370830074884,0.23085958400042728
2026-07-14T23:54:45,KNN-Direct,Parkinson2clc,0.3,29,29,8,0.8974358974358975,0.40764849999686703,0.0,0.04135308298282325,0.44900458300253376
2026-07-14T23:54:46,KNN-Direct-Weighted,Parkinson2clc,0.3,29,29,8,0.9230769230769231,0.5088329999998678,0.0,0.0517605830100365,0.5605968340241816
2026-07-14T23:54:46,KNN-Direct-Manhattan,Parkinson2clc,0.3,29,29,7,0.8974358974358975,0.3937165829993319,0.0,0.04026562499348074,0.43398550001438707
2026-07-14T23:54:47,KNN-IC,Parkinson2clc,0.3,30,30,4,0.8974358974358975,0.4014606660057325,0.01672208300442435,0.037414749996969476,0.4556033330154605
2026-07-14T23:54:47,Mean-IC,Parkinson2clc,0.3,30,30,4,0.8717948717948718,0.35618916698149405,0.001212958013638854,0.02434233299572952,0.3817504589969758
2026-07-14T23:54:48,KNN-Direct,Parkinson2clc,0.3,30,30,6,0.8974358974358975,0.42707249999511987,0.0,0.04144716600421816,0.4685232499905396
2026-07-14T23:54:48,KNN-Direct-Weighted,Parkinson2clc,0.3,30,30,6,0.8974358974358975,0.5102496249892283,0.0,0.051566375012043864,0.5618194999988191
2026-07-14T23:54:49,KNN-Direct-Manhattan,Parkinson2clc,0.3,30,30,4,0.8974358974358975,0.3943191669823136,0.0,0.03994158300338313,0.4342637080117129
2026-07-14T23:54:49,KNN-IC,Parkinson2clc,0.3,31,31,1,0.8461538461538461,0.34531500001321547,0.008406249980907887,0.02120945797651075,0.3749339169880841
2026-07-14T23:54:49,Mean-IC,Parkinson2clc,0.3,31,31,1,0.8461538461538461,0.20883737501571886,0.001148541981820017,0.02092179100145586,0.23091091599781066
2026-07-14T23:54:50,KNN-Direct,Parkinson2clc,0.3,31,31,7,0.8717948717948718,0.4084866250050254,0.0,0.041794167016632855,0.4502837920153979
2026-07-14T23:54:50,KNN-Direct-Weighted,Parkinson2clc,0.3,31,31,5,0.8717948717948718,0.5101431670191232,0.0,0.05190866699558683,0.5620549590094015
2026-07-14T23:54:51,KNN-Direct-Manhattan,Parkinson2clc,0.3,31,31,6,0.8461538461538461,0.3945214160194155,0.0,0.04018529099994339,0.43470979199628346
2026-07-14T23:54:51,KNN-IC,Parkinson2clc,0.3,32,32,1,0.8461538461538461,0.34446058300090954,0.008046750008361414,0.021050749986898154,0.37356483400799334
2026-07-14T23:54:51,Mean-IC,Parkinson2clc,0.3,32,32,1,0.7435897435897436,0.20823099999688566,0.0009199579944834113,0.020833834016229957,0.22999125000205822
2026-07-14T23:54:52,KNN-Direct,Parkinson2clc,0.3,32,32,1,0.7692307692307693,0.40829974997905083,0.0,0.0415465830010362,0.44984950000070967
2026-07-14T23:54:52,KNN-Direct-Weighted,Parkinson2clc,0.3,32,32,3,0.8717948717948718,0.5092378340195864,0.0,0.05166158301290125,0.5609028749749996
2026-07-14T23:54:53,KNN-Direct-Manhattan,Parkinson2clc,0.3,32,32,7,0.9230769230769231,0.3941348329826724,0.0,0.03979599999729544,0.4339342910097912
2026-07-14T23:54:53,KNN-IC,Parkinson2clc,0.3,33,33,3,0.7435897435897436,0.3457810419786256,0.009015459014335647,0.021189542021602392,0.3759896249976009
2026-07-14T23:54:53,Mean-IC,Parkinson2clc,0.3,33,33,13,0.7948717948717948,0.20882495801197365,0.00093816700973548,0.021086082997499034,0.2308552909817081
2026-07-14T23:54:54,KNN-Direct,Parkinson2clc,0.3,33,33,6,0.8205128205128205,0.408726416004356,0.0,0.04158712498610839,0.45031662500696257
2026-07-14T23:54:54,KNN-Direct-Weighted,Parkinson2clc,0.3,33,33,5,0.8461538461538461,0.5106332919967826,0.0,0.05169824999757111,0.5623352499969769
2026-07-14T23:54:55,KNN-Direct-Manhattan,Parkinson2clc,0.3,33,33,6,0.8205128205128205,0.3943772079946939,0.0,0.0399763330060523,0.4343564580194652
2026-07-14T23:54:55,KNN-IC,Parkinson2clc,0.3,34,34,2,0.9230769230769231,0.346851834008703,0.008448457985650748,0.02146566699957475,0.3767694999987725
2026-07-14T23:54:55,Mean-IC,Parkinson2clc,0.3,34,34,10,0.8717948717948718,0.20835112500935793,0.0009245419932994992,0.02107612497638911,0.23035491700284183
2026-07-14T23:54:56,KNN-Direct,Parkinson2clc,0.3,34,34,3,0.9230769230769231,0.4092399580113124,0.0,0.04165125000872649,0.4508945409907028
2026-07-14T23:54:56,KNN-Direct-Weighted,Parkinson2clc,0.3,34,34,3,0.9230769230769231,0.5098025840125047,0.0,0.05189812497701496,0.561703875020612
2026-07-14T23:54:57,KNN-Direct-Manhattan,Parkinson2clc,0.3,34,34,3,0.9230769230769231,0.3944984590052627,0.0,0.040090000024065375,0.43459187500411645
2026-07-14T23:54:57,KNN-IC,Parkinson2clc,0.3,35,35,3,0.9230769230769231,0.3449850420001894,0.008495999994920567,0.021061915991595015,0.37454929199884646
2026-07-14T23:54:57,Mean-IC,Parkinson2clc,0.3,35,35,1,0.8974358974358975,0.20855179100180976,0.0009400830022059381,0.020823500002734363,0.2303214999847114
2026-07-14T23:54:58,KNN-Direct,Parkinson2clc,0.3,35,35,3,0.8717948717948718,0.4081009579822421,0.0,0.041521667008055374,0.44962533298530616
2026-07-14T23:54:58,KNN-Direct-Weighted,Parkinson2clc,0.3,35,35,3,0.8717948717948718,0.5082568750076462,0.0,0.0517630829999689,0.560023167025065
2026-07-14T23:54:59,KNN-Direct-Manhattan,Parkinson2clc,0.3,35,35,1,0.7435897435897436,0.3949162909993902,0.0,0.039944999996805564,0.4348646670114249
2026-07-14T23:54:59,KNN-IC,Parkinson2clc,0.3,36,36,9,0.7948717948717948,0.34527391599840485,0.010015707986894995,0.021306791983079165,0.3766007910016924
2026-07-14T23:54:59,Mean-IC,Parkinson2clc,0.3,36,36,3,0.8461538461538461,0.20938866698998027,0.0009330000029876828,0.021015332982642576,0.23134324999409728
2026-07-14T23:55:00,KNN-Direct,Parkinson2clc,0.3,36,36,3,0.9230769230769231,0.4093289170123171,0.0,0.041519332997268066,0.45085158399888314
2026-07-14T23:55:01,KNN-Direct-Weighted,Parkinson2clc,0.3,36,36,3,0.8974358974358975,0.5119068750063889,0.0,0.051803332986310124,0.5637136659934185
2026-07-14T23:55:01,KNN-Direct-Manhattan,Parkinson2clc,0.3,36,36,3,0.9487179487179487,0.39463712499127723,0.0,0.040098958008456975,0.4347395420190878
2026-07-14T23:55:01,KNN-IC,Parkinson2clc,0.3,37,37,4,0.8205128205128205,0.34471645901794545,0.009825834014918655,0.02139029197860509,0.37593558299704455
2026-07-14T23:55:02,Mean-IC,Parkinson2clc,0.3,37,37,11,0.8205128205128205,0.21848233402124606,0.0011226670176256448,0.02962899999693036,0.24923995899735019
2026-07-14T23:55:02,KNN-Direct,Parkinson2clc,0.3,37,37,3,0.8205128205128205,0.6521005829854403,0.0,0.06365066699800082,0.715756749996217
2026-07-14T23:55:03,KNN-Direct-Weighted,Parkinson2clc,0.3,37,37,5,0.8205128205128205,0.7371439999842551,0.0,0.06059375000768341,0.7977430419996381
2026-07-14T23:55:04,KNN-Direct-Manhattan,Parkinson2clc,0.3,37,37,1,0.7435897435897436,0.45920004197978415,0.0,0.04003662499599159,0.4992400000046473
2026-07-14T23:55:04,KNN-IC,Parkinson2clc,0.3,38,38,2,0.8205128205128205,0.3456625839753542,0.00843029102543369,0.02112887499970384,0.37522524999803863
2026-07-14T23:55:04,Mean-IC,Parkinson2clc,0.3,38,38,7,0.7948717948717948,0.20913179198396392,0.0009320419922005385,0.021133083006134257,0.2311999580124393
2026-07-14T23:55:05,KNN-Direct,Parkinson2clc,0.3,38,38,15,0.7948717948717948,0.40839008399052545,0.0,0.04156370897544548,0.44995675000245683
2026-07-14T23:55:05,KNN-Direct-Weighted,Parkinson2clc,0.3,38,38,15,0.7948717948717948,0.5100961669813842,0.0,0.052453125012107193,0.5625527499942109
2026-07-14T23:55:06,KNN-Direct-Manhattan,Parkinson2clc,0.3,38,38,12,0.7948717948717948,0.3942446250002831,0.0,0.04009195801336318,0.4343399170029443
2026-07-14T23:55:06,KNN-IC,Parkinson2clc,0.3,39,39,6,0.8461538461538461,0.3457934580219444,0.01010749998386018,0.021343833999708295,0.37724845798220485
2026-07-14T23:55:06,Mean-IC,Parkinson2clc,0.3,39,39,4,0.8717948717948718,0.21009466599207371,0.0010335829865653068,0.02093879200401716,0.23207324999384582
2026-07-14T23:55:07,KNN-Direct,Parkinson2clc,0.3,39,39,3,0.8717948717948718,0.40930787500110455,0.0,0.04165249998914078,0.4509635000140406
2026-07-14T23:55:07,KNN-Direct-Weighted,Parkinson2clc,0.3,39,39,6,0.8717948717948718,0.5100577080156654,0.0,0.05179837500327267,0.5618593339750078
2026-07-14T23:55:08,KNN-Direct-Manhattan,Parkinson2clc,0.3,39,39,3,0.8717948717948718,0.3945538330008276,0.0,0.04014970798743889,0.4347065830079373
2026-07-14T23:55:08,KNN-IC,Parkinson2clc,0.4,0,0,2,0.7948717948717948,0.3503055830078665,0.008661291998578236,0.021180457988521084,0.3801511670171749
2026-07-14T23:55:08,Mean-IC,Parkinson2clc,0.4,0,0,4,0.7948717948717948,0.20777804200770333,0.0009301669779233634,0.020794334006495774,0.22950575000140816
2026-07-14T23:55:09,KNN-Direct,Parkinson2clc,0.4,0,0,3,0.8974358974358975,0.6479648330132477,0.0,0.042767415987327695,0.6907354580180254
2026-07-14T23:55:10,KNN-Direct-Weighted,Parkinson2clc,0.4,0,0,5,0.9230769230769231,0.5175430829985999,0.0,0.0519148749881424,0.5694613749801647
2026-07-14T23:55:10,KNN-Direct-Manhattan,Parkinson2clc,0.4,0,0,4,0.9487179487179487,0.39045866701053455,0.0,0.03944954098551534,0.4299112920125481
2026-07-14T23:55:10,KNN-IC,Parkinson2clc,0.4,1,1,4,0.8205128205128205,0.3393365000083577,0.009875165997073054,0.0209055419836659,0.37011987500591204
2026-07-14T23:55:11,Mean-IC,Parkinson2clc,0.4,1,1,9,0.8205128205128205,0.2047369579959195,0.0008255830034613609,0.020643791009206325,0.22620883301715367
2026-07-14T23:55:11,KNN-Direct,Parkinson2clc,0.4,1,1,5,0.8461538461538461,0.4012052920006681,0.0,0.04058412500307895,0.44179179199272767
2026-07-14T23:55:12,KNN-Direct-Weighted,Parkinson2clc,0.4,1,1,3,0.8717948717948718,0.507884708000347,0.0,0.050739166006678715,0.5586262500146404
2026-07-14T23:55:12,KNN-Direct-Manhattan,Parkinson2clc,0.4,1,1,5,0.8974358974358975,0.38681658302084543,0.0,0.03928633299074136,0.42610516599961556
2026-07-14T23:55:12,KNN-IC,Parkinson2clc,0.4,2,2,3,0.717948717948718,0.3415180000010878,0.008599833003245294,0.021086082997499034,0.37120641602086835
2026-07-14T23:55:13,Mean-IC,Parkinson2clc,0.4,2,2,1,0.7948717948717948,0.20500741701107472,0.0008247500227298588,0.020667332981247455,0.22650195797905326
2026-07-14T23:55:13,KNN-Direct,Parkinson2clc,0.4,2,2,1,0.8205128205128205,0.40313308298937045,0.0,0.04089537501567975,0.44403079099720344
2026-07-14T23:55:14,KNN-Direct-Weighted,Parkinson2clc,0.4,2,2,1,0.8717948717948718,0.5017861250089481,0.0,0.050996582984225824,0.5527847909834236
2026-07-14T23:55:14,KNN-Direct-Manhattan,Parkinson2clc,0.4,2,2,1,0.8205128205128205,0.3886583329876885,0.0,0.03932354200514965,0.42798504201346077
2026-07-14T23:55:14,KNN-IC,Parkinson2clc,0.4,3,3,1,0.8461538461538461,0.3409252910059877,0.007953374995850027,0.020997207990149036,0.36987854199833237
2026-07-14T23:55:15,Mean-IC,Parkinson2clc,0.4,3,3,9,0.8717948717948718,0.20579850001377054,0.0009259580110665411,0.020660583017161116,0.22738774999743327
2026-07-14T23:55:15,KNN-Direct,Parkinson2clc,0.4,3,3,3,0.8205128205128205,0.40185575000941753,0.0,0.04074783399119042,0.4426059580000583
2026-07-14T23:55:28,KNN-Direct-Weighted,Parkinson2clc,0.4,3,3,5,0.8974358974358975,0.6764979169820435,0.0,0.053109166998183355,0.7296105000132229
2026-07-14T23:55:29,KNN-Direct-Manhattan,Parkinson2clc,0.4,3,3,4,0.8717948717948718,0.4031060000124853,0.0,0.03968404099578038,0.44279395797639154
2026-07-14T23:55:30,KNN-IC,Parkinson2clc,0.4,4,4,1,0.717948717948718,0.976168332999805,0.012085791007848457,0.038383749983040616,1.0266423750144895
2026-07-14T23:55:30,Mean-IC,Parkinson2clc,0.4,4,4,5,0.7692307692307693,0.27713041598326527,0.001114125014282763,0.02414379100082442,0.30239437500131316
2026-07-14T23:55:31,KNN-Direct,Parkinson2clc,0.4,4,4,5,0.8205128205128205,0.48819691699463874,0.0,0.04270770799485035,0.5309084579930641
2026-07-14T23:55:31,KNN-Direct-Weighted,Parkinson2clc,0.4,4,4,7,0.7948717948717948,0.5120590000005905,0.0,0.05173212502268143,0.5637944579939358
2026-07-14T23:55:32,KNN-Direct-Manhattan,Parkinson2clc,0.4,4,4,6,0.7948717948717948,0.3939898329845164,0.0,0.039904542005388066,0.4338978750165552
2026-07-14T23:55:32,KNN-IC,Parkinson2clc,0.4,5,5,3,0.9230769230769231,0.35278866699081846,0.008868667006026953,0.02123900002334267,0.38289987499592826
2026-07-14T23:55:32,Mean-IC,Parkinson2clc,0.4,5,5,1,0.8205128205128205,0.20905424997908995,0.0009836669778451324,0.021001707995310426,0.2310430420038756
2026-07-14T23:55:33,KNN-Direct,Parkinson2clc,0.4,5,5,8,0.8974358974358975,0.4110783330106642,0.0,0.04181475000223145,0.45289579199743457
2026-07-14T23:55:33,KNN-Direct-Weighted,Parkinson2clc,0.4,5,5,8,0.9230769230769231,0.5120203330006916,0.0,0.05202158400788903,0.5640451659855898
2026-07-14T23:55:34,KNN-Direct-Manhattan,Parkinson2clc,0.4,5,5,9,0.9230769230769231,0.3970529169891961,0.0,0.040664250002009794,0.43772066599922255
2026-07-14T23:55:34,KNN-IC,Parkinson2clc,0.4,6,6,1,0.8205128205128205,0.35090624997974373,0.008570875012082979,0.0217152499826625,0.38119658301002346
2026-07-14T23:55:34,Mean-IC,Parkinson2clc,0.4,6,6,1,0.6923076923076923,0.2087682920100633,0.0009398749971296638,0.021090124995680526,0.23080512500018813
2026-07-14T23:55:35,KNN-Direct,Parkinson2clc,0.4,6,6,8,0.8717948717948718,0.40995899998233654,0.0,0.041581833007512614,0.45154379098676145
2026-07-14T23:55:35,KNN-Direct-Weighted,Parkinson2clc,0.4,6,6,3,0.8717948717948718,0.5124099169916008,0.0,0.05203354201512411,0.5644468329846859
2026-07-14T23:55:36,KNN-Direct-Manhattan,Parkinson2clc,0.4,6,6,3,0.9230769230769231,0.39571066602366045,0.0,0.040044624998699874,0.43575854098889977
2026-07-14T23:55:36,KNN-IC,Parkinson2clc,0.4,7,7,4,0.8461538461538461,0.3458497090032324,0.009877208998659626,0.02170033400761895,0.37743083300301805
2026-07-14T23:55:36,Mean-IC,Parkinson2clc,0.4,7,7,3,0.8974358974358975,0.20872633400722407,0.0009424999880138785,0.020967874996131286,0.23064029100351036
2026-07-14T23:55:37,KNN-Direct,Parkinson2clc,0.4,7,7,5,0.9230769230769231,0.40864045900525525,0.0,0.04157858301186934,0.45022183301625773
2026-07-14T23:55:37,KNN-Direct-Weighted,Parkinson2clc,0.4,7,7,4,0.9487179487179487,0.5114935830060858,0.0,0.051891042006900534,0.5633881249814294
2026-07-14T23:55:38,KNN-Direct-Manhattan,Parkinson2clc,0.4,7,7,5,0.8974358974358975,0.3944634590006899,0.0,0.039981375011848286,0.43444812498637475
2026-07-14T23:55:38,KNN-IC,Parkinson2clc,0.4,8,8,1,0.8205128205128205,0.34960695798508823,0.008034207974560559,0.02118470802088268,0.37883004199829884
2026-07-14T23:55:38,Mean-IC,Parkinson2clc,0.4,8,8,1,0.8717948717948718,0.20613800000865012,0.0009109580132644624,0.02078954200260341,0.22784158398280852
2026-07-14T23:55:39,KNN-Direct,Parkinson2clc,0.4,8,8,7,0.8205128205128205,0.40874183300184086,0.0,0.04162329199607484,0.45036779198562726
2026-07-14T23:55:39,KNN-Direct-Weighted,Parkinson2clc,0.4,8,8,7,0.8205128205128205,0.5096948750142474,0.0,0.05182575000799261,0.5615235409932211
2026-07-14T23:55:40,KNN-Direct-Manhattan,Parkinson2clc,0.4,8,8,7,0.8205128205128205,0.3942489579785615,0.0,0.03986620900104754,0.43411854101577774
2026-07-14T23:55:40,KNN-IC,Parkinson2clc,0.4,9,9,2,0.8717948717948718,0.34850970801198855,0.008475750015350059,0.02123537499574013,0.37822470799437724
2026-07-14T23:55:40,Mean-IC,Parkinson2clc,0.4,9,9,1,0.8461538461538461,0.20805183399352245,0.0009683750104159117,0.020926291996147484,0.22995270902174525
2026-07-14T23:55:41,KNN-Direct,Parkinson2clc,0.4,9,9,3,0.7692307692307693,0.4090238750213757,0.0,0.04135983300511725,0.4503867920138873
2026-07-14T23:55:41,KNN-Direct-Weighted,Parkinson2clc,0.4,9,9,3,0.7692307692307693,0.5106107080064248,0.0,0.0517168749938719,0.5623311250237748
2026-07-14T23:55:42,KNN-Direct-Manhattan,Parkinson2clc,0.4,9,9,3,0.7948717948717948,0.39517554198391736,0.0,0.03996433300198987,0.43514325001160614
2026-07-14T23:55:42,KNN-IC,Parkinson2clc,0.4,10,10,3,0.9487179487179487,0.34698583401041105,0.009136541979387403,0.020997167011955753,0.37712279200786725
2026-07-14T23:55:43,Mean-IC,Parkinson2clc,0.4,10,10,1,0.8205128205128205,0.2095672500145156,0.0009425840107724071,0.020849666994763538,0.2313628330011852
2026-07-14T23:55:43,KNN-Direct,Parkinson2clc,0.4,10,10,1,0.9487179487179487,0.40789120900444686,0.0,0.041307584004243836,0.4492018329910934
2026-07-14T23:55:44,KNN-Direct-Weighted,Parkinson2clc,0.4,10,10,3,0.9487179487179487,0.5631245420081541,0.0,0.05159758299123496,0.6147256669937633
2026-07-14T23:55:44,KNN-Direct-Manhattan,Parkinson2clc,0.4,10,10,5,0.9487179487179487,0.4180922920058947,0.0,0.05264987502596341,0.4707466670079157
2026-07-14T23:55:45,KNN-IC,Parkinson2clc,0.4,11,11,1,0.7948717948717948,0.7358975830138661,0.02174116697278805,0.04370383301284164,0.8013524170091841
2026-07-14T23:55:45,Mean-IC,Parkinson2clc,0.4,11,11,3,0.8717948717948718,0.4860405839863233,0.0025779579882510006,0.04710579200764187,0.5357338329777122
2026-07-14T23:55:46,KNN-Direct,Parkinson2clc,0.4,11,11,3,0.9487179487179487,0.7175916249980219,0.0,0.05003725001006387,0.7676347499946132
2026-07-14T23:55:47,KNN-Direct-Weighted,Parkinson2clc,0.4,11,11,4,0.9487179487179487,0.5109016660135239,0.0,0.05175216600764543,0.5626576670038048
2026-07-14T23:55:47,KNN-Direct-Manhattan,Parkinson2clc,0.4,11,11,5,0.9230769230769231,0.39401470802840777,0.0,0.04000591702060774,0.4340239579905756
2026-07-14T23:55:48,KNN-IC,Parkinson2clc,0.4,12,12,6,0.7692307692307693,0.3499368329939898,0.010276291985064745,0.021191750012803823,0.3814119169837795
2026-07-14T23:55:48,Mean-IC,Parkinson2clc,0.4,12,12,11,0.7692307692307693,0.20950979201006703,0.0009510000236332417,0.021097791992360726,0.2315623339964077
2026-07-14T23:55:48,KNN-Direct,Parkinson2clc,0.4,12,12,1,0.8461538461538461,0.40903020900441334,0.0,0.04143220800324343,0.450465541012818
2026-07-14T23:55:49,KNN-Direct-Weighted,Parkinson2clc,0.4,12,12,3,0.9230769230769231,0.510776083014207,0.0,0.05193083398626186,0.5627104169980157
2026-07-14T23:55:49,KNN-Direct-Manhattan,Parkinson2clc,0.4,12,12,1,0.8974358974358975,0.39558116701664403,0.0,0.040204791992437094,0.43578941698069684
2026-07-14T23:55:50,KNN-IC,Parkinson2clc,0.4,13,13,1,0.8717948717948718,0.34888916701311246,0.008136374992318451,0.020982749992981553,0.37801145800040103
2026-07-14T23:55:50,Mean-IC,Parkinson2clc,0.4,13,13,5,0.8205128205128205,0.20841795799788088,0.0009632500004954636,0.02088050000020303,0.230268041981617
2026-07-14T23:55:50,KNN-Direct,Parkinson2clc,0.4,13,13,5,0.8717948717948718,0.40819279200513847,0.0,0.041346084006363526,0.4495420420134906
2026-07-14T23:55:51,KNN-Direct-Weighted,Parkinson2clc,0.4,13,13,3,0.8461538461538461,0.5085901250131428,0.0,0.05157070801942609,0.5601640829991084
2026-07-14T23:55:51,KNN-Direct-Manhattan,Parkinson2clc,0.4,13,13,5,0.8205128205128205,0.3935751669923775,0.0,0.03994154100655578,0.43352004201733507
2026-07-14T23:55:52,KNN-IC,Parkinson2clc,0.4,14,14,4,0.8974358974358975,0.34943370800465345,0.010475250019226223,0.021396958007244393,0.3813097500242293
2026-07-14T23:55:52,Mean-IC,Parkinson2clc,0.4,14,14,1,0.7948717948717948,0.20842212499701418,0.0009364169964101166,0.02079012498143129,0.23015166699769907
2026-07-14T23:55:52,KNN-Direct,Parkinson2clc,0.4,14,14,4,0.8974358974358975,0.40908091599703766,0.0,0.04137274998356588,0.45045687499805354
2026-07-14T23:55:53,KNN-Direct-Weighted,Parkinson2clc,0.4,14,14,4,0.8974358974358975,0.5102644590078853,0.0,0.0518285830039531,0.5620963749825023
2026-07-14T23:55:53,KNN-Direct-Manhattan,Parkinson2clc,0.4,14,14,4,0.8974358974358975,0.3951035419886466,0.0,0.04002562499954365,0.4351327080221381
2026-07-14T23:55:54,KNN-IC,Parkinson2clc,0.4,15,15,3,0.9743589743589743,0.3492022499849554,0.00905012502335012,0.021217750007053837,0.37947358400560915
2026-07-14T23:55:54,Mean-IC,Parkinson2clc,0.4,15,15,8,0.8717948717948718,0.20895912498235703,0.0009520000021439046,0.020993500016629696,0.23090758299804293
2026-07-14T23:55:54,KNN-Direct,Parkinson2clc,0.4,15,15,3,0.9230769230769231,0.40979454197804444,0.0,0.041489458992145956,0.45128725000540726
2026-07-14T23:55:55,KNN-Direct-Weighted,Parkinson2clc,0.4,15,15,6,0.8974358974358975,0.5109144170128275,0.0,0.05216375002055429,0.5630815829790663
2026-07-14T23:55:55,KNN-Direct-Manhattan,Parkinson2clc,0.4,15,15,3,0.8461538461538461,0.3943008749920409,0.0,0.03991666701040231,0.434221624978818
2026-07-14T23:55:56,KNN-IC,Parkinson2clc,0.4,16,16,8,0.717948717948718,0.34763870801543817,0.010625166003592312,0.021095500007504597,0.3793629590072669
2026-07-14T23:55:56,Mean-IC,Parkinson2clc,0.4,16,16,5,0.7435897435897436,0.2080960420134943,0.0009437080007046461,0.020895249996101484,0.22993829200277105
2026-07-14T23:55:57,KNN-Direct,Parkinson2clc,0.4,16,16,1,0.7948717948717948,0.4084621249930933,0.0,0.041334584006108344,0.44979970902204514
2026-07-14T23:55:57,KNN-Direct-Weighted,Parkinson2clc,0.4,16,16,1,0.8974358974358975,0.508512125001289,0.0,0.05162891699001193,0.5601446669897996
2026-07-14T23:55:58,KNN-Direct-Manhattan,Parkinson2clc,0.4,16,16,5,0.8205128205128205,0.3945834579935763,0.0,0.039926875004312024,0.4345139999932144
2026-07-14T23:55:58,KNN-IC,Parkinson2clc,0.4,17,17,2,0.9487179487179487,0.34719337499700487,0.008631250006146729,0.021350583992898464,0.37717866702587344
2026-07-14T23:55:58,Mean-IC,Parkinson2clc,0.4,17,17,7,0.9230769230769231,0.20879908400820568,0.0009467499912716448,0.021116624993737787,0.23086566699203104
2026-07-14T23:55:59,KNN-Direct,Parkinson2clc,0.4,17,17,4,0.9230769230769231,0.41149887500796467,0.0,0.041547958011506125,0.4530500000109896
2026-07-14T23:55:59,KNN-Direct-Weighted,Parkinson2clc,0.4,17,17,4,0.9230769230769231,0.5739950829884037,0.0,0.06623408399173059,0.6402329160191584
2026-07-14T23:56:00,KNN-Direct-Manhattan,Parkinson2clc,0.4,17,17,8,0.8461538461538461,0.40399395901476964,0.0,0.04069329099729657,0.44469112501246855
2026-07-14T23:56:00,KNN-IC,Parkinson2clc,0.4,18,18,1,0.9230769230769231,0.35366966598667204,0.008581708010751754,0.021473208005772904,0.38373124998179264
2026-07-14T23:56:00,Mean-IC,Parkinson2clc,0.4,18,18,10,0.8205128205128205,0.20920891701825894,0.000925167027162388,0.020974915998522192,0.23111541697289795
2026-07-14T23:56:01,KNN-Direct,Parkinson2clc,0.4,18,18,14,0.8974358974358975,0.40984975002356805,0.0,0.04153662497992627,0.4513888749934267
2026-07-14T23:56:01,KNN-Direct-Weighted,Parkinson2clc,0.4,18,18,7,0.9487179487179487,0.5107143750065006,0.0,0.051651333982590586,0.5623690000211354
2026-07-14T23:56:02,KNN-Direct-Manhattan,Parkinson2clc,0.4,18,18,14,0.8974358974358975,0.39503454201621935,0.0,0.040013707999605685,0.4350511670054402
2026-07-14T23:56:02,KNN-IC,Parkinson2clc,0.4,19,19,2,0.8461538461538461,0.34751645900541916,0.008753208996495232,0.021186875004786998,0.3774600000178907
2026-07-14T23:56:02,Mean-IC,Parkinson2clc,0.4,19,19,4,0.8974358974358975,0.2091493750049267,0.0009649160201661289,0.0210933749913238,0.23121112497756258
2026-07-14T23:56:03,KNN-Direct,Parkinson2clc,0.4,19,19,5,0.8974358974358975,0.4082966669811867,0.0,0.041451375000178814,0.44975075000547804
2026-07-14T23:56:03,KNN-Direct-Weighted,Parkinson2clc,0.4,19,19,6,0.8461538461538461,0.508707000000868,0.0,0.05177566598285921,0.5604863339976873
2026-07-14T23:56:04,KNN-Direct-Manhattan,Parkinson2clc,0.4,19,19,5,0.8461538461538461,0.39420999999856576,0.0,0.0399483329965733,0.43416183401132
2026-07-14T23:56:04,KNN-IC,Parkinson2clc,0.4,20,20,1,0.8205128205128205,0.34933745799935423,0.008709541987627745,0.021113458002218977,0.3791639159899205
2026-07-14T23:56:04,Mean-IC,Parkinson2clc,0.4,20,20,3,0.8461538461538461,0.2083185829978902,0.0009484589972998947,0.020787417015526444,0.23005749998264946
2026-07-14T23:56:05,KNN-Direct,Parkinson2clc,0.4,20,20,6,0.9230769230769231,0.40973166600451805,0.0,0.04140524999820627,0.4511394999863114
2026-07-14T23:56:05,KNN-Direct-Weighted,Parkinson2clc,0.4,20,20,7,0.7948717948717948,0.5103427080030087,0.0,0.051979249983560294,0.562325333012268
2026-07-14T23:56:06,KNN-Direct-Manhattan,Parkinson2clc,0.4,20,20,7,0.8205128205128205,0.3940023749892134,0.0,0.039885333011625335,0.4338908340141643
2026-07-14T23:56:06,KNN-IC,Parkinson2clc,0.4,21,21,2,0.8974358974358975,0.3493766250030603,0.0090532919857651,0.021144250000361353,0.379577458021231
2026-07-14T23:56:06,Mean-IC,Parkinson2clc,0.4,21,21,1,0.8205128205128205,0.2082722090126481,0.0009800840052776039,0.02114175001042895,0.23039750001044013
2026-07-14T23:56:07,KNN-Direct,Parkinson2clc,0.4,21,21,11,0.8974358974358975,0.4093616669997573,0.0,0.04155374999390915,0.45091837499057874
2026-07-14T23:56:07,KNN-Direct-Weighted,Parkinson2clc,0.4,21,21,7,0.9743589743589743,0.5105755419936031,0.0,0.051758334011537954,0.5623374579881784
2026-07-14T23:56:08,KNN-Direct-Manhattan,Parkinson2clc,0.4,21,21,6,0.8717948717948718,0.3952040830045007,0.0,0.039890749991172925,0.4350982909963932
2026-07-14T23:56:08,KNN-IC,Parkinson2clc,0.4,22,22,10,0.8461538461538461,0.3474905419861898,0.010868499986827374,0.021185250021517277,0.37954795800033025
2026-07-14T23:56:09,Mean-IC,Parkinson2clc,0.4,22,22,3,0.8717948717948718,0.20748066599480808,0.0009239580249413848,0.021028874994954094,0.22943987499456853
2026-07-14T23:56:09,KNN-Direct,Parkinson2clc,0.4,22,22,12,0.8461538461538461,0.40869574999669567,0.0,0.041566250001778826,0.45026487502036616
2026-07-14T23:56:10,KNN-Direct-Weighted,Parkinson2clc,0.4,22,22,14,0.8461538461538461,0.5061639169871341,0.0,0.05166858300799504,0.5578360839863308
2026-07-14T23:56:10,KNN-Direct-Manhattan,Parkinson2clc,0.4,22,22,12,0.8461538461538461,0.3977179169887677,0.0,0.04056195801240392,0.4382836250006221
2026-07-14T23:56:10,KNN-IC,Parkinson2clc,0.4,23,23,8,0.8974358974358975,0.3524932500149589,0.011055207985918969,0.021715792012400925,0.3852676250098739
2026-07-14T23:56:11,Mean-IC,Parkinson2clc,0.4,23,23,5,0.8205128205128205,0.20908716600388288,0.0009488329815212637,0.02090491697890684,0.23094720800872892
2026-07-14T23:56:11,KNN-Direct,Parkinson2clc,0.4,23,23,3,0.8974358974358975,0.40866554199601524,0.0,0.04152379199513234,0.45020154101075605
2026-07-14T23:56:12,KNN-Direct-Weighted,Parkinson2clc,0.4,23,23,7,0.8974358974358975,0.5102935000031721,0.0,0.051960291020805016,0.562257541983854
2026-07-14T23:56:12,KNN-Direct-Manhattan,Parkinson2clc,0.4,23,23,13,0.8461538461538461,0.39391149999573827,0.0,0.04008445900399238,0.4339991659799125
2026-07-14T23:56:12,KNN-IC,Parkinson2clc,0.4,24,24,3,0.7948717948717948,0.34977616599644534,0.009141874994384125,0.02119016699725762,0.38011179098975845
2026-07-14T23:56:13,Mean-IC,Parkinson2clc,0.4,24,24,3,0.8974358974358975,0.20815070800017565,0.001212958013638854,0.020946666976669803,0.23031737501150928
2026-07-14T23:56:13,KNN-Direct,Parkinson2clc,0.4,24,24,1,0.8205128205128205,0.4091326250054408,0.0,0.04153412498999387,0.45066958299139515
2026-07-14T23:56:14,KNN-Direct-Weighted,Parkinson2clc,0.4,24,24,1,0.8205128205128205,0.5108882909989916,0.0,0.05153954101842828,0.5624309590202756
2026-07-14T23:56:14,KNN-Direct-Manhattan,Parkinson2clc,0.4,24,24,8,0.8717948717948718,0.4527187090134248,0.0,0.07348041600198485,0.526203749992419
2026-07-14T23:56:15,KNN-IC,Parkinson2clc,0.4,25,25,4,0.8717948717948718,0.6287607919948641,0.0164023750112392,0.03624149999814108,0.6814108329999726
2026-07-14T23:56:15,Mean-IC,Parkinson2clc,0.4,25,25,9,0.7435897435897436,0.30176141700940207,0.0013514169841073453,0.03087791701545939,0.33399958300287835
2026-07-14T23:56:16,KNN-Direct,Parkinson2clc,0.4,25,25,3,0.7692307692307693,0.4834649169933982,0.0,0.04113345799851231,0.5246023329964373
2026-07-14T23:56:16,KNN-Direct-Weighted,Parkinson2clc,0.4,25,25,8,0.7948717948717948,0.5096143749833573,0.0,0.05175187499844469,0.5613698750094045
2026-07-14T23:56:17,KNN-Direct-Manhattan,Parkinson2clc,0.4,25,25,7,0.8205128205128205,0.39481424997211434,0.0,0.0400876670028083,0.43490508300601505
2026-07-14T23:56:17,KNN-IC,Parkinson2clc,0.4,26,26,2,0.8205128205128205,0.3483510419900995,0.008763541001826525,0.021261417015921324,0.37837916699936613
2026-07-14T23:56:17,Mean-IC,Parkinson2clc,0.4,26,26,1,0.8461538461538461,0.2088290420069825,0.0009484170004725456,0.020701708999695256,0.230482207989553
2026-07-14T23:56:18,KNN-Direct,Parkinson2clc,0.4,26,26,5,0.8717948717948718,0.4093576250015758,0.0,0.04142633400624618,0.45078700000885874
2026-07-14T23:56:18,KNN-Direct-Weighted,Parkinson2clc,0.4,26,26,4,0.8974358974358975,0.510567124991212,0.0,0.051838832994690165,0.562409292004304
2026-07-14T23:56:19,KNN-Direct-Manhattan,Parkinson2clc,0.4,26,26,7,0.8974358974358975,0.3949859580025077,0.0,0.04000545898452401,0.43499495802097954
2026-07-14T23:56:19,KNN-IC,Parkinson2clc,0.4,27,27,1,0.8461538461538461,0.34914566698716953,0.008538708003470674,0.021219583984930068,0.37890720801078714
2026-07-14T23:56:19,Mean-IC,Parkinson2clc,0.4,27,27,3,0.8717948717948718,0.20897462501307018,0.0009303749829996377,0.020994207996409386,0.23090241599129513
2026-07-14T23:56:20,KNN-Direct,Parkinson2clc,0.4,27,27,3,0.8717948717948718,0.40812174999155104,0.0,0.041408374992897734,0.4495328330085613
2026-07-14T23:56:20,KNN-Direct-Weighted,Parkinson2clc,0.4,27,27,3,0.8717948717948718,0.5100433329935186,0.0,0.05183479198603891,0.5618813750043046
2026-07-14T23:56:21,KNN-Direct-Manhattan,Parkinson2clc,0.4,27,27,4,0.8717948717948718,0.39410691600642167,0.0,0.03996812499826774,0.4340782919898629
2026-07-14T23:56:21,KNN-IC,Parkinson2clc,0.4,28,28,5,0.8974358974358975,0.34802595799556,0.010380832973169163,0.021242542017716914,0.37965250000706874
2026-07-14T23:56:22,Mean-IC,Parkinson2clc,0.4,28,28,1,0.8717948717948718,0.20912329200655222,0.0009734999912325293,0.02090366600896232,0.23100704097305425
2026-07-14T23:56:22,KNN-Direct,Parkinson2clc,0.4,28,28,1,0.8717948717948718,0.40941820899024606,0.0,0.041187041002558544,0.4506081669824198
2026-07-14T23:56:23,KNN-Direct-Weighted,Parkinson2clc,0.4,28,28,1,0.8974358974358975,0.5184277500084136,0.0,0.05172925000078976,0.5701605829817709
2026-07-14T23:56:23,KNN-Direct-Manhattan,Parkinson2clc,0.4,28,28,1,0.8205128205128205,0.39408841700060293,0.0,0.03961529102525674,0.4337070829933509
2026-07-14T23:56:23,KNN-IC,Parkinson2clc,0.4,29,29,2,0.8974358974358975,0.35059058299520984,0.008472582994727418,0.021235041989712045,0.3803047919936944
2026-07-14T23:56:24,Mean-IC,Parkinson2clc,0.4,29,29,1,0.7692307692307693,0.20849675001227297,0.0009625829989090562,0.020906208985252306,0.2303687919920776
2026-07-14T23:56:24,KNN-Direct,Parkinson2clc,0.4,29,29,3,0.7692307692307693,0.40933487500296906,0.0,0.0417050419782754,0.4510425420012325
2026-07-14T23:56:25,KNN-Direct-Weighted,Parkinson2clc,0.4,29,29,3,0.8205128205128205,0.5100473749917,0.0,0.0512219580123201,0.561272833001567
2026-07-14T23:56:25,KNN-Direct-Manhattan,Parkinson2clc,0.4,29,29,1,0.717948717948718,0.45962150002014823,0.0,0.0400472909968812,0.4996725420060102
2026-07-14T23:56:25,KNN-IC,Parkinson2clc,0.4,30,30,1,0.8974358974358975,0.3530265419976786,0.008168125001247972,0.02141520899021998,0.38261366699589416
2026-07-14T23:56:26,Mean-IC,Parkinson2clc,0.4,30,30,9,0.8974358974358975,0.21040595800150186,0.0009809579933062196,0.02118312500533648,0.23257745799492113
2026-07-14T23:56:26,KNN-Direct,Parkinson2clc,0.4,30,30,5,0.8717948717948718,0.4155002919724211,0.0,0.042200124997179955,0.45770320799783804
2026-07-14T23:56:27,KNN-Direct-Weighted,Parkinson2clc,0.4,30,30,7,0.8974358974358975,0.5158928750024643,0.0,0.05232074999366887,0.5682172079978045
2026-07-14T23:56:27,KNN-Direct-Manhattan,Parkinson2clc,0.4,30,30,5,0.8974358974358975,0.3983706249855459,0.0,0.04047300000092946,0.4388468330143951
2026-07-14T23:56:28,KNN-IC,Parkinson2clc,0.4,31,31,3,0.8974358974358975,0.3533439170278143,0.009045750019140542,0.021087790984893218,0.3834809589898214
2026-07-14T23:56:28,Mean-IC,Parkinson2clc,0.4,31,31,1,0.8205128205128205,0.20953170899883844,0.0011306660016998649,0.020996583014493808,0.23166570800822228
2026-07-14T23:56:28,KNN-Direct,Parkinson2clc,0.4,31,31,3,0.7435897435897436,0.4123857500089798,0.0,0.04114933300297707,0.45353833300760016
2026-07-14T23:56:29,KNN-Direct-Weighted,Parkinson2clc,0.4,31,31,4,0.7692307692307693,0.5109787919791415,0.0,0.051895500015234575,0.5628777079982683
2026-07-14T23:56:29,KNN-Direct-Manhattan,Parkinson2clc,0.4,31,31,3,0.7692307692307693,0.5810859999910463,0.0,0.04045862500788644,0.6215482089901343
2026-07-14T23:56:30,KNN-IC,Parkinson2clc,0.4,32,32,1,0.9230769230769231,0.3632963749987539,0.008664749999297783,0.02137354202568531,0.393338333000429
2026-07-14T23:56:30,Mean-IC,Parkinson2clc,0.4,32,32,5,0.8717948717948718,0.21142974999384023,0.0009740840177983046,0.020877375005511567,0.23328479201882146
2026-07-14T23:56:31,KNN-Direct,Parkinson2clc,0.4,32,32,1,0.7948717948717948,0.4155858340091072,0.0,0.04161875002318993,0.4572078750061337
2026-07-14T23:56:31,KNN-Direct-Weighted,Parkinson2clc,0.4,32,32,4,0.8974358974358975,0.5158115410013124,0.0,0.05200470899580978,0.5678197079978418
2026-07-14T23:56:32,KNN-Direct-Manhattan,Parkinson2clc,0.4,32,32,4,0.9230769230769231,0.3961118340084795,0.0,0.04012445802800357,0.4362397500080988
2026-07-14T23:56:32,KNN-IC,Parkinson2clc,0.4,33,33,1,0.7948717948717948,0.35032483300892636,0.008405375003349036,0.021341082989238203,0.38007524999557063
2026-07-14T23:56:32,Mean-IC,Parkinson2clc,0.4,33,33,11,0.7435897435897436,0.20957575002103113,0.0009782499982975423,0.020884833997115493,0.23144241599948145
2026-07-14T23:56:33,KNN-Direct,Parkinson2clc,0.4,33,33,5,0.8205128205128205,0.4107984169968404,0.0,0.041695124993566424,0.4524965420132503
2026-07-14T23:56:33,KNN-Direct-Weighted,Parkinson2clc,0.4,33,33,5,0.8205128205128205,0.512457542004995,0.0,0.05185129199526273,0.56431225000415
2026-07-14T23:56:34,KNN-Direct-Manhattan,Parkinson2clc,0.4,33,33,3,0.7948717948717948,0.3955852910003159,0.0,0.040145125007256866,0.43573404202470556
2026-07-14T23:56:34,KNN-IC,Parkinson2clc,0.4,34,34,1,0.8974358974358975,0.3517964160128031,0.00820804198156111,0.021233500010566786,0.3812450830009766
2026-07-14T23:56:34,Mean-IC,Parkinson2clc,0.4,34,34,15,0.8461538461538461,0.20934004199807532,0.0009422499861102551,0.020995416009100154,0.23128091701073572
2026-07-14T23:56:35,KNN-Direct,Parkinson2clc,0.4,34,34,6,0.9487179487179487,0.41040375002194196,0.0,0.04190220800228417,0.4523089999856893
2026-07-14T23:56:35,KNN-Direct-Weighted,Parkinson2clc,0.4,34,34,7,0.8974358974358975,0.5117033749993425,0.0,0.05264154099859297,0.564348957996117
2026-07-14T23:56:36,KNN-Direct-Manhattan,Parkinson2clc,0.4,34,34,3,0.8717948717948718,0.3948482090199832,0.0,0.03985358399222605,0.43470595800317824
2026-07-14T23:56:36,KNN-IC,Parkinson2clc,0.4,35,35,2,0.8717948717948718,0.3492874580260832,0.00858916700235568,0.021320541010936722,0.37920058297459036
2026-07-14T23:56:36,Mean-IC,Parkinson2clc,0.4,35,35,1,0.8205128205128205,0.2088101249828469,0.0009698749927338213,0.021038000006228685,0.23082150000846013
2026-07-14T23:56:37,KNN-Direct,Parkinson2clc,0.4,35,35,10,0.8717948717948718,0.4090734580240678,0.0,0.041374332999112085,0.4504509999824222
2026-07-14T23:56:37,KNN-Direct-Weighted,Parkinson2clc,0.4,35,35,3,0.8717948717948718,0.51703604098293,0.0,0.05163575001643039,0.5686754579946864
2026-07-14T23:56:38,KNN-Direct-Manhattan,Parkinson2clc,0.4,35,35,3,0.8461538461538461,0.3931645000120625,0.0,0.040234249987406656,0.43340224999701604
2026-07-14T23:56:38,KNN-IC,Parkinson2clc,0.4,36,36,6,0.8974358974358975,0.34969958299188875,0.01031216699630022,0.021321666979929432,0.3813367080001626
2026-07-14T23:56:38,Mean-IC,Parkinson2clc,0.4,36,36,1,0.8205128205128205,0.20909399999072775,0.0009692079911474138,0.020888625003863126,0.23095541700604372
2026-07-14T23:56:39,KNN-Direct,Parkinson2clc,0.4,36,36,5,0.8205128205128205,0.4087240000080783,0.0,0.04177920799702406,0.45050624999566935
2026-07-14T23:56:39,KNN-Direct-Weighted,Parkinson2clc,0.4,36,36,3,0.8205128205128205,0.5110551250108983,0.0,0.051914332987507805,0.5629730419896077
2026-07-14T23:56:40,KNN-Direct-Manhattan,Parkinson2clc,0.4,36,36,4,0.8461538461538461,0.39511837498866953,0.0,0.040001791989197955,0.43512391700642183
2026-07-14T23:56:40,KNN-IC,Parkinson2clc,0.4,37,37,3,0.717948717948718,0.3477752080070786,0.00916054198751226,0.021122792008100078,0.37806216700118966
2026-07-14T23:56:40,Mean-IC,Parkinson2clc,0.4,37,37,7,0.7692307692307693,0.20756529201753438,0.0009421669819857925,0.02108829200733453,0.229602250008611
2026-07-14T23:56:41,KNN-Direct,Parkinson2clc,0.4,37,37,3,0.8461538461538461,0.4092435830098111,0.0,0.04167404197505675,0.450920875009615
2026-07-14T23:56:41,KNN-Direct-Weighted,Parkinson2clc,0.4,37,37,6,0.8205128205128205,0.5093342500040308,0.0,0.05161366701941006,0.5609514999960084
2026-07-14T23:56:42,KNN-Direct-Manhattan,Parkinson2clc,0.4,37,37,4,0.8461538461538461,0.39420737500768155,0.0,0.0399725409806706,0.43418312500580214
2026-07-14T23:56:42,KNN-IC,Parkinson2clc,0.4,38,38,1,0.8461538461538461,0.3497364170034416,0.008274749998236075,0.021309834002749994,0.3793242499814369
2026-07-14T23:56:43,Mean-IC,Parkinson2clc,0.4,38,38,7,0.8974358974358975,0.20783395797479898,0.0009437499975319952,0.021012292010709643,0.22979345798376016
2026-07-14T23:56:43,KNN-Direct,Parkinson2clc,0.4,38,38,7,0.8717948717948718,0.4084759169782046,0.0,0.04166666601668112,0.45014570801868103
2026-07-14T23:56:44,KNN-Direct-Weighted,Parkinson2clc,0.4,38,38,4,0.8717948717948718,0.5101084579946473,0.0,0.05188062501838431,0.5619927080115303
2026-07-14T23:56:44,KNN-Direct-Manhattan,Parkinson2clc,0.4,38,38,3,0.8205128205128205,0.39389670800301246,0.0,0.039969958015717566,0.43387029197765514
2026-07-14T23:56:44,KNN-IC,Parkinson2clc,0.4,39,39,2,0.8974358974358975,0.4508037500199862,0.008836291992338374,0.02212812498328276,0.48177304200362414
2026-07-14T23:56:45,Mean-IC,Parkinson2clc,0.4,39,39,3,0.8205128205128205,0.2147059159760829,0.00102766600321047,0.02168362500378862,0.23742220900021493
2026-07-14T23:56:45,KNN-Direct,Parkinson2clc,0.4,39,39,9,0.7948717948717948,0.41688329199678265,0.0,0.04176212497986853,0.45864887500647455
2026-07-14T23:56:46,KNN-Direct-Weighted,Parkinson2clc,0.4,39,39,9,0.8205128205128205,0.5104361670091748,0.0,0.05154391599353403,0.5619845000037458
2026-07-14T23:56:46,KNN-Direct-Manhattan,Parkinson2clc,0.4,39,39,5,0.8974358974358975,0.39469137499690987,0.0,0.04001691599842161,0.43471241599763744
2026-07-14T23:56:47,KNN-IC,Parkinson2clc,0.5,0,0,4,0.7692307692307693,0.3496106250095181,0.010081582993734628,0.02123370801564306,0.38092908399994485
2026-07-14T23:56:47,Mean-IC,Parkinson2clc,0.5,0,0,3,0.7692307692307693,0.20850283300387673,0.0009750000026542693,0.02079291600966826,0.23027745902072638
2026-07-14T23:56:47,KNN-Direct,Parkinson2clc,0.5,0,0,3,0.8717948717948718,0.40807262499583885,0.0,0.041428166994592175,0.4495036249863915
2026-07-14T23:56:48,KNN-Direct-Weighted,Parkinson2clc,0.5,0,0,5,0.8717948717948718,0.5081641249998938,0.0,0.05165983299957588,0.5598272909992374
2026-07-14T23:56:48,KNN-Direct-Manhattan,Parkinson2clc,0.5,0,0,3,0.8205128205128205,0.3934048749797512,0.0,0.04004562500631437,0.43345399998361245
2026-07-14T23:56:49,KNN-IC,Parkinson2clc,0.5,1,1,4,0.8461538461538461,0.3505357500107493,0.010299124987795949,0.021148125000763685,0.38198624999495223
2026-07-14T23:56:49,Mean-IC,Parkinson2clc,0.5,1,1,1,0.717948717948718,0.20905204201699235,0.0009631670254748315,0.020847874984610826,0.23086679098196328
2026-07-14T23:56:49,KNN-Direct,Parkinson2clc,0.5,1,1,11,0.8717948717948718,0.40931079199071974,0.0,0.041514167009154335,0.4508280419977382
2026-07-14T23:56:50,KNN-Direct-Weighted,Parkinson2clc,0.5,1,1,8,0.8974358974358975,0.5106612920062616,0.0,0.0514953340170905,0.5621602089959197
2026-07-14T23:56:50,KNN-Direct-Manhattan,Parkinson2clc,0.5,1,1,13,0.9487179487179487,0.3947703749872744,0.0,0.03997020798851736,0.4347439580014907
2026-07-14T23:56:51,KNN-IC,Parkinson2clc,0.5,2,2,6,0.7435897435897436,0.3514555419969838,0.010446625004988164,0.021286125003825873,0.3831915420014411
2026-07-14T23:56:51,Mean-IC,Parkinson2clc,0.5,2,2,1,0.6923076923076923,0.20851212501293048,0.0009918750147335231,0.020791249989997596,0.23029850001330487
2026-07-14T23:56:51,KNN-Direct,Parkinson2clc,0.5,2,2,3,0.8205128205128205,0.4091405829822179,0.0,0.04146237499662675,0.45060574999661185
2026-07-14T23:56:52,KNN-Direct-Weighted,Parkinson2clc,0.5,2,2,9,0.7435897435897436,0.5092182500229683,0.0,0.052121791028184816,0.5613435829873197
2026-07-14T23:56:52,KNN-Direct-Manhattan,Parkinson2clc,0.5,2,2,4,0.8205128205128205,0.3947035000019241,0.0,0.04004129199893214,0.43474829199840315
2026-07-14T23:56:53,KNN-IC,Parkinson2clc,0.5,3,3,4,0.9230769230769231,0.350993500003824,0.010301583999535069,0.021167208993574604,0.3824664579879027
2026-07-14T23:56:53,Mean-IC,Parkinson2clc,0.5,3,3,3,0.8974358974358975,0.2076648339862004,0.0009897080017253757,0.020850708009675145,0.22951162501703948
2026-07-14T23:56:53,KNN-Direct,Parkinson2clc,0.5,3,3,9,0.8461538461538461,0.40812091701081954,0.0,0.041359374998137355,0.4494833329808898
2026-07-14T23:56:54,KNN-Direct-Weighted,Parkinson2clc,0.5,3,3,5,0.8461538461538461,0.5095489580126014,0.0,0.05158145900350064,0.5611335840076208
2026-07-14T23:56:54,KNN-Direct-Manhattan,Parkinson2clc,0.5,3,3,14,0.9230769230769231,0.39366250002058223,0.0,0.03978249998181127,0.4334486660081893
2026-07-14T23:56:55,KNN-IC,Parkinson2clc,0.5,4,4,3,0.8205128205128205,0.3522257919830736,0.008994292002171278,0.02122841600794345,0.3824552079895511
2026-07-14T23:56:55,Mean-IC,Parkinson2clc,0.5,4,4,1,0.8205128205128205,0.2082374999881722,0.000982041994575411,0.020863499987171963,0.23008620899054222
2026-07-14T23:56:55,KNN-Direct,Parkinson2clc,0.5,4,4,8,0.8717948717948718,0.4081948749953881,0.0,0.041475582984276116,0.4496735419961624
2026-07-14T23:56:56,KNN-Direct-Weighted,Parkinson2clc,0.5,4,4,7,0.8461538461538461,0.5094379169750027,0.0,0.05176883301464841,0.561210417014081
2026-07-14T23:56:56,KNN-Direct-Manhattan,Parkinson2clc,0.5,4,4,8,0.8461538461538461,0.39420225002686493,0.0,0.03971566597465426,0.4339216660009697
2026-07-14T23:56:57,KNN-IC,Parkinson2clc,0.5,5,5,1,0.8717948717948718,0.3520436249964405,0.008303999988129362,0.02116420798120089,0.38151812501018867
2026-07-14T23:56:57,Mean-IC,Parkinson2clc,0.5,5,5,1,0.8974358974358975,0.20831695801462047,0.000960290984949097,0.020675125007983297,0.22995537501992658
2026-07-14T23:56:58,KNN-Direct,Parkinson2clc,0.5,5,5,1,0.7435897435897436,0.4073668750061188,0.0,0.04139062500325963,0.4487604579771869
2026-07-14T23:56:58,KNN-Direct-Weighted,Parkinson2clc,0.5,5,5,1,0.7948717948717948,0.5095128749962896,0.0,0.0520045829762239,0.5615207910013851
2026-07-14T23:56:59,KNN-Direct-Manhattan,Parkinson2clc,0.5,5,5,3,0.8461538461538461,0.39479433398810215,0.0,0.039897542010294273,0.4346952500054613
2026-07-14T23:56:59,KNN-IC,Parkinson2clc,0.5,6,6,1,0.7692307692307693,0.3507280829944648,0.008351249998668209,0.02109358401503414,0.38017625000793487
2026-07-14T23:56:59,Mean-IC,Parkinson2clc,0.5,6,6,1,0.7692307692307693,0.27181262502563186,0.001344333024462685,0.026098250003997236,0.29925995800294913
2026-07-14T23:57:00,KNN-Direct,Parkinson2clc,0.5,6,6,6,0.8974358974358975,0.6147424580121879,0.0,0.04159108301973902,0.656336750020273
2026-07-14T23:57:00,KNN-Direct-Weighted,Parkinson2clc,0.5,6,6,5,0.8717948717948718,0.5112832500017248,0.0,0.051952665991848335,0.563239250011975
2026-07-14T23:57:01,KNN-Direct-Manhattan,Parkinson2clc,0.5,6,6,5,0.7692307692307693,0.39356437500100583,0.0,0.040053124976111576,0.43362100000376813
2026-07-14T23:57:01,KNN-IC,Parkinson2clc,0.5,7,7,4,0.8717948717948718,0.3520813749928493,0.010753041977295652,0.021407541004009545,0.3842457499995362
2026-07-14T23:57:01,Mean-IC,Parkinson2clc,0.5,7,7,1,0.8205128205128205,0.20876366697484627,0.0011910420143976808,0.02096600001095794,0.23092408399679698
2026-07-14T23:57:02,KNN-Direct,Parkinson2clc,0.5,7,7,12,0.9230769230769231,0.40935666699078865,0.0,0.04155850000097416,0.45091812501777895
2026-07-14T23:57:03,KNN-Direct-Weighted,Parkinson2clc,0.5,7,7,11,0.8974358974358975,0.5095824169984553,0.0,0.05138299998361617,0.5609690410201438
2026-07-14T23:57:03,KNN-Direct-Manhattan,Parkinson2clc,0.5,7,7,5,0.8974358974358975,0.39503099999274127,0.0,0.04013279199716635,0.4351668329909444
2026-07-14T23:57:03,KNN-IC,Parkinson2clc,0.5,8,8,2,0.7948717948717948,0.35334795800736174,0.009093208005651832,0.021235583000816405,0.38368033300503157
2026-07-14T23:57:04,Mean-IC,Parkinson2clc,0.5,8,8,1,0.7692307692307693,0.20856320901657455,0.0009538330195937306,0.021012832992710173,0.230533166002715
2026-07-14T23:57:04,KNN-Direct,Parkinson2clc,0.5,8,8,8,0.8461538461538461,0.4094447919924278,0.0,0.0413841660192702,0.4508320840250235
2026-07-14T23:57:05,KNN-Direct-Weighted,Parkinson2clc,0.5,8,8,5,0.7948717948717948,0.5104292499891017,0.0,0.051631333015393466,0.5620638749969658
2026-07-14T23:57:05,KNN-Direct-Manhattan,Parkinson2clc,0.5,8,8,9,0.7692307692307693,0.39433524999185465,0.0,0.03986283301492222,0.4342013339919504
2026-07-14T23:57:05,KNN-IC,Parkinson2clc,0.5,9,9,1,0.7692307692307693,0.34965158300474286,0.00849158299388364,0.021109124994836748,0.3792556249827612
2026-07-14T23:57:06,Mean-IC,Parkinson2clc,0.5,9,9,9,0.7948717948717948,0.20789379099733196,0.0011035829957108945,0.02104379198863171,0.23004416699404828
2026-07-14T23:57:06,KNN-Direct,Parkinson2clc,0.5,9,9,3,0.8461538461538461,0.4076970840105787,0.0,0.04145487502682954,0.44915495900204405
2026-07-14T23:57:07,KNN-Direct-Weighted,Parkinson2clc,0.5,9,9,3,0.8717948717948718,0.5086930840043351,0.0,0.05165858400869183,0.5603551249951124
2026-07-14T23:57:07,KNN-Direct-Manhattan,Parkinson2clc,0.5,9,9,4,0.8205128205128205,0.39397858298616484,0.0,0.03989250000449829,0.4338742079853546
2026-07-14T23:57:07,KNN-IC,Parkinson2clc,0.5,10,10,2,0.8461538461538461,0.35176491699530743,0.008779166004387662,0.02128104100120254,0.38182862498797476
2026-07-14T23:57:08,Mean-IC,Parkinson2clc,0.5,10,10,1,0.8205128205128205,0.20803133299341425,0.0009386669844388962,0.02089124999474734,0.22986441699322313
2026-07-14T23:57:08,KNN-Direct,Parkinson2clc,0.5,10,10,3,0.9487179487179487,0.4077731660217978,0.0,0.04165445899707265,0.44943037498160265
2026-07-14T23:57:09,KNN-Direct-Weighted,Parkinson2clc,0.5,10,10,6,0.9230769230769231,0.5087918750068638,0.0,0.05152287500095554,0.5603187090018764
2026-07-14T23:57:09,KNN-Direct-Manhattan,Parkinson2clc,0.5,10,10,3,0.9230769230769231,0.39355079099186696,0.0,0.03996049999841489,0.43351470900233835
2026-07-14T23:57:10,KNN-IC,Parkinson2clc,0.5,11,11,2,0.8461538461538461,0.35245129198301584,0.00862933398457244,0.021117708005476743,0.38220208400161937
2026-07-14T23:57:10,Mean-IC,Parkinson2clc,0.5,11,11,4,0.8974358974358975,0.2085652090026997,0.0009875829855445772,0.020875499991234392,0.23043158400105312
2026-07-14T23:57:10,KNN-Direct,Parkinson2clc,0.5,11,11,3,0.9230769230769231,0.40861708400188945,0.0,0.041443291993346065,0.4500634580035694
2026-07-14T23:57:11,KNN-Direct-Weighted,Parkinson2clc,0.5,11,11,3,0.9743589743589743,0.5106390000146348,0.0,0.05176941701211035,0.5624119159765542
2026-07-14T23:57:11,KNN-Direct-Manhattan,Parkinson2clc,0.5,11,11,6,0.9230769230769231,0.3944248749758117,0.0,0.03993499997886829,0.4343633340031374
2026-07-14T23:57:12,KNN-IC,Parkinson2clc,0.5,12,12,3,0.8974358974358975,0.3515118329960387,0.00892804199247621,0.02123820799170062,0.38168141699861735
2026-07-14T23:57:12,Mean-IC,Parkinson2clc,0.5,12,12,13,0.7948717948717948,0.20834945800015703,0.0009737079963088036,0.02093879200401716,0.2302651249920018
2026-07-14T23:57:12,KNN-Direct,Parkinson2clc,0.5,12,12,10,0.9487179487179487,0.40862199998809956,0.0,0.04154112498508766,0.4501663749979343
2026-07-14T23:57:13,KNN-Direct-Weighted,Parkinson2clc,0.5,12,12,12,0.9230769230769231,0.5091475000081118,0.0,0.05148150000604801,0.5606325840053614
2026-07-14T23:57:13,KNN-Direct-Manhattan,Parkinson2clc,0.5,12,12,15,0.8717948717948718,0.3932281250017695,0.0,0.04009649998624809,0.43332795798778534
2026-07-14T23:57:14,KNN-IC,Parkinson2clc,0.5,13,13,1,0.7692307692307693,0.35222891697776504,0.008206833008443937,0.021114875009516254,0.3815538749913685
2026-07-14T23:57:14,Mean-IC,Parkinson2clc,0.5,13,13,5,0.8717948717948718,0.21026445800089277,0.0010194999922532588,0.020911875006277114,0.23219908401370049
2026-07-14T23:57:15,KNN-Direct,Parkinson2clc,0.5,13,13,7,0.8974358974358975,0.6208920420031063,0.0,0.06764249998377636,0.6885390420211479
2026-07-14T23:57:15,KNN-Direct-Weighted,Parkinson2clc,0.5,13,13,8,0.8717948717948718,0.7556247919856105,0.0,0.07826654199743643,0.8338967500021681
2026-07-14T23:57:16,KNN-Direct-Manhattan,Parkinson2clc,0.5,13,13,7,0.8717948717948718,0.43257979201735,0.0,0.03998329202295281,0.4725674159999471
2026-07-14T23:57:16,KNN-IC,Parkinson2clc,0.5,14,14,3,0.8974358974358975,0.35203333300887607,0.008947042020736262,0.021247917000437155,0.3822317089943681
2026-07-14T23:57:17,Mean-IC,Parkinson2clc,0.5,14,14,1,0.8461538461538461,0.20867370901396498,0.0009445830073673278,0.021015332982642576,0.23063687499961816
2026-07-14T23:57:17,KNN-Direct,Parkinson2clc,0.5,14,14,3,0.8974358974358975,0.408172374998685,0.0,0.041673250001622364,0.44984837499214336
2026-07-14T23:57:18,KNN-Direct-Weighted,Parkinson2clc,0.5,14,14,3,0.8974358974358975,0.5097097500110976,0.0,0.05163949998677708,0.5613531660055742
2026-07-14T23:57:18,KNN-Direct-Manhattan,Parkinson2clc,0.5,14,14,4,0.8461538461538461,0.39606020800420083,0.0,0.039984417002415285,0.43604816700099036
2026-07-14T23:57:18,KNN-IC,Parkinson2clc,0.5,15,15,1,0.9230769230769231,0.35094433301128447,0.008337333012605086,0.021052584022982046,0.38033787498716265
2026-07-14T23:57:19,Mean-IC,Parkinson2clc,0.5,15,15,6,0.8461538461538461,0.20771783299278468,0.0009697079949546605,0.021099125006003305,0.22978983301436529
2026-07-14T23:57:19,KNN-Direct,Parkinson2clc,0.5,15,15,6,0.8461538461538461,0.40923466702224687,0.0,0.04141195901320316,0.45064966700738296
2026-07-14T23:57:20,KNN-Direct-Weighted,Parkinson2clc,0.5,15,15,1,0.8461538461538461,0.5088193330157083,0.0,0.05159699998330325,0.5604198329965584
2026-07-14T23:57:20,KNN-Direct-Manhattan,Parkinson2clc,0.5,15,15,8,0.7948717948717948,0.39393329102313146,0.0,0.03978091702447273,0.4337176659901161
2026-07-14T23:57:20,KNN-IC,Parkinson2clc,0.5,16,16,7,0.7692307692307693,0.3524496669997461,0.010716249991673976,0.02116149998619221,0.3843305830087047
2026-07-14T23:57:21,Mean-IC,Parkinson2clc,0.5,16,16,1,0.8205128205128205,0.20829375000903383,0.0009614579903427511,0.020904500008327886,0.23016583299613558
2026-07-14T23:57:21,KNN-Direct,Parkinson2clc,0.5,16,16,3,0.7948717948717948,0.4090434169920627,0.0,0.04141700000036508,0.4504635830235202
2026-07-14T23:57:22,KNN-Direct-Weighted,Parkinson2clc,0.5,16,16,7,0.7948717948717948,0.5099334169935901,0.0,0.051824583002598956,0.5617617079988122
2026-07-14T23:57:22,KNN-Direct-Manhattan,Parkinson2clc,0.5,16,16,5,0.8205128205128205,0.44577345802099444,0.0,0.040068166999844834,0.48584558299626224
2026-07-14T23:57:23,KNN-IC,Parkinson2clc,0.5,17,17,5,0.8461538461538461,0.3506485419929959,0.01058279100107029,0.021231874998193234,0.3824664170097094
2026-07-14T23:57:23,Mean-IC,Parkinson2clc,0.5,17,17,5,0.8717948717948718,0.2086990420066286,0.0009250000002793968,0.020994040998630226,0.23062470799777657
2026-07-14T23:57:23,KNN-Direct,Parkinson2clc,0.5,17,17,7,0.8974358974358975,0.4083108750055544,0.0,0.041589500004192814,0.4499033329775557
2026-07-14T23:57:24,KNN-Direct-Weighted,Parkinson2clc,0.5,17,17,13,0.8461538461538461,0.5098412499937695,0.0,0.05162058299174532,0.5614653750089929
2026-07-14T23:57:24,KNN-Direct-Manhattan,Parkinson2clc,0.5,17,17,7,0.8461538461538461,0.39345908400719054,0.0,0.040069042006507516,0.4335315419884864
2026-07-14T23:57:25,KNN-IC,Parkinson2clc,0.5,18,18,11,0.8205128205128205,0.3518859159958083,0.011417583009460941,0.02118025001254864,0.3844873330090195
2026-07-14T23:57:25,Mean-IC,Parkinson2clc,0.5,18,18,6,0.8461538461538461,0.20843100000638515,0.0009619579941499978,0.021065916982479393,0.23046204200363718
2026-07-14T23:57:25,KNN-Direct,Parkinson2clc,0.5,18,18,10,0.8974358974358975,0.40883516598842107,0.0,0.04154079101863317,0.4503790409944486
2026-07-14T23:57:26,KNN-Direct-Weighted,Parkinson2clc,0.5,18,18,8,0.8974358974358975,0.5089517919986974,0.0,0.05184937501326203,0.5608044170076028
2026-07-14T23:57:26,KNN-Direct-Manhattan,Parkinson2clc,0.5,18,18,12,0.8974358974358975,0.3940152919967659,0.0,0.040067416994133964,0.43408633398939855
2026-07-14T23:57:27,KNN-IC,Parkinson2clc,0.5,19,19,1,0.7948717948717948,0.35244737498578615,0.008456667012069374,0.021209500002441928,0.3821172080060933
2026-07-14T23:57:27,Mean-IC,Parkinson2clc,0.5,19,19,4,0.7692307692307693,0.20854408299783245,0.000949417008087039,0.0210618749842979,0.230558834009571
2026-07-14T23:57:27,KNN-Direct,Parkinson2clc,0.5,19,19,7,0.7692307692307693,0.4094701250141952,0.0,0.041591208981117234,0.4510643749963492
2026-07-14T23:57:28,KNN-Direct-Weighted,Parkinson2clc,0.5,19,19,8,0.8205128205128205,0.5138616669864859,0.0,0.05179262498859316,0.5656577500049025
2026-07-14T23:57:28,KNN-Direct-Manhattan,Parkinson2clc,0.5,19,19,6,0.7692307692307693,0.3942756250035018,0.0,0.03986166600952856,0.4341405839950312
2026-07-14T23:57:29,KNN-IC,Parkinson2clc,0.5,20,20,3,0.8461538461538461,0.352606750006089,0.009310749999713153,0.0212067500106059,0.38312799998675473
2026-07-14T23:57:29,Mean-IC,Parkinson2clc,0.5,20,20,3,0.8205128205128205,0.20863933299551718,0.0009557500015944242,0.020917124988045543,0.23051533399848267
2026-07-14T23:57:29,KNN-Direct,Parkinson2clc,0.5,20,20,10,0.8717948717948718,0.47977887498564087,0.0,0.04212916598771699,0.5219112499908078
2026-07-14T23:57:30,KNN-Direct-Weighted,Parkinson2clc,0.5,20,20,9,0.8461538461538461,0.5135955000005197,0.0,0.05182062499807216,0.5654200419958215
2026-07-14T23:57:30,KNN-Direct-Manhattan,Parkinson2clc,0.5,20,20,1,0.717948717948718,0.39541866598301567,0.0,0.04012679200968705,0.4355490000161808
2026-07-14T23:57:31,KNN-IC,Parkinson2clc,0.5,21,21,2,0.8461538461538461,0.35128087500925176,0.008691916998941451,0.02121879198239185,0.38119825001922436
2026-07-14T23:57:31,Mean-IC,Parkinson2clc,0.5,21,21,4,0.7692307692307693,0.2092745000263676,0.0010118750215042382,0.02095316702616401,0.23124308299156837
2026-07-14T23:57:32,KNN-Direct,Parkinson2clc,0.5,21,21,11,0.8461538461538461,0.4087611669965554,0.0,0.04164962499635294,0.4504135829920415
2026-07-14T23:57:32,KNN-Direct-Weighted,Parkinson2clc,0.5,21,21,8,0.8717948717948718,0.5132144590024836,0.0,0.051520290988264605,0.5647380420123227
2026-07-14T23:57:33,KNN-Direct-Manhattan,Parkinson2clc,0.5,21,21,13,0.8461538461538461,0.39215308299753815,0.0,0.04011604198603891,0.43227258301340044
2026-07-14T23:57:33,KNN-IC,Parkinson2clc,0.5,22,22,10,0.7435897435897436,0.3529064579925034,0.010953000019071624,0.021267624979373068,0.38513054099166766
2026-07-14T23:57:33,Mean-IC,Parkinson2clc,0.5,22,22,4,0.8205128205128205,0.20851437500095926,0.0009434579988010228,0.020993208017898723,0.23045462497975677
2026-07-14T23:57:34,KNN-Direct,Parkinson2clc,0.5,22,22,6,0.8461538461538461,0.409961250028573,0.0,0.041348166996613145,0.45131254199077375
2026-07-14T23:57:34,KNN-Direct-Weighted,Parkinson2clc,0.5,22,22,6,0.8717948717948718,0.5135633749887347,0.0,0.05271175000234507,0.5662787919864058
2026-07-14T23:57:35,KNN-Direct-Manhattan,Parkinson2clc,0.5,22,22,10,0.8205128205128205,0.39537033397937194,0.0,0.03998987501836382,0.43536337499972433
2026-07-14T23:57:35,KNN-IC,Parkinson2clc,0.5,23,23,6,0.7692307692307693,0.3517476659908425,0.010494417016161606,0.02147075001266785,0.3837159579852596
2026-07-14T23:57:35,Mean-IC,Parkinson2clc,0.5,23,23,7,0.8461538461538461,0.20820337501936592,0.0009572500130161643,0.021002958994358778,0.23016670800279826
2026-07-14T23:57:36,KNN-Direct,Parkinson2clc,0.5,23,23,5,0.8461538461538461,0.40844191701035015,0.0,0.04151854099472985,0.44996370901935734
2026-07-14T23:57:36,KNN-Direct-Weighted,Parkinson2clc,0.5,23,23,7,0.8461538461538461,0.5094682500057388,0.0,0.05164595801034011,0.5611181249842048
2026-07-14T23:57:37,KNN-Direct-Manhattan,Parkinson2clc,0.5,23,23,11,0.8717948717948718,0.39349770901026204,0.0,0.039891458000056446,0.43339241697685793
2026-07-14T23:57:37,KNN-IC,Parkinson2clc,0.5,24,24,11,0.8205128205128205,0.35116904199821874,0.010796250018756837,0.02125049999449402,0.38321920798625797
2026-07-14T23:57:37,Mean-IC,Parkinson2clc,0.5,24,24,11,0.8205128205128205,0.2083420419949107,0.0009604170045349747,0.020864416990661994,0.23017029100446962
2026-07-14T23:57:38,KNN-Direct,Parkinson2clc,0.5,24,24,5,0.8461538461538461,0.4089274579891935,0.0,0.04151608300162479,0.4504467500082683
2026-07-14T23:57:38,KNN-Direct-Weighted,Parkinson2clc,0.5,24,24,14,0.8717948717948718,0.5093266659823712,0.0,0.05163841598550789,0.5609687080141157
2026-07-14T23:57:39,KNN-Direct-Manhattan,Parkinson2clc,0.5,24,24,5,0.8461538461538461,0.3948215839918703,0.0,0.03992224999819882,0.4347473749949131
2026-07-14T23:57:39,KNN-IC,Parkinson2clc,0.5,25,25,4,0.8461538461538461,0.35263508299249224,0.010503500001505017,0.021393708972027525,0.3845357919926755
2026-07-14T23:57:39,Mean-IC,Parkinson2clc,0.5,25,25,4,0.717948717948718,0.20927500000107102,0.0009444169991184026,0.021196333022089675,0.23141920799389482
2026-07-14T23:57:40,KNN-Direct,Parkinson2clc,0.5,25,25,1,0.8205128205128205,0.4089357500197366,0.0,0.04149625002173707,0.45043450000230223
2026-07-14T23:57:40,KNN-Direct-Weighted,Parkinson2clc,0.5,25,25,7,0.7948717948717948,0.5106768339755945,0.0,0.051890041009755805,0.562570667010732
2026-07-14T23:57:41,KNN-Direct-Manhattan,Parkinson2clc,0.5,25,25,1,0.8205128205128205,0.394745833997149,0.0,0.03995299999951385,0.4347025000024587
2026-07-14T23:57:41,KNN-IC,Parkinson2clc,0.5,26,26,4,0.8717948717948718,0.3524600829987321,0.0106727079837583,0.02126554201822728,0.38440187499509193
2026-07-14T23:57:41,Mean-IC,Parkinson2clc,0.5,26,26,1,0.7948717948717948,0.20915158299612813,0.0009756250074133277,0.020919250004226342,0.2310494999983348
2026-07-14T23:57:42,KNN-Direct,Parkinson2clc,0.5,26,26,7,0.8461538461538461,0.4100387500075158,0.0,0.04138475001673214,0.45142654099618085
2026-07-14T23:57:42,KNN-Direct-Weighted,Parkinson2clc,0.5,26,26,5,0.8717948717948718,0.5107276669878047,0.0,0.05176016699988395,0.5624912079947535
2026-07-14T23:57:43,KNN-Direct-Manhattan,Parkinson2clc,0.5,26,26,7,0.8717948717948718,0.3950814160052687,0.0,0.040089208021527156,0.43517395798699
2026-07-14T23:57:43,KNN-IC,Parkinson2clc,0.5,27,27,4,0.9230769230769231,0.35021199999027885,0.010604291019262746,0.021108374989125878,0.3819282090116758
2026-07-14T23:57:44,Mean-IC,Parkinson2clc,0.5,27,27,4,0.8717948717948718,0.2076200410083402,0.0009585829975549132,0.020725374983157963,0.22930687500047497
2026-07-14T23:57:44,KNN-Direct,Parkinson2clc,0.5,27,27,4,0.8974358974358975,0.40779837500303984,0.0,0.04133087501395494,0.44913191700470634
2026-07-14T23:57:45,KNN-Direct-Weighted,Parkinson2clc,0.5,27,27,5,0.8974358974358975,0.827594832982868,0.0,0.06889945900184102,0.8964985420170706
2026-07-14T23:57:46,KNN-Direct-Manhattan,Parkinson2clc,0.5,27,27,4,0.8974358974358975,0.5778571669943631,0.0,0.06354083298356272,0.6414033749897499
2026-07-14T23:57:46,KNN-IC,Parkinson2clc,0.5,28,28,4,0.8974358974358975,0.4226186670130119,0.011011791008058935,0.021426708000944927,0.45506124998792075
2026-07-14T23:57:46,Mean-IC,Parkinson2clc,0.5,28,28,1,0.8717948717948718,0.20928866701433435,0.0009331250039394945,0.0210172499937471,0.23124183298205025
2026-07-14T23:57:47,KNN-Direct,Parkinson2clc,0.5,28,28,1,0.8205128205128205,0.41070000000763685,0.0,0.04165875000762753,0.4523617499799002
2026-07-14T23:57:47,KNN-Direct-Weighted,Parkinson2clc,0.5,28,28,1,0.8205128205128205,0.5099568750010803,0.0,0.051795832987409085,0.5617562090046704
2026-07-14T23:57:48,KNN-Direct-Manhattan,Parkinson2clc,0.5,28,28,1,0.7692307692307693,0.39431775000412017,0.0,0.03994016599608585,0.43426145799458027
2026-07-14T23:57:48,KNN-IC,Parkinson2clc,0.5,29,29,1,0.8717948717948718,0.3527945420064498,0.008514333021594211,0.02129204198718071,0.38260416701086797
2026-07-14T23:57:48,Mean-IC,Parkinson2clc,0.5,29,29,6,0.8717948717948718,0.2084122920059599,0.0009527920046821237,0.02107000001706183,0.2304382500005886
2026-07-14T23:57:49,KNN-Direct,Parkinson2clc,0.5,29,29,9,0.8717948717948718,0.40901695800130256,0.0,0.04152841598261148,0.45054862499819137
2026-07-14T23:57:49,KNN-Direct-Weighted,Parkinson2clc,0.5,29,29,8,0.8461538461538461,0.5095473330002278,0.0,0.05178824998438358,0.5613389170030132
2026-07-14T23:57:50,KNN-Direct-Manhattan,Parkinson2clc,0.5,29,29,1,0.7692307692307693,0.39481041600811295,0.0,0.03980158400372602,0.4346154170052614
2026-07-14T23:57:50,KNN-IC,Parkinson2clc,0.5,30,30,2,0.8717948717948718,0.3504694169969298,0.008992375020170584,0.021166708000237122,0.3806319590075873
2026-07-14T23:57:50,Mean-IC,Parkinson2clc,0.5,30,30,3,0.8974358974358975,0.20847304200287908,0.0009425829921383411,0.020841291989199817,0.230260125012137
2026-07-14T23:57:51,KNN-Direct,Parkinson2clc,0.5,30,30,10,0.8461538461538461,0.407027792010922,0.0,0.041104250005446374,0.4481352919829078
2026-07-14T23:57:51,KNN-Direct-Weighted,Parkinson2clc,0.5,30,30,3,0.8461538461538461,0.5083982500073034,0.0,0.051147457998013124,0.5595491669955663
2026-07-14T23:57:52,KNN-Direct-Manhattan,Parkinson2clc,0.5,30,30,7,0.8717948717948718,0.3936120000144001,0.0,0.03994020898244344,0.43355541699565947
2026-07-14T23:57:52,KNN-IC,Parkinson2clc,0.5,31,31,2,0.7435897435897436,0.35070979097508825,0.00886304202140309,0.021175292000407353,0.3807512919884175
2026-07-14T23:57:52,Mean-IC,Parkinson2clc,0.5,31,31,6,0.7692307692307693,0.20846916700247675,0.0009766249859239906,0.021239583002170548,0.2306887500162702
2026-07-14T23:57:53,KNN-Direct,Parkinson2clc,0.5,31,31,3,0.7948717948717948,0.4083048749889713,0.0,0.041520708007737994,0.4498281670094002
2026-07-14T23:57:53,KNN-Direct-Weighted,Parkinson2clc,0.5,31,31,3,0.7948717948717948,0.5094217080040835,0.0,0.05176025000400841,0.5611858339980245
2026-07-14T23:57:54,KNN-Direct-Manhattan,Parkinson2clc,0.5,31,31,4,0.7692307692307693,0.3942085839807987,0.0,0.04002787498757243,0.4342398750013672
2026-07-14T23:57:54,KNN-IC,Parkinson2clc,0.5,32,32,2,0.7948717948717948,0.353782374993898,0.009140791022218764,0.02126995800063014,0.3841967089974787
2026-07-14T23:57:54,Mean-IC,Parkinson2clc,0.5,32,32,1,0.8461538461538461,0.20802883300348185,0.001439874991774559,0.021019249979872257,0.23049133399035782
2026-07-14T23:57:55,KNN-Direct,Parkinson2clc,0.5,32,32,3,0.8717948717948718,0.4071742499945685,0.0,0.041365374985616654,0.4485428750049323
2026-07-14T23:57:55,KNN-Direct-Weighted,Parkinson2clc,0.5,32,32,3,0.8461538461538461,0.5129347920010332,0.0,0.051829292002366856,0.5647676250082441
2026-07-14T23:57:56,KNN-Direct-Manhattan,Parkinson2clc,0.5,32,32,5,0.8974358974358975,0.39580979201127775,0.0,0.04033650000928901,0.43614945901208557
2026-07-14T23:57:56,KNN-IC,Parkinson2clc,0.5,33,33,5,0.8205128205128205,0.3521767500205897,0.010890666977502406,0.020927250006934628,0.3839980829798151
2026-07-14T23:57:57,Mean-IC,Parkinson2clc,0.5,33,33,9,0.7948717948717948,0.2083733339968603,0.000981666991719976,0.020993250014726073,0.23035104101290926
2026-07-14T23:57:57,KNN-Direct,Parkinson2clc,0.5,33,33,5,0.7948717948717948,0.4080458329990506,0.0,0.0413986659841612,0.4494474589882884
2026-07-14T23:57:58,KNN-Direct-Weighted,Parkinson2clc,0.5,33,33,8,0.8461538461538461,0.5087108750012703,0.0,0.051480374997481704,0.5601948339899536
2026-07-14T23:57:58,KNN-Direct-Manhattan,Parkinson2clc,0.5,33,33,6,0.7435897435897436,0.39337712500127964,0.0,0.040010958997299895,0.4333912500005681
2026-07-14T23:57:58,KNN-IC,Parkinson2clc,0.5,34,34,14,0.8461538461538461,0.352525666996371,0.011222250002902001,0.021318334009265527,0.3850694170105271
2026-07-14T23:57:59,Mean-IC,Parkinson2clc,0.5,34,34,12,0.7948717948717948,0.20857229101238772,0.0009461669833399355,0.02107820799574256,0.2305997500079684
2026-07-14T23:57:59,KNN-Direct,Parkinson2clc,0.5,34,34,5,0.9230769230769231,0.4089378749777097,0.0,0.04747575000510551,0.4564177499851212
2026-07-14T23:58:00,KNN-Direct-Weighted,Parkinson2clc,0.5,34,34,7,0.9487179487179487,0.5855853749962989,0.0,0.052343832998303697,0.6379345000023022
2026-07-14T23:58:00,KNN-Direct-Manhattan,Parkinson2clc,0.5,34,34,5,0.9230769230769231,0.3961579159949906,0.0,0.040029958996456116,0.43619145898264833
2026-07-14T23:58:01,KNN-IC,Parkinson2clc,0.5,35,35,4,0.9230769230769231,0.35243983299005777,0.010210416017798707,0.02120958297746256,0.38386666699079797
2026-07-14T23:58:01,Mean-IC,Parkinson2clc,0.5,35,35,4,0.8717948717948718,0.20854650001274422,0.0009687909914646298,0.02084362501045689,0.23036216699983925
2026-07-14T23:58:01,KNN-Direct,Parkinson2clc,0.5,35,35,3,0.8205128205128205,0.4082227500039153,0.0,0.041614916000980884,0.44984041701536626
2026-07-14T23:58:02,KNN-Direct-Weighted,Parkinson2clc,0.5,35,35,9,0.8717948717948718,0.5099512090091594,0.0,0.05153912500827573,0.5614937499922235
2026-07-14T23:58:02,KNN-Direct-Manhattan,Parkinson2clc,0.5,35,35,10,0.8717948717948718,0.39425391601980664,0.0,0.03984949999721721,0.43410683298134245
2026-07-14T23:58:03,KNN-IC,Parkinson2clc,0.5,36,36,8,0.7692307692307693,0.3493114169978071,0.010881541995331645,0.021152083994820714,0.38135174999479204
2026-07-14T23:58:03,Mean-IC,Parkinson2clc,0.5,36,36,1,0.717948717948718,0.2085952079796698,0.0009220830106642097,0.02088616698165424,0.2304098329914268
2026-07-14T23:58:03,KNN-Direct,Parkinson2clc,0.5,36,36,3,0.8974358974358975,0.40873674998874776,0.0,0.04101537499809638,0.4497551250096876
2026-07-14T23:58:04,KNN-Direct-Weighted,Parkinson2clc,0.5,36,36,5,0.8717948717948718,0.5084752090042457,0.0,0.05170716700376943,0.5601860000169836
2026-07-14T23:58:04,KNN-Direct-Manhattan,Parkinson2clc,0.5,36,36,4,0.8974358974358975,0.3943161249917466,0.0,0.03989354200894013,0.4342132500023581
2026-07-14T23:58:05,KNN-IC,Parkinson2clc,0.5,37,37,3,0.8461538461538461,0.3516619160072878,0.009013458009576425,0.021220083988737315,0.38189904199680313
2026-07-14T23:58:05,Mean-IC,Parkinson2clc,0.5,37,37,4,0.7692307692307693,0.2084421250037849,0.0009655420144554228,0.020761792024131864,0.23017254198202863
2026-07-14T23:58:05,KNN-Direct,Parkinson2clc,0.5,37,37,6,0.8205128205128205,0.40948241599835455,0.0,0.04167375000542961,0.45115920901298523
2026-07-14T23:58:06,KNN-Direct-Weighted,Parkinson2clc,0.5,37,37,6,0.8461538461538461,0.5090939590008929,0.0,0.05156437499681488,0.5606615419965237
2026-07-14T23:58:06,KNN-Direct-Manhattan,Parkinson2clc,0.5,37,37,6,0.7948717948717948,0.39571633300511166,0.0,0.03980091700213961,0.4355205419997219
2026-07-14T23:58:07,KNN-IC,Parkinson2clc,0.5,38,38,2,0.8717948717948718,0.3511731249745935,0.008829500002320856,0.02137020800728351,0.38137933300458826
2026-07-14T23:58:07,Mean-IC,Parkinson2clc,0.5,38,38,5,0.7948717948717948,0.20861658299691044,0.0009948340011760592,0.02098779199877754,0.23060308300773613
2026-07-14T23:58:07,KNN-Direct,Parkinson2clc,0.5,38,38,7,0.8461538461538461,0.4094370410020929,0.0,0.041307375009637326,0.4507471659744624
2026-07-14T23:58:08,KNN-Direct-Weighted,Parkinson2clc,0.5,38,38,5,0.9230769230769231,0.5094068339967635,0.0,0.05190104100620374,0.5613112919963896
2026-07-14T23:58:08,KNN-Direct-Manhattan,Parkinson2clc,0.5,38,38,4,0.7948717948717948,0.39407020798535086,0.0,0.039804959000321105,0.43387875001644716
2026-07-14T23:58:09,KNN-IC,Parkinson2clc,0.5,39,39,4,0.7692307692307693,0.3518043330113869,0.010402000014437363,0.021182124997721985,0.3833918329910375
2026-07-14T23:58:09,Mean-IC,Parkinson2clc,0.5,39,39,4,0.7948717948717948,0.208519540989073,0.0009527500078547746,0.021009082993259653,0.23048774999915622
2026-07-14T23:58:09,KNN-Direct,Parkinson2clc,0.5,39,39,4,0.8461538461538461,0.408256208000239,0.0,0.041367707977769896,0.44962687499355525
2026-07-14T23:58:10,KNN-Direct-Weighted,Parkinson2clc,0.5,39,39,5,0.7948717948717948,0.5088537919800729,0.0,0.051385416998527944,0.5602427080157213
2026-07-14T23:58:10,KNN-Direct-Manhattan,Parkinson2clc,0.5,39,39,7,0.8974358974358975,0.39302558300551027,0.0,0.04007399998954497,0.43310270801885054
