timestamp,method,dataset,missing_rate,trial,seed,n_neighbors,accuracy,tuning_time_sec,train_time_sec,predict_time_sec,total_time_sec
2026-07-15T00:02:25,KNN-IC,Parkinson,0.1,0,0,1,0.8881578947368421,13.460979124996811,0.47635183300008066,0.47671874999650754,14.41405629098881
2026-07-15T00:02:29,Mean-IC,Parkinson,0.1,0,0,1,0.868421052631579,3.6015007919922937,0.007319083990296349,0.3733243749884423,3.982150708005065
2026-07-15T00:02:43,KNN-Direct,Parkinson,0.1,0,0,4,0.868421052631579,12.558088666992262,0.0,1.2963949159893673,13.854487500007963
2026-07-15T00:02:59,KNN-Direct-Weighted,Parkinson,0.1,0,0,4,0.868421052631579,14.607692833989859,0.0,1.4861388329882175,16.09383570900536
2026-07-15T00:03:13,KNN-Direct-Manhattan,Parkinson,0.1,0,0,1,0.9473684210526315,12.349596249987371,0.0,1.2711193749855738,13.62071966700023
2026-07-15T00:03:28,KNN-IC,Parkinson,0.1,1,1,2,0.9144736842105263,13.603068334021373,0.5156370830081869,0.4819346250151284,14.600646124978084
2026-07-15T00:03:32,Mean-IC,Parkinson,0.1,1,1,1,0.9078947368421053,3.6212126669997815,0.0073484579916112125,0.3774470000062138,4.0060145840107
2026-07-15T00:03:45,KNN-Direct,Parkinson,0.1,1,1,1,0.8947368421052632,12.396064458007459,0.0,1.2893210409965832,13.685388582991436
2026-07-15T00:04:01,KNN-Direct-Weighted,Parkinson,0.1,1,1,1,0.8881578947368421,14.265774708997924,0.0,1.4882529170135967,15.754049334005686
2026-07-15T00:04:15,KNN-Direct-Manhattan,Parkinson,0.1,1,1,1,0.9605263157894737,12.555085375002818,0.0,1.2694071249861736,13.82449633302167
2026-07-15T00:25:08,KNN-IC,Parkinson,0.1,2,2,1,0.9473684210526315,16.626165041991044,0.8398915830184706,0.6514241249824408,18.11748741698102
2026-07-15T00:25:12,Mean-IC,Parkinson,0.1,2,2,1,0.9473684210526315,3.6479882080166135,0.007133750012144446,0.37077795900404453,4.0259060410025995
2026-07-15T00:25:25,KNN-Direct,Parkinson,0.1,2,2,1,0.9144736842105263,12.29577862500446,0.0,1.2819483339844737,13.577730417018756
2026-07-15T00:25:41,KNN-Direct-Weighted,Parkinson,0.1,2,2,1,0.9276315789473685,14.202065833000233,0.0,1.4648220419767313,15.666891583008692
2026-07-15T00:25:55,KNN-Direct-Manhattan,Parkinson,0.1,2,2,1,0.9407894736842105,12.335007917019539,0.0,1.263614374998724,13.59862816601526
2026-07-15T00:26:09,KNN-IC,Parkinson,0.1,3,3,1,0.8947368421052632,13.09178499999689,0.477948749990901,0.48000462498748675,14.049743249983294
2026-07-15T00:26:13,Mean-IC,Parkinson,0.1,3,3,1,0.9078947368421053,3.56500849997974,0.007147833006456494,0.3702202090062201,3.942381790984655
2026-07-15T00:26:26,KNN-Direct,Parkinson,0.1,3,3,3,0.8486842105263158,12.575759625004139,0.0,1.28680345902103,13.86256720800884
2026-07-15T00:26:42,KNN-Direct-Weighted,Parkinson,0.1,3,3,7,0.8026315789473685,14.157022208004491,0.0,1.4694235000060871,15.62644999998156
2026-07-15T00:26:56,KNN-Direct-Manhattan,Parkinson,0.1,3,3,1,0.9276315789473685,12.358582250017207,0.0,1.263127624988556,13.621714291977696
2026-07-15T00:27:10,KNN-IC,Parkinson,0.1,4,4,1,0.881578947368421,13.20185808298993,0.47259249998023733,0.4791803330008406,14.153636333998293
2026-07-15T00:27:14,Mean-IC,Parkinson,0.1,4,4,1,0.8881578947368421,3.6571693329897244,0.008604000002378598,0.4285446249996312,4.0943236669991165
2026-07-15T00:31:22,KNN-Direct,Parkinson,0.1,4,4,1,0.8552631578947368,14.495782000012696,0.0,1.8141999159997795,16.309986249980284
2026-07-15T00:31:38,KNN-Direct-Weighted,Parkinson,0.1,4,4,1,0.8618421052631579,14.446501458005514,0.0,1.4659082089783624,15.912413000012748
2026-07-15T00:31:51,KNN-Direct-Manhattan,Parkinson,0.1,4,4,1,0.9736842105263158,12.187204290996306,0.0,1.4086946250172332,13.595903000008548
2026-07-15T00:32:06,KNN-IC,Parkinson,0.1,5,5,2,0.9144736842105263,13.166248916008044,1.2016754579963163,0.561191584012704,14.929122083995026
2026-07-15T00:32:10,Mean-IC,Parkinson,0.1,5,5,4,0.875,3.7699915830162354,0.0072387499967589974,0.3731890409835614,4.150425458006794
2026-07-15T00:32:24,KNN-Direct,Parkinson,0.1,5,5,3,0.8618421052631579,12.473691082996083,0.0,1.2938102920015808,13.767504791001556
2026-07-15T00:32:40,KNN-Direct-Weighted,Parkinson,0.1,5,5,3,0.868421052631579,14.29597149998881,0.0,1.5369257499987725,15.83290079201106
2026-07-15T00:32:54,KNN-Direct-Manhattan,Parkinson,0.1,5,5,1,0.9736842105263158,12.391973499994492,0.0,1.2611485829984304,13.653126292017987
2026-07-15T00:33:08,KNN-IC,Parkinson,0.1,6,6,1,0.8947368421052632,13.344788874994265,0.4772992499929387,0.4805323330219835,14.302628750010626
2026-07-15T00:33:12,Mean-IC,Parkinson,0.1,6,6,1,0.881578947368421,3.567012082989095,0.007449541997630149,0.37256329201045446,3.9470304580172524
2026-07-15T00:33:26,KNN-Direct,Parkinson,0.1,6,6,1,0.8881578947368421,12.587279667000985,0.0,1.2834088749950752,13.870691167016048
2026-07-15T00:33:41,KNN-Direct-Weighted,Parkinson,0.1,6,6,1,0.881578947368421,14.195962167024845,0.0,1.468824792013038,15.664790165988961
2026-07-15T00:33:55,KNN-Direct-Manhattan,Parkinson,0.1,6,6,1,0.9539473684210527,12.421815084002446,0.0,1.2619031250069384,13.683722709014546
2026-07-15T00:34:10,KNN-IC,Parkinson,0.1,7,7,1,0.9013157894736842,13.465583500015782,0.47841254202649,0.48196633299812675,14.425967917020898
2026-07-15T00:34:14,Mean-IC,Parkinson,0.1,7,7,1,0.8881578947368421,3.563612291996833,0.00734933398780413,0.37203220900846645,3.942998875019839
2026-07-15T00:34:27,KNN-Direct,Parkinson,0.1,7,7,1,0.868421052631579,12.505140250024851,0.0,1.282657083007507,13.787801541999215
2026-07-15T00:34:43,KNN-Direct-Weighted,Parkinson,0.1,7,7,1,0.868421052631579,14.165668833011296,0.0,1.4693302500236314,15.635003207979025
2026-07-15T00:34:57,KNN-Direct-Manhattan,Parkinson,0.1,7,7,1,0.9473684210526315,12.955828500009375,0.0,1.246251750009833,14.202085833996534
2026-07-15T00:46:08,KNN-IC,Parkinson,0.1,8,8,2,0.9078947368421053,13.170429707999574,0.5069679580046795,0.47645166600705124,14.15385391601012
2026-07-15T00:46:12,Mean-IC,Parkinson,0.1,8,8,1,0.9013157894736842,3.5499706249975134,0.007178291998570785,0.3721151249774266,3.929267458006507
2026-07-15T00:46:25,KNN-Direct,Parkinson,0.1,8,8,1,0.9013157894736842,12.436236999987159,0.0,1.268451375013683,13.704692791012349
2026-07-15T00:46:41,KNN-Direct-Weighted,Parkinson,0.1,8,8,1,0.9013157894736842,13.992057083989494,0.0,1.4580707080021966,15.450133666978218
2026-07-15T01:04:56,KNN-Direct-Manhattan,Parkinson,0.1,8,8,1,0.9605263157894737,15.365141957998276,0.0,1.2511680839816108,16.61631983402185
2026-07-15T01:05:10,KNN-IC,Parkinson,0.1,9,9,2,0.9342105263157895,13.510230874991976,0.5247125829919241,0.4782262919761706,14.513175749976654
2026-07-15T01:05:14,Mean-IC,Parkinson,0.1,9,9,1,0.9473684210526315,3.6033492920105346,0.007168874988565221,0.3810172500088811,3.9915409170207568
2026-07-15T01:05:28,KNN-Direct,Parkinson,0.1,9,9,1,0.9407894736842105,12.585237666004105,0.0,1.2829078749928158,13.868149374990026
2026-07-15T01:05:44,KNN-Direct-Weighted,Parkinson,0.1,9,9,1,0.9407894736842105,14.512426416011294,0.0,1.466949708003085,15.97938004200114
2026-07-15T01:05:58,KNN-Direct-Manhattan,Parkinson,0.1,9,9,1,0.9605263157894737,12.240633499983232,0.0,1.264422292006202,13.505060291994596
2026-07-15T01:06:12,KNN-IC,Parkinson,0.1,10,10,1,0.9144736842105263,13.454052791028516,0.4816171669808682,0.48537479201331735,14.42105045900098
2026-07-15T01:06:16,Mean-IC,Parkinson,0.1,10,10,1,0.9473684210526315,3.7092761670064647,0.007264582993229851,0.3760908330150414,4.092637042020215
2026-07-15T01:06:30,KNN-Direct,Parkinson,0.1,10,10,1,0.9342105263157895,12.518035874993075,0.0,1.3789127920172177,13.896951582981274
2026-07-15T01:06:46,KNN-Direct-Weighted,Parkinson,0.1,10,10,1,0.9210526315789473,14.24569362498005,0.0,1.656645875016693,15.90234483400127
2026-07-15T01:07:00,KNN-Direct-Manhattan,Parkinson,0.1,10,10,1,0.9539473684210527,12.132942750002258,0.0,1.2542310830031056,13.387178042001324
2026-07-15T01:07:14,KNN-IC,Parkinson,0.1,11,11,4,0.8618421052631579,13.093480041978182,0.8084008340083528,0.4792657079815399,14.381152499991003
2026-07-15T01:07:18,Mean-IC,Parkinson,0.1,11,11,1,0.8552631578947368,4.092089916986879,0.0072485830169171095,0.37275962499552406,4.472103500011144
2026-07-15T01:07:32,KNN-Direct,Parkinson,0.1,11,11,1,0.8552631578947368,12.386658417002764,0.0,1.2794290000165347,13.666090958984569
2026-07-15T01:07:48,KNN-Direct-Weighted,Parkinson,0.1,11,11,1,0.8552631578947368,14.371497249987442,0.0,1.4685019580065273,15.84000324999215
2026-07-15T01:08:01,KNN-Direct-Manhattan,Parkinson,0.1,11,11,1,0.9671052631578947,11.998117416980676,0.0,1.406308874982642,13.404430291993776
2026-07-15T01:08:16,KNN-IC,Parkinson,0.1,12,12,2,0.8881578947368421,13.052502334001474,0.5136988339945674,0.6617959579743911,14.228011958010029
2026-07-15T01:08:20,Mean-IC,Parkinson,0.1,12,12,1,0.8881578947368421,3.903394083987223,0.007401084003504366,0.37202458397950977,4.282827332994202
2026-07-15T01:08:34,KNN-Direct,Parkinson,0.1,12,12,4,0.881578947368421,12.39981716600596,0.0,1.2894414159818552,13.689261958992574
2026-07-15T01:08:49,KNN-Direct-Weighted,Parkinson,0.1,12,12,4,0.875,14.323444792011287,0.0,1.4651172079902608,15.78856566597824
2026-07-15T01:09:03,KNN-Direct-Manhattan,Parkinson,0.1,12,12,1,0.9605263157894737,12.148960291000549,0.0,1.2626435839920305,13.411608084017644
2026-07-15T01:09:18,KNN-IC,Parkinson,0.1,13,13,1,0.9407894736842105,14.32063787500374,0.5518212079769,0.4760036660009064,15.34846804200788
2026-07-15T01:09:22,Mean-IC,Parkinson,0.1,13,13,1,0.9013157894736842,3.562926459009759,0.007240000006277114,0.37397149999742396,3.944143083994277
2026-07-15T02:14:22,KNN-Direct,Parkinson,0.1,13,13,1,0.9210526315789473,12.530139167007292,0.0,1.2763529169897083,13.806495708005968
2026-07-15T02:14:38,KNN-Direct-Weighted,Parkinson,0.1,13,13,1,0.9144736842105263,14.004082040977664,0.0,1.4579043330159038,15.461989750008797
2026-07-15T02:29:58,KNN-Direct-Manhattan,Parkinson,0.1,13,13,1,0.9671052631578947,12.47608304201276,0.0,1.299888541980181,13.77597595800762
2026-07-15T02:49:32,KNN-IC,Parkinson,0.1,14,14,1,0.9078947368421053,13.553022082982352,0.4630957920162473,0.48116837500128895,14.497291458013933
2026-07-15T03:07:32,Mean-IC,Parkinson,0.1,14,14,1,0.9473684210526315,3.6766280829906464,0.007185957976616919,0.37141745901317336,4.055235708015971
2026-07-15T03:57:33,KNN-Direct,Parkinson,0.1,14,14,4,0.9013157894736842,12.499795457988512,0.0,1.3992127089877613,13.899012208014028
2026-07-15T04:45:53,KNN-Direct-Weighted,Parkinson,0.1,14,14,4,0.9078947368421053,14.183468458009884,0.0,1.5794460000179242,15.762920834007673
2026-07-15T04:50:35,KNN-Direct-Manhattan,Parkinson,0.1,14,14,1,0.9605263157894737,12.0673716669844,0.0,1.2476319590059575,13.315009583020583
2026-07-15T04:50:49,KNN-IC,Parkinson,0.1,15,15,3,0.868421052631579,12.925922291004099,0.5305657910066657,0.4741934579797089,13.93068741701427
2026-07-15T04:50:53,Mean-IC,Parkinson,0.1,15,15,4,0.8618421052631579,3.547908083011862,0.00709025000105612,0.3699765839846805,3.924978249997366
2026-07-15T04:51:07,KNN-Direct,Parkinson,0.1,15,15,4,0.881578947368421,12.415680750011234,0.0,1.2670582499995362,13.68274275001022
2026-07-15T05:01:24,KNN-Direct-Weighted,Parkinson,0.1,15,15,4,0.8881578947368421,14.325428584008478,0.0,1.4530217919964343,15.77845516600064
2026-07-15T05:01:38,KNN-Direct-Manhattan,Parkinson,0.1,15,15,1,0.9605263157894737,12.261197791987797,0.0,1.251077458000509,13.512279875023523
2026-07-15T05:01:52,KNN-IC,Parkinson,0.1,16,16,1,0.8947368421052632,13.13820866702008,0.4619108330225572,0.4764009590144269,14.076525249984115
2026-07-15T05:01:56,Mean-IC,Parkinson,0.1,16,16,1,0.8881578947368421,3.5454039580072276,0.0071033749845810235,0.37097950000315905,3.9234917080029845
2026-07-15T05:34:51,KNN-Direct,Parkinson,0.1,16,16,1,0.9144736842105263,12.462587041023653,0.0,1.264393374993233,13.726984457985964
2026-07-15T06:00:27,KNN-Direct-Weighted,Parkinson,0.1,16,16,4,0.8947368421052632,15.00398325000424,0.0,1.4508549589954782,16.454842374980217
2026-07-15T06:00:40,KNN-Direct-Manhattan,Parkinson,0.1,16,16,1,0.9342105263157895,11.997143083979608,0.0,1.2403184589929879,13.237466958002187
2026-07-15T06:12:30,KNN-IC,Parkinson,0.1,17,17,1,0.881578947368421,12.853375083010178,0.4609990830067545,0.4729301249899436,13.787310040992452
2026-07-15T06:12:34,Mean-IC,Parkinson,0.1,17,17,1,0.875,3.552608500001952,0.0071182079846039414,0.3705328750074841,3.9302633330225945
2026-07-15T06:12:47,KNN-Direct,Parkinson,0.1,17,17,1,0.868421052631579,12.412770166993141,0.0,1.2636684589961078,13.676443459000438
2026-07-15T06:13:03,KNN-Direct-Weighted,Parkinson,0.1,17,17,1,0.868421052631579,14.163634957978502,0.0,1.4534449999919161,15.617086291022133
2026-07-15T06:35:30,KNN-Direct-Manhattan,Parkinson,0.1,17,17,1,0.9342105263157895,12.407710332976421,0.0,1.2469219170161523,13.654637666011695
2026-07-15T06:35:45,KNN-IC,Parkinson,0.1,18,18,4,0.9144736842105263,13.125661625002977,0.8031072079902515,0.4738804170046933,14.40265404098318
2026-07-15T06:35:49,Mean-IC,Parkinson,0.1,18,18,4,0.875,3.6075655829918105,0.007144125003833324,0.37154583298251964,3.9862590830016416
2026-07-15T06:36:02,KNN-Direct,Parkinson,0.1,18,18,4,0.9013157894736842,12.101788250001846,0.0,1.2664274160051718,13.368218916992191
2026-07-15T06:51:56,KNN-Direct-Weighted,Parkinson,0.1,18,18,4,0.8947368421052632,14.14013704098761,0.0,1.465256583003793,15.605398666026304
2026-07-15T06:52:10,KNN-Direct-Manhattan,Parkinson,0.1,18,18,1,0.9671052631578947,12.416941999981645,0.0,1.279475374991307,13.696423124987632
2026-07-15T06:52:24,KNN-IC,Parkinson,0.1,19,19,2,0.9013157894736842,13.485174416971859,0.5148732910165563,0.48428875001263805,14.484341250004945
2026-07-15T06:52:28,Mean-IC,Parkinson,0.1,19,19,1,0.875,3.6613787499954924,0.0072059590020217,0.3795430409954861,4.048131292016478
2026-07-15T07:09:01,KNN-Direct,Parkinson,0.1,19,19,1,0.8618421052631579,12.690449542016722,0.0,1.4014124170062132,14.091866040980676
2026-07-15T07:33:43,KNN-Direct-Weighted,Parkinson,0.1,19,19,1,0.875,14.24888091700268,0.0,1.4534237499756273,15.702310124994256
2026-07-15T07:33:57,KNN-Direct-Manhattan,Parkinson,0.1,19,19,1,0.9407894736842105,12.217177582992008,0.0,1.2418634589994326,13.459045499999775
2026-07-15T07:34:10,KNN-IC,Parkinson,0.1,20,20,2,0.8881578947368421,12.77828708299785,0.4986114999919664,0.4759192090132274,13.752822416980052
2026-07-15T07:34:14,Mean-IC,Parkinson,0.1,20,20,10,0.8223684210526315,3.5563588750083,0.007095624983776361,0.3731628340028692,3.9366208329738583
2026-07-15T07:49:46,KNN-Direct,Parkinson,0.1,20,20,1,0.875,12.389081583998632,0.0,1.27391212497605,13.662998500018148
2026-07-15T07:53:09,KNN-Direct-Weighted,Parkinson,0.1,20,20,1,0.875,14.454355500027305,0.0,1.46251370900427,15.916874665999785
2026-07-15T07:53:22,KNN-Direct-Manhattan,Parkinson,0.1,20,20,1,0.9276315789473685,12.024732582998695,0.0,1.242946666025091,13.267684041988105
2026-07-15T07:53:37,KNN-IC,Parkinson,0.1,21,21,1,0.9144736842105263,13.406065249990206,0.46282633300870657,0.47290591697674245,14.341802208014997
2026-07-15T07:53:41,Mean-IC,Parkinson,0.1,21,21,1,0.9078947368421053,3.558726458984893,0.007126625016098842,0.38165779202245176,3.9475162909948267
2026-07-15T08:41:29,KNN-Direct,Parkinson,0.1,21,21,1,0.9144736842105263,12.685263791994657,0.0,1.2706555420008954,13.955924499983666
2026-07-15T08:54:07,KNN-Direct-Weighted,Parkinson,0.1,21,21,1,0.9144736842105263,14.262758249999024,0.0,1.4544394589902367,15.717202500003623
2026-07-15T08:54:21,KNN-Direct-Manhattan,Parkinson,0.1,21,21,1,0.9473684210526315,11.86850229097763,0.0,1.2424119170173071,13.11091991601279
2026-07-15T08:54:35,KNN-IC,Parkinson,0.1,22,22,2,0.9144736842105263,13.193075083981967,0.5016321669972967,0.47129920800216496,14.166010750021087
2026-07-15T08:54:39,Mean-IC,Parkinson,0.1,22,22,1,0.9013157894736842,3.8475404170167167,0.009856874996330589,0.41040241697919555,4.267803916998673
2026-07-15T09:44:45,KNN-Direct,Parkinson,0.1,22,22,4,0.9078947368421053,12.363269416993717,0.0,1.3994046250008978,13.762678500002949
2026-07-15T09:55:06,KNN-Direct-Weighted,Parkinson,0.1,22,22,1,0.8947368421052632,14.349366792012006,0.0,1.7752499579801224,16.124621625000145
2026-07-15T10:10:54,KNN-Direct-Manhattan,Parkinson,0.1,22,22,4,0.9539473684210527,12.068797707994236,0.0,1.243319250002969,13.312122457980877
2026-07-15T10:46:37,KNN-IC,Parkinson,0.1,23,23,2,0.875,13.578837290988304,0.5083706669975072,0.4801890420203563,14.567404125002213
2026-07-15T10:46:41,Mean-IC,Parkinson,0.1,23,23,1,0.8947368421052632,3.5841620420105755,0.007173958991188556,0.3705959999933839,3.961935499974061
2026-07-15T10:55:58,KNN-Direct,Parkinson,0.1,23,23,1,0.875,12.278387582977302,0.0,1.4121100839984138,13.690501542005222
2026-07-15T10:56:13,KNN-Direct-Weighted,Parkinson,0.1,23,23,1,0.875,14.005624540994177,0.0,1.4535231250047218,15.459152332972735
2026-07-15T11:12:00,KNN-Direct-Manhattan,Parkinson,0.1,23,23,1,0.9473684210526315,12.014876500004902,0.0,1.3089920000056736,13.323872999986634
2026-07-15T11:19:56,KNN-IC,Parkinson,0.1,24,24,1,0.9276315789473685,13.257808958005626,0.46712637500604615,0.47864854100043885,14.203589083015686
2026-07-15T11:20:01,Mean-IC,Parkinson,0.1,24,24,1,0.8881578947368421,4.651133792009205,0.007242457999382168,0.37500466700294055,5.03338924999116
2026-07-15T11:20:15,KNN-Direct,Parkinson,0.1,24,24,1,0.9276315789473685,12.640251457982231,0.0,1.2709265000012238,13.911187624995364
2026-07-15T11:20:31,KNN-Direct-Weighted,Parkinson,0.1,24,24,1,0.9210526315789473,14.123588957998436,0.0,1.4549856669909786,15.578580250003142
2026-07-15T11:20:44,KNN-Direct-Manhattan,Parkinson,0.1,24,24,1,0.9539473684210527,12.096571166999638,0.0,1.257465458009392,13.35404124998604
2026-07-15T11:20:59,KNN-IC,Parkinson,0.1,25,25,2,0.881578947368421,13.292650916991988,0.7736666669952683,0.48858454200671986,14.554907750018174
2026-07-15T11:21:03,Mean-IC,Parkinson,0.1,25,25,1,0.881578947368421,3.5682996660179924,0.007182166998973116,0.3729947920073755,3.9484819999779575
2026-07-15T11:21:16,KNN-Direct,Parkinson,0.1,25,25,1,0.8881578947368421,12.286434625013499,0.0,1.2677350000012666,13.554173999989871
2026-07-15T11:21:32,KNN-Direct-Weighted,Parkinson,0.1,25,25,1,0.9013157894736842,14.211368166987086,0.0,1.4717340420174878,15.683106082986342
2026-07-15T11:21:46,KNN-Direct-Manhattan,Parkinson,0.1,25,25,1,0.9539473684210527,12.740146500000264,0.0,1.2760832920030225,14.016234459006228
2026-07-15T11:22:00,KNN-IC,Parkinson,0.1,26,26,2,0.8881578947368421,12.832256499998039,0.5117095000168774,0.4837119579897262,13.827683040988632
2026-07-15T11:22:04,Mean-IC,Parkinson,0.1,26,26,1,0.9013157894736842,3.753776875004405,0.007259999983943999,0.3784912080154754,4.139533875015331
2026-07-15T11:22:18,KNN-Direct,Parkinson,0.1,26,26,1,0.868421052631579,12.755559416022152,0.0,1.3739763750054408,14.129539291985566
2026-07-15T11:22:34,KNN-Direct-Weighted,Parkinson,0.1,26,26,1,0.881578947368421,14.303251624980476,0.0,1.4817489580018446,15.785004750010557
2026-07-15T11:22:48,KNN-Direct-Manhattan,Parkinson,0.1,26,26,1,0.9473684210526315,12.244152750005014,0.0,1.2869707080244552,13.531127124995692
2026-07-15T11:23:02,KNN-IC,Parkinson,0.1,27,27,2,0.8947368421052632,13.170839708996937,0.693552583019482,0.7677169169764966,14.632115790998796
2026-07-15T11:23:06,Mean-IC,Parkinson,0.1,27,27,1,0.881578947368421,3.5927039999805856,0.007214333018055186,0.37463604199001566,3.9745598750014324
2026-07-15T11:23:20,KNN-Direct,Parkinson,0.1,27,27,1,0.8947368421052632,12.5172857909929,0.0,1.2957042090129107,13.81299270800082
2026-07-15T11:23:36,KNN-Direct-Weighted,Parkinson,0.1,27,27,1,0.8881578947368421,14.439583667000988,0.0,1.4794301660149358,15.91901720801252
2026-07-15T11:23:49,KNN-Direct-Manhattan,Parkinson,0.1,27,27,1,0.9342105263157895,12.287107915995875,0.0,1.2736032910179347,13.560714166000253
2026-07-15T11:24:04,KNN-IC,Parkinson,0.1,28,28,1,0.8947368421052632,13.648197583010187,0.47575104198767804,0.48049308301415294,14.604446832992835
2026-07-15T11:24:08,Mean-IC,Parkinson,0.1,28,28,1,0.875,3.585730082995724,0.007512750016758218,0.3738695420033764,3.967117791995406
2026-07-15T11:24:22,KNN-Direct,Parkinson,0.1,28,28,1,0.9078947368421053,12.458247125003254,0.0,1.2892383339931257,13.747488708002493
2026-07-15T11:24:38,KNN-Direct-Weighted,Parkinson,0.1,28,28,1,0.8947368421052632,14.450280499993823,0.0,1.4768361250171438,15.927119917003438
2026-07-15T11:24:51,KNN-Direct-Manhattan,Parkinson,0.1,28,28,1,0.9671052631578947,12.288330749986926,0.0,1.2654863340139855,13.553821583016543
2026-07-15T11:25:06,KNN-IC,Parkinson,0.1,29,29,2,0.9078947368421053,14.188900957989972,0.5024215410230681,0.47198624999145977,15.163312583026709
2026-07-15T11:28:10,Mean-IC,Parkinson,0.1,29,29,1,0.9210526315789473,3.721610040985979,0.009539541002595797,0.3912177500023972,4.122377958003199
2026-07-15T11:28:24,KNN-Direct,Parkinson,0.1,29,29,1,0.9210526315789473,13.107393000012962,0.0,1.2829242919979151,14.390326541994
2026-07-15T11:28:40,KNN-Direct-Weighted,Parkinson,0.1,29,29,1,0.9078947368421053,14.471845749998465,0.0,1.5160268750041723,15.987880832981318
2026-07-15T11:28:54,KNN-Direct-Manhattan,Parkinson,0.1,29,29,1,0.9473684210526315,12.35211716699996,0.0,1.2642232499783859,13.616344666981604
2026-07-15T11:29:10,KNN-IC,Parkinson,0.1,30,30,6,0.8618421052631579,14.34243137500016,0.791659582988359,0.4825180830084719,15.616614917002153
2026-07-15T11:29:14,Mean-IC,Parkinson,0.1,30,30,6,0.8618421052631579,3.588477082987083,0.007281416998011991,0.3752097499964293,3.970973707997473
2026-07-15T11:29:27,KNN-Direct,Parkinson,0.1,30,30,7,0.8355263157894737,12.381909374991665,0.0,1.290941749990452,13.67285458400147
2026-07-15T11:29:43,KNN-Direct-Weighted,Parkinson,0.1,30,30,8,0.8552631578947368,14.20792616700055,0.0,1.4791839169920422,15.687113541003782
2026-07-15T11:29:56,KNN-Direct-Manhattan,Parkinson,0.1,30,30,1,0.9473684210526315,12.16731637500925,0.0,1.2694692910008598,13.436790040985215
2026-07-15T11:30:11,KNN-IC,Parkinson,0.1,31,31,1,0.8618421052631579,13.636589375004405,0.4859326670120936,0.48165525001240894,14.60418325001956
2026-07-15T11:30:15,Mean-IC,Parkinson,0.1,31,31,1,0.8421052631578947,3.653790625015972,0.007292957976460457,0.37924054099130444,4.040329667011974
2026-07-15T11:30:29,KNN-Direct,Parkinson,0.1,31,31,1,0.8355263157894737,12.470304749993375,0.0,1.3054840419790708,13.775795958994422
2026-07-15T11:30:45,KNN-Direct-Weighted,Parkinson,0.1,31,31,1,0.8421052631578947,14.731778792018304,0.0,1.4823320000141393,16.214126042003045
2026-07-15T11:30:59,KNN-Direct-Manhattan,Parkinson,0.1,31,31,1,0.9210526315789473,12.137449583009584,0.0,1.2745900829904713,13.412043791991891
2026-07-15T11:31:12,KNN-IC,Parkinson,0.1,32,32,2,0.9342105263157895,12.832893292012159,0.5851160419988446,0.4872722080035601,13.905287332978332
2026-07-15T11:31:16,Mean-IC,Parkinson,0.1,32,32,1,0.9276315789473685,3.648114874988096,0.007655291992705315,0.3799293340125587,4.035704375011846
2026-07-15T11:31:30,KNN-Direct,Parkinson,0.1,32,32,1,0.9342105263157895,12.30769837499247,0.0,1.2913125419872813,13.599014208011795
2026-07-15T11:31:46,KNN-Direct-Weighted,Parkinson,0.1,32,32,1,0.9342105263157895,14.55636912502814,0.0,1.480645875009941,16.037017916009063
2026-07-15T11:32:00,KNN-Direct-Manhattan,Parkinson,0.1,32,32,1,0.9407894736842105,12.121668625011807,0.0,1.2729353749891743,13.394607750000432
2026-07-15T11:32:14,KNN-IC,Parkinson,0.1,33,33,2,0.8881578947368421,13.169068916991819,0.5185176660015713,0.4802902920055203,14.167882500012638
2026-07-15T11:32:18,Mean-IC,Parkinson,0.1,33,33,1,0.8881578947368421,4.1588378330052365,0.007221791020128876,0.3756066659989301,4.541671334009152
2026-07-15T11:32:32,KNN-Direct,Parkinson,0.1,33,33,1,0.9144736842105263,12.31279033399187,0.0,1.54800658300519,13.860800124995876
2026-07-15T11:32:48,KNN-Direct-Weighted,Parkinson,0.1,33,33,1,0.9210526315789473,14.263387540995609,0.0,1.750758083013352,16.01414924999699
2026-07-15T11:33:02,KNN-Direct-Manhattan,Parkinson,0.1,33,33,1,0.9342105263157895,12.17823520899401,0.0,1.2928675840084907,13.471106375014642
2026-07-15T11:33:17,KNN-IC,Parkinson,0.1,34,34,2,0.9078947368421053,14.04819316699286,0.7045519999810494,0.4892778340145014,15.242029125016415
2026-07-15T11:33:21,Mean-IC,Parkinson,0.1,34,34,1,0.9013157894736842,3.6435473749879748,0.0076108750072307885,0.374800082994625,4.025963541003875
2026-07-15T11:33:35,KNN-Direct,Parkinson,0.1,34,34,1,0.881578947368421,12.511168666998856,0.0,1.282246083021164,13.793433792016003
2026-07-15T11:33:51,KNN-Direct-Weighted,Parkinson,0.1,34,34,1,0.8881578947368421,14.405502291978337,0.0,1.4780439580208622,15.883549874997698
2026-07-15T11:34:04,KNN-Direct-Manhattan,Parkinson,0.1,34,34,1,0.9473684210526315,12.239829250000184,0.0,1.265245832997607,13.505079332971945
2026-07-15T11:34:18,KNN-IC,Parkinson,0.1,35,35,1,0.9078947368421053,13.216568208008539,0.4744784589856863,0.4808330000087153,14.171886083000572
2026-07-15T11:34:22,Mean-IC,Parkinson,0.1,35,35,1,0.8881578947368421,3.587341957987519,0.00778837499092333,0.38315416700788774,3.978289416991174
2026-07-15T11:34:36,KNN-Direct,Parkinson,0.1,35,35,1,0.9013157894736842,12.482963875023415,0.0,1.2871584170206916,13.77012558397837
2026-07-15T11:34:52,KNN-Direct-Weighted,Parkinson,0.1,35,35,1,0.8881578947368421,14.602395582973259,0.0,1.4539524590072688,16.05635220897966
2026-07-15T11:35:06,KNN-Direct-Manhattan,Parkinson,0.1,35,35,1,0.9342105263157895,12.413885582995135,0.0,1.260004084004322,13.673897290980676
2026-07-15T11:35:20,KNN-IC,Parkinson,0.1,36,36,2,0.8486842105263158,13.099726707994705,0.5321252919966355,0.5108643329876941,14.1427227499953
2026-07-15T11:35:24,Mean-IC,Parkinson,0.1,36,36,1,0.8486842105263158,3.6195033749972936,0.008008917007828131,0.3948396669875365,4.022357166977599
2026-07-15T11:35:38,KNN-Direct,Parkinson,0.1,36,36,1,0.8618421052631579,12.588913334009703,0.0,1.323536541982321,13.912452917022165
2026-07-15T11:35:54,KNN-Direct-Weighted,Parkinson,0.1,36,36,1,0.8618421052631579,14.539646707999054,0.0,1.4665948750043754,16.00624516699463
2026-07-15T11:36:09,KNN-Direct-Manhattan,Parkinson,0.1,36,36,1,0.9078947368421053,13.647990666009719,0.0,1.2795125840057153,14.927506792009808
2026-07-15T11:36:22,KNN-IC,Parkinson,0.1,37,37,3,0.8552631578947368,12.63611370799481,0.571898374997545,0.48844924999866635,13.69646754200221
2026-07-15T11:36:26,Mean-IC,Parkinson,0.1,37,37,4,0.868421052631579,3.6892910409951583,0.007198542007245123,0.37202220800099894,4.068516583007295
2026-07-15T11:36:41,KNN-Direct,Parkinson,0.1,37,37,4,0.875,12.701852291997056,0.0,1.3080462499929126,14.009901708021061
2026-07-15T11:36:56,KNN-Direct-Weighted,Parkinson,0.1,37,37,4,0.875,14.317844292003429,0.0,1.4766915410000365,15.794539875001647
2026-07-15T11:37:10,KNN-Direct-Manhattan,Parkinson,0.1,37,37,1,0.9473684210526315,12.182154624984832,0.0,1.2482381669979077,13.430396957992343
2026-07-15T11:37:23,KNN-IC,Parkinson,0.1,38,38,1,0.9144736842105263,12.772750082978746,0.4640615000098478,0.4778714579879306,13.714688708016183
2026-07-15T11:37:28,Mean-IC,Parkinson,0.1,38,38,4,0.881578947368421,3.6812769169919193,0.007217666978249326,0.37257675000000745,4.061076499987394
2026-07-15T11:37:41,KNN-Direct,Parkinson,0.1,38,38,8,0.868421052631579,12.577457332983613,0.0,1.2849739160155877,13.862434042006498
2026-07-15T11:37:57,KNN-Direct-Weighted,Parkinson,0.1,38,38,10,0.8618421052631579,14.186137957993196,0.0,1.4655783339985646,15.65171950001968
2026-07-15T11:38:10,KNN-Direct-Manhattan,Parkinson,0.1,38,38,4,0.9276315789473685,12.11585245799506,0.0,1.2538463750097435,13.369702332973247
2026-07-15T11:38:25,KNN-IC,Parkinson,0.1,39,39,6,0.881578947368421,13.24932283302769,0.7993379579856992,0.479464916017605,14.528131041995948
2026-07-15T11:38:29,Mean-IC,Parkinson,0.1,39,39,1,0.9210526315789473,3.652954082994256,0.007222290994832292,0.376498083001934,4.036679457989521
2026-07-15T11:38:43,KNN-Direct,Parkinson,0.1,39,39,1,0.8881578947368421,12.376191415998619,0.0,1.2712139590003062,13.647408791002817
2026-07-15T11:38:58,KNN-Direct-Weighted,Parkinson,0.1,39,39,6,0.8881578947368421,13.98480775000644,0.0,1.4795535000157543,15.464365000021644
2026-07-15T11:39:13,KNN-Direct-Manhattan,Parkinson,0.1,39,39,1,0.9473684210526315,13.355154124990804,0.0,1.5540595419879537,14.909217958018417
2026-07-15T11:39:30,KNN-IC,Parkinson,0.2,0,0,2,0.8881578947368421,16.254311416007113,0.6059470830077771,0.47765416698530316,17.33791808297974
2026-07-15T11:39:34,Mean-IC,Parkinson,0.2,0,0,1,0.8881578947368421,3.5728489169850945,0.009256124991225079,0.3710898330027703,3.9531992920092307
2026-07-15T11:39:50,KNN-Direct,Parkinson,0.2,0,0,3,0.8289473684210527,14.634718833985971,0.0,1.5243460409983527,16.159069167013513
2026-07-15T11:40:09,KNN-Direct-Weighted,Parkinson,0.2,0,0,1,0.8552631578947368,16.595948250003858,0.0,1.7171691250114236,18.313122874998953
2026-07-15T11:40:25,KNN-Direct-Manhattan,Parkinson,0.2,0,0,1,0.9473684210526315,14.428981208999176,0.0,1.5507424589886796,15.97973125000135
2026-07-15T11:40:42,KNN-IC,Parkinson,0.2,1,1,1,0.8947368421052632,16.11452741699759,0.5448397079890128,0.48284962499747053,17.14222224999685
2026-07-15T11:40:46,Mean-IC,Parkinson,0.2,1,1,1,0.8881578947368421,3.5753955419932026,0.009333374997368082,0.3713132079865318,3.956046833016444
2026-07-15T11:41:02,KNN-Direct,Parkinson,0.2,1,1,1,0.8618421052631579,14.804591124993749,0.0,1.5290213749976829,16.333616584015545
2026-07-15T11:41:21,KNN-Direct-Weighted,Parkinson,0.2,1,1,3,0.875,16.638712415995542,0.0,1.7200936249864753,18.358810958015965
2026-07-15T11:41:37,KNN-Direct-Manhattan,Parkinson,0.2,1,1,1,0.9539473684210527,14.519076957978541,0.0,1.5061759579984937,16.02525666699512
2026-07-15T11:41:54,KNN-IC,Parkinson,0.2,2,2,10,0.8223684210526315,15.968114209012128,1.03950320801232,0.4764328330056742,17.48405424997327
2026-07-15T11:41:58,Mean-IC,Parkinson,0.2,2,2,1,0.9605263157894737,3.545568791014375,0.008996541990200058,0.3706448329903651,3.92521362498519
2026-07-15T11:42:14,KNN-Direct,Parkinson,0.2,2,2,6,0.875,14.682858375017531,0.0,1.5053559160151053,16.188219374977052
2026-07-15T11:42:32,KNN-Direct-Weighted,Parkinson,0.2,2,2,8,0.8289473684210527,16.314485584007343,0.0,1.6947140410193242,18.009205874986947
2026-07-15T11:42:48,KNN-Direct-Manhattan,Parkinson,0.2,2,2,1,0.9407894736842105,14.176464124990162,0.0,1.7559648749884218,15.932434459013166
2026-07-15T11:43:05,KNN-IC,Parkinson,0.2,3,3,4,0.8355263157894737,15.175428290996933,1.1229162500239909,0.4758985409862362,16.774247875000583
2026-07-15T11:43:09,Mean-IC,Parkinson,0.2,3,3,3,0.8421052631578947,3.5712014169839676,0.009067375009180978,0.3725942920136731,3.9528717920184135
2026-07-15T11:43:25,KNN-Direct,Parkinson,0.2,3,3,7,0.7894736842105263,14.608799791982165,0.0,1.5056433750141878,16.11444787500659
2026-07-15T11:43:43,KNN-Direct-Weighted,Parkinson,0.2,3,3,8,0.8092105263157895,16.31424429200706,0.0,1.694662124995375,18.00891095798579
2026-07-15T11:44:00,KNN-Direct-Manhattan,Parkinson,0.2,3,3,1,0.9210526315789473,15.295485540991649,0.0,1.531070750002982,16.82656179202604
2026-07-15T11:44:18,KNN-IC,Parkinson,0.2,4,4,2,0.8881578947368421,16.69990787500865,1.228928333002841,0.6200604589830618,18.548913042002823
2026-07-15T11:44:26,Mean-IC,Parkinson,0.2,4,4,1,0.868421052631579,6.999696083017625,0.010046167008113116,0.3883792080159765,7.3981270829972345
2026-07-15T11:44:42,KNN-Direct,Parkinson,0.2,4,4,3,0.868421052631579,14.647456582984887,0.0,1.6629685839870945,16.310441999987233
2026-07-15T11:45:01,KNN-Direct-Weighted,Parkinson,0.2,4,4,1,0.868421052631579,16.38782541701221,0.0,2.1341417499934323,18.521986625011778
2026-07-15T11:45:17,KNN-Direct-Manhattan,Parkinson,0.2,4,4,1,0.9605263157894737,14.919022165995557,0.0,1.5077541659993585,16.42678291699849
2026-07-15T11:45:34,KNN-IC,Parkinson,0.2,5,5,3,0.881578947368421,15.698798583005555,0.6648799589893315,0.47831937498995103,16.842001750017516
2026-07-15T11:45:38,Mean-IC,Parkinson,0.2,5,5,3,0.8552631578947368,3.5649090410151985,0.009120457980316132,0.37079900002572685,3.9448324170080014
2026-07-15T11:45:57,KNN-Direct,Parkinson,0.2,5,5,3,0.868421052631579,16.834211416979088,0.0,2.3062030840083025,19.140420292009367
2026-07-15T11:46:15,KNN-Direct-Weighted,Parkinson,0.2,5,5,3,0.875,16.757133083010558,0.0,1.7182923330110498,18.475432334002107
2026-07-15T11:46:32,KNN-Direct-Manhattan,Parkinson,0.2,5,5,1,0.9539473684210527,14.87861729200813,0.0,1.5062206669826992,16.384851833980065
2026-07-15T11:46:49,KNN-IC,Parkinson,0.2,6,6,1,0.875,15.91571254201699,0.5759435840009246,0.5267618329962716,17.018424541980494
2026-07-15T11:46:53,Mean-IC,Parkinson,0.2,6,6,1,0.875,3.7785260830132756,0.009512249991530553,0.37794008300988935,4.165984167018905
2026-07-15T11:47:09,KNN-Direct,Parkinson,0.2,6,6,1,0.8947368421052632,14.741676500008907,0.0,1.5225789999822155,16.26426037499914
2026-07-15T11:47:28,KNN-Direct-Weighted,Parkinson,0.2,6,6,1,0.8881578947368421,16.46355683298316,0.0,1.8104685410216916,18.274032125016674
2026-07-15T11:47:44,KNN-Direct-Manhattan,Parkinson,0.2,6,6,1,0.9407894736842105,15.32121387499501,0.0,1.5012501669989433,16.822468500002287
2026-07-15T11:48:02,KNN-IC,Parkinson,0.2,7,7,4,0.8355263157894737,15.995594207983231,1.0611512500036042,0.49307629201211967,17.549829249997856
2026-07-15T11:48:06,Mean-IC,Parkinson,0.2,7,7,1,0.8947368421052632,3.8676025829918217,0.009212000004481524,0.37195666698971763,4.248776291991817
2026-07-15T11:48:23,KNN-Direct,Parkinson,0.2,7,7,1,0.881578947368421,14.941327625012491,0.0,1.5283070839941502,16.469638624985237
2026-07-15T11:48:41,KNN-Direct-Weighted,Parkinson,0.2,7,7,1,0.8486842105263158,16.453425583982607,0.0,1.7088035839842632,18.162235625000903
2026-07-15T11:48:57,KNN-Direct-Manhattan,Parkinson,0.2,7,7,1,0.9342105263157895,14.47034362499835,0.0,1.4924290829803795,15.96277920799912
2026-07-15T11:49:14,KNN-IC,Parkinson,0.2,8,8,2,0.9078947368421053,15.92317512500449,0.5977098339935765,0.5727567090070806,17.093647834000876
2026-07-15T11:49:18,Mean-IC,Parkinson,0.2,8,8,1,0.868421052631579,3.5677541669865604,0.00923941598739475,0.37281829098355956,3.9498170409933664
2026-07-15T11:49:34,KNN-Direct,Parkinson,0.2,8,8,1,0.8947368421052632,14.722452582995174,0.0,1.5275557919812854,16.25001262500882
2026-07-15T11:49:52,KNN-Direct-Weighted,Parkinson,0.2,8,8,1,0.881578947368421,16.385700667015044,0.0,1.7005903749959543,18.086296499997843
2026-07-15T11:50:08,KNN-Direct-Manhattan,Parkinson,0.2,8,8,1,0.9342105263157895,14.34590733400546,0.0,1.4919562089780811,15.837869167007739
2026-07-15T11:50:25,KNN-IC,Parkinson,0.2,9,9,2,0.9210526315789473,15.938091207994148,0.6070009579998441,0.4737051250122022,17.01880266601802
2026-07-15T11:50:29,Mean-IC,Parkinson,0.2,9,9,1,0.9078947368421053,3.564723249990493,0.009150375000899658,0.37050016698776744,3.944378999993205
2026-07-15T11:50:45,KNN-Direct,Parkinson,0.2,9,9,1,0.9210526315789473,14.557250916986959,0.0,1.5100364169920795,16.06729149998864
2026-07-15T11:51:04,KNN-Direct-Weighted,Parkinson,0.2,9,9,1,0.9276315789473685,16.96133758299402,0.0,1.7029111660085618,18.664255124982446
2026-07-15T11:51:20,KNN-Direct-Manhattan,Parkinson,0.2,9,9,1,0.9671052631578947,14.311141624988522,0.0,1.4883844169962686,15.79953312498401
2026-07-15T11:51:36,KNN-IC,Parkinson,0.2,10,10,2,0.9210526315789473,15.605680458014831,0.5978941659850534,0.4780871249968186,16.681666082993615
2026-07-15T11:51:40,Mean-IC,Parkinson,0.2,10,10,1,0.9473684210526315,3.5678404579812195,0.009100291994400322,0.37297058300464414,3.949915000004694
2026-07-15T11:51:56,KNN-Direct,Parkinson,0.2,10,10,1,0.9078947368421053,14.53046841698233,0.0,1.5079050000058487,16.038378124998417
2026-07-15T11:52:14,KNN-Direct-Weighted,Parkinson,0.2,10,10,1,0.9144736842105263,16.39530487501179,0.0,1.7011172079946846,18.096427999989828
2026-07-15T11:52:30,KNN-Direct-Manhattan,Parkinson,0.2,10,10,1,0.9473684210526315,14.29167399997823,0.0,1.485618416016223,15.777298458997393
2026-07-15T11:52:48,KNN-IC,Parkinson,0.2,11,11,8,0.8618421052631579,15.793155999999726,1.1499087089905515,0.511347041989211,17.454418292007176
2026-07-15T11:52:52,Mean-IC,Parkinson,0.2,11,11,6,0.8223684210526315,3.572293167002499,0.009147874981863424,0.3712066670123022,3.9526518330094405
2026-07-15T11:53:08,KNN-Direct,Parkinson,0.2,11,11,1,0.8421052631578947,14.558269959001336,0.0,1.5116562090115622,16.069930083001964
2026-07-15T11:53:26,KNN-Direct-Weighted,Parkinson,0.2,11,11,1,0.8421052631578947,16.460423582990188,0.0,1.6971849169931374,18.157613584015053
2026-07-15T11:53:42,KNN-Direct-Manhattan,Parkinson,0.2,11,11,1,0.9605263157894737,14.312777000013739,0.0,1.4864790420106146,15.799262707994785
2026-07-15T11:53:59,KNN-IC,Parkinson,0.2,12,12,6,0.881578947368421,15.713246791012352,1.0857624170021154,0.4728525829850696,17.27186616702238
2026-07-15T11:54:03,Mean-IC,Parkinson,0.2,12,12,1,0.881578947368421,3.6609780419967137,0.015134500019485131,0.4285754170268774,4.104692459019134
2026-07-15T11:54:19,KNN-Direct,Parkinson,0.2,12,12,1,0.9144736842105263,14.377817000000505,0.0,1.73728916599066,16.11511020900798
2026-07-15T11:54:37,KNN-Direct-Weighted,Parkinson,0.2,12,12,4,0.881578947368421,16.316427624988137,0.0,1.6967334159999155,18.013166332995752
2026-07-15T11:54:53,KNN-Direct-Manhattan,Parkinson,0.2,12,12,1,0.9605263157894737,14.500386750005418,0.0,1.4882375829911325,15.988630042003933
2026-07-15T11:55:10,KNN-IC,Parkinson,0.2,13,13,2,0.9210526315789473,15.924755125015508,0.6025164579914417,0.4775323339854367,17.004807999997865
2026-07-15T11:55:14,Mean-IC,Parkinson,0.2,13,13,1,0.881578947368421,3.5713979580032174,0.009008458990138024,0.3725017499818932,3.9529115420009475
2026-07-15T11:55:30,KNN-Direct,Parkinson,0.2,13,13,1,0.9013157894736842,14.529424249980366,0.0,1.5071297500107903,16.036557582992828
2026-07-15T11:55:48,KNN-Direct-Weighted,Parkinson,0.2,13,13,3,0.875,16.424796208011685,0.0,1.6992615420022048,18.12406420800835
2026-07-15T11:56:04,KNN-Direct-Manhattan,Parkinson,0.2,13,13,1,0.9736842105263158,14.165316500002518,0.0,1.6127005409798585,15.77802295901347
2026-07-15T11:56:20,KNN-IC,Parkinson,0.2,14,14,1,0.9210526315789473,15.308989167009713,0.5405987499980256,0.47956370800966397,16.329155749990605
2026-07-15T11:56:24,Mean-IC,Parkinson,0.2,14,14,1,0.9013157894736842,3.5624364579853136,0.00916954199783504,0.3709698340098839,3.942579583002953
2026-07-15T11:56:40,KNN-Direct,Parkinson,0.2,14,14,4,0.881578947368421,14.517853500001365,0.0,1.515229457989335,16.033087249990785
2026-07-15T11:56:58,KNN-Direct-Weighted,Parkinson,0.2,14,14,4,0.8947368421052632,16.47954208299052,0.0,1.708611292007845,18.188157875003526
2026-07-15T11:57:14,KNN-Direct-Manhattan,Parkinson,0.2,14,14,1,0.9407894736842105,14.434805708006024,0.0,1.4869454159925226,15.921756333991652
2026-07-15T11:57:31,KNN-IC,Parkinson,0.2,15,15,4,0.875,15.493843000003835,1.0385391669988167,0.47277391600073315,17.00516020899522
2026-07-15T11:57:35,Mean-IC,Parkinson,0.2,15,15,4,0.8552631578947368,3.5657951250032056,0.009091332991374657,0.3724702080071438,3.9473605829989538
2026-07-15T11:57:51,KNN-Direct,Parkinson,0.2,15,15,1,0.8947368421052632,14.501135416998295,0.0,1.5088656669831835,16.010005917021772
2026-07-15T11:58:10,KNN-Direct-Weighted,Parkinson,0.2,15,15,1,0.9013157894736842,16.499518958997214,0.0,1.7168682499905117,18.216391166992253
2026-07-15T11:58:25,KNN-Direct-Manhattan,Parkinson,0.2,15,15,1,0.9407894736842105,14.307530208025128,0.0,1.4809642079926562,15.788499458984006
2026-07-15T11:58:43,KNN-IC,Parkinson,0.2,16,16,4,0.8947368421052632,15.938002042006701,1.0696549160056747,0.4777357499988284,17.485397582990117
2026-07-15T11:58:47,Mean-IC,Parkinson,0.2,16,16,3,0.8881578947368421,3.5646536659915,0.009132750012213364,0.37120537500595674,3.9449953330040444
2026-07-15T11:59:03,KNN-Direct,Parkinson,0.2,16,16,6,0.8618421052631579,14.560616000002483,0.0,1.5160382500034757,16.07665858400287
2026-07-15T11:59:21,KNN-Direct-Weighted,Parkinson,0.2,16,16,4,0.8881578947368421,16.55044591598562,0.0,1.6967762080021203,18.247227957996074
2026-07-15T11:59:37,KNN-Direct-Manhattan,Parkinson,0.2,16,16,1,0.9210526315789473,14.335474916995736,0.0,1.488424874987686,15.82390587500413
2026-07-15T11:59:53,KNN-IC,Parkinson,0.2,17,17,1,0.8618421052631579,14.679445332993055,0.5400964999862481,0.47587516700150445,15.695421999989776
2026-07-15T11:59:57,Mean-IC,Parkinson,0.2,17,17,1,0.8881578947368421,3.5554644170042593,0.009007332992041484,0.37128645900520496,3.9357620420050807
2026-07-15T12:00:13,KNN-Direct,Parkinson,0.2,17,17,3,0.8421052631578947,14.676910041016527,0.0,1.5123266250011511,16.18924062498263
2026-07-15T12:00:31,KNN-Direct-Weighted,Parkinson,0.2,17,17,3,0.8421052631578947,16.278359582996927,0.0,1.699438875017222,17.977804708993062
2026-07-15T12:00:47,KNN-Direct-Manhattan,Parkinson,0.2,17,17,1,0.9210526315789473,14.42922262501088,0.0,1.491998582991073,15.921227333019488
2026-07-15T12:01:03,KNN-IC,Parkinson,0.2,18,18,2,0.9144736842105263,15.573141624976415,0.599347375013167,0.4786727080063429,16.651166708004894
2026-07-15T12:01:07,Mean-IC,Parkinson,0.2,18,18,1,0.8947368421052632,3.5627667079970706,0.009126916993409395,0.3705332920071669,3.942431540985126
2026-07-15T12:01:23,KNN-Direct,Parkinson,0.2,18,18,1,0.9407894736842105,14.674827832990559,0.0,1.5024320830125362,16.17726345799747
2026-07-15T12:01:41,KNN-Direct-Weighted,Parkinson,0.2,18,18,1,0.9407894736842105,16.289261666999664,0.0,1.6923580420261715,17.981625750020612
2026-07-15T12:01:57,KNN-Direct-Manhattan,Parkinson,0.2,18,18,1,0.9539473684210527,14.403656499984208,0.0,1.4813102909829468,15.884972041996662
2026-07-15T12:02:14,KNN-IC,Parkinson,0.2,19,19,2,0.868421052631579,15.897348833997967,0.6045231250172947,0.47663733299123123,16.978513832989847
2026-07-15T12:02:19,Mean-IC,Parkinson,0.2,19,19,1,0.8552631578947368,3.6473152920079883,0.015100417018402368,0.5893971670011524,4.251818584016291
2026-07-15T12:02:35,KNN-Direct,Parkinson,0.2,19,19,1,0.8355263157894737,14.491067583003314,0.0,1.5500706250022631,16.041143250011373
2026-07-15T12:02:53,KNN-Direct-Weighted,Parkinson,0.2,19,19,1,0.8289473684210527,16.459128332993714,0.0,1.6997254170128144,18.158859250019304
2026-07-15T12:03:09,KNN-Direct-Manhattan,Parkinson,0.2,19,19,1,0.9276315789473685,14.38037395797437,0.0,1.486615375004476,15.866994832991622
2026-07-15T12:03:26,KNN-IC,Parkinson,0.2,20,20,12,0.8223684210526315,15.389776750002056,1.1329984590120148,0.476779583026655,16.99955979202059
2026-07-15T12:03:30,Mean-IC,Parkinson,0.2,20,20,8,0.7828947368421053,3.556431957986206,0.009053540998138487,0.3714244579896331,3.936913583020214
2026-07-15T12:03:46,KNN-Direct,Parkinson,0.2,20,20,5,0.8223684210526315,14.520771166979102,0.0,1.505893333000131,16.02666895801667
2026-07-15T12:04:04,KNN-Direct-Weighted,Parkinson,0.2,20,20,4,0.8552631578947368,16.46825366601115,0.0,1.7028351670014672,18.171094916004222
2026-07-15T12:04:20,KNN-Direct-Manhattan,Parkinson,0.2,20,20,1,0.9342105263157895,14.223339292017044,0.0,1.692142124986276,15.9154874169908
2026-07-15T12:04:37,KNN-IC,Parkinson,0.2,21,21,2,0.875,15.815575667016674,0.5981551249860786,0.47053195800981484,16.8842671669845
2026-07-15T12:04:41,Mean-IC,Parkinson,0.2,21,21,1,0.8881578947368421,3.552380833978532,0.0090366670046933,0.37155845799134113,3.93297995798639
2026-07-15T12:04:57,KNN-Direct,Parkinson,0.2,21,21,1,0.881578947368421,14.486586082988651,0.0,1.5024410409969278,15.989031707984395
2026-07-15T12:05:15,KNN-Direct-Weighted,Parkinson,0.2,21,21,1,0.868421052631579,16.431048458005534,0.0,1.6973472500103526,18.12840137499734
2026-07-15T12:05:30,KNN-Direct-Manhattan,Parkinson,0.2,21,21,1,0.9605263157894737,14.257617124996614,0.0,1.4834622079797555,15.741085457993904
2026-07-15T12:05:48,KNN-IC,Parkinson,0.2,22,22,2,0.868421052631579,16.05077991701546,0.604660499986494,0.477098625007784,17.13254395898548
2026-07-15T12:05:52,Mean-IC,Parkinson,0.2,22,22,1,0.868421052631579,3.567646084004082,0.009081249998416752,0.37396299999090843,3.9506960830185562
2026-07-15T12:06:08,KNN-Direct,Parkinson,0.2,22,22,1,0.881578947368421,14.471091250015888,0.0,1.5358043750165962,16.00690041598864
2026-07-15T12:06:26,KNN-Direct-Weighted,Parkinson,0.2,22,22,1,0.875,16.44618212498608,0.0,1.6985252920130733,18.14471308302018
2026-07-15T12:06:41,KNN-Direct-Manhattan,Parkinson,0.2,22,22,3,0.9210526315789473,14.314972041989677,0.0,1.4860441659984645,15.801021708000917
2026-07-15T12:06:59,KNN-IC,Parkinson,0.2,23,23,1,0.881578947368421,16.041657833993668,0.5400502500124276,0.47322820901172236,17.054940625006566
2026-07-15T12:07:02,Mean-IC,Parkinson,0.2,23,23,1,0.875,3.55199266699492,0.009099540999159217,0.3700007919978816,3.9310972499952186
2026-07-15T12:07:19,KNN-Direct,Parkinson,0.2,23,23,1,0.8552631578947368,14.56021620798856,0.0,1.5051606660126708,16.065381624997826
2026-07-15T12:07:37,KNN-Direct-Weighted,Parkinson,0.2,23,23,1,0.8618421052631579,16.455178167001577,0.0,1.6987423749815207,18.153925334016094
2026-07-15T12:07:53,KNN-Direct-Manhattan,Parkinson,0.2,23,23,1,0.9407894736842105,14.37436458299635,0.0,1.5068250419863034,15.88121587500791
2026-07-15T12:08:09,KNN-IC,Parkinson,0.2,24,24,2,0.9210526315789473,15.738345833000494,0.6094314160000067,0.4739563330076635,16.82173787499778
2026-07-15T12:08:13,Mean-IC,Parkinson,0.2,24,24,1,0.8947368421052632,3.561332166980719,0.009018832992296666,0.3715741670166608,3.941928749991348
2026-07-15T12:08:29,KNN-Direct,Parkinson,0.2,24,24,1,0.9342105263157895,14.545477624982595,0.0,1.5234767500078306,16.068958874995587
2026-07-15T12:08:48,KNN-Direct-Weighted,Parkinson,0.2,24,24,1,0.9407894736842105,16.398708624998108,0.0,1.6939933329995256,18.09270745801041
2026-07-15T12:09:03,KNN-Direct-Manhattan,Parkinson,0.2,24,24,1,0.9605263157894737,14.36474104199442,0.0,1.4806743749941234,15.84542070797761
2026-07-15T12:09:20,KNN-IC,Parkinson,0.2,25,25,1,0.9013157894736842,15.69013333300245,0.5449393340095412,0.4756670839851722,16.71074395798496
2026-07-15T12:09:24,Mean-IC,Parkinson,0.2,25,25,1,0.875,3.55405837498256,0.008990250003989786,0.3707969580136705,3.933849207998719
2026-07-15T12:09:40,KNN-Direct,Parkinson,0.2,25,25,1,0.8881578947368421,14.566363457997795,0.0,1.5036361670063343,16.070004040986532
2026-07-15T12:09:58,KNN-Direct-Weighted,Parkinson,0.2,25,25,3,0.8618421052631579,16.39250704200822,0.0,1.7033245410129894,18.09583733402542
2026-07-15T12:10:14,KNN-Direct-Manhattan,Parkinson,0.2,25,25,1,0.9671052631578947,14.55769929100643,0.0,1.4851338340085931,16.04283900000155
2026-07-15T12:10:30,KNN-IC,Parkinson,0.2,26,26,1,0.8881578947368421,14.757942625001306,0.5435987499949988,0.4768055829918012,15.778352041990729
2026-07-15T12:10:34,Mean-IC,Parkinson,0.2,26,26,1,0.881578947368421,3.721627582999645,0.015306584013160318,0.4876505830034148,4.22458920799545
2026-07-15T12:10:50,KNN-Direct,Parkinson,0.2,26,26,1,0.8552631578947368,14.506978040997637,0.0,1.571578542003408,16.078561083006207
2026-07-15T12:11:08,KNN-Direct-Weighted,Parkinson,0.2,26,26,1,0.868421052631579,16.292525625001872,0.0,1.6959510419983417,17.988482375018066
2026-07-15T12:11:24,KNN-Direct-Manhattan,Parkinson,0.2,26,26,1,0.9473684210526315,14.456179917004192,0.0,1.4901686660014093,15.946354374988005
2026-07-15T12:11:41,KNN-IC,Parkinson,0.2,27,27,1,0.8421052631578947,15.565247290971456,0.5438504579942673,0.47490270898560993,16.584005041979253
2026-07-15T12:11:45,Mean-IC,Parkinson,0.2,27,27,1,0.8552631578947368,3.550196333002532,0.009114290995057672,0.3719367909943685,3.931251500005601
2026-07-15T12:12:01,KNN-Direct,Parkinson,0.2,27,27,1,0.875,14.67387529098778,0.0,1.5061292919854168,16.18000849999953
2026-07-15T12:12:19,KNN-Direct-Weighted,Parkinson,0.2,27,27,1,0.881578947368421,16.338039500027662,0.0,1.6994507090130355,18.03749608399812
2026-07-15T12:12:35,KNN-Direct-Manhattan,Parkinson,0.2,27,27,1,0.9539473684210527,14.157755624997662,0.0,1.7975886249914765,15.955349958006991
2026-07-15T12:12:52,KNN-IC,Parkinson,0.2,28,28,1,0.875,15.80864987501991,0.5419866669981275,0.47672599999350496,16.82736670799204
2026-07-15T12:12:56,Mean-IC,Parkinson,0.2,28,28,4,0.8881578947368421,3.5888304999971297,0.00907887500943616,0.37230829198961146,3.9702212080010213
2026-07-15T12:13:12,KNN-Direct,Parkinson,0.2,28,28,3,0.8881578947368421,14.57239629200194,0.0,1.508991332986625,16.08139200002188
2026-07-15T12:13:30,KNN-Direct-Weighted,Parkinson,0.2,28,28,3,0.8881578947368421,16.414055250003003,0.0,1.699681166006485,18.11374195801909
2026-07-15T12:13:46,KNN-Direct-Manhattan,Parkinson,0.2,28,28,1,0.9539473684210527,14.34994241700042,0.0,1.4893158749910071,15.839264209003886
2026-07-15T12:14:03,KNN-IC,Parkinson,0.2,29,29,2,0.881578947368421,15.77258995900047,0.6021821670001373,0.47271270799683407,16.847488708008314
2026-07-15T12:14:07,Mean-IC,Parkinson,0.2,29,29,1,0.881578947368421,3.7310803750006016,0.00916954199783504,0.3708862079947721,4.111141707981005
2026-07-15T12:14:23,KNN-Direct,Parkinson,0.2,29,29,3,0.8618421052631579,14.606534749997081,0.0,1.5110518749861512,16.117592542024795
2026-07-15T12:14:41,KNN-Direct-Weighted,Parkinson,0.2,29,29,3,0.8618421052631579,16.29598204200738,0.0,1.694631041988032,17.99061808301485
2026-07-15T12:14:57,KNN-Direct-Manhattan,Parkinson,0.2,29,29,1,0.9473684210526315,14.429607124999166,0.0,1.4865575000003446,15.916170999989845
2026-07-15T12:15:14,KNN-IC,Parkinson,0.2,30,30,1,0.8881578947368421,15.910918290988775,0.5497025410004426,0.47288608402595855,16.933511125011137
2026-07-15T12:15:18,Mean-IC,Parkinson,0.2,30,30,6,0.8618421052631579,3.5513882499944884,0.009134916996117681,0.371444332995452,3.931971042009536
2026-07-15T12:15:34,KNN-Direct,Parkinson,0.2,30,30,5,0.868421052631579,14.612326999980723,0.0,1.5012835829984397,16.113614500005497
2026-07-15T12:15:52,KNN-Direct-Weighted,Parkinson,0.2,30,30,3,0.8486842105263158,16.405007833003765,0.0,1.6938582079892512,18.098871207999764
2026-07-15T12:16:08,KNN-Direct-Manhattan,Parkinson,0.2,30,30,1,0.9407894736842105,14.28461950001656,0.0,1.4872186669963412,15.771845082985237
2026-07-15T12:16:27,KNN-IC,Parkinson,0.2,31,31,1,0.8355263157894737,16.05316091698478,0.541241541999625,0.4770444580062758,17.07145112499711
2026-07-15T12:16:31,Mean-IC,Parkinson,0.2,31,31,1,0.8355263157894737,3.565998624981148,0.009074917004909366,0.371011457988061,3.9460888750036247
2026-07-15T12:16:47,KNN-Direct,Parkinson,0.2,31,31,1,0.868421052631579,14.569092124991585,0.0,1.5092545830120798,16.07835162500851
2026-07-15T12:17:05,KNN-Direct-Weighted,Parkinson,0.2,31,31,1,0.868421052631579,16.562673333013663,0.0,1.694702334003523,18.257381749979686
2026-07-15T12:17:21,KNN-Direct-Manhattan,Parkinson,0.2,31,31,1,0.9407894736842105,14.291428917000303,0.0,1.4843037920072675,15.775738875003299
2026-07-15T12:17:36,KNN-IC,Parkinson,0.2,32,32,2,0.9210526315789473,14.246022790990537,0.5998136670095846,0.7039164580055512,15.549759957997594
2026-07-15T12:17:40,Mean-IC,Parkinson,0.2,32,32,1,0.8947368421052632,3.624599083006615,0.00905158300884068,0.3706192499957979,4.004274292004993
2026-07-15T12:17:56,KNN-Direct,Parkinson,0.2,32,32,1,0.9144736842105263,14.550362124980893,0.0,1.5073165830108337,16.05768287499086
2026-07-15T12:18:14,KNN-Direct-Weighted,Parkinson,0.2,32,32,1,0.9144736842105263,16.40434333399753,0.0,1.6959730840171687,18.100322500016773
2026-07-15T12:18:30,KNN-Direct-Manhattan,Parkinson,0.2,32,32,1,0.9407894736842105,14.299790332996054,0.0,1.4867364579986315,15.786532666010316
2026-07-15T12:18:47,KNN-IC,Parkinson,0.2,33,33,6,0.8618421052631579,15.361585917009506,1.0865979999944102,0.47212479199515656,16.920312333997572
2026-07-15T12:18:51,Mean-IC,Parkinson,0.2,33,33,4,0.8881578947368421,3.5814112910011318,0.010574207990430295,0.5314257080026437,4.123416209011339
2026-07-15T12:19:07,KNN-Direct,Parkinson,0.2,33,33,6,0.881578947368421,14.377996958995936,0.0,1.7452518340141978,16.123253249999834
2026-07-15T12:19:26,KNN-Direct-Weighted,Parkinson,0.2,33,33,6,0.8881578947368421,16.403568917012308,0.0,1.7044922499917448,18.108066791988676
2026-07-15T12:19:42,KNN-Direct-Manhattan,Parkinson,0.2,33,33,1,0.9210526315789473,14.477642499987269,0.0,1.485604624991538,15.963254083995707
2026-07-15T12:19:58,KNN-IC,Parkinson,0.2,34,34,1,0.881578947368421,15.776761042012367,0.5437446249998175,0.47454349999316037,16.795053290989017
2026-07-15T12:20:02,Mean-IC,Parkinson,0.2,34,34,1,0.8618421052631579,3.570906417007791,0.009109417005674914,0.37127270799828693,3.9512922079884447
2026-07-15T12:20:19,KNN-Direct,Parkinson,0.2,34,34,1,0.8881578947368421,14.844913166976767,0.0,1.5996643329854123,16.444581332994858
2026-07-15T12:20:37,KNN-Direct-Weighted,Parkinson,0.2,34,34,1,0.881578947368421,16.38173837499926,0.0,1.7051094170019496,18.086854416003916
2026-07-15T12:20:53,KNN-Direct-Manhattan,Parkinson,0.2,34,34,1,0.9605263157894737,14.23508466698695,0.0,1.7199708750122227,15.95506041700719
2026-07-15T12:21:10,KNN-IC,Parkinson,0.2,35,35,4,0.868421052631579,15.694627666991437,1.1021615829959046,0.47532633400987834,17.272120000008726
2026-07-15T12:21:14,Mean-IC,Parkinson,0.2,35,35,4,0.8618421052631579,3.48326037498191,0.009089458006201312,0.3649127919925377,3.857270459004212
2026-07-15T12:21:30,KNN-Direct,Parkinson,0.2,35,35,1,0.875,14.705727333988762,0.0,1.5182212090003304,16.22395295801107
2026-07-15T12:21:48,KNN-Direct-Weighted,Parkinson,0.2,35,35,1,0.868421052631579,16.407363958016504,0.0,1.7011418339970987,18.10851133300457
2026-07-15T12:22:04,KNN-Direct-Manhattan,Parkinson,0.2,35,35,1,0.9210526315789473,14.500295292004012,0.0,1.4948935419961344,15.99519429099746
2026-07-15T12:22:21,KNN-IC,Parkinson,0.2,36,36,2,0.881578947368421,15.379497665999224,0.6023080829763785,0.46711137497914024,16.448923041985836
2026-07-15T12:22:25,Mean-IC,Parkinson,0.2,36,36,1,0.8486842105263158,3.4975355839997064,0.009087834012461826,0.37150037501123734,3.87812787501025
2026-07-15T12:22:41,KNN-Direct,Parkinson,0.2,36,36,1,0.868421052631579,14.68465845801984,0.0,1.7611774159886409,16.445840166998096
2026-07-15T12:22:59,KNN-Direct-Weighted,Parkinson,0.2,36,36,1,0.875,16.32122195797274,0.0,1.6916597500094213,18.01288729198859
2026-07-15T12:23:15,KNN-Direct-Manhattan,Parkinson,0.2,36,36,1,0.9210526315789473,14.439572584000416,0.0,1.4858544580056332,15.925432832998922
2026-07-15T12:23:30,KNN-IC,Parkinson,0.2,37,37,1,0.868421052631579,14.41186412499519,0.539253084018128,0.47153262500069104,15.42265475000022
2026-07-15T12:23:34,Mean-IC,Parkinson,0.2,37,37,1,0.8618421052631579,3.480935125000542,0.009124959004111588,0.3637754999799654,3.853838667011587
2026-07-15T12:23:50,KNN-Direct,Parkinson,0.2,37,37,4,0.868421052631579,14.620882290997542,0.0,1.5034310829942115,16.124317042005714
2026-07-15T12:24:08,KNN-Direct-Weighted,Parkinson,0.2,37,37,4,0.881578947368421,16.288834500010125,0.0,1.6946320409770124,17.98347125001601
2026-07-15T12:24:24,KNN-Direct-Manhattan,Parkinson,0.2,37,37,1,0.9078947368421053,14.445461292023538,0.0,1.487518625013763,15.932985833002022
2026-07-15T12:24:40,KNN-IC,Parkinson,0.2,38,38,4,0.875,14.573825833998853,1.0373936250107363,0.4710326249769423,16.08225633300026
2026-07-15T12:24:44,Mean-IC,Parkinson,0.2,38,38,3,0.8552631578947368,3.4990704170195386,0.00914449998526834,0.3653753339895047,3.8735933330026455
2026-07-15T12:25:00,KNN-Direct,Parkinson,0.2,38,38,1,0.9210526315789473,14.634760082990397,0.0,1.506869040982565,16.141634291008813
2026-07-15T12:25:18,KNN-Direct-Weighted,Parkinson,0.2,38,38,7,0.8289473684210527,16.296670416981215,0.0,1.6969959999842104,17.993672124983277
2026-07-15T12:25:34,KNN-Direct-Manhattan,Parkinson,0.2,38,38,1,0.9407894736842105,14.446066124975914,0.0,1.484711666998919,15.930782458017347
2026-07-15T12:25:52,KNN-IC,Parkinson,0.2,39,39,5,0.881578947368421,15.743901791982353,1.0845916669932194,0.46756733302026987,17.2960653330083
2026-07-15T12:25:55,Mean-IC,Parkinson,0.2,39,39,1,0.881578947368421,3.4812195409904234,0.009048417006852105,0.36398229098995216,3.854253625002457
2026-07-15T12:26:12,KNN-Direct,Parkinson,0.2,39,39,6,0.9013157894736842,14.628639625007054,0.0,1.503445416019531,16.13208941600169
2026-07-15T12:26:30,KNN-Direct-Weighted,Parkinson,0.2,39,39,4,0.9013157894736842,16.304776125005446,0.0,1.6913354590069503,17.996117333997972
2026-07-15T12:26:46,KNN-Direct-Manhattan,Parkinson,0.2,39,39,1,0.9473684210526315,14.473768916999688,0.0,1.4870948749885429,15.960868750000373
2026-07-15T12:27:05,KNN-IC,Parkinson,0.3,0,0,6,0.8355263157894737,17.56275633300538,1.1590900830051396,0.4692334159917664,19.191091166983824
2026-07-15T12:27:09,Mean-IC,Parkinson,0.3,0,0,4,0.8355263157894737,3.7809336249774788,0.010679250000976026,0.36569262499688193,4.15730966598494
2026-07-15T12:27:26,KNN-Direct,Parkinson,0.3,0,0,3,0.8486842105263158,15.316470374993514,0.0,1.5961925830051769,16.912667750002583
2026-07-15T12:27:45,KNN-Direct-Weighted,Parkinson,0.3,0,0,4,0.868421052631579,17.19769600001746,0.0,1.7800455830001738,18.977747375000035
2026-07-15T12:28:01,KNN-Direct-Manhattan,Parkinson,0.3,0,0,4,0.9342105263157895,15.063605958013795,0.0,1.5644385420018807,16.628049708990147
2026-07-15T12:28:20,KNN-IC,Parkinson,0.3,1,1,1,0.875,17.90167074999772,0.5891134580015205,0.47371175000444055,18.964500083005987
2026-07-15T12:28:24,Mean-IC,Parkinson,0.3,1,1,1,0.8421052631578947,3.690718708006898,0.010675249999621883,0.36528591698152013,4.066684416990029
2026-07-15T12:28:42,KNN-Direct,Parkinson,0.3,1,1,1,0.875,15.437081582989777,0.0,1.589990416978253,17.02707612499944
2026-07-15T12:29:00,KNN-Direct-Weighted,Parkinson,0.3,1,1,1,0.8618421052631579,17.11098425000091,0.0,1.775969707989134,18.886960167001234
2026-07-15T12:29:17,KNN-Direct-Manhattan,Parkinson,0.3,1,1,1,0.9407894736842105,15.213591916981386,0.0,1.5713660839828663,16.78496366701438
2026-07-15T12:29:36,KNN-IC,Parkinson,0.3,2,2,8,0.8486842105263158,17.532603916013613,1.2382865000108723,0.46921999999904074,19.24011454099673
2026-07-15T12:29:40,Mean-IC,Parkinson,0.3,2,2,1,0.9078947368421053,3.4911611250136048,0.010456625022925436,0.36303587499423884,3.8646602920198347
2026-07-15T12:29:57,KNN-Direct,Parkinson,0.3,2,2,3,0.8421052631578947,15.403944000019692,0.0,1.5883359170111362,16.992284665990155
2026-07-15T12:30:16,KNN-Direct-Weighted,Parkinson,0.3,2,2,5,0.8486842105263158,17.09119483298855,0.0,1.7866418329940643,18.877842207992217
2026-07-15T12:30:33,KNN-Direct-Manhattan,Parkinson,0.3,2,2,1,0.9276315789473685,15.205617875006283,0.0,1.562684000004083,16.76830733299721
2026-07-15T12:30:51,KNN-IC,Parkinson,0.3,3,3,1,0.881578947368421,16.979732083011186,0.5864785419835243,0.4703369589988142,18.036551915982272
2026-07-15T12:30:55,Mean-IC,Parkinson,0.3,3,3,1,0.868421052631579,3.889640750014223,0.010606125026242808,0.36628166600712575,4.266534083028091
2026-07-15T12:31:12,KNN-Direct,Parkinson,0.3,3,3,1,0.8618421052631579,15.27401695799199,0.0,1.5903909589978866,16.86441208299948
2026-07-15T12:31:31,KNN-Direct-Weighted,Parkinson,0.3,3,3,1,0.8486842105263158,17.258455041999696,0.0,1.7857616250112187,19.044221749994904
2026-07-15T12:31:48,KNN-Direct-Manhattan,Parkinson,0.3,3,3,1,0.9342105263157895,15.087466416996904,0.0,1.5708851249946747,16.65835783397779
2026-07-15T12:32:07,KNN-IC,Parkinson,0.3,4,4,2,0.881578947368421,17.713891958992463,0.6660239580087364,0.4727104170015082,18.85263541599852
2026-07-15T12:32:11,Mean-IC,Parkinson,0.3,4,4,1,0.881578947368421,3.5013935000170022,0.010631332988850772,0.36461791599867865,3.8766462079947814
2026-07-15T12:32:28,KNN-Direct,Parkinson,0.3,4,4,1,0.9013157894736842,15.43549066700507,0.0,1.5892188749858178,17.02471341600176
2026-07-15T12:32:47,KNN-Direct-Weighted,Parkinson,0.3,4,4,1,0.9013157894736842,17.15136658400297,0.0,1.7782500419998541,18.92962116698618
2026-07-15T12:33:03,KNN-Direct-Manhattan,Parkinson,0.3,4,4,1,0.9539473684210527,15.209942707995651,0.0,1.565299000008963,16.775247124984162
2026-07-15T12:33:22,KNN-IC,Parkinson,0.3,5,5,2,0.9013157894736842,17.550300458009588,0.6736772090080194,0.46932899998500943,18.69331775000319
2026-07-15T12:33:26,Mean-IC,Parkinson,0.3,5,5,1,0.868421052631579,3.4936654579942115,0.010400916013168171,0.3664508329820819,3.870521250006277
2026-07-15T12:33:43,KNN-Direct,Parkinson,0.3,5,5,4,0.868421052631579,15.29060604100232,0.0,1.5848203749919776,16.875430917018093
2026-07-15T12:34:02,KNN-Direct-Weighted,Parkinson,0.3,5,5,3,0.8618421052631579,17.298347332980484,0.0,1.775457625015406,19.073810583009617
2026-07-15T12:34:18,KNN-Direct-Manhattan,Parkinson,0.3,5,5,1,0.9407894736842105,15.075775375007652,0.0,1.5662628749851137,16.642044792009983
2026-07-15T12:34:38,KNN-IC,Parkinson,0.3,6,6,2,0.875,17.885274542000843,0.6701081659994088,0.4736485419853125,19.029035624989774
2026-07-15T12:34:41,Mean-IC,Parkinson,0.3,6,6,1,0.881578947368421,3.480243583006086,0.010498249990632758,0.36290825001196936,3.8536535000021104
2026-07-15T12:34:58,KNN-Direct,Parkinson,0.3,6,6,1,0.9144736842105263,15.31689774998813,0.0,1.589401583012659,16.906302167015383
2026-07-15T12:35:17,KNN-Direct-Weighted,Parkinson,0.3,6,6,1,0.9078947368421053,17.221819167025387,0.0,1.7798260830168147,19.00165137500153
2026-07-15T12:35:34,KNN-Direct-Manhattan,Parkinson,0.3,6,6,1,0.9407894736842105,15.106702332996065,0.0,1.5730555420159362,16.67976370899123
2026-07-15T12:35:54,KNN-IC,Parkinson,0.3,7,7,4,0.868421052631579,18.114943499997025,1.2574491249979474,0.4738006670086179,19.84619795900653
2026-07-15T12:35:58,Mean-IC,Parkinson,0.3,7,7,1,0.8421052631578947,3.493706083012512,0.010572833998594433,0.362740250013303,3.8670227080001496
2026-07-15T12:36:15,KNN-Direct,Parkinson,0.3,7,7,3,0.8421052631578947,15.340173874981701,0.0,1.5902170420158654,16.930395292001776
2026-07-15T12:36:34,KNN-Direct-Weighted,Parkinson,0.3,7,7,1,0.8881578947368421,17.255290792003507,0.0,1.7822407920029946,19.037537500000326
2026-07-15T12:36:50,KNN-Direct-Manhattan,Parkinson,0.3,7,7,1,0.9605263157894737,15.103517208975973,0.0,1.5685872919857502,16.67210975001217
2026-07-15T12:37:09,KNN-IC,Parkinson,0.3,8,8,1,0.9013157894736842,17.55402920799679,0.5901170839788392,0.4731155420013238,18.61727049999172
2026-07-15T12:37:13,Mean-IC,Parkinson,0.3,8,8,4,0.881578947368421,3.5505459579871967,0.010356915998272598,0.37044170798617415,3.9313479159900453
2026-07-15T12:37:30,KNN-Direct,Parkinson,0.3,8,8,1,0.8618421052631579,15.307984458981082,0.0,1.587685375008732,16.89567366699339
2026-07-15T12:37:49,KNN-Direct-Weighted,Parkinson,0.3,8,8,1,0.875,17.257591791974846,0.0,1.7781681249907706,19.035765167005593
2026-07-15T12:38:06,KNN-Direct-Manhattan,Parkinson,0.3,8,8,1,0.9407894736842105,15.194502333004493,0.0,1.5681917920010164,16.762699625018286
2026-07-15T12:38:24,KNN-IC,Parkinson,0.3,9,9,2,0.8947368421052632,17.68266454199329,0.6723766250070184,0.47542524998425506,18.830478707997827
2026-07-15T12:38:28,Mean-IC,Parkinson,0.3,9,9,1,0.875,3.561991875001695,0.010628084011841565,0.3718668749788776,3.9444901660026517
2026-07-15T12:38:45,KNN-Direct,Parkinson,0.3,9,9,1,0.9210526315789473,15.440265000012005,0.0,1.5902666250185575,17.03053658400313
2026-07-15T12:39:04,KNN-Direct-Weighted,Parkinson,0.3,9,9,1,0.9210526315789473,17.17070600000443,0.0,1.7772198749880772,18.947930665977765
2026-07-15T12:39:21,KNN-Direct-Manhattan,Parkinson,0.3,9,9,1,0.9671052631578947,15.096850292000454,0.0,1.5780238330189604,16.674879500002135
2026-07-15T12:39:40,KNN-IC,Parkinson,0.3,10,10,2,0.9013157894736842,17.483005749993026,0.6662411249999423,0.47437574999639764,18.623631541995564
2026-07-15T12:39:44,Mean-IC,Parkinson,0.3,10,10,1,0.8881578947368421,3.5585276249912567,0.010635166021529585,0.3714318340062164,3.940598459012108
2026-07-15T12:40:01,KNN-Direct,Parkinson,0.3,10,10,1,0.9276315789473685,15.32581404200755,0.0,1.5896453329769429,16.91546337501495
2026-07-15T12:40:20,KNN-Direct-Weighted,Parkinson,0.3,10,10,1,0.9276315789473685,17.202469292009482,0.0,1.7851813749875873,18.98765625001397
2026-07-15T12:40:36,KNN-Direct-Manhattan,Parkinson,0.3,10,10,1,0.9407894736842105,15.074262374982936,0.0,1.5657159590045922,16.63998358300887
2026-07-15T12:40:56,KNN-IC,Parkinson,0.3,11,11,8,0.8355263157894737,17.782057208998594,1.3470076250087004,0.47374995902646333,19.60281933299848
2026-07-15T12:41:00,Mean-IC,Parkinson,0.3,11,11,8,0.7763157894736842,3.5559456660121214,0.010341583983972669,0.3711661660054233,3.9374569169885945
2026-07-15T12:41:17,KNN-Direct,Parkinson,0.3,11,11,10,0.8157894736842105,15.286259042011807,0.0,1.5893608340120409,16.87562520900974
2026-07-15T12:41:36,KNN-Direct-Weighted,Parkinson,0.3,11,11,1,0.8421052631578947,17.261988541984465,0.0,1.7743780410091858,19.03637187500135
2026-07-15T12:41:52,KNN-Direct-Manhattan,Parkinson,0.3,11,11,1,0.9473684210526315,15.078525791002903,0.0,1.562845374981407,16.641375542007154
2026-07-15T12:42:11,KNN-IC,Parkinson,0.3,12,12,1,0.881578947368421,17.36650920799002,0.5924920000252314,0.47391179102123715,18.43291762500303
2026-07-15T12:42:15,Mean-IC,Parkinson,0.3,12,12,4,0.8618421052631579,3.555764165997971,0.010646542010363191,0.37161333399126306,3.9380274580034893
2026-07-15T12:42:32,KNN-Direct,Parkinson,0.3,12,12,3,0.8618421052631579,15.31288612500066,0.0,1.599878709006589,16.912769999995362
2026-07-15T12:42:51,KNN-Direct-Weighted,Parkinson,0.3,12,12,3,0.875,17.352321167010814,0.0,1.780862999992678,19.133189040992875
2026-07-15T12:43:07,KNN-Direct-Manhattan,Parkinson,0.3,12,12,1,0.9473684210526315,15.060109042009572,0.0,1.56767962500453,16.627794250001898
2026-07-15T12:43:26,KNN-IC,Parkinson,0.3,13,13,2,0.8881578947368421,17.978064375027316,0.6696169999777339,0.480576125002699,19.12826645799214
2026-07-15T12:43:30,Mean-IC,Parkinson,0.3,13,13,3,0.8486842105263158,3.550393541023368,0.010568958998192102,0.3698245420237072,3.93079079198651
2026-07-15T12:43:47,KNN-Direct,Parkinson,0.3,13,13,6,0.8947368421052632,15.32186233298853,0.0,1.589697958988836,16.91156508299173
2026-07-15T12:44:06,KNN-Direct-Weighted,Parkinson,0.3,13,13,1,0.8947368421052632,17.241839458001778,0.0,1.7757967920042574,19.01764158302103
2026-07-15T12:44:23,KNN-Direct-Manhattan,Parkinson,0.3,13,13,4,0.9276315789473685,15.104118166986154,0.0,1.5657364999933634,16.669860750000225
2026-07-15T12:44:42,KNN-IC,Parkinson,0.3,14,14,4,0.9013157894736842,17.226358332991367,1.2048065830022097,0.4737162920064293,18.904889415978687
2026-07-15T12:44:46,Mean-IC,Parkinson,0.3,14,14,3,0.8947368421052632,3.555319375009276,0.010770000022603199,0.37193545800982974,3.9380285420047585
2026-07-15T12:45:03,KNN-Direct,Parkinson,0.3,14,14,1,0.8881578947368421,15.287758124992251,0.0,1.5887228340143338,16.876485457993113
2026-07-15T12:45:22,KNN-Direct-Weighted,Parkinson,0.3,14,14,4,0.9013157894736842,17.247971625009086,0.0,1.7750433339970186,19.02302024999517
2026-07-15T12:45:38,KNN-Direct-Manhattan,Parkinson,0.3,14,14,1,0.9342105263157895,15.053779290989041,0.0,1.5633481250260957,16.617133042018395
2026-07-15T12:45:57,KNN-IC,Parkinson,0.3,15,15,3,0.8618421052631579,17.493628541997168,0.7506477919814643,0.47544599999673665,18.719731333025265
2026-07-15T12:46:01,Mean-IC,Parkinson,0.3,15,15,3,0.8486842105263158,3.562936291011283,0.010652583005139604,0.37131066698930226,3.944903042021906
2026-07-15T12:46:18,KNN-Direct,Parkinson,0.3,15,15,3,0.8552631578947368,15.459663959016325,0.0,1.5889417919970583,17.048610582976835
2026-07-15T12:46:37,KNN-Direct-Weighted,Parkinson,0.3,15,15,4,0.868421052631579,17.119229833013378,0.0,1.7776552910218015,18.896890583011555
2026-07-15T12:46:54,KNN-Direct-Manhattan,Parkinson,0.3,15,15,1,0.9605263157894737,15.255176750011742,0.0,1.5651291669928469,16.820311000017682
2026-07-15T12:47:13,KNN-IC,Parkinson,0.3,16,16,4,0.8947368421052632,17.651062749995617,1.259361207979964,0.47608774999389425,19.38651545799803
2026-07-15T12:47:17,Mean-IC,Parkinson,0.3,16,16,1,0.875,3.555517958011478,0.010664832982001826,0.36977966598351486,3.935965833021328
2026-07-15T12:47:34,KNN-Direct,Parkinson,0.3,16,16,4,0.881578947368421,15.448885332996724,0.0,1.5901218749932013,17.039011959015625
2026-07-15T12:47:53,KNN-Direct-Weighted,Parkinson,0.3,16,16,4,0.881578947368421,17.080376708996482,0.0,1.7799556250101887,18.860337332997005
2026-07-15T12:48:10,KNN-Direct-Manhattan,Parkinson,0.3,16,16,1,0.9210526315789473,15.129872916004388,0.0,1.6282912919996306,16.758170042012352
2026-07-15T12:48:27,KNN-IC,Parkinson,0.3,17,17,2,0.8552631578947368,16.439156459004153,0.6686072499724105,0.47147466699243523,17.579242790990975
2026-07-15T12:48:31,Mean-IC,Parkinson,0.3,17,17,1,0.8486842105263158,3.5531515830080025,0.010405665991129354,0.3712455840141047,3.9348060420015827
2026-07-15T12:48:48,KNN-Direct,Parkinson,0.3,17,17,3,0.7960526315789473,15.42350941701443,0.0,1.5896454160101712,17.013158749992726
2026-07-15T12:49:07,KNN-Direct-Weighted,Parkinson,0.3,17,17,3,0.8355263157894737,17.08461058398825,0.0,1.7908650420140475,18.875481249997392
2026-07-15T12:49:24,KNN-Direct-Manhattan,Parkinson,0.3,17,17,1,0.9342105263157895,14.93268724999507,0.0,1.8654269170074258,16.798119540995685
2026-07-15T12:49:43,KNN-IC,Parkinson,0.3,18,18,1,0.8881578947368421,17.508575916988775,0.5900270410056692,0.4733108750078827,18.57192458299687
2026-07-15T12:49:47,Mean-IC,Parkinson,0.3,18,18,1,0.875,3.566948541003512,0.010519957984797657,0.37166841700673103,3.9491402079875115
2026-07-15T12:50:04,KNN-Direct,Parkinson,0.3,18,18,1,0.9013157894736842,15.478297124995152,0.0,1.5892379999859259,17.067538833012804
2026-07-15T12:50:23,KNN-Direct-Weighted,Parkinson,0.3,18,18,1,0.8947368421052632,17.12855175000732,0.0,1.782361541991122,18.910919000016293
2026-07-15T12:50:39,KNN-Direct-Manhattan,Parkinson,0.3,18,18,1,0.9671052631578947,14.938333874975797,0.0,1.7892959580058232,16.727636042021913
2026-07-15T12:50:58,KNN-IC,Parkinson,0.3,19,19,2,0.8618421052631579,17.867667958984384,0.674506042007124,0.4797885000007227,19.021967665990815
2026-07-15T12:51:02,Mean-IC,Parkinson,0.3,19,19,1,0.8486842105263158,3.552587832993595,0.010538167000049725,0.36917604197515175,3.9323056249995716
2026-07-15T12:51:19,KNN-Direct,Parkinson,0.3,19,19,1,0.8552631578947368,15.421073041972704,0.0,1.5893471250019502,17.010424499982037
2026-07-15T12:51:38,KNN-Direct-Weighted,Parkinson,0.3,19,19,1,0.8618421052631579,17.12443887500558,0.0,1.7767497500171885,18.901193500001682
2026-07-15T12:51:55,KNN-Direct-Manhattan,Parkinson,0.3,19,19,1,0.9407894736842105,15.104093833011575,0.0,1.6632151249796152,16.76731437499984
2026-07-15T12:52:14,KNN-IC,Parkinson,0.3,20,20,8,0.8223684210526315,17.027093666984,1.3295160419947933,0.4707226660102606,18.827342958014924
2026-07-15T12:52:18,Mean-IC,Parkinson,0.3,20,20,1,0.8223684210526315,3.5453315420018043,0.010417459008749574,0.36951879202388227,3.9252717079943977
2026-07-15T12:52:35,KNN-Direct,Parkinson,0.3,20,20,15,0.7763157894736842,16.004420459008543,0.0,1.6112527920049615,17.615677083987975
2026-07-15T12:52:55,KNN-Direct-Weighted,Parkinson,0.3,20,20,7,0.8092105263157895,17.425442166015273,0.0,1.7861418329994194,19.21159079199424
2026-07-15T12:53:11,KNN-Direct-Manhattan,Parkinson,0.3,20,20,1,0.9276315789473685,14.996742332994472,0.0,1.56555687499349,16.5623055830074
2026-07-15T12:53:30,KNN-IC,Parkinson,0.3,21,21,1,0.8552631578947368,17.74262458400335,0.589330582995899,0.47691075000329874,18.808875375019852
2026-07-15T12:53:34,Mean-IC,Parkinson,0.3,21,21,1,0.868421052631579,3.5775962920160964,0.010610999976051971,0.3766932089929469,3.9649058749782853
2026-07-15T12:53:51,KNN-Direct,Parkinson,0.3,21,21,1,0.875,15.535401999979513,0.0,1.6023828340112232,17.137789083004463
2026-07-15T12:54:10,KNN-Direct-Weighted,Parkinson,0.3,21,21,1,0.881578947368421,17.15290516699315,0.0,1.7873715000168886,18.94028279199847
2026-07-15T12:54:27,KNN-Direct-Manhattan,Parkinson,0.3,21,21,1,0.9342105263157895,15.299916207994102,0.0,1.5947662919934373,16.89468687499175
2026-07-15T12:54:47,KNN-IC,Parkinson,0.3,22,22,4,0.8947368421052632,18.086760667007184,1.2737573749909643,0.4740805829933379,19.83460266701877
2026-07-15T12:54:51,Mean-IC,Parkinson,0.3,22,22,1,0.8881578947368421,3.6681317079928704,0.010639249987434596,0.38236870800028555,4.0611448750132695
2026-07-15T12:55:09,KNN-Direct,Parkinson,0.3,22,22,1,0.8947368421052632,16.653187291987706,0.0,1.6942920000001322,18.34751945899916
2026-07-15T12:55:29,KNN-Direct-Weighted,Parkinson,0.3,22,22,1,0.8947368421052632,17.798015125008533,0.0,1.7921992499905173,19.590229791996535
2026-07-15T12:55:46,KNN-Direct-Manhattan,Parkinson,0.3,22,22,1,0.9342105263157895,15.460115957976086,0.0,1.5802086660114583,17.040329874987947
2026-07-15T12:56:05,KNN-IC,Parkinson,0.3,23,23,1,0.8947368421052632,17.877837749983883,0.5894058340054471,0.4778430830047,18.945092749985633
2026-07-15T12:56:09,Mean-IC,Parkinson,0.3,23,23,1,0.868421052631579,3.5978569999861065,0.010808708000695333,0.3829821669787634,3.9916537079843692
2026-07-15T12:56:26,KNN-Direct,Parkinson,0.3,23,23,1,0.8947368421052632,16.135445457999595,0.0,1.5999841669981834,17.73543379199691
2026-07-15T12:56:46,KNN-Direct-Weighted,Parkinson,0.3,23,23,1,0.9013157894736842,17.545884750026744,0.0,1.7992645420017652,19.345155749993864
2026-07-15T12:57:03,KNN-Direct-Manhattan,Parkinson,0.3,23,23,1,0.9407894736842105,15.389475999982096,0.0,1.7474579580011778,17.136938542011194
2026-07-15T12:57:22,KNN-IC,Parkinson,0.3,24,24,2,0.875,17.457967082998948,0.6646687909960747,0.48376495798584074,18.60640799999237
2026-07-15T12:57:26,Mean-IC,Parkinson,0.3,24,24,1,0.881578947368421,4.030836707999697,0.010600457986583933,0.3709910420002416,4.412431834003655
2026-07-15T12:57:43,KNN-Direct,Parkinson,0.3,24,24,1,0.9276315789473685,15.382061916985549,0.0,1.5979968330066185,16.98006274999352
2026-07-15T12:58:02,KNN-Direct-Weighted,Parkinson,0.3,24,24,1,0.9276315789473685,17.311325499991653,0.0,1.7839340830105357,19.095264917006716
2026-07-15T12:58:19,KNN-Direct-Manhattan,Parkinson,0.3,24,24,1,0.9473684210526315,15.141191457980312,0.0,1.5765882919949945,16.717784708016552
2026-07-15T12:58:38,KNN-IC,Parkinson,0.3,25,25,2,0.9078947368421053,17.81075912498636,0.6678253750142176,0.47706016700249165,18.955649957992136
2026-07-15T12:58:42,Mean-IC,Parkinson,0.3,25,25,3,0.881578947368421,3.750885332992766,0.010610375000396743,0.37012125001638196,4.131620749976719
2026-07-15T12:58:59,KNN-Direct,Parkinson,0.3,25,25,1,0.8355263157894737,15.51321558302152,0.0,1.600907250016462,17.1141267909843
2026-07-15T12:59:18,KNN-Direct-Weighted,Parkinson,0.3,25,25,1,0.8486842105263158,17.198791250004433,0.0,1.790242458024295,18.989038833009545
2026-07-15T12:59:35,KNN-Direct-Manhattan,Parkinson,0.3,25,25,1,0.9473684210526315,15.26028579098056,0.0,1.580653707991587,16.84094512500451
2026-07-15T12:59:52,KNN-IC,Parkinson,0.3,26,26,1,0.868421052631579,16.559893791010836,0.5916470829979517,0.47221595799783245,17.623761875001946
2026-07-15T12:59:57,Mean-IC,Parkinson,0.3,26,26,3,0.8552631578947368,3.9797139579895884,0.010537541995290667,0.3723096249741502,4.3625661250262056
2026-07-15T13:00:14,KNN-Direct,Parkinson,0.3,26,26,1,0.8486842105263158,15.344189457973698,0.0,1.5933481249958277,16.937543624982936
2026-07-15T13:00:33,KNN-Direct-Weighted,Parkinson,0.3,26,26,1,0.8618421052631579,17.31573516599019,0.0,1.7823037919879425,19.098044374986785
2026-07-15T13:00:50,KNN-Direct-Manhattan,Parkinson,0.3,26,26,1,0.9342105263157895,15.101031124999281,0.0,1.5674062919861171,16.6684430000023
2026-07-15T13:01:08,KNN-IC,Parkinson,0.3,27,27,2,0.868421052631579,17.585085083992453,0.6767417500086594,0.48021629100549035,18.74204720801208
2026-07-15T13:01:12,Mean-IC,Parkinson,0.3,27,27,1,0.8157894736842105,3.5713939589913934,0.010490749991731718,0.37104274999001063,3.952931833016919
2026-07-15T13:01:29,KNN-Direct,Parkinson,0.3,27,27,1,0.8618421052631579,15.477612540998962,0.0,1.5955586670024786,17.073175249999622
2026-07-15T13:01:48,KNN-Direct-Weighted,Parkinson,0.3,27,27,1,0.8552631578947368,17.300836083013564,0.0,1.7881089170114137,19.0889500840276
2026-07-15T13:02:05,KNN-Direct-Manhattan,Parkinson,0.3,27,27,1,0.9276315789473685,15.138994166976772,0.0,1.5842703749949578,16.723270207992755
2026-07-15T13:02:24,KNN-IC,Parkinson,0.3,28,28,1,0.881578947368421,17.61151112499647,0.5822818750166334,0.4748113329987973,18.668608540989226
2026-07-15T13:02:28,Mean-IC,Parkinson,0.3,28,28,1,0.8618421052631579,3.564119791990379,0.010472875001141801,0.37096983299124986,3.9455660000094213
2026-07-15T13:02:45,KNN-Direct,Parkinson,0.3,28,28,4,0.9013157894736842,15.341416792012751,0.0,1.5963369579985738,16.93775874999119
2026-07-15T13:03:04,KNN-Direct-Weighted,Parkinson,0.3,28,28,1,0.9013157894736842,17.28033687500283,0.0,1.783640292007476,19.063982708990807
2026-07-15T13:03:20,KNN-Direct-Manhattan,Parkinson,0.3,28,28,1,0.9276315789473685,15.149640207993798,0.0,1.5703457499912474,16.71999225000036
2026-07-15T13:03:40,KNN-IC,Parkinson,0.3,29,29,6,0.8289473684210527,17.80461520899553,1.3783950829820242,0.4720052090124227,19.655020000005607
2026-07-15T13:03:44,Mean-IC,Parkinson,0.3,29,29,1,0.8947368421052632,3.5731242909969296,0.010465125000337139,0.3717238749959506,3.9553174590109847
2026-07-15T13:04:01,KNN-Direct,Parkinson,0.3,29,29,6,0.8157894736842105,15.309712417016272,0.0,1.5915894159988966,16.901305707986467
2026-07-15T13:04:20,KNN-Direct-Weighted,Parkinson,0.3,29,29,3,0.8618421052631579,17.2504633749777,0.0,1.781728625006508,19.032198041997617
2026-07-15T13:04:37,KNN-Direct-Manhattan,Parkinson,0.3,29,29,1,0.9473684210526315,15.139694332989166,0.0,1.5660277080023661,16.705727416992886
2026-07-15T13:04:56,KNN-IC,Parkinson,0.3,30,30,12,0.8223684210526315,17.67034945799969,1.30390100000659,0.477196833002381,19.451451917004306
2026-07-15T13:05:00,Mean-IC,Parkinson,0.3,30,30,4,0.8486842105263158,3.5615043329889886,0.010777875024359673,0.3709359999920707,3.9432230410166085
2026-07-15T13:05:17,KNN-Direct,Parkinson,0.3,30,30,10,0.8157894736842105,15.470877124986146,0.0,1.5936947080190293,17.064577125012875
2026-07-15T13:05:36,KNN-Direct-Weighted,Parkinson,0.3,30,30,11,0.8092105263157895,17.17926754101063,0.0,1.7835163330018986,18.962790374993347
2026-07-15T13:05:53,KNN-Direct-Manhattan,Parkinson,0.3,30,30,4,0.9013157894736842,15.234112625010312,0.0,1.5769227090058848,16.81104033300653
2026-07-15T13:06:12,KNN-IC,Parkinson,0.3,31,31,1,0.8223684210526315,17.924094458983745,0.5873309999878984,0.4766593750100583,18.988091874984093
2026-07-15T13:06:16,Mean-IC,Parkinson,0.3,31,31,3,0.7697368421052632,3.6399930830230005,0.010540707997279242,0.37246845799381845,4.023006165982224
2026-07-15T13:06:33,KNN-Direct,Parkinson,0.3,31,31,1,0.8421052631578947,15.636743707989808,0.0,1.5951299169973936,17.231878249993315
2026-07-15T13:06:53,KNN-Direct-Weighted,Parkinson,0.3,31,31,1,0.8421052631578947,17.4386576670222,0.0,1.8358373749942984,19.274500416009687
2026-07-15T13:07:10,KNN-Direct-Manhattan,Parkinson,0.3,31,31,1,0.9407894736842105,15.791034624999156,0.0,1.5775942920008674,17.36863529199036
2026-07-15T13:07:28,KNN-IC,Parkinson,0.3,32,32,2,0.8881578947368421,16.568798207998043,0.6686649580078665,0.4730836670205463,17.710552208009176
2026-07-15T13:07:32,Mean-IC,Parkinson,0.3,32,32,1,0.9013157894736842,3.5813075409969315,0.010702332976507023,0.371572833013488,3.963587041973369
2026-07-15T13:07:49,KNN-Direct,Parkinson,0.3,32,32,1,0.9013157894736842,15.584791542001767,0.0,1.5964127089828253,17.181208708003396
2026-07-15T13:08:08,KNN-Direct-Weighted,Parkinson,0.3,32,32,3,0.868421052631579,17.248532916011754,0.0,1.7874556659953669,19.03599474998191
2026-07-15T13:08:25,KNN-Direct-Manhattan,Parkinson,0.3,32,32,1,0.9276315789473685,15.3601437920006,0.0,1.5721991250175051,16.93234941700939
2026-07-15T13:08:44,KNN-IC,Parkinson,0.3,33,33,6,0.875,17.209402209002292,1.2962043750158045,0.49298924999311566,18.99860245801392
2026-07-15T13:08:48,Mean-IC,Parkinson,0.3,33,33,3,0.8486842105263158,3.5476326670031995,0.010654333018464968,0.3704657500202302,3.928757332992973
2026-07-15T13:09:05,KNN-Direct,Parkinson,0.3,33,33,1,0.9013157894736842,15.571842042001663,0.0,1.6033767090120818,17.175223208992975
2026-07-15T13:09:24,KNN-Direct-Weighted,Parkinson,0.3,33,33,1,0.9078947368421053,17.229173333995277,0.0,1.805674416013062,19.03485370799899
2026-07-15T13:09:41,KNN-Direct-Manhattan,Parkinson,0.3,33,33,1,0.9342105263157895,15.015678167022998,0.0,1.9095509159960784,16.925234791007824
2026-07-15T13:10:00,KNN-IC,Parkinson,0.3,34,34,2,0.881578947368421,17.657571833988186,0.6708450829901267,0.4772581249999348,18.805680125020444
2026-07-15T13:10:04,Mean-IC,Parkinson,0.3,34,34,1,0.8355263157894737,3.55885670799762,0.01048416699632071,0.3697137080016546,3.9390583749918733
2026-07-15T13:10:21,KNN-Direct,Parkinson,0.3,34,34,1,0.9144736842105263,15.524264708976261,0.0,1.6036311670031864,17.127900916995713
2026-07-15T13:10:40,KNN-Direct-Weighted,Parkinson,0.3,34,34,1,0.9078947368421053,17.175264041987248,0.0,1.7908257500093896,18.966096375021152
2026-07-15T13:10:57,KNN-Direct-Manhattan,Parkinson,0.3,34,34,1,0.9473684210526315,15.292474958027015,0.0,1.580262290983228,16.872742625011597
2026-07-15T13:11:15,KNN-IC,Parkinson,0.3,35,35,2,0.875,17.573979832988698,0.6705025839910377,0.4825562500045635,18.727048915985506
2026-07-15T13:11:19,Mean-IC,Parkinson,0.3,35,35,6,0.8618421052631579,3.713195749995066,0.011475500010419637,0.3753358749963809,4.100012249982683
2026-07-15T13:11:37,KNN-Direct,Parkinson,0.3,35,35,1,0.8947368421052632,15.707650666998234,0.0,1.629430458007846,17.337091666006017
2026-07-15T13:11:56,KNN-Direct-Weighted,Parkinson,0.3,35,35,1,0.881578947368421,17.48451050001313,0.0,2.153375708992826,19.637890874990262
2026-07-15T13:12:13,KNN-Direct-Manhattan,Parkinson,0.3,35,35,1,0.9407894736842105,15.42642295800033,0.0,1.5916202499938663,17.01805329101626
2026-07-15T13:12:32,KNN-IC,Parkinson,0.3,36,36,2,0.8421052631578947,17.80548962499597,0.7457183340156917,0.5309717500058468,19.08218562498223
2026-07-15T13:12:36,Mean-IC,Parkinson,0.3,36,36,1,0.8355263157894737,3.6275136659969576,0.010744125000201166,0.37154554200242274,4.009808292001253
2026-07-15T13:12:54,KNN-Direct,Parkinson,0.3,36,36,1,0.8618421052631579,15.947669500019401,0.0,1.5962769170000684,17.54395008299616
2026-07-15T13:13:13,KNN-Direct-Weighted,Parkinson,0.3,36,36,1,0.8486842105263158,17.115510667004855,0.0,1.785108667012537,18.90062604099512
2026-07-15T13:13:30,KNN-Direct-Manhattan,Parkinson,0.3,36,36,1,0.9342105263157895,15.30116345800343,0.0,1.575557915988611,16.876726165995933
2026-07-15T13:13:48,KNN-IC,Parkinson,0.3,37,37,4,0.881578947368421,16.28157079097582,1.3216822079848498,0.4795762909925543,18.082833458000096
2026-07-15T13:13:52,Mean-IC,Parkinson,0.3,37,37,6,0.8486842105263158,3.5622295000066515,0.010645250004017726,0.3698513749986887,3.9427298749797046
2026-07-15T13:14:09,KNN-Direct,Parkinson,0.3,37,37,1,0.8947368421052632,15.368616666994058,0.0,1.594108999997843,16.962729791004676
2026-07-15T13:14:28,KNN-Direct-Weighted,Parkinson,0.3,37,37,1,0.8881578947368421,17.19801141700009,0.0,1.779360959015321,18.977378916024463
2026-07-15T13:14:44,KNN-Direct-Manhattan,Parkinson,0.3,37,37,1,0.9276315789473685,15.116665665991604,0.0,1.5698544170008972,16.686523833021056
2026-07-15T13:15:03,KNN-IC,Parkinson,0.3,38,38,4,0.8947368421052632,16.872047499986365,1.2334800829994492,0.4727921250159852,18.57832379199681
2026-07-15T13:15:07,Mean-IC,Parkinson,0.3,38,38,3,0.875,3.5513867499830667,0.010506457998417318,0.3699979580123909,3.9318944579863455
2026-07-15T13:15:24,KNN-Direct,Parkinson,0.3,38,38,1,0.9013157894736842,15.283452042000135,0.0,1.5895815409894567,16.873037915996974
2026-07-15T13:15:43,KNN-Direct-Weighted,Parkinson,0.3,38,38,4,0.8881578947368421,17.187597709009424,0.0,1.7836155410041101,18.97121845901711
2026-07-15T13:15:59,KNN-Direct-Manhattan,Parkinson,0.3,38,38,3,0.8947368421052632,15.029155041993363,0.0,1.5623892919975333,16.59155058299075
2026-07-15T13:16:18,KNN-IC,Parkinson,0.3,39,39,1,0.8881578947368421,17.8684897920175,0.5918024999846239,0.47783766701468267,18.93814079198637
2026-07-15T13:16:22,Mean-IC,Parkinson,0.3,39,39,4,0.868421052631579,3.5548951250093523,0.010441250022267923,0.37271749999490567,3.938057791994652
2026-07-15T13:16:39,KNN-Direct,Parkinson,0.3,39,39,1,0.881578947368421,15.316209749988047,0.0,1.591997374984203,16.908211458998267
2026-07-15T13:16:58,KNN-Direct-Weighted,Parkinson,0.3,39,39,1,0.875,17.247039499983657,0.0,1.7816185410192702,19.028663208009675
2026-07-15T13:17:15,KNN-Direct-Manhattan,Parkinson,0.3,39,39,1,0.9473684210526315,15.064668209000956,0.0,1.568867166992277,16.63354141698801
2026-07-15T13:17:35,KNN-IC,Parkinson,0.4,0,0,3,0.881578947368421,19.00760091599659,0.8074349999951664,0.4710720840084832,20.286112250003498
2026-07-15T13:17:39,Mean-IC,Parkinson,0.4,0,0,10,0.8157894736842105,3.5563260829949286,0.011811167001724243,0.371193958009826,3.939335333998315
2026-07-15T13:17:56,KNN-Direct,Parkinson,0.4,0,0,3,0.8421052631578947,15.197736583999358,0.0,1.853045708994614,17.050787207990652
2026-07-15T13:18:15,KNN-Direct-Weighted,Parkinson,0.4,0,0,3,0.8552631578947368,17.005804665997857,0.0,1.765302249987144,18.77111241701641
2026-07-15T13:18:32,KNN-Direct-Manhattan,Parkinson,0.4,0,0,1,0.9407894736842105,15.100059499993222,0.0,1.555076792021282,16.655142542003887
2026-07-15T13:18:52,KNN-IC,Parkinson,0.4,1,1,1,0.8881578947368421,19.155651582987048,0.625634333002381,0.47197754099033773,20.25326845800737
2026-07-15T13:18:56,Mean-IC,Parkinson,0.4,1,1,4,0.875,3.7780407080135774,0.011834707984235138,0.3710803750145715,4.160959708999144
2026-07-15T13:19:13,KNN-Direct,Parkinson,0.4,1,1,1,0.8618421052631579,15.144197083020117,0.0,1.575004500016803,16.719205667002825
2026-07-15T13:19:32,KNN-Direct-Weighted,Parkinson,0.4,1,1,1,0.868421052631579,17.124640875001205,0.0,1.7624831669963896,18.887129915994592
2026-07-15T13:19:48,KNN-Direct-Manhattan,Parkinson,0.4,1,1,1,0.9342105263157895,14.940028792014346,0.0,1.5493936670245603,16.48942845899728
2026-07-15T13:20:08,KNN-IC,Parkinson,0.4,2,2,2,0.868421052631579,18.992035875009606,0.7144090829824563,0.4746433749969583,20.181092624989105
2026-07-15T13:20:12,Mean-IC,Parkinson,0.4,2,2,1,0.8618421052631579,3.7191060000041034,0.011873082985403016,0.37062375000095926,4.101606833020924
2026-07-15T13:20:27,KNN-Direct,Parkinson,0.4,2,2,3,0.8092105263157895,15.294072457996663,0.0,1.5765226660005283,16.870600499998545
2026-07-15T13:20:46,KNN-Direct-Weighted,Parkinson,0.4,2,2,4,0.8486842105263158,16.986966041004052,0.0,1.7653225829999428,18.752293041005032
2026-07-15T13:21:03,KNN-Direct-Manhattan,Parkinson,0.4,2,2,1,0.9210526315789473,15.114453958987724,0.0,1.557313041004818,16.671772667003097
2026-07-15T13:21:22,KNN-IC,Parkinson,0.4,3,3,1,0.8486842105263158,18.42310466701747,0.6197127920167986,0.47609904198907316,19.518920417001937
2026-07-15T13:21:26,Mean-IC,Parkinson,0.4,3,3,14,0.7697368421052632,3.698052749998169,0.011812792014097795,0.371236625011079,4.081106958008604
2026-07-15T13:21:43,KNN-Direct,Parkinson,0.4,3,3,4,0.8289473684210527,15.331574624986388,0.0,1.57535800000187,16.906937207997544
2026-07-15T13:22:02,KNN-Direct-Weighted,Parkinson,0.4,3,3,1,0.8289473684210527,16.99814049998531,0.0,1.7647705000126734,18.762917459011078
2026-07-15T13:22:19,KNN-Direct-Manhattan,Parkinson,0.4,3,3,1,0.9210526315789473,14.990323500009254,0.0,1.5553762080089655,16.545705250027822
2026-07-15T13:22:39,KNN-IC,Parkinson,0.4,4,4,1,0.8355263157894737,18.923857709014555,0.6242487920098938,0.4746032919792924,20.022714125021594
2026-07-15T13:22:42,Mean-IC,Parkinson,0.4,4,4,1,0.8552631578947368,3.5643897080153693,0.011727584002073854,0.3716375420044642,3.9477588750014547
2026-07-15T13:22:59,KNN-Direct,Parkinson,0.4,4,4,1,0.8421052631578947,15.127308666997124,0.0,1.5734666250064038,16.700780208979268
2026-07-15T13:23:18,KNN-Direct-Weighted,Parkinson,0.4,4,4,1,0.8355263157894737,16.85692824999569,0.0,1.7640303340158425,18.62096400000155
2026-07-15T13:23:34,KNN-Direct-Manhattan,Parkinson,0.4,4,4,1,0.9407894736842105,14.92883229200379,0.0,1.5521857499843463,16.48102375000599
2026-07-15T13:23:54,KNN-IC,Parkinson,0.4,5,5,2,0.8881578947368421,18.82505325000966,0.7268041249772068,0.4808301660232246,20.032691667001927
2026-07-15T13:23:58,Mean-IC,Parkinson,0.4,5,5,1,0.868421052631579,3.5543190000171307,0.011826709000160918,0.3716758330119774,3.9378269169828855
2026-07-15T13:24:15,KNN-Direct,Parkinson,0.4,5,5,4,0.881578947368421,15.168462583009386,0.0,1.5782835000136402,16.74675079199369
2026-07-15T13:24:34,KNN-Direct-Weighted,Parkinson,0.4,5,5,4,0.881578947368421,17.118484583013924,0.0,1.7634380410017911,18.881928291986696
2026-07-15T13:24:50,KNN-Direct-Manhattan,Parkinson,0.4,5,5,1,0.9473684210526315,14.970618040999398,0.0,1.5546905410010368,16.525314124999568
2026-07-15T13:25:12,KNN-IC,Parkinson,0.4,6,6,2,0.868421052631579,19.207677083992166,0.7770471669791732,1.86834462499246,21.853097792016342
2026-07-15T13:25:16,Mean-IC,Parkinson,0.4,6,6,4,0.8552631578947368,3.66881766699953,0.011965542013058439,0.37113162499736063,4.0519208750047255
2026-07-15T13:25:33,KNN-Direct,Parkinson,0.4,6,6,1,0.8289473684210527,15.398508999991463,0.0,1.5851552080130205,16.98366895801155
2026-07-15T13:25:52,KNN-Direct-Weighted,Parkinson,0.4,6,6,1,0.8223684210526315,17.250191917002667,0.0,1.769571790995542,19.019770374987274
2026-07-15T13:26:09,KNN-Direct-Manhattan,Parkinson,0.4,6,6,1,0.9078947368421053,15.056546458014054,0.0,1.5605992090131622,16.617151291982736
2026-07-15T13:26:30,KNN-IC,Parkinson,0.4,7,7,8,0.8289473684210527,19.535099500004435,1.4163667499960866,0.47398083299049176,21.425452625000617
2026-07-15T13:26:34,Mean-IC,Parkinson,0.4,7,7,4,0.8026315789473685,3.56382445798954,0.011786874994868413,0.371008707996225,3.9466234169958625
2026-07-15T13:26:51,KNN-Direct,Parkinson,0.4,7,7,1,0.868421052631579,15.205758541997056,0.0,1.5769775419903453,16.782739457994467
2026-07-15T13:27:10,KNN-Direct-Weighted,Parkinson,0.4,7,7,1,0.875,17.098532000003615,0.0,1.7699821249989327,18.86851933298749
2026-07-15T13:27:27,KNN-Direct-Manhattan,Parkinson,0.4,7,7,4,0.8881578947368421,14.999660875007976,0.0,1.560411333979573,16.560078582988353
2026-07-15T13:27:46,KNN-IC,Parkinson,0.4,8,8,1,0.881578947368421,18.77810770898941,0.6262777920055669,0.4733865829766728,19.877776750014164
2026-07-15T13:27:51,Mean-IC,Parkinson,0.4,8,8,3,0.8421052631578947,3.7776937499875203,0.011737500026356429,0.3711120829975698,4.160547375009628
2026-07-15T13:28:07,KNN-Direct,Parkinson,0.4,8,8,1,0.868421052631579,15.178762458992423,0.0,1.5777880839887075,16.75655525000184
2026-07-15T13:28:26,KNN-Direct-Weighted,Parkinson,0.4,8,8,1,0.8881578947368421,17.11177933399449,0.0,1.764612707978813,18.876398542022798
2026-07-15T13:28:43,KNN-Direct-Manhattan,Parkinson,0.4,8,8,1,0.9276315789473685,14.96083312499104,0.0,1.5597965419874527,16.520635708002374
2026-07-15T13:29:03,KNN-IC,Parkinson,0.4,9,9,2,0.8881578947368421,19.027692083996953,0.7219307079794817,0.48040000000037253,20.23002733301837
2026-07-15T13:29:07,Mean-IC,Parkinson,0.4,9,9,1,0.9013157894736842,3.5822607500012964,0.011755333020118997,0.3723268749890849,3.966347624984337
2026-07-15T13:29:24,KNN-Direct,Parkinson,0.4,9,9,1,0.8881578947368421,15.219670999998925,0.0,1.5765708330145571,16.796246290992713
2026-07-15T13:29:43,KNN-Direct-Weighted,Parkinson,0.4,9,9,4,0.8881578947368421,17.131367541995132,0.0,1.7649997909902595,18.89637262499309
2026-07-15T13:29:59,KNN-Direct-Manhattan,Parkinson,0.4,9,9,1,0.9473684210526315,15.001425041991752,0.0,1.5550363750080578,16.55646833399078
2026-07-15T13:30:19,KNN-IC,Parkinson,0.4,10,10,1,0.881578947368421,18.74170008400688,0.6227184169983957,0.472480208001798,19.83690258397837
2026-07-15T13:30:23,Mean-IC,Parkinson,0.4,10,10,1,0.8552631578947368,3.562317834002897,0.01173012499930337,0.37122645901399665,3.945278250001138
2026-07-15T13:30:40,KNN-Direct,Parkinson,0.4,10,10,1,0.9078947368421053,15.12509025001782,0.0,1.8415767079859506,16.966672292008298
2026-07-15T13:30:59,KNN-Direct-Weighted,Parkinson,0.4,10,10,4,0.8881578947368421,16.963889333012048,0.0,1.761161333997734,18.725056458002655
2026-07-15T13:31:15,KNN-Direct-Manhattan,Parkinson,0.4,10,10,1,0.9276315789473685,15.0856095830095,0.0,1.5602255830017384,16.645841084013227
2026-07-15T13:31:36,KNN-IC,Parkinson,0.4,11,11,8,0.8223684210526315,18.977685374993598,1.4860185419966,0.4768340839946177,20.940542416996323
2026-07-15T13:31:41,Mean-IC,Parkinson,0.4,11,11,1,0.7828947368421053,3.8237016249913722,0.011762166977860034,0.3719531249953434,4.207420249993447
2026-07-15T13:31:57,KNN-Direct,Parkinson,0.4,11,11,1,0.8355263157894737,15.18444450001698,0.0,1.575669707992347,16.760118792008143
2026-07-15T13:32:16,KNN-Direct-Weighted,Parkinson,0.4,11,11,1,0.8223684210526315,17.112335334008094,0.0,1.7690631670120638,18.881403999985196
2026-07-15T13:32:33,KNN-Direct-Manhattan,Parkinson,0.4,11,11,1,0.9144736842105263,14.98601991700707,0.0,1.5528439999907278,16.538868915988132
2026-07-15T13:32:53,KNN-IC,Parkinson,0.4,12,12,4,0.8618421052631579,18.868233042012434,1.4023898330051452,0.4750386670057196,20.745667000010144
2026-07-15T13:32:57,Mean-IC,Parkinson,0.4,12,12,1,0.875,3.557887875009328,0.011647916020592675,0.3739080420054961,3.9434474169975147
2026-07-15T13:33:14,KNN-Direct,Parkinson,0.4,12,12,1,0.8552631578947368,15.163796915992862,0.0,1.5761331670219079,16.73993470799178
2026-07-15T13:33:33,KNN-Direct-Weighted,Parkinson,0.4,12,12,3,0.8486842105263158,17.120950999989873,0.0,1.7644892089883797,18.885446415981278
2026-07-15T13:33:50,KNN-Direct-Manhattan,Parkinson,0.4,12,12,1,0.9407894736842105,14.972451833018567,0.0,1.5529940410051495,16.525451166002313
2026-07-15T13:34:11,KNN-IC,Parkinson,0.4,13,13,10,0.8223684210526315,19.304643833020236,1.3585872080002446,0.472444415994687,21.135679707978852
2026-07-15T13:34:15,Mean-IC,Parkinson,0.4,13,13,1,0.8552631578947368,3.5632514580211136,0.011864999978570268,0.38047362500219606,3.9555959590070415
2026-07-15T13:34:31,KNN-Direct,Parkinson,0.4,13,13,1,0.868421052631579,15.180968583998038,0.0,1.5728057920059655,16.753779458987992
2026-07-15T13:34:50,KNN-Direct-Weighted,Parkinson,0.4,13,13,4,0.868421052631579,17.124148166010855,0.0,1.7627138340030797,18.88686766597675
2026-07-15T13:35:07,KNN-Direct-Manhattan,Parkinson,0.4,13,13,3,0.881578947368421,14.950911624997389,0.0,1.5520577920251526,16.502974416012876
2026-07-15T13:35:26,KNN-IC,Parkinson,0.4,14,14,2,0.9210526315789473,18.426068375003524,0.7145157500053756,0.475051874993369,19.615639958996326
2026-07-15T13:35:30,Mean-IC,Parkinson,0.4,14,14,1,0.8486842105263158,3.549098958988907,0.011825041990960017,0.370909416989889,3.9318379160249606
2026-07-15T13:35:47,KNN-Direct,Parkinson,0.4,14,14,1,0.9210526315789473,15.180166125006508,0.0,1.5790714579925407,16.75924166702316
2026-07-15T13:36:06,KNN-Direct-Weighted,Parkinson,0.4,14,14,1,0.9210526315789473,17.150875542021822,0.0,1.767817207990447,18.9186985839915
2026-07-15T13:36:23,KNN-Direct-Manhattan,Parkinson,0.4,14,14,1,0.9473684210526315,14.984941667004023,0.0,1.5555947909888346,16.54054233300849
2026-07-15T13:36:43,KNN-IC,Parkinson,0.4,15,15,4,0.8881578947368421,18.6189592909941,1.3771791660110466,0.4726715410070028,20.468814583000494
2026-07-15T13:36:47,Mean-IC,Parkinson,0.4,15,15,1,0.8552631578947368,3.550645374984015,0.011781833018176258,0.3714580409869086,3.93388983400655
2026-07-15T13:37:04,KNN-Direct,Parkinson,0.4,15,15,1,0.9013157894736842,15.191628500004299,0.0,1.5774959999835119,16.769129125023028
2026-07-15T13:37:23,KNN-Direct-Weighted,Parkinson,0.4,15,15,1,0.8947368421052632,17.101410999981454,0.0,1.765802125009941,18.86721879200195
2026-07-15T13:37:39,KNN-Direct-Manhattan,Parkinson,0.4,15,15,1,0.9671052631578947,14.967340790986782,0.0,1.5514099999854807,16.518755624972982
2026-07-15T13:38:00,KNN-IC,Parkinson,0.4,16,16,4,0.8947368421052632,19.08602108299965,1.4129353750031441,0.4721829579793848,20.9711440000101
2026-07-15T13:38:04,Mean-IC,Parkinson,0.4,16,16,3,0.8355263157894737,3.556691582984058,0.011743292008759454,0.37167808300000615,3.940116916986881
2026-07-15T13:38:21,KNN-Direct,Parkinson,0.4,16,16,4,0.881578947368421,15.094801375002135,0.0,1.5751394590188283,16.669945542002097
2026-07-15T13:38:40,KNN-Direct-Weighted,Parkinson,0.4,16,16,4,0.8881578947368421,17.058708500000648,0.0,1.7652482920093462,18.823962875001598
2026-07-15T13:38:56,KNN-Direct-Manhattan,Parkinson,0.4,16,16,1,0.9144736842105263,14.954923457989935,0.0,1.556925874989247,16.511855250020744
2026-07-15T13:39:15,KNN-IC,Parkinson,0.4,17,17,1,0.8223684210526315,17.837532540987013,0.6182121660094708,0.47570149999228306,18.93145504198037
2026-07-15T13:39:19,Mean-IC,Parkinson,0.4,17,17,1,0.8552631578947368,3.5613971250131726,0.01195799998822622,0.3707157080061734,3.94407416600734
2026-07-15T13:39:36,KNN-Direct,Parkinson,0.4,17,17,4,0.8355263157894737,15.176030500006163,0.0,1.5763302499835845,16.75236491698888
2026-07-15T13:39:55,KNN-Direct-Weighted,Parkinson,0.4,17,17,4,0.8355263157894737,17.129920124978526,0.0,1.7700628749735188,18.899987334007164
2026-07-15T13:40:11,KNN-Direct-Manhattan,Parkinson,0.4,17,17,1,0.8881578947368421,14.999868500017328,0.0,1.5570350420020986,16.55690858300659
2026-07-15T13:40:32,KNN-IC,Parkinson,0.4,18,18,3,0.8618421052631579,19.04328495799564,0.8063134170079138,0.47561541601317003,20.32521829198231
2026-07-15T13:40:36,Mean-IC,Parkinson,0.4,18,18,6,0.8355263157894737,3.5544743750069756,0.012067292002029717,0.371868208021624,3.938413458992727
2026-07-15T13:40:52,KNN-Direct,Parkinson,0.4,18,18,3,0.881578947368421,15.185528290981892,0.0,1.5775429579953197,16.763078791991575
2026-07-15T13:41:11,KNN-Direct-Weighted,Parkinson,0.4,18,18,8,0.881578947368421,17.097788165992824,0.0,1.765077249991009,18.86287045798963
2026-07-15T13:41:28,KNN-Direct-Manhattan,Parkinson,0.4,18,18,1,0.9473684210526315,14.983117874973686,0.0,1.5549937920004595,16.53811795799993
2026-07-15T13:41:48,KNN-IC,Parkinson,0.4,19,19,1,0.881578947368421,19.344933000014862,0.6251376250002068,0.4720107080065645,20.44208583398722
2026-07-15T13:41:52,Mean-IC,Parkinson,0.4,19,19,1,0.8618421052631579,3.5624229589884635,0.01183950001723133,0.37240041702170856,3.9466662920021918
2026-07-15T13:42:09,KNN-Direct,Parkinson,0.4,19,19,1,0.8947368421052632,15.15873962501064,0.0,1.572172208019765,16.730916125001386
2026-07-15T13:42:28,KNN-Direct-Weighted,Parkinson,0.4,19,19,1,0.9078947368421053,17.077189417002955,0.0,1.7645844579965342,18.841779584006872
2026-07-15T13:42:44,KNN-Direct-Manhattan,Parkinson,0.4,19,19,1,0.9210526315789473,14.957943125016754,0.0,1.5537987079878803,16.511746375006624
2026-07-15T13:43:04,KNN-IC,Parkinson,0.4,20,20,2,0.8486842105263158,18.3664482080203,0.721487040980719,0.4764675409824122,19.56440683300025
2026-07-15T13:43:08,Mean-IC,Parkinson,0.4,20,20,5,0.7828947368421053,3.559016499988502,0.011892082984559238,0.37143679201835766,3.9423491249908693
2026-07-15T13:43:24,KNN-Direct,Parkinson,0.4,20,20,1,0.8618421052631579,15.193011167022632,0.0,1.5812913340050727,16.774307791987667
2026-07-15T13:43:43,KNN-Direct-Weighted,Parkinson,0.4,20,20,1,0.868421052631579,17.094259042001795,0.0,1.766742209001677,18.86100695899222
2026-07-15T13:44:00,KNN-Direct-Manhattan,Parkinson,0.4,20,20,1,0.9210526315789473,15.028551124996739,0.0,1.5605267909995746,16.58908262499608
2026-07-15T13:44:20,KNN-IC,Parkinson,0.4,21,21,1,0.8947368421052632,19.008115292002913,0.6301656669820659,0.47373445800621994,20.112019082996994
2026-07-15T13:44:24,Mean-IC,Parkinson,0.4,21,21,1,0.8289473684210527,3.55946866699378,0.01169541699346155,0.3706389580038376,3.9418067499937024
2026-07-15T13:44:41,KNN-Direct,Parkinson,0.4,21,21,1,0.8552631578947368,15.23011674999725,0.0,1.816255458019441,17.046375167003134
2026-07-15T13:45:00,KNN-Direct-Weighted,Parkinson,0.4,21,21,1,0.8223684210526315,17.007671667000977,0.0,1.7660036250017583,18.773680167010752
2026-07-15T13:45:16,KNN-Direct-Manhattan,Parkinson,0.4,21,21,1,0.9407894736842105,15.099154916999396,0.0,1.555130166001618,16.65429120900808
2026-07-15T13:45:37,KNN-IC,Parkinson,0.4,22,22,1,0.8486842105263158,19.072565624985145,0.6177022090123501,0.47400458302581683,20.1642775410146
2026-07-15T13:45:41,Mean-IC,Parkinson,0.4,22,22,1,0.868421052631579,3.848493833007524,0.0119533330143895,0.3697110409848392,4.230161958024837
2026-07-15T13:45:58,KNN-Direct,Parkinson,0.4,22,22,4,0.8618421052631579,15.142028959002346,0.0,1.577267207991099,16.719300708995434
2026-07-15T13:46:17,KNN-Direct-Weighted,Parkinson,0.4,22,22,4,0.8618421052631579,17.144776083005127,0.0,1.7660096249892376,18.910792083013803
2026-07-15T13:46:33,KNN-Direct-Manhattan,Parkinson,0.4,22,22,4,0.9342105263157895,14.924344125000061,0.0,1.5509457500011194,16.475295584008563
2026-07-15T13:46:54,KNN-IC,Parkinson,0.4,23,23,9,0.8092105263157895,19.20342824998079,1.4488958330184687,0.47897637498681433,21.131304833019385
2026-07-15T13:46:58,Mean-IC,Parkinson,0.4,23,23,15,0.8026315789473685,3.5558505420049187,0.01170491598895751,0.37120783398859203,3.9387665840040427
2026-07-15T13:47:15,KNN-Direct,Parkinson,0.4,23,23,1,0.8552631578947368,15.193658125004731,0.0,1.5775147079839371,16.771176624984946
2026-07-15T13:47:34,KNN-Direct-Weighted,Parkinson,0.4,23,23,1,0.868421052631579,17.14167849998921,0.0,1.7696718749939464,18.91135545898578
2026-07-15T13:47:50,KNN-Direct-Manhattan,Parkinson,0.4,23,23,1,0.9210526315789473,14.984252875001403,0.0,1.5526097080146428,16.5368684999994
2026-07-15T13:48:11,KNN-IC,Parkinson,0.4,24,24,2,0.8486842105263158,19.070404458994744,0.7168169169744942,0.4747948330186773,20.26202049999847
2026-07-15T13:48:15,Mean-IC,Parkinson,0.4,24,24,1,0.8618421052631579,3.567209750006441,0.011715416010702029,0.3725455410021823,3.9514743339968845
2026-07-15T13:48:31,KNN-Direct,Parkinson,0.4,24,24,1,0.875,15.182595624995884,0.0,1.5754976659954991,16.7580978749902
2026-07-15T13:48:50,KNN-Direct-Weighted,Parkinson,0.4,24,24,1,0.881578947368421,17.11094045799109,0.0,1.7782396670081653,18.889185833977535
2026-07-15T13:57:06,KNN-Direct-Manhattan,Parkinson,0.4,24,24,1,0.9473684210526315,15.333928209001897,0.0,1.556704707996687,16.890638582990505
2026-07-15T14:02:55,KNN-IC,Parkinson,0.4,25,25,2,0.8552631578947368,19.45042670800467,0.7174766660027672,0.48156966600799933,20.64947916698293
2026-07-15T14:03:05,Mean-IC,Parkinson,0.4,25,25,1,0.8618421052631579,3.7910850000043865,0.01194062500144355,0.3748579169914592,4.177887333004037
2026-07-15T14:04:46,KNN-Direct,Parkinson,0.4,25,25,1,0.8552631578947368,15.581994499982102,0.0,1.5835640410077758,17.165562208014308
2026-07-15T14:05:06,KNN-Direct-Weighted,Parkinson,0.4,25,25,6,0.8421052631578947,17.246006208006293,0.0,1.7812269580026623,19.027238042006502
2026-07-15T14:07:23,KNN-Direct-Manhattan,Parkinson,0.4,25,25,1,0.9342105263157895,15.590281999990111,0.0,1.7717957089771517,17.362086959008593
2026-07-15T14:12:11,KNN-IC,Parkinson,0.4,26,26,4,0.8421052631578947,19.916543583007297,1.555459625000367,0.47972029200172983,21.95172970899148
2026-07-15T14:12:15,Mean-IC,Parkinson,0.4,26,26,1,0.8552631578947368,3.5730732909869403,0.012662499997531995,0.37093899998581037,3.95667987500201
2026-07-15T14:12:32,KNN-Direct,Parkinson,0.4,26,26,1,0.8618421052631579,15.4322261250054,0.0,1.5788593750039581,17.01108925000881
2026-07-15T14:12:51,KNN-Direct-Weighted,Parkinson,0.4,26,26,1,0.868421052631579,17.352295249991585,0.0,1.7767832079844084,19.129083333013114
2026-07-15T14:13:08,KNN-Direct-Manhattan,Parkinson,0.4,26,26,1,0.9342105263157895,15.254683083010605,0.0,1.5982515000214335,16.852939083008096
2026-07-15T14:13:28,KNN-IC,Parkinson,0.4,27,27,2,0.8486842105263158,18.942715166980634,0.7117499170126393,0.475587708002422,20.130063332995633
2026-07-15T14:13:32,Mean-IC,Parkinson,0.4,27,27,1,0.8026315789473685,3.5610024170018733,0.01234004198340699,0.37635370800853707,3.949701334000565
2026-07-15T14:13:49,KNN-Direct,Parkinson,0.4,27,27,1,0.8092105263157895,15.226537583017489,0.0,1.5966879159968812,16.823229915986303
2026-07-15T14:14:08,KNN-Direct-Weighted,Parkinson,0.4,27,27,1,0.8223684210526315,17.346419124980457,0.0,1.777816250018077,19.124240667006234
2026-07-15T14:14:25,KNN-Direct-Manhattan,Parkinson,0.4,27,27,1,0.9473684210526315,15.351356875005877,0.0,1.5656601659720764,16.917022792011267
2026-07-15T14:14:46,KNN-IC,Parkinson,0.4,28,28,2,0.881578947368421,20.50271229201462,0.7343035840021912,0.47414920799201354,21.711169917020015
2026-07-15T14:14:50,Mean-IC,Parkinson,0.4,28,28,1,0.8355263157894737,3.56830508299754,0.01189054100541398,0.3723814169934485,3.952581207995536
2026-07-15T14:15:07,KNN-Direct,Parkinson,0.4,28,28,3,0.8618421052631579,15.460538999992423,0.0,1.6060872499947436,17.066631124995183
2026-07-15T14:15:27,KNN-Direct-Weighted,Parkinson,0.4,28,28,1,0.875,17.330431999987923,0.0,1.7655257500009611,19.095968540990725
2026-07-15T14:15:43,KNN-Direct-Manhattan,Parkinson,0.4,28,28,1,0.9210526315789473,15.152445542014902,0.0,1.6104077500058338,16.762858417001553
2026-07-15T14:16:05,KNN-IC,Parkinson,0.4,29,29,2,0.8421052631578947,20.356146166013787,0.7334944579924922,0.47901729101431556,21.56866474999697
2026-07-15T14:16:09,Mean-IC,Parkinson,0.4,29,29,3,0.7763157894736842,3.6469160419947,0.01190679200226441,0.37937725000665523,4.038207500008866
2026-07-15T14:16:27,KNN-Direct,Parkinson,0.4,29,29,3,0.8223684210526315,16.75927154198871,0.0,1.6625771669787355,18.421852541010594
2026-07-15T14:16:46,KNN-Direct-Weighted,Parkinson,0.4,29,29,3,0.8223684210526315,17.294176333991345,0.0,1.7596426669915672,19.05384370801039
2026-07-15T14:17:03,KNN-Direct-Manhattan,Parkinson,0.4,29,29,1,0.9342105263157895,15.226745749998372,0.0,1.5959141250059474,16.822666041000048
2026-07-15T14:17:24,KNN-IC,Parkinson,0.4,30,30,6,0.8486842105263158,19.2011924579856,1.415224833006505,0.4816184169903863,21.09804145799717
2026-07-15T14:17:28,Mean-IC,Parkinson,0.4,30,30,4,0.8421052631578947,3.5620742079918273,0.012014083011308685,0.36857179200160317,3.9426633749972098
2026-07-15T14:17:45,KNN-Direct,Parkinson,0.4,30,30,1,0.868421052631579,15.428455750021385,0.0,1.5806832080124877,17.00914416697924
2026-07-15T14:18:04,KNN-Direct-Weighted,Parkinson,0.4,30,30,1,0.8618421052631579,17.188054875005037,0.0,1.7690074169950094,18.957068415998947
2026-07-15T14:18:21,KNN-Direct-Manhattan,Parkinson,0.4,30,30,1,0.9210526315789473,15.1575878750009,0.0,1.5586354589904658,16.716229957994074
2026-07-15T14:18:41,KNN-IC,Parkinson,0.4,31,31,2,0.8355263157894737,18.89763520800625,0.7222856660082471,0.4737298749969341,20.093654415977653
2026-07-15T14:18:45,Mean-IC,Parkinson,0.4,31,31,1,0.7763157894736842,3.5716635420103557,0.011893457995029166,0.3702140419918578,3.9537751659809146
2026-07-15T14:19:02,KNN-Direct,Parkinson,0.4,31,31,1,0.881578947368421,15.399706875003176,0.0,1.5743275419808924,16.974039583001286
2026-07-15T14:19:21,KNN-Direct-Weighted,Parkinson,0.4,31,31,3,0.8092105263157895,17.003272499976447,0.0,1.7688117910001893,18.772090542013757
2026-07-15T14:19:37,KNN-Direct-Manhattan,Parkinson,0.4,31,31,1,0.9473684210526315,15.089832249999745,0.0,1.5567657079955097,16.6466081670078
2026-07-15T14:19:56,KNN-IC,Parkinson,0.4,32,32,2,0.9013157894736842,17.608644958003424,0.7222058330080472,0.47854666601051576,18.809403832972748
2026-07-15T14:20:00,Mean-IC,Parkinson,0.4,32,32,1,0.9013157894736842,3.560788291011704,0.01188770798034966,0.3720724589948077,3.9447569999902043
2026-07-15T14:20:17,KNN-Direct,Parkinson,0.4,32,32,1,0.9276315789473685,15.329252166004153,0.0,1.5822749999933876,16.911531958990963
2026-07-15T14:20:36,KNN-Direct-Weighted,Parkinson,0.4,32,32,1,0.9210526315789473,17.001542707992485,0.0,1.7741199169831816,18.775669167021988
2026-07-15T14:20:53,KNN-Direct-Manhattan,Parkinson,0.4,32,32,1,0.9342105263157895,15.152846792014316,0.0,1.560891042026924,16.71374345800723
2026-07-15T14:21:12,KNN-IC,Parkinson,0.4,33,33,2,0.875,18.30708962501376,0.7351470830035396,0.4739685419772286,19.51620974999969
2026-07-15T14:21:16,Mean-IC,Parkinson,0.4,33,33,3,0.8289473684210527,3.5474548330239486,0.011752958002034575,0.37183424999238923,3.931046832993161
2026-07-15T14:21:33,KNN-Direct,Parkinson,0.4,33,33,1,0.9210526315789473,15.331405749981059,0.0,1.5794281660055276,16.910837917006575
2026-07-15T14:21:52,KNN-Direct-Weighted,Parkinson,0.4,33,33,4,0.9013157894736842,17.012835875008022,0.0,1.7711880000133533,18.784030375012662
2026-07-15T14:22:08,KNN-Direct-Manhattan,Parkinson,0.4,33,33,1,0.9210526315789473,15.117981292016339,0.0,1.5605235840193927,16.678510416997597
2026-07-15T14:22:29,KNN-IC,Parkinson,0.4,34,34,2,0.8947368421052632,18.982681291992776,0.7154854169930331,0.467993917001877,20.166164416994434
2026-07-15T14:22:33,Mean-IC,Parkinson,0.4,34,34,1,0.8223684210526315,3.5631720420205966,0.011800584004959092,0.370901624992257,3.9458778749976773
2026-07-15T14:22:49,KNN-Direct,Parkinson,0.4,34,34,1,0.9210526315789473,15.341841667017434,0.0,1.5749793750001118,16.916825709020486
2026-07-15T14:23:08,KNN-Direct-Weighted,Parkinson,0.4,34,34,1,0.9144736842105263,17.00167254198459,0.0,1.7680140000011306,18.769692542002304
2026-07-15T14:23:25,KNN-Direct-Manhattan,Parkinson,0.4,34,34,1,0.9473684210526315,15.064731292019133,0.0,1.5551979579904582,16.61993600000278
2026-07-15T14:23:45,KNN-IC,Parkinson,0.4,35,35,1,0.881578947368421,19.036729957995703,0.628480249986751,0.47464091700385325,20.139858000009554
2026-07-15T14:23:49,Mean-IC,Parkinson,0.4,35,35,1,0.868421052631579,3.557230625010561,0.01210137500311248,0.5135395839752164,4.082879416004289
2026-07-15T14:24:06,KNN-Direct,Parkinson,0.4,35,35,4,0.8618421052631579,15.328818084002705,0.0,1.578688667010283,16.907511916011572
2026-07-15T14:24:25,KNN-Direct-Weighted,Parkinson,0.4,35,35,1,0.875,17.120972167002037,0.0,1.7734704169852193,18.894448042003205
2026-07-15T14:24:41,KNN-Direct-Manhattan,Parkinson,0.4,35,35,3,0.9144736842105263,14.997751207993133,0.0,1.5568331250105985,16.55458950001048
2026-07-15T14:25:02,KNN-IC,Parkinson,0.4,36,36,1,0.8092105263157895,19.132144833012717,0.6131066659872886,0.47401862501283176,20.219274457980646
2026-07-15T14:25:06,Mean-IC,Parkinson,0.4,36,36,1,0.7828947368421053,3.7466272919846233,0.011821000021882355,0.36783766601001844,4.126289333013119
2026-07-15T14:25:23,KNN-Direct,Parkinson,0.4,36,36,4,0.8223684210526315,15.377415958006168,0.0,1.579757667001104,16.957177750009578
2026-07-15T14:25:42,KNN-Direct-Weighted,Parkinson,0.4,36,36,4,0.8289473684210527,17.023371750023216,0.0,1.7663216249784455,18.789698417007457
2026-07-15T14:25:58,KNN-Direct-Manhattan,Parkinson,0.4,36,36,1,0.8947368421052632,15.103326832992025,0.0,1.556047041027341,16.659378999989713
2026-07-15T14:26:18,KNN-IC,Parkinson,0.4,37,37,4,0.881578947368421,17.44355929197627,1.4546897920081392,0.47222812499967404,19.370481541991467
2026-07-15T14:26:22,Mean-IC,Parkinson,0.4,37,37,4,0.8552631578947368,3.8857848750194535,0.011941167002078146,0.3718169170024339,4.26954704200034
2026-07-15T14:26:39,KNN-Direct,Parkinson,0.4,37,37,1,0.9144736842105263,15.158080916997278,0.0,1.5781191249843687,16.73620512499474
2026-07-15T14:26:58,KNN-Direct-Weighted,Parkinson,0.4,37,37,1,0.9013157894736842,17.14743737500976,0.0,1.7680006659938954,18.915444582991768
2026-07-15T14:27:14,KNN-Direct-Manhattan,Parkinson,0.4,37,37,1,0.9276315789473685,14.918801624997286,0.0,1.5505672919971403,16.469374375010375
2026-07-15T14:27:33,KNN-IC,Parkinson,0.4,38,38,3,0.875,17.74769008299336,0.8120887080149259,0.4734875419817399,19.03327262500534
2026-07-15T14:27:37,Mean-IC,Parkinson,0.4,38,38,4,0.881578947368421,3.705135583993979,0.011966582998866215,0.3728448749752715,4.089950666006189
2026-07-15T14:27:54,KNN-Direct,Parkinson,0.4,38,38,4,0.8947368421052632,15.316126541991252,0.0,1.5767358749872074,16.89286700001685
2026-07-15T14:28:13,KNN-Direct-Weighted,Parkinson,0.4,38,38,1,0.8947368421052632,16.983769958023913,0.0,1.7706196670187637,18.754395708005177
2026-07-15T14:28:29,KNN-Direct-Manhattan,Parkinson,0.4,38,38,1,0.9144736842105263,15.083711750019575,0.0,1.5540642919950187,16.63778270801413
2026-07-15T14:28:50,KNN-IC,Parkinson,0.4,39,39,2,0.881578947368421,19.046036666986765,0.7199269169941545,0.4769808749842923,20.242949125007726
2026-07-15T14:28:54,Mean-IC,Parkinson,0.4,39,39,1,0.7960526315789473,3.5668118339963257,0.011946417012950405,0.37271487500402145,3.9514764999912586
2026-07-15T14:29:11,KNN-Direct,Parkinson,0.4,39,39,1,0.8947368421052632,15.330719165998744,0.0,1.5737821249931585,16.904505749989767
2026-07-15T14:29:29,KNN-Direct-Weighted,Parkinson,0.4,39,39,1,0.868421052631579,17.07077241697698,0.0,1.7679670419893228,18.83874558401294
2026-07-15T14:29:46,KNN-Direct-Manhattan,Parkinson,0.4,39,39,4,0.9407894736842105,15.173817957984284,0.0,1.5546817079884931,16.728505625011167
2026-07-15T14:30:07,KNN-IC,Parkinson,0.5,0,0,2,0.8618421052631579,19.688895708997734,0.760233832988888,0.4733766249846667,20.92251070801285
2026-07-15T14:30:11,Mean-IC,Parkinson,0.5,0,0,5,0.8486842105263158,3.547984875011025,0.012972457974683493,0.3711609579913784,3.9321233330119867
2026-07-15T14:30:28,KNN-Direct,Parkinson,0.5,0,0,3,0.8486842105263158,15.74869870801922,0.0,1.544489459018223,17.293192334007472
2026-07-15T14:30:47,KNN-Direct-Weighted,Parkinson,0.5,0,0,6,0.8355263157894737,16.634866125008557,0.0,1.72443791598198,18.35930945898872
2026-07-15T14:31:03,KNN-Direct-Manhattan,Parkinson,0.5,0,0,4,0.9144736842105263,14.860086999979103,0.0,1.5159057920100167,16.37599854101427
2026-07-15T14:31:24,KNN-IC,Parkinson,0.5,1,1,1,0.8881578947368421,19.768780874990625,0.6438512919994537,0.47799604100873694,20.89063254199573
2026-07-15T14:31:28,Mean-IC,Parkinson,0.5,1,1,1,0.8092105263157895,3.58219766599359,0.012902749993372709,0.3739775410213042,3.969081458984874
2026-07-15T14:31:44,KNN-Direct,Parkinson,0.5,1,1,1,0.868421052631579,14.9713406249939,0.0,1.5393288339837454,16.51067437499296
2026-07-15T14:32:03,KNN-Direct-Weighted,Parkinson,0.5,1,1,1,0.881578947368421,16.658559250005055,0.0,1.7264585829980206,18.385023707989603
2026-07-15T14:32:19,KNN-Direct-Manhattan,Parkinson,0.5,1,1,1,0.9210526315789473,14.686144125007559,0.0,1.5135371670185123,16.199688332999358
2026-07-15T14:32:40,KNN-IC,Parkinson,0.5,2,2,3,0.8157894736842105,19.845340667001437,0.8532924580213148,0.47701370902359486,21.175651291996473
2026-07-15T14:32:44,Mean-IC,Parkinson,0.5,2,2,3,0.7894736842105263,3.5664638750022277,0.013017541990848258,0.3718180420110002,3.9513030409871135
2026-07-15T14:33:01,KNN-Direct,Parkinson,0.5,2,2,14,0.7960526315789473,14.917166332976194,0.0,1.5376057910034433,16.45477712500724
2026-07-15T14:33:19,KNN-Direct-Weighted,Parkinson,0.5,2,2,5,0.8026315789473685,16.56863449999946,0.0,1.7254399579833262,18.294079417013563
2026-07-15T14:33:36,KNN-Direct-Manhattan,Parkinson,0.5,2,2,1,0.9144736842105263,15.267947625019588,0.0,1.582220000011148,16.850176458014175
2026-07-15T14:33:57,KNN-IC,Parkinson,0.5,3,3,4,0.8355263157894737,19.213121958979173,1.5549837080179714,0.4759469580021687,21.244057416013675
2026-07-15T14:34:01,Mean-IC,Parkinson,0.5,3,3,13,0.7960526315789473,3.6985396670061164,0.013498290994903073,0.3762621250061784,4.088304750010138
2026-07-15T14:34:17,KNN-Direct,Parkinson,0.5,3,3,3,0.8026315789473685,14.8182909580064,0.0,1.532499833003385,16.35080379099236
2026-07-15T14:34:36,KNN-Direct-Weighted,Parkinson,0.5,3,3,13,0.7894736842105263,16.62753891700413,0.0,1.725333500013221,18.352878249977948
2026-07-15T14:34:52,KNN-Direct-Manhattan,Parkinson,0.5,3,3,1,0.9144736842105263,14.708817625010852,0.0,1.5153391659841873,16.224163250008132
2026-07-15T14:35:13,KNN-IC,Parkinson,0.5,4,4,2,0.8421052631578947,19.8394787919824,0.7509669589926489,0.47374495898839086,21.064195667015156
2026-07-15T14:35:17,Mean-IC,Parkinson,0.5,4,4,1,0.8421052631578947,3.552414707985008,0.013041166006587446,0.36936358400271274,3.9348236660007387
2026-07-15T14:35:33,KNN-Direct,Parkinson,0.5,4,4,1,0.8618421052631579,14.9107884579862,0.0,1.5386806250025984,16.449474583991105
2026-07-15T14:35:52,KNN-Direct-Weighted,Parkinson,0.5,4,4,4,0.881578947368421,16.655638166004792,0.0,2.115513208002085,18.771156915987376
2026-07-15T14:36:08,KNN-Direct-Manhattan,Parkinson,0.5,4,4,1,0.9276315789473685,14.713009333994705,0.0,1.5164876249909867,16.229503249982372
2026-07-15T14:36:30,KNN-IC,Parkinson,0.5,5,5,4,0.875,19.525169583997922,1.5998818330117501,0.476738249999471,21.601794582995353
2026-07-15T14:36:34,Mean-IC,Parkinson,0.5,5,5,1,0.8421052631578947,3.564022250007838,0.013198957982240245,0.3719005000020843,3.949126542021986
2026-07-15T14:36:50,KNN-Direct,Parkinson,0.5,5,5,4,0.8618421052631579,14.89161508300458,0.0,1.53379629200208,16.425415791978594
2026-07-15T14:37:09,KNN-Direct-Weighted,Parkinson,0.5,5,5,4,0.868421052631579,16.616676416015252,0.0,1.7245547500206158,18.34123645798536
2026-07-15T14:37:25,KNN-Direct-Manhattan,Parkinson,0.5,5,5,1,0.9342105263157895,14.719687917007832,0.0,1.512288207974052,16.2319826669991
2026-07-15T14:37:46,KNN-IC,Parkinson,0.5,6,6,3,0.8618421052631579,20.034205042000394,0.8619429169921204,0.47212416600086726,21.368276583001716
2026-07-15T14:37:51,Mean-IC,Parkinson,0.5,6,6,1,0.875,3.759657749993494,0.021846165996976197,0.4220344999921508,4.2035431250114925
2026-07-15T14:38:07,KNN-Direct,Parkinson,0.5,6,6,4,0.875,14.748660083016148,0.0,1.5335104589757975,16.282175375003135
2026-07-15T14:38:25,KNN-Direct-Weighted,Parkinson,0.5,6,6,4,0.875,16.700900708994595,0.0,1.7210959579970222,18.42200250001042
2026-07-15T14:38:41,KNN-Direct-Manhattan,Parkinson,0.5,6,6,1,0.9210526315789473,14.534092582995072,0.0,1.5124064169940539,16.04650629198295
2026-07-15T14:39:04,KNN-IC,Parkinson,0.5,7,7,5,0.8355263157894737,20.423656500002835,1.4836722499749158,0.47935766700538807,22.386690541985445
2026-07-15T14:39:08,Mean-IC,Parkinson,0.5,7,7,4,0.7960526315789473,3.7360814590065274,0.012902625021524727,0.37192666600458324,4.120914500002982
2026-07-15T14:39:24,KNN-Direct,Parkinson,0.5,7,7,1,0.8092105263157895,14.897236874996452,0.0,1.533835333015304,16.431076874985592
2026-07-15T14:39:43,KNN-Direct-Weighted,Parkinson,0.5,7,7,1,0.8157894736842105,16.580059542000527,0.0,1.7238745409995317,18.30394025001442
2026-07-15T14:39:59,KNN-Direct-Manhattan,Parkinson,0.5,7,7,1,0.9210526315789473,14.700202917010756,0.0,1.5122836660011671,16.21249199999147
2026-07-15T14:40:20,KNN-IC,Parkinson,0.5,8,8,1,0.8881578947368421,19.53588937499444,0.6537140409927815,0.4759805000212509,20.665588417003164
2026-07-15T14:40:23,Mean-IC,Parkinson,0.5,8,8,4,0.8355263157894737,3.560501750005642,0.01288716698763892,0.37218574999133125,3.945578540995484
2026-07-15T14:40:40,KNN-Direct,Parkinson,0.5,8,8,4,0.881578947368421,14.918793916003779,0.0,1.5377843329915777,16.45658408399322
2026-07-15T14:40:58,KNN-Direct-Weighted,Parkinson,0.5,8,8,1,0.881578947368421,16.61082508400432,0.0,1.7247559999814257,18.335586542001693
2026-07-15T14:41:14,KNN-Direct-Manhattan,Parkinson,0.5,8,8,1,0.9078947368421053,14.713072165992344,0.0,1.5110737919749226,16.224152209004387
2026-07-15T14:41:35,KNN-IC,Parkinson,0.5,9,9,1,0.8881578947368421,19.672532875003526,0.6454938749957364,0.47203429098590277,20.790070957998978
2026-07-15T14:41:39,Mean-IC,Parkinson,0.5,9,9,5,0.8157894736842105,3.5544251249812078,0.013365167018491775,0.3715954170038458,3.939392125001177
2026-07-15T14:41:56,KNN-Direct,Parkinson,0.5,9,9,1,0.881578947368421,14.937372540996876,0.0,1.5304950420104433,16.467872792010894
2026-07-15T14:42:14,KNN-Direct-Weighted,Parkinson,0.5,9,9,1,0.8881578947368421,16.582844999997178,0.0,1.7226036659849342,18.30545479201828
2026-07-15T14:42:30,KNN-Direct-Manhattan,Parkinson,0.5,9,9,4,0.9276315789473685,14.630788790993392,0.0,1.5096831250120886,16.14047829201445
2026-07-15T14:42:52,KNN-IC,Parkinson,0.5,10,10,4,0.8552631578947368,19.467688499978976,1.586934624996502,0.4771357080026064,21.531763459002832
2026-07-15T14:42:56,Mean-IC,Parkinson,0.5,10,10,1,0.8618421052631579,3.554947666998487,0.012931917008245364,0.37198966601863503,3.9398730420216452
2026-07-15T14:43:12,KNN-Direct,Parkinson,0.5,10,10,1,0.8947368421052632,14.8833740830014,0.0,1.5380008750071283,16.42137929101591
2026-07-15T14:43:30,KNN-Direct-Weighted,Parkinson,0.5,10,10,1,0.8618421052631579,16.59498441699543,0.0,1.7243845000048168,18.319375124992803
2026-07-15T14:43:46,KNN-Direct-Manhattan,Parkinson,0.5,10,10,1,0.9671052631578947,14.679184749984415,0.0,1.510674499993911,16.189864708983805
2026-07-15T14:44:08,KNN-IC,Parkinson,0.5,11,11,2,0.8223684210526315,19.821407291019568,0.763424666976789,0.47814712501713075,21.06298304098891
2026-07-15T14:44:12,Mean-IC,Parkinson,0.5,11,11,6,0.8092105263157895,3.5635178750089835,0.01313691702671349,0.37071612500585616,3.9473743330163416
2026-07-15T14:44:28,KNN-Direct,Parkinson,0.5,11,11,4,0.8355263157894737,14.874471874994924,0.0,1.5325676659995224,16.40704399999231
2026-07-15T14:44:46,KNN-Direct-Weighted,Parkinson,0.5,11,11,1,0.7960526315789473,16.59343366700341,0.0,1.725963957986096,18.319404125009896
2026-07-15T14:45:02,KNN-Direct-Manhattan,Parkinson,0.5,11,11,1,0.875,14.693491540994728,0.0,1.5144044999906328,16.20790258300258
2026-07-15T14:45:23,KNN-IC,Parkinson,0.5,12,12,3,0.8486842105263158,19.51321899998584,0.850683750002645,0.4742620420001913,20.838169458002085
2026-07-15T14:45:27,Mean-IC,Parkinson,0.5,12,12,1,0.8552631578947368,3.5976220419979654,0.013435874978313223,0.37104954101960175,3.982116416009376
2026-07-15T14:45:44,KNN-Direct,Parkinson,0.5,12,12,3,0.8486842105263158,14.849223790981341,0.0,1.532734625012381,16.381963041989366
2026-07-15T14:46:02,KNN-Direct-Weighted,Parkinson,0.5,12,12,4,0.875,16.561398249992635,0.0,1.7214653750124853,18.2828696249926
2026-07-15T14:46:18,KNN-Direct-Manhattan,Parkinson,0.5,12,12,1,0.9144736842105263,14.68862599998829,0.0,1.5085295830213,16.197161542018875
2026-07-15T14:46:40,KNN-IC,Parkinson,0.5,13,13,4,0.8355263157894737,19.98609975000727,1.4180095420160796,0.4784002089872956,21.882513666991144
2026-07-15T14:46:44,Mean-IC,Parkinson,0.5,13,13,4,0.8223684210526315,3.5621216669969726,0.01287970901466906,0.3715729159885086,3.9465787090011872
2026-07-15T14:47:01,KNN-Direct,Parkinson,0.5,13,13,3,0.868421052631579,15.28911933299969,0.0,1.5368645829730667,16.82598799999687
2026-07-15T14:47:19,KNN-Direct-Weighted,Parkinson,0.5,13,13,3,0.875,16.74598441598937,0.0,1.7333559169783257,18.479346166015603
2026-07-15T14:47:36,KNN-Direct-Manhattan,Parkinson,0.5,13,13,3,0.9407894736842105,14.714965375023894,0.0,1.5191207500174642,16.23409187499783
2026-07-15T14:47:57,KNN-IC,Parkinson,0.5,14,14,4,0.8947368421052632,19.37566970800981,1.4253894159919582,0.48310245797620155,21.28416720801033
2026-07-15T14:48:01,Mean-IC,Parkinson,0.5,14,14,3,0.8486842105263158,3.5559499580122065,0.0133496250200551,0.3708164999843575,3.9401208749914076
2026-07-15T14:48:17,KNN-Direct,Parkinson,0.5,14,14,3,0.8881578947368421,14.938611875026254,0.0,1.5412422500085086,16.47985858298489
2026-07-15T14:48:36,KNN-Direct-Weighted,Parkinson,0.5,14,14,3,0.881578947368421,16.6826377910038,0.0,1.7325184160145,18.415161541983252
2026-07-15T14:48:52,KNN-Direct-Manhattan,Parkinson,0.5,14,14,1,0.9342105263157895,14.515156292007305,0.0,1.7581619579868857,16.273323333007284
2026-07-15T14:49:13,KNN-IC,Parkinson,0.5,15,15,2,0.9013157894736842,19.572787249984685,0.7653127500088885,0.4764958339801524,20.81460091599729
2026-07-15T14:49:17,Mean-IC,Parkinson,0.5,15,15,5,0.8223684210526315,3.5600844169966877,0.013090291991829872,0.37015600001905113,3.943335040996317
2026-07-15T14:49:33,KNN-Direct,Parkinson,0.5,15,15,4,0.875,14.896063750027679,0.0,1.5363015830225777,16.432369041984202
2026-07-15T14:49:52,KNN-Direct-Weighted,Parkinson,0.5,15,15,1,0.8881578947368421,16.66668754199054,0.0,1.730076709005516,18.396770000021206
2026-07-15T14:50:08,KNN-Direct-Manhattan,Parkinson,0.5,15,15,4,0.9210526315789473,14.687928332976298,0.0,1.511492833000375,16.19942687501316
2026-07-15T14:50:30,KNN-IC,Parkinson,0.5,16,16,4,0.875,19.994814249977935,1.4952245420136023,0.47535245900508016,21.965396166982828
2026-07-15T14:50:34,Mean-IC,Parkinson,0.5,16,16,1,0.868421052631579,3.5675689580093604,0.0130032500019297,0.37163691699970514,3.9522135000152048
2026-07-15T14:50:50,KNN-Direct,Parkinson,0.5,16,16,4,0.875,14.95182008401025,0.0,1.5400112089992035,16.491836083005182
2026-07-15T14:51:09,KNN-Direct-Weighted,Parkinson,0.5,16,16,3,0.875,16.700614625005983,0.0,1.7360935840115417,18.436713458009763
2026-07-15T14:51:25,KNN-Direct-Manhattan,Parkinson,0.5,16,16,1,0.9210526315789473,14.775363916996866,0.0,1.5202271250018384,16.295597166987136
2026-07-15T14:51:45,KNN-IC,Parkinson,0.5,17,17,4,0.8552631578947368,18.656053000013344,1.454772833007155,0.4808320000011008,20.5916633750021
2026-07-15T14:51:49,Mean-IC,Parkinson,0.5,17,17,3,0.7894736842105263,3.553350457979832,0.01289279101183638,0.3698524589999579,3.936100749997422
2026-07-15T14:52:06,KNN-Direct,Parkinson,0.5,17,17,4,0.8421052631578947,14.838890250015538,0.0,1.5414811669907067,16.38037624998833
2026-07-15T14:52:24,KNN-Direct-Weighted,Parkinson,0.5,17,17,4,0.868421052631579,16.696422041015467,0.0,1.7346047920000274,18.431033250002656
2026-07-15T14:52:41,KNN-Direct-Manhattan,Parkinson,0.5,17,17,1,0.9013157894736842,14.708575124997878,0.0,1.581565500004217,16.29014533298323
2026-07-15T14:53:02,KNN-IC,Parkinson,0.5,18,18,6,0.8289473684210527,19.75160620798124,1.5798331249970943,0.4738065830024425,21.805251250014408
2026-07-15T14:53:07,Mean-IC,Parkinson,0.5,18,18,3,0.8223684210526315,3.8481760830036364,0.0177829590102192,0.3909712079912424,4.256935249984963
2026-07-15T14:53:23,KNN-Direct,Parkinson,0.5,18,18,4,0.9078947368421053,14.769711958011612,0.0,1.5378617090173066,16.30757858400466
2026-07-15T14:53:41,KNN-Direct-Weighted,Parkinson,0.5,18,18,5,0.8618421052631579,16.759580999991158,0.0,1.7266616669949144,18.48624737499631
2026-07-15T14:53:57,KNN-Direct-Manhattan,Parkinson,0.5,18,18,1,0.9342105263157895,14.566599957994185,0.0,1.5128582500037737,16.07946350000566
2026-07-15T14:54:19,KNN-IC,Parkinson,0.5,19,19,1,0.8223684210526315,20.20896916699712,0.6499128750001546,0.47961337500601076,21.33850012498442
2026-07-15T14:54:23,Mean-IC,Parkinson,0.5,19,19,3,0.8486842105263158,3.7448825830069836,0.013238040992291644,0.371334208000917,4.129459125018911
2026-07-15T14:54:40,KNN-Direct,Parkinson,0.5,19,19,1,0.8947368421052632,15.01244787502219,0.0,1.5413721249788068,16.553823666006792
2026-07-15T14:54:58,KNN-Direct-Weighted,Parkinson,0.5,19,19,1,0.881578947368421,16.64945620900835,0.0,1.7317847500089556,18.381248833989957
2026-07-15T14:55:14,KNN-Direct-Manhattan,Parkinson,0.5,19,19,1,0.9276315789473685,14.740854667004896,0.0,1.5199923749896698,16.260852625011466
2026-07-15T14:55:35,KNN-IC,Parkinson,0.5,20,20,4,0.8355263157894737,19.242586459004087,1.535205041989684,0.47533654200378805,21.25313333401573
2026-07-15T14:55:39,Mean-IC,Parkinson,0.5,20,20,13,0.7894736842105263,3.5576850830111653,0.013182082999264821,0.3698226249834988,3.940693666023435
2026-07-15T14:55:56,KNN-Direct,Parkinson,0.5,20,20,1,0.8289473684210527,14.922883375023957,0.0,1.5438971669937018,16.466784457996255
2026-07-15T14:56:14,KNN-Direct-Weighted,Parkinson,0.5,20,20,7,0.7960526315789473,16.61232604100951,0.0,1.7330974579963367,18.34542875000625
2026-07-15T14:56:30,KNN-Direct-Manhattan,Parkinson,0.5,20,20,1,0.8881578947368421,14.524068458005786,0.0,1.5224813749955501,16.04655445899698
2026-07-15T14:56:51,KNN-IC,Parkinson,0.5,21,21,1,0.881578947368421,19.68046137498459,0.6458458330016583,0.4760128330090083,20.802324707998196
2026-07-15T14:56:55,Mean-IC,Parkinson,0.5,21,21,4,0.8289473684210527,3.5577365000208374,0.012926583003718406,0.3721415839972906,3.9428099999786355
2026-07-15T14:57:11,KNN-Direct,Parkinson,0.5,21,21,1,0.8486842105263158,14.88350983397686,0.0,1.535576083988417,16.419090250012232
2026-07-15T14:57:30,KNN-Direct-Weighted,Parkinson,0.5,21,21,1,0.8355263157894737,16.616107208974427,0.0,1.730537124996772,18.346648250008002
2026-07-15T14:57:46,KNN-Direct-Manhattan,Parkinson,0.5,21,21,1,0.9013157894736842,14.931339834001847,0.0,1.512352167017525,16.44369708400336
2026-07-15T14:58:08,KNN-IC,Parkinson,0.5,22,22,4,0.8881578947368421,19.772824249987025,1.5145601670083124,0.4740480420005042,21.76143654200132
2026-07-15T14:58:12,Mean-IC,Parkinson,0.5,22,22,1,0.875,3.9245503330021165,0.01333429099759087,0.3751862089848146,4.313080291001825
2026-07-15T14:58:29,KNN-Direct,Parkinson,0.5,22,22,12,0.8486842105263158,14.778252249991056,0.0,1.5454889170068782,16.323747874994297
2026-07-15T14:58:47,KNN-Direct-Weighted,Parkinson,0.5,22,22,13,0.8421052631578947,16.755042374978075,0.0,1.7718352079973556,18.52688408299582
2026-07-15T14:59:03,KNN-Direct-Manhattan,Parkinson,0.5,22,22,4,0.8881578947368421,14.795942167023895,0.0,1.5223466670140624,16.31829424999887
2026-07-15T14:59:26,KNN-IC,Parkinson,0.5,23,23,14,0.8157894736842105,20.102823665976757,1.6029147920198739,0.4769153330125846,22.182660124992253
2026-07-15T14:59:30,Mean-IC,Parkinson,0.5,23,23,1,0.8355263157894737,3.5854011249903124,0.013060041994322091,0.37428466699202545,3.9727532920078374
2026-07-15T14:59:46,KNN-Direct,Parkinson,0.5,23,23,4,0.868421052631579,15.1649022079946,0.0,1.5548764169798233,16.71978279101313
2026-07-15T15:00:05,KNN-Direct-Weighted,Parkinson,0.5,23,23,6,0.8355263157894737,16.85931037500268,0.0,1.729367166000884,18.588682208006503
2026-07-15T15:00:21,KNN-Direct-Manhattan,Parkinson,0.5,23,23,1,0.9407894736842105,14.779388416005531,0.0,1.5296369580028113,16.309031041979324
2026-07-15T15:00:42,KNN-IC,Parkinson,0.5,24,24,2,0.8289473684210527,20.00409437500639,0.7560102079878561,0.4757566250045784,21.235866207978688
2026-07-15T15:00:46,Mean-IC,Parkinson,0.5,24,24,1,0.8026315789473685,3.573496958008036,0.013303082989295945,0.37279991601826623,3.959603416005848
2026-07-15T15:01:04,KNN-Direct,Parkinson,0.5,24,24,1,0.8618421052631579,16.033808083011536,0.0,1.6291743329784367,17.662986458017258
2026-07-15T15:01:22,KNN-Direct-Weighted,Parkinson,0.5,24,24,1,0.868421052631579,16.695597417012323,0.0,1.72408929199446,18.419697874982376
2026-07-15T15:01:39,KNN-Direct-Manhattan,Parkinson,0.5,24,24,1,0.9078947368421053,14.6785443330009,0.0,1.5134456669911742,16.19199625001056
2026-07-15T15:02:00,KNN-IC,Parkinson,0.5,25,25,2,0.8157894736842105,20.116840709000826,0.758506291982485,0.48026045798906125,21.355614332976984
2026-07-15T15:02:04,Mean-IC,Parkinson,0.5,25,25,3,0.8092105263157895,3.6471446659998037,0.012949333002325147,0.371671041008085,4.031770875008078
2026-07-15T15:02:20,KNN-Direct,Parkinson,0.5,25,25,6,0.8486842105263158,14.753688500000862,0.0,1.5428793330211192,16.29657216698979
2026-07-15T15:02:39,KNN-Direct-Weighted,Parkinson,0.5,25,25,1,0.8552631578947368,16.995875499997055,0.0,1.7386761250090785,18.734556416020496
2026-07-15T15:02:55,KNN-Direct-Manhattan,Parkinson,0.5,25,25,1,0.9078947368421053,14.775007999996888,0.0,1.5291382500145119,16.30415162499412
2026-07-15T15:03:16,KNN-IC,Parkinson,0.5,26,26,4,0.8289473684210527,18.800755707983626,1.6204904170008376,0.474891290999949,20.896144667000044
2026-07-15T15:03:20,Mean-IC,Parkinson,0.5,26,26,1,0.8421052631578947,3.587754959007725,0.013854167016688734,0.3775047909875866,3.9791197500017006
2026-07-15T15:03:37,KNN-Direct,Parkinson,0.5,26,26,12,0.7960526315789473,15.264426957990509,0.0,1.5587770419951994,16.82320820799214
2026-07-15T15:03:56,KNN-Direct-Weighted,Parkinson,0.5,26,26,1,0.875,16.819759417005116,0.0,1.7576089999929536,18.5773726250045
2026-07-15T15:04:12,KNN-Direct-Manhattan,Parkinson,0.5,26,26,1,0.9144736842105263,14.793289207998896,0.0,1.5190244170080405,16.31231854201178
2026-07-15T15:04:33,KNN-IC,Parkinson,0.5,27,27,4,0.8157894736842105,19.37433045898797,1.5008941249980126,0.4736743330140598,21.348903666017577
2026-07-15T15:04:38,Mean-IC,Parkinson,0.5,27,27,1,0.7894736842105263,3.9269333749834914,0.013252875010948628,0.3703067500027828,4.3104963329969905
2026-07-15T15:04:54,KNN-Direct,Parkinson,0.5,27,27,1,0.8223684210526315,14.751844874990638,0.0,1.5374909579986706,16.28934008302167
2026-07-15T15:05:12,KNN-Direct-Weighted,Parkinson,0.5,27,27,1,0.8157894736842105,16.570243374997517,0.0,1.7287059579975903,18.298954166006297
2026-07-15T15:05:28,KNN-Direct-Manhattan,Parkinson,0.5,27,27,1,0.9407894736842105,14.594711959012784,0.0,1.5141561670170631,16.108873332996154
2026-07-15T15:05:50,KNN-IC,Parkinson,0.5,28,28,3,0.8092105263157895,20.34895049998886,0.8540359580074437,0.47660345799522474,21.679595082998276
2026-07-15T15:05:54,Mean-IC,Parkinson,0.5,28,28,3,0.8157894736842105,3.5642662910104264,0.013212082994868979,0.371124792000046,3.948607500002254
2026-07-15T15:06:10,KNN-Direct,Parkinson,0.5,28,28,1,0.868421052631579,14.750967833999312,0.0,1.564492458011955,16.31546416701167
2026-07-15T15:06:29,KNN-Direct-Weighted,Parkinson,0.5,28,28,1,0.881578947368421,16.916991666017566,0.0,1.8440119579900056,18.761017707991414
2026-07-15T15:06:46,KNN-Direct-Manhattan,Parkinson,0.5,28,28,1,0.9144736842105263,15.167972875002306,0.0,1.5239729169989005,16.691961040982278
2026-07-15T15:06:59,KNN-IC,Parkinson,0.5,29,29,5,0.8026315789473685,12.233114292001119,0.9773669999849517,0.35276229202281684,13.563249333004933
2026-07-15T15:07:02,Mean-IC,Parkinson,0.5,29,29,1,0.7894736842105263,2.3710219580098055,0.010101374995429069,0.23484408401418477,2.615973000007216
2026-07-15T15:07:12,KNN-Direct,Parkinson,0.5,29,29,4,0.875,8.839408791973256,0.0,0.9085075000184588,9.747919291985454
2026-07-15T15:07:23,KNN-Direct-Weighted,Parkinson,0.5,29,29,3,0.8289473684210527,10.40617391699925,0.0,1.0219656670233235,11.42814649999491
2026-07-15T15:07:33,KNN-Direct-Manhattan,Parkinson,0.5,29,29,3,0.875,8.6123808749835,0.0,0.8900389170157723,9.50242283398984
2026-07-15T15:07:46,KNN-IC,Parkinson,0.5,30,30,6,0.8289473684210527,11.906096125021577,0.8696457079786342,0.2738313330046367,13.049576249992242
2026-07-15T15:07:48,Mean-IC,Parkinson,0.5,30,30,8,0.8289473684210527,2.068228290998377,0.007485208014259115,0.21504916599951684,2.2907660419878084
2026-07-15T15:07:57,KNN-Direct,Parkinson,0.5,30,30,4,0.8486842105263158,8.562238332990091,0.0,0.9362081250001211,9.498448750004172
2026-07-15T15:08:08,KNN-Direct-Weighted,Parkinson,0.5,30,30,4,0.881578947368421,9.68683841600432,0.0,1.0065822920005303,10.693423832999542
2026-07-15T15:08:18,KNN-Direct-Manhattan,Parkinson,0.5,30,30,1,0.9342105263157895,8.455194832989946,0.0,0.8833788750052918,9.338576375012053
2026-07-15T15:08:30,KNN-IC,Parkinson,0.5,31,31,2,0.7960526315789473,11.602931249974063,0.5142268750059884,0.28171212499728426,12.398874832986621
2026-07-15T15:08:32,Mean-IC,Parkinson,0.5,31,31,9,0.7236842105263158,2.076591416989686,0.007769874995574355,0.21596204198431224,2.3003281249839347
2026-07-15T15:08:42,KNN-Direct,Parkinson,0.5,31,31,1,0.8355263157894737,8.607522249978501,0.0,0.8997942080022767,9.507318541989662
2026-07-15T15:08:52,KNN-Direct-Weighted,Parkinson,0.5,31,31,3,0.8223684210526315,9.712056874996051,0.0,1.018404583010124,10.73046429202077
2026-07-15T15:09:02,KNN-Direct-Manhattan,Parkinson,0.5,31,31,1,0.9013157894736842,8.57909208300407,0.0,0.8896734169975389,9.468767457990907
2026-07-15T15:09:13,KNN-IC,Parkinson,0.5,32,32,1,0.8421052631578947,10.715071916987654,0.3797574169875588,0.2765037920034956,11.371337124990532
2026-07-15T15:09:16,Mean-IC,Parkinson,0.5,32,32,4,0.8355263157894737,2.0639106250018813,0.007654916000319645,0.2148923329950776,2.2864612500125077
2026-07-15T15:09:25,KNN-Direct,Parkinson,0.5,32,32,1,0.8881578947368421,8.66405875000055,0.0,0.894013916986296,9.558075166016351
2026-07-15T15:09:36,KNN-Direct-Weighted,Parkinson,0.5,32,32,1,0.8947368421052632,9.714450833009323,0.0,1.0311561249836814,10.745610124984523
2026-07-15T15:09:46,KNN-Direct-Manhattan,Parkinson,0.5,32,32,1,0.9276315789473685,8.712263832974713,0.0,0.9125774579879362,9.624849167012144
2026-07-15T15:09:58,KNN-IC,Parkinson,0.5,33,33,2,0.875,11.445173125015572,0.4500126249913592,0.2793227910005953,12.174513290985487
2026-07-15T15:10:00,Mean-IC,Parkinson,0.5,33,33,4,0.8355263157894737,2.1800064999843016,0.0076777919894084334,0.2191734169900883,2.406862125004409
2026-07-15T15:10:10,KNN-Direct,Parkinson,0.5,33,33,3,0.8421052631578947,8.589622500003316,0.0,0.8984104580013081,9.488035083020804
2026-07-15T15:10:20,KNN-Direct-Weighted,Parkinson,0.5,33,33,3,0.8486842105263158,9.684348790993681,0.0,1.0171440830163192,10.701495332992636
2026-07-15T15:10:30,KNN-Direct-Manhattan,Parkinson,0.5,33,33,1,0.9210526315789473,8.640242374996888,0.0,0.9118459169985726,9.552091165998718
2026-07-15T15:10:42,KNN-IC,Parkinson,0.5,34,34,2,0.8618421052631579,11.351664125017123,0.48630483300075866,0.2797657919873018,12.117738125001779
2026-07-15T15:10:44,Mean-IC,Parkinson,0.5,34,34,1,0.8486842105263158,2.092528292007046,0.007821249979315326,0.21726120900711976,2.3176152080122847
2026-07-15T15:10:54,KNN-Direct,Parkinson,0.5,34,34,1,0.8947368421052632,8.768639832996996,0.0,0.947521041991422,9.716163334000157
2026-07-15T15:11:05,KNN-Direct-Weighted,Parkinson,0.5,34,34,1,0.9144736842105263,9.778171541984193,0.0,0.9991025830095168,10.777276834007353
2026-07-15T15:11:15,KNN-Direct-Manhattan,Parkinson,0.5,34,34,1,0.9605263157894737,8.881554207997397,0.0,0.9548007080156822,9.836357541003963
2026-07-15T15:11:28,KNN-IC,Parkinson,0.5,35,35,1,0.9144736842105263,12.196726833004504,0.37469329198938794,0.32039520802209154,12.891821666999022
2026-07-15T15:11:30,Mean-IC,Parkinson,0.5,35,35,4,0.8421052631578947,2.2142206669959705,0.007829459005733952,0.22552924999035895,2.4475877090008
2026-07-15T15:11:40,KNN-Direct,Parkinson,0.5,35,35,10,0.8355263157894737,8.686398749996442,0.0,0.8997086670133285,9.58611487498274
2026-07-15T15:11:50,KNN-Direct-Weighted,Parkinson,0.5,35,35,8,0.8552631578947368,9.711674917023629,0.0,1.0075621670112014,10.719239666999783
2026-07-15T15:12:00,KNN-Direct-Manhattan,Parkinson,0.5,35,35,3,0.8947368421052632,8.537719582993304,0.0,0.887939375010319,9.425661959015997
2026-07-15T15:12:12,KNN-IC,Parkinson,0.5,36,36,10,0.7763157894736842,11.562071917025605,0.8973512910015415,0.27546874998370185,12.73489554200205
2026-07-15T15:12:15,Mean-IC,Parkinson,0.5,36,36,4,0.7763157894736842,2.228105750022223,0.007738875021459535,0.21725787498871796,2.453106499975547
2026-07-15T15:12:25,KNN-Direct,Parkinson,0.5,36,36,5,0.7828947368421053,8.79414979100693,0.0,0.8948202499886975,9.688972125004511
2026-07-15T15:12:35,KNN-Direct-Weighted,Parkinson,0.5,36,36,4,0.8092105263157895,9.489350084011676,0.0,0.9940216250251979,10.483374375005951
2026-07-15T15:12:44,KNN-Direct-Manhattan,Parkinson,0.5,36,36,1,0.8881578947368421,8.3787580000062,0.0,0.8853453749907203,9.26410608299193
2026-07-15T15:12:56,KNN-IC,Parkinson,0.5,37,37,4,0.8552631578947368,10.837265957990894,1.0148092090093996,0.2840959579916671,12.136175166990142
2026-07-15T15:12:59,Mean-IC,Parkinson,0.5,37,37,1,0.8421052631578947,2.0717412079975475,0.007650540996110067,0.21336537497700192,2.2927600420080125
2026-07-15T15:13:09,KNN-Direct,Parkinson,0.5,37,37,1,0.9276315789473685,8.819794624985661,0.0,0.9140247910108883,9.733821834000992
2026-07-15T15:13:19,KNN-Direct-Weighted,Parkinson,0.5,37,37,1,0.9013157894736842,9.56372437500977,0.0,1.000681750010699,10.564411041006679
2026-07-15T15:13:28,KNN-Direct-Manhattan,Parkinson,0.5,37,37,1,0.9342105263157895,8.398747750004986,0.0,0.8730954589846078,9.271846499992535
2026-07-15T15:13:40,KNN-IC,Parkinson,0.5,38,38,3,0.8486842105263158,10.989600500004599,0.4988423330069054,0.2776083749777172,11.766054166015238
2026-07-15T15:13:43,Mean-IC,Parkinson,0.5,38,38,6,0.8355263157894737,2.107821416022489,0.007644041994353756,0.26143387498450466,2.376904790988192
2026-07-15T15:13:52,KNN-Direct,Parkinson,0.5,38,38,1,0.9210526315789473,8.598689416015986,0.0,0.9195374579867348,9.518229457986308
2026-07-15T15:14:03,KNN-Direct-Weighted,Parkinson,0.5,38,38,3,0.9078947368421053,9.531819458003156,0.0,0.9980376659950707,10.52985983301187
2026-07-15T15:14:12,KNN-Direct-Manhattan,Parkinson,0.5,38,38,1,0.9539473684210527,8.41318037500605,0.0,0.8832994590047747,9.296482917008689
2026-07-15T15:14:24,KNN-IC,Parkinson,0.5,39,39,4,0.8881578947368421,11.380537124990951,0.8676730839943048,0.27732645900687203,12.525539583002683
2026-07-15T15:14:27,Mean-IC,Parkinson,0.5,39,39,5,0.8421052631578947,2.07536029201583,0.007981874980032444,0.21601424997788854,2.2993600830086507
2026-07-15T15:14:36,KNN-Direct,Parkinson,0.5,39,39,7,0.868421052631579,8.49418800001149,0.0,0.8932143749843817,9.387405666988343
2026-07-15T15:14:47,KNN-Direct-Weighted,Parkinson,0.5,39,39,8,0.8947368421052632,9.568004416010808,0.0,1.0018694169993978,10.569877208006801
2026-07-15T15:14:56,KNN-Direct-Manhattan,Parkinson,0.5,39,39,1,0.9276315789473685,8.364449082990177,0.0,0.87709629200981,9.24154787498992
2026-09-15T05:13:52,KNN-IC,Parkinson,0.1,0,0,1,0.8881578947368421,34.368286473000126,1.5479401850000158,0.9983538680000947,36.91459195399989
2026-09-15T05:14:04,Mean-IC,Parkinson,0.1,0,0,1,0.868421052631579,10.420192544000201,0.018445609000082186,0.8389017290000993,11.27755508700011
2026-09-15T05:14:31,KNN-Direct,Parkinson,0.1,0,0,4,0.868421052631579,23.57269158300005,0.0,3.7734049040000173,27.34610682199991
2026-09-15T05:15:04,KNN-Direct-Weighted,Parkinson,0.1,0,0,4,0.868421052631579,29.491617346999874,0.0,3.49031778199992,32.98194638400014
2026-09-15T05:15:29,KNN-Direct-Manhattan,Parkinson,0.1,0,0,1,0.9473684210526315,22.00118158700002,0.0,2.400890673999811,24.402082901000085
2026-09-15T05:16:06,KNN-IC,Parkinson,0.1,1,1,2,0.9144736842105263,33.819235543999866,1.920219827999972,0.9888587309999366,36.728325842000004
2026-09-15T05:16:15,Mean-IC,Parkinson,0.1,1,1,1,0.9078947368421053,8.346096739000131,0.018660112000134177,1.4893808540000464,9.854150118999996
2026-09-15T05:16:43,KNN-Direct,Parkinson,0.1,1,1,1,0.8947368421052632,24.821320112999956,0.0,2.211381246999963,27.032708145000015
2026-09-15T05:17:16,KNN-Direct-Weighted,Parkinson,0.1,1,1,1,0.8881578947368421,29.40984390099993,0.0,3.5559546599999976,32.965807864
2026-09-15T05:17:41,KNN-Direct-Manhattan,Parkinson,0.1,1,1,1,0.9605263157894737,22.951111714000035,0.0,2.0699324760000763,25.021055358000012
2026-09-15T05:18:17,KNN-IC,Parkinson,0.1,2,2,1,0.9473684210526315,31.925872690000006,2.5687230490000275,1.6932513740000559,36.187857455000085
2026-09-15T05:18:26,Mean-IC,Parkinson,0.1,2,2,1,0.9473684210526315,8.37452723399997,0.012742915999979232,0.8444311690000177,9.231709494999905
2026-09-15T05:18:54,KNN-Direct,Parkinson,0.1,2,2,1,0.9144736842105263,25.304649061999953,0.0,2.2410750579999785,27.545730993999996
2026-09-15T05:19:26,KNN-Direct-Weighted,Parkinson,0.1,2,2,1,0.9276315789473685,29.398715956999922,0.0,2.6604493620000085,32.05917407600009
2026-09-15T05:19:52,KNN-Direct-Manhattan,Parkinson,0.1,2,2,1,0.9407894736842105,23.942133696999917,0.0,2.10943173700025,26.05157358999986
2026-09-15T05:20:27,KNN-IC,Parkinson,0.1,3,3,1,0.8947368421052632,31.961190776999956,1.5931475889997273,1.7249753539999801,35.27932420800016
2026-09-15T05:20:37,Mean-IC,Parkinson,0.1,3,3,1,0.9078947368421053,9.47614170199995,0.012786597999820515,0.8411208930001521,10.330057637999744
2026-09-15T05:21:05,KNN-Direct,Parkinson,0.1,3,3,3,0.8486842105263158,25.367453740999736,0.0,2.227889003999735,27.595350180000423
2026-09-15T05:21:37,KNN-Direct-Weighted,Parkinson,0.1,3,3,7,0.8026315789473685,29.487448739999763,0.0,2.6678138070001296,32.15527087600003
2026-09-15T05:22:03,KNN-Direct-Manhattan,Parkinson,0.1,3,3,1,0.9276315789473685,24.007542046999788,0.0,2.0762077949998456,26.083757862999846
2026-09-15T05:22:38,KNN-IC,Parkinson,0.1,4,4,1,0.881578947368421,32.08373832799998,1.5171057730003668,0.9963928180000039,34.597246135000205
2026-09-15T05:22:49,Mean-IC,Parkinson,0.1,4,4,1,0.8881578947368421,10.312704751000183,0.01270193999971525,0.8636930150000808,11.189107895999769
2026-09-15T05:23:17,KNN-Direct,Parkinson,0.1,4,4,1,0.8552631578947368,25.45838531299978,0.0,2.22702731399977,27.685418721000133
2026-09-15T05:23:49,KNN-Direct-Weighted,Parkinson,0.1,4,4,1,0.8618421052631579,29.48802046300034,0.0,2.6533601950000048,32.14138873699994
2026-09-15T05:24:15,KNN-Direct-Manhattan,Parkinson,0.1,4,4,1,0.9736842105263158,23.975954636000097,0.0,2.0822067799999786,26.058169330000055
2026-09-15T05:24:49,KNN-IC,Parkinson,0.1,5,5,2,0.9144736842105263,31.98722044899978,1.5612703169999804,1.0067669959998966,34.555267463999826
2026-09-15T05:25:01,Mean-IC,Parkinson,0.1,5,5,4,0.875,10.31652351899993,0.012832158000037452,0.8602656289999686,11.189629823999894
2026-09-15T05:25:28,KNN-Direct,Parkinson,0.1,5,5,3,0.8618421052631579,25.37396203499975,0.0,2.2062563070003307,27.580224781000197
2026-09-15T05:26:00,KNN-Direct-Weighted,Parkinson,0.1,5,5,3,0.868421052631579,29.539705929999855,0.0,2.638060824999684,32.17777502299987
2026-09-15T05:26:26,KNN-Direct-Manhattan,Parkinson,0.1,5,5,1,0.9736842105263158,23.49569388000009,0.0,2.5402673539997522,26.035968690000118
2026-09-15T05:27:01,KNN-IC,Parkinson,0.1,6,6,1,0.8947368421052632,32.06648923500006,1.5279789979999805,1.019565737999983,34.61405221199993
2026-09-15T05:27:12,Mean-IC,Parkinson,0.1,6,6,1,0.881578947368421,10.281490372000007,0.012975010000445764,0.8614123309998831,11.155885790999946
2026-09-15T05:27:40,KNN-Direct,Parkinson,0.1,6,6,1,0.8881578947368421,24.36691046199985,0.0,3.2013294499997755,27.568246816000283
2026-09-15T05:28:12,KNN-Direct-Weighted,Parkinson,0.1,6,6,1,0.881578947368421,29.419802880000134,0.0,2.6486824479998177,32.068493606000175
2026-09-15T05:28:38,KNN-Direct-Manhattan,Parkinson,0.1,6,6,1,0.9539473684210527,22.395166863999748,0.0,3.535951239000042,25.931126379000034
2026-09-15T05:29:12,KNN-IC,Parkinson,0.1,7,7,1,0.9013157894736842,31.989980351999748,1.5380915290002122,0.9905460039999525,34.518628296000315
2026-09-15T05:29:23,Mean-IC,Parkinson,0.1,7,7,1,0.8881578947368421,10.261887836999904,0.01372251300017524,0.8463451040001928,11.121964907999882
2026-09-15T05:29:50,KNN-Direct,Parkinson,0.1,7,7,1,0.868421052631579,23.33072208600015,0.0,3.569845704999807,26.900575019999906
2026-09-15T05:30:23,KNN-Direct-Weighted,Parkinson,0.1,7,7,1,0.868421052631579,29.369622337999772,0.0,3.418377180999869,32.788007779000054
2026-09-15T05:30:48,KNN-Direct-Manhattan,Parkinson,0.1,7,7,1,0.9473684210526315,21.910206404999826,0.0,2.6631896149997374,24.573436850000235
2026-09-15T05:31:23,KNN-IC,Parkinson,0.1,8,8,2,0.9078947368421053,33.16326750400003,1.559271811999679,0.9708996949998436,35.693448429
2026-09-15T05:31:34,Mean-IC,Parkinson,0.1,8,8,1,0.9013157894736842,8.894017708999854,0.018005321999680746,1.5106175599999005,10.422650753999733
2026-09-15T05:32:00,KNN-Direct,Parkinson,0.1,8,8,1,0.9013157894736842,24.12111182999979,0.0,2.243729672000427,26.364848435000113
2026-09-15T05:32:34,KNN-Direct-Weighted,Parkinson,0.1,8,8,1,0.9013157894736842,29.482825619999858,0.0,4.413409486000091,33.896243614000014
2026-09-15T05:32:58,KNN-Direct-Manhattan,Parkinson,0.1,8,8,1,0.9605263157894737,22.220346366000285,0.0,2.090067179000016,24.310423309999805
2026-09-15T05:33:35,KNN-IC,Parkinson,0.1,9,9,2,0.9342105263157895,32.63431664000018,2.6292352699997537,1.0095131110001603,36.27307469800007
2026-09-15T05:33:44,Mean-IC,Parkinson,0.1,9,9,1,0.9473684210526315,8.266693079000106,0.01297740599966346,0.9727821569999833,9.252462816999923
2026-09-15T05:34:12,KNN-Direct,Parkinson,0.1,9,9,1,0.9407894736842105,25.261358074999862,0.0,2.2355792749999637,27.496945212000355
2026-09-15T05:34:44,KNN-Direct-Weighted,Parkinson,0.1,9,9,1,0.9407894736842105,29.44999281199989,0.0,3.235691443000178,32.6856936639997
2026-09-15T05:35:10,KNN-Direct-Manhattan,Parkinson,0.1,9,9,1,0.9605263157894737,23.35989947500002,0.0,2.065515570000116,25.42542289999983
2026-09-15T05:35:46,KNN-IC,Parkinson,0.1,10,10,1,0.9144736842105263,31.94420996300005,2.4550344149997727,1.7254219880001074,36.12467615500009
2026-09-15T05:35:55,Mean-IC,Parkinson,0.1,10,10,1,0.9473684210526315,8.59938840399991,0.0156876259998171,0.8598393629999919,9.474924042000112
2026-09-15T05:36:23,KNN-Direct,Parkinson,0.1,10,10,1,0.9342105263157895,25.40679967699998,0.0,2.239333662000263,27.64614054499998
2026-09-15T05:36:55,KNN-Direct-Weighted,Parkinson,0.1,10,10,1,0.9210526315789473,29.48660524099978,0.0,2.665684130000045,32.15229740799987
2026-09-15T05:37:21,KNN-Direct-Manhattan,Parkinson,0.1,10,10,1,0.9539473684210527,23.930939255999874,0.0,2.0841599630002747,26.015106938999907
2026-09-15T05:37:56,KNN-IC,Parkinson,0.1,11,11,4,0.8618421052631579,32.191790497000056,1.5497215220002545,1.6344654650001758,35.375987635
2026-09-15T05:38:07,Mean-IC,Parkinson,0.1,11,11,1,0.8552631578947368,9.646293715999946,0.013403113999629568,0.8590065409998715,10.518712021999818
2026-09-15T05:38:35,KNN-Direct,Parkinson,0.1,11,11,1,0.8552631578947368,25.365475193000293,0.0,2.2114012249999178,27.57688304300018
2026-09-15T05:39:07,KNN-Direct-Weighted,Parkinson,0.1,11,11,1,0.8552631578947368,29.569352479999907,0.0,2.6468727350002155,32.21623306099991
2026-09-15T05:39:33,KNN-Direct-Manhattan,Parkinson,0.1,11,11,1,0.9671052631578947,23.95507468699998,0.0,2.062060153999937,26.01714320300016
2026-09-15T05:40:07,KNN-IC,Parkinson,0.1,12,12,2,0.8881578947368421,32.020472358000006,1.5566934150001543,0.9904050199997982,34.56757990300002
2026-09-15T05:40:19,Mean-IC,Parkinson,0.1,12,12,1,0.8881578947368421,10.268963128999985,0.013022349000038957,0.8531723770001918,11.135167022000132
2026-09-15T05:40:46,KNN-Direct,Parkinson,0.1,12,12,4,0.881578947368421,25.327229738999904,0.0,2.226269940000293,27.553507463999722
2026-09-15T05:41:18,KNN-Direct-Weighted,Parkinson,0.1,12,12,4,0.875,29.44009712900015,0.0,2.6485771559996465,32.088682579000306
2026-09-15T05:41:44,KNN-Direct-Manhattan,Parkinson,0.1,12,12,1,0.9605263157894737,23.928144709999742,0.0,2.137294025999836,26.065446648000034
2026-09-15T05:42:19,KNN-IC,Parkinson,0.1,13,13,1,0.9407894736842105,31.930470782000157,1.5331511819999832,0.9864278720001494,34.45005838899988
2026-09-15T05:42:30,Mean-IC,Parkinson,0.1,13,13,1,0.9013157894736842,10.248912361000293,0.012683434999871679,0.850584809999873,11.11218984900006
2026-09-15T05:42:57,KNN-Direct,Parkinson,0.1,13,13,1,0.9210526315789473,24.982228823999776,0.0,2.535298796999996,27.517534394999984
2026-09-15T05:43:29,KNN-Direct-Weighted,Parkinson,0.1,13,13,1,0.9144736842105263,29.418516632999854,0.0,2.6347116930000993,32.053236479000134
2026-09-15T05:43:55,KNN-Direct-Manhattan,Parkinson,0.1,13,13,1,0.9671052631578947,22.96690400000034,0.0,2.987823502000083,25.954735841
2026-09-15T05:44:30,KNN-IC,Parkinson,0.1,14,14,1,0.9078947368421053,31.7328475219997,1.5250043310002184,0.9801845920001142,34.238047040999845
2026-09-15T05:44:41,Mean-IC,Parkinson,0.1,14,14,1,0.9473684210526315,10.201074001000052,0.012442308000117919,0.8509366490002321,11.064469196000118
2026-09-15T05:45:08,KNN-Direct,Parkinson,0.1,14,14,4,0.9013157894736842,23.628089258000273,0.0,3.790348917999836,27.418445794000036
2026-09-15T05:45:40,KNN-Direct-Weighted,Parkinson,0.1,14,14,4,0.9078947368421053,29.35930501499979,0.0,2.8755306779999046,32.234844029000215
2026-09-15T05:46:06,KNN-Direct-Manhattan,Parkinson,0.1,14,14,1,0.9605263157894737,22.02169105799976,0.0,3.23825333700006,25.259953119999864
2026-09-15T05:46:41,KNN-IC,Parkinson,0.1,15,15,3,0.868421052631579,32.47792239299997,1.5310396979998586,0.9918871229997421,35.00086004500008
2026-09-15T05:46:52,Mean-IC,Parkinson,0.1,15,15,4,0.8618421052631579,9.5377671870001,0.025000565000027564,1.52554063100024,11.088318792999871
2026-09-15T05:47:18,KNN-Direct,Parkinson,0.1,15,15,4,0.881578947368421,23.407278894999763,0.0,2.763593549000234,26.17087969699969
2026-09-15T05:47:51,KNN-Direct-Weighted,Parkinson,0.1,15,15,4,0.8881578947368421,29.443459900000107,0.0,4.094550376999905,33.538019175000045
2026-09-15T05:48:16,KNN-Direct-Manhattan,Parkinson,0.1,15,15,1,0.9605263157894737,21.97449685599986,0.0,2.065368231999855,24.039873338000234
2026-09-15T05:48:52,KNN-IC,Parkinson,0.1,16,16,1,0.8947368421052632,32.87915081500023,2.3096729280000545,1.0054934959998718,36.19432617299981
2026-09-15T05:49:01,Mean-IC,Parkinson,0.1,16,16,1,0.8881578947368421,8.156411805000062,0.012345612999979494,1.2484803039997132,9.41724851700019
2026-09-15T05:49:28,KNN-Direct,Parkinson,0.1,16,16,1,0.9144736842105263,24.950692376999996,0.0,2.2367394880002394,27.187438450000172
2026-09-15T05:50:01,KNN-Direct-Weighted,Parkinson,0.1,16,16,4,0.8947368421052632,29.42825762800021,0.0,3.413844444999995,32.8421114329999
2026-09-15T05:50:26,KNN-Direct-Manhattan,Parkinson,0.1,16,16,1,0.9342105263157895,23.128058494000015,0.0,2.096927222999966,25.22499363099996
2026-09-15T05:51:02,KNN-IC,Parkinson,0.1,17,17,1,0.881578947368421,31.523359864000213,2.1208323720002227,1.724712608000118,35.368914820999635
2026-09-15T05:51:12,Mean-IC,Parkinson,0.1,17,17,1,0.875,8.81523052500006,0.012573360999795113,0.8454569509999601,9.673269485000219
2026-09-15T05:51:39,KNN-Direct,Parkinson,0.1,17,17,1,0.868421052631579,25.333287439000287,0.0,2.203493503000118,27.53678765800032
2026-09-15T05:52:11,KNN-Direct-Weighted,Parkinson,0.1,17,17,1,0.868421052631579,29.48706173499977,0.0,2.6384181440002976,32.12548815800028
2026-09-15T05:52:37,KNN-Direct-Manhattan,Parkinson,0.1,17,17,1,0.9342105263157895,23.896093864999784,0.0,2.0593025210000633,25.9554048910004
2026-09-15T05:53:12,KNN-IC,Parkinson,0.1,18,18,4,0.9144736842105263,32.01703243699967,1.5277219480003623,1.1451052120000895,34.689886057999956
2026-09-15T05:53:23,Mean-IC,Parkinson,0.1,18,18,4,0.875,10.112790171000142,0.012855047999892122,0.8530099129998234,10.978663822999806
2026-09-15T05:53:50,KNN-Direct,Parkinson,0.1,18,18,4,0.9013157894736842,25.350063800000044,0.0,2.2768599689998155,27.62693069900024
2026-09-15T05:54:23,KNN-Direct-Weighted,Parkinson,0.1,18,18,4,0.8947368421052632,29.382544897000116,0.0,2.6693855009998515,32.051938859000074
2026-09-15T05:54:49,KNN-Direct-Manhattan,Parkinson,0.1,18,18,1,0.9671052631578947,23.94352041900038,0.0,2.0864317699997628,26.02996039899972
2026-09-15T05:55:23,KNN-IC,Parkinson,0.1,19,19,2,0.9013157894736842,32.06889628799945,1.5243635560000257,1.0050832150000133,34.59835255300004
2026-09-15T05:55:34,Mean-IC,Parkinson,0.1,19,19,1,0.875,10.311072671000147,0.013127538999469834,0.8506018810003297,11.174810913999863
2026-09-15T05:56:02,KNN-Direct,Parkinson,0.1,19,19,1,0.8618421052631579,25.365700930999992,0.0,2.2227573110003505,27.58846535900011
2026-09-15T05:56:34,KNN-Direct-Weighted,Parkinson,0.1,19,19,1,0.875,29.367714541999703,0.0,2.634631427000386,32.002354688000196
2026-09-15T05:57:00,KNN-Direct-Manhattan,Parkinson,0.1,19,19,1,0.9407894736842105,23.88665182800014,0.0,2.1469792380003128,26.033639230000517
2026-09-15T05:57:34,KNN-IC,Parkinson,0.1,20,20,2,0.8881578947368421,31.78871803599941,1.557618451000053,0.9883898620000764,34.3347354790003
2026-09-15T05:57:45,Mean-IC,Parkinson,0.1,20,20,10,0.8223684210526315,10.258755697999732,0.012699692999376566,0.8666428480000832,11.138107320000017
2026-09-15T05:58:13,KNN-Direct,Parkinson,0.1,20,20,1,0.875,24.91765095899973,0.0,2.75978990800013,27.677448060000643
2026-09-15T05:58:45,KNN-Direct-Weighted,Parkinson,0.1,20,20,1,0.875,29.489420572999734,0.0,2.6716550679993816,32.16108392700062
2026-09-15T05:59:11,KNN-Direct-Manhattan,Parkinson,0.1,20,20,1,0.9276315789473685,22.865001011999993,0.0,3.2548475009998583,26.11985657599962
2026-09-15T05:59:46,KNN-IC,Parkinson,0.1,21,21,1,0.9144736842105263,31.715209365999726,1.553022848999717,0.9873129880006672,34.25555496600009
2026-09-15T05:59:57,Mean-IC,Parkinson,0.1,21,21,1,0.9078947368421053,10.308161989999462,0.012679858000410604,0.8438386009993337,11.164688673000455
2026-09-15T06:00:24,KNN-Direct,Parkinson,0.1,21,21,1,0.9144736842105263,23.465603198999816,0.0,3.763643258999764,27.22925538599975
2026-09-15T06:00:57,KNN-Direct-Weighted,Parkinson,0.1,21,21,1,0.9144736842105263,29.369724328000302,0.0,3.147544458000084,32.51728709799954
2026-09-15T06:01:21,KNN-Direct-Manhattan,Parkinson,0.1,21,21,1,0.9473684210526315,21.908131698000034,0.0,2.917264803000762,24.82540514199991
2026-09-15T06:01:57,KNN-IC,Parkinson,0.1,22,22,2,0.9144736842105263,33.10177221600043,1.5558148569998593,0.9923452840002938,35.64994131499952
2026-09-15T06:02:08,Mean-IC,Parkinson,0.1,22,22,1,0.9013157894736842,9.439500446999773,0.0177668040005301,1.5001498429992353,10.957427406999159
2026-09-15T06:02:34,KNN-Direct,Parkinson,0.1,22,22,4,0.9078947368421053,23.563818672000707,0.0,2.6222329339998396,26.1860588619993
2026-09-15T06:03:08,KNN-Direct-Weighted,Parkinson,0.1,22,22,1,0.8947368421052632,29.407958112000415,0.0,4.2576078219999545,33.66557387300054
2026-09-15T06:03:32,KNN-Direct-Manhattan,Parkinson,0.1,22,22,4,0.9539473684210527,21.911235450000277,0.0,2.11126548700031,24.02250853499936
2026-09-15T06:04:09,KNN-IC,Parkinson,0.1,23,23,2,0.875,33.3892444739995,2.1354296939998676,0.9862659820000772,36.510949880000226
2026-09-15T06:04:18,Mean-IC,Parkinson,0.1,23,23,1,0.8947368421052632,8.16665674900014,0.012726371999633557,1.4582345609996992,9.63762754399977
2026-09-15T06:04:45,KNN-Direct,Parkinson,0.1,23,23,1,0.875,24.794590247999622,0.0,2.2249690089993237,27.019565788000364
2026-09-15T06:05:19,KNN-Direct-Weighted,Parkinson,0.1,23,23,1,0.875,29.59617206999974,0.0,3.72243585599972,33.3186165420002
2026-09-15T06:05:43,KNN-Direct-Manhattan,Parkinson,0.1,23,23,1,0.9473684210526315,22.822982661000424,0.0,2.07242481799949,24.895415851000507
2026-09-15T06:06:20,KNN-IC,Parkinson,0.1,24,24,1,0.9276315789473685,32.24058148199947,2.6165818299996317,1.6167878739997832,36.4739605700006
2026-09-15T06:06:29,Mean-IC,Parkinson,0.1,24,24,1,0.8881578947368421,8.174202987999706,0.013090417000057641,0.8562488520001352,9.04355066900007
2026-09-15T06:06:57,KNN-Direct,Parkinson,0.1,24,24,1,0.9276315789473685,25.365265594999983,0.0,2.2301896689996283,27.5954630060005
2026-09-15T06:07:29,KNN-Direct-Weighted,Parkinson,0.1,24,24,1,0.9210526315789473,29.54033034800068,0.0,2.648196733000077,32.18853514300008
2026-09-15T06:07:55,KNN-Direct-Manhattan,Parkinson,0.1,24,24,1,0.9539473684210527,24.00835679100055,0.0,2.0859667830000035,26.09433220200026
2026-09-15T06:08:30,KNN-IC,Parkinson,0.1,25,25,2,0.881578947368421,31.944589724000252,1.7341104449997147,1.7201272829997833,35.39883805299996
2026-09-15T06:08:40,Mean-IC,Parkinson,0.1,25,25,1,0.881578947368421,9.27180820400008,0.01293530900056794,0.8413101179994555,10.126074484999663
2026-09-15T06:09:08,KNN-Direct,Parkinson,0.1,25,25,1,0.8881578947368421,25.384614051000426,0.0,2.2156730670003526,27.60029402300006
2026-09-15T06:09:40,KNN-Direct-Weighted,Parkinson,0.1,25,25,1,0.9013157894736842,29.39897540899983,0.0,2.6247173860001567,32.02370095999959
2026-09-15T06:10:06,KNN-Direct-Manhattan,Parkinson,0.1,25,25,1,0.9539473684210527,23.92753804199947,0.0,2.098707400999956,26.026253295999595
2026-09-15T06:10:41,KNN-IC,Parkinson,0.1,26,26,2,0.8881578947368421,31.963263376000214,1.5534711970003627,0.9991466559995388,34.515889676999905
2026-09-15T06:10:52,Mean-IC,Parkinson,0.1,26,26,1,0.9013157894736842,10.282566227999268,0.0141205270001592,0.870564867000212,11.167261098999916
2026-09-15T06:11:19,KNN-Direct,Parkinson,0.1,26,26,1,0.868421052631579,25.410121131999404,0.0,2.2531134179998844,27.66324097100005
2026-09-15T06:11:52,KNN-Direct-Weighted,Parkinson,0.1,26,26,1,0.881578947368421,29.47399062399927,0.0,2.6892837980003605,32.16328286299995
2026-09-15T06:12:18,KNN-Direct-Manhattan,Parkinson,0.1,26,26,1,0.9473684210526315,23.931665032999263,0.0,2.0868098579994694,26.018483769999875
2026-09-15T06:12:52,KNN-IC,Parkinson,0.1,27,27,2,0.8947368421052632,31.87011634999999,1.5798271639996528,0.9907749550002336,34.44072699699973
2026-09-15T06:13:03,Mean-IC,Parkinson,0.1,27,27,1,0.881578947368421,10.295010519999778,0.012565762999656727,0.8325249529998473,11.140109563999431
2026-09-15T06:13:31,KNN-Direct,Parkinson,0.1,27,27,1,0.8947368421052632,25.286515267999675,0.0,2.218252088000554,27.504773878999913
2026-09-15T06:14:03,KNN-Direct-Weighted,Parkinson,0.1,27,27,1,0.8881578947368421,29.430430956000237,0.0,2.646462392000103,32.07690146300047
2026-09-15T06:14:29,KNN-Direct-Manhattan,Parkinson,0.1,27,27,1,0.9342105263157895,23.446797231000346,0.0,2.5041857019996314,25.950991916999556
2026-09-15T06:15:03,KNN-IC,Parkinson,0.1,28,28,1,0.8947368421052632,31.778642551999837,1.5525937989996237,0.9964635610003825,34.32770881499982
2026-09-15T06:15:14,Mean-IC,Parkinson,0.1,28,28,1,0.875,10.286687538000479,0.013285065000673058,0.8357368749993839,11.135717989999648
2026-09-15T06:15:42,KNN-Direct,Parkinson,0.1,28,28,1,0.9078947368421053,24.115575127999364,0.0,3.4022305129992674,27.517812633000176
2026-09-15T06:16:14,KNN-Direct-Weighted,Parkinson,0.1,28,28,1,0.8947368421052632,29.438935255000615,0.0,2.706265241999972,32.14520900699972
2026-09-15T06:16:39,KNN-Direct-Manhattan,Parkinson,0.1,28,28,1,0.9671052631578947,21.9349572430001,0.0,3.5659037540008285,25.500870238999596
2026-09-15T06:17:15,KNN-IC,Parkinson,0.1,29,29,2,0.9078947368421053,32.52662856400002,1.5652260890001344,1.0156215329998304,35.10748618599973
2026-09-15T06:17:26,Mean-IC,Parkinson,0.1,29,29,1,0.9210526315789473,10.192779241999233,0.01816321699971013,0.8772839049997856,11.088234996999745
2026-09-15T06:17:53,KNN-Direct,Parkinson,0.1,29,29,1,0.9210526315789473,23.39592636099951,0.0,3.410510969000825,26.806444290999934
2026-09-15T06:18:25,KNN-Direct-Weighted,Parkinson,0.1,29,29,1,0.9078947368421053,29.3821456630003,0.0,3.4627588869998362,32.84491273999993
2026-09-15T06:18:50,KNN-Direct-Manhattan,Parkinson,0.1,29,29,1,0.9473684210526315,21.90946851300032,0.0,2.579464383999948,24.488941671000248
2026-09-15T06:19:26,KNN-IC,Parkinson,0.1,30,30,6,0.8618421052631579,33.36709288400016,1.5547360309992655,0.9841266869998435,35.90596405500037
2026-09-15T06:19:36,Mean-IC,Parkinson,0.1,30,30,6,0.8618421052631579,8.875614340999164,0.018581744000584877,1.5265034390004075,10.420709181000348
2026-09-15T06:20:02,KNN-Direct,Parkinson,0.1,30,30,7,0.8355263157894737,24.04968124000061,0.0,2.228068010000243,26.277755871999943
2026-09-15T06:20:36,KNN-Direct-Weighted,Parkinson,0.1,30,30,8,0.8552631578947368,29.42735754700061,0.0,4.41307314200003,33.8404391160002
2026-09-15T06:21:01,KNN-Direct-Manhattan,Parkinson,0.1,30,30,1,0.9473684210526315,22.1380359879995,0.0,2.088346960999843,24.22639197100034
2026-09-15T06:21:37,KNN-IC,Parkinson,0.1,31,31,1,0.8618421052631579,32.783146877000036,2.563383334999344,1.0025792110000111,36.34912003299996
2026-09-15T06:21:46,Mean-IC,Parkinson,0.1,31,31,1,0.8421052631578947,8.181797550999363,0.013132295000104932,1.0638456229999065,9.258785345000433
2026-09-15T06:22:14,KNN-Direct,Parkinson,0.1,31,31,1,0.8355263157894737,25.131717156000377,0.0,2.222539934999986,27.354263613000512
2026-09-15T06:22:46,KNN-Direct-Weighted,Parkinson,0.1,31,31,1,0.8421052631578947,29.330462902000363,0.0,3.130488537999554,32.460959742999876
2026-09-15T06:23:11,KNN-Direct-Manhattan,Parkinson,0.1,31,31,1,0.9210526315789473,23.387811443999453,0.0,2.065447889999632,25.453267343000334
2026-09-15T06:23:47,KNN-IC,Parkinson,0.1,32,32,2,0.9342105263157895,31.868295162999857,2.1074888510001983,1.7308208149997881,35.706616068000585
2026-09-15T06:23:57,Mean-IC,Parkinson,0.1,32,32,1,0.9276315789473685,8.925998939999772,0.013019299999541545,0.8574557679994541,9.796482741000546
2026-09-15T06:24:25,KNN-Direct,Parkinson,0.1,32,32,1,0.9342105263157895,25.317024861999926,0.0,2.227017358000012,27.544048325000404
2026-09-15T06:24:57,KNN-Direct-Weighted,Parkinson,0.1,32,32,1,0.9342105263157895,29.398027510000247,0.0,2.6457711729999573,32.0438074270005
2026-09-15T06:25:23,KNN-Direct-Manhattan,Parkinson,0.1,32,32,1,0.9407894736842105,23.955542174000584,0.0,2.108855978000065,26.06440687599934
2026-09-15T06:25:58,KNN-IC,Parkinson,0.1,33,33,2,0.8881578947368421,32.01813470600064,1.5767903619998833,1.2676984039999297,34.862634381000134
2026-09-15T06:26:08,Mean-IC,Parkinson,0.1,33,33,1,0.8881578947368421,9.970582652999838,0.014620115999605332,0.8275409840007342,10.81275191900022
2026-09-15T06:26:36,KNN-Direct,Parkinson,0.1,33,33,1,0.9144736842105263,25.466714133000096,0.0,2.235251552999216,27.70197280299999
2026-09-15T06:27:08,KNN-Direct-Weighted,Parkinson,0.1,33,33,1,0.9210526315789473,29.52729719400031,0.0,2.63407033600015,32.16137555000023
2026-09-15T06:27:34,KNN-Direct-Manhattan,Parkinson,0.1,33,33,1,0.9342105263157895,23.949279512999965,0.0,2.0743504800002484,26.023638191999453
2026-09-15T06:28:09,KNN-IC,Parkinson,0.1,34,34,2,0.9078947368421053,32.009512053000435,1.54410791600003,0.9937741189996814,34.547402888999386
2026-09-15T06:28:20,Mean-IC,Parkinson,0.1,34,34,1,0.9013157894736842,10.314458431000276,0.012835341999561933,0.8667737300002045,11.194076884999959
2026-09-15T06:28:48,KNN-Direct,Parkinson,0.1,34,34,1,0.881578947368421,25.287231969999993,0.0,2.2331597630000033,27.52039905000038
2026-09-15T06:29:20,KNN-Direct-Weighted,Parkinson,0.1,34,34,1,0.8881578947368421,29.47525191800014,0.0,2.7109624650001933,32.186223483000504
2026-09-15T06:29:46,KNN-Direct-Manhattan,Parkinson,0.1,34,34,1,0.9473684210526315,23.878765606999877,0.0,2.090072006999435,25.96884576100001
2026-09-15T06:30:20,KNN-IC,Parkinson,0.1,35,35,1,0.9078947368421053,31.79721297800006,1.5842335979996278,0.9826068339998528,34.36406338500001
2026-09-15T06:30:31,Mean-IC,Parkinson,0.1,35,35,1,0.8881578947368421,10.244470214999637,0.012442635999832419,0.8415953429994261,11.098516695999933
2026-09-15T06:30:59,KNN-Direct,Parkinson,0.1,35,35,1,0.9013157894736842,25.260258639000313,0.0,2.3813879540002745,27.641653896999742
2026-09-15T06:31:31,KNN-Direct-Weighted,Parkinson,0.1,35,35,1,0.8881578947368421,29.529707556000176,0.0,2.6571223800001462,32.18683816099929
2026-09-15T06:31:57,KNN-Direct-Manhattan,Parkinson,0.1,35,35,1,0.9342105263157895,23.55777886299984,0.0,2.587013864000255,26.144801422000455
2026-09-15T06:32:32,KNN-IC,Parkinson,0.1,36,36,2,0.8486842105263158,31.813096820000283,1.5477560849994916,0.9911750380006197,34.3520374159998
2026-09-15T06:32:43,Mean-IC,Parkinson,0.1,36,36,1,0.8486842105263158,10.234166892999383,0.0127720299997236,0.8448086379994493,11.091756401000566
2026-09-15T06:33:10,KNN-Direct,Parkinson,0.1,36,36,1,0.8618421052631579,24.211311975999706,0.0,3.383800165000139,27.595119618999888
2026-09-15T06:33:42,KNN-Direct-Weighted,Parkinson,0.1,36,36,1,0.8618421052631579,29.45868894600062,0.0,2.6698928770001658,32.12859003699941
2026-09-15T06:34:08,KNN-Direct-Manhattan,Parkinson,0.1,36,36,1,0.9078947368421053,22.33344187700004,0.0,3.515580423000756,25.849030928000502
2026-09-15T06:34:43,KNN-IC,Parkinson,0.1,37,37,3,0.8552631578947368,31.96986038599971,1.5459182220001821,0.9833620589997736,34.49914970900045
2026-09-15T06:34:54,Mean-IC,Parkinson,0.1,37,37,4,0.868421052631579,10.198290864999763,0.018047102000309678,0.9637101219996111,11.180057027000657
2026-09-15T06:35:21,KNN-Direct,Parkinson,0.1,37,37,4,0.875,23.30615742000009,0.0,3.305624577999879,26.611789331999717
2026-09-15T06:35:54,KNN-Direct-Weighted,Parkinson,0.1,37,37,4,0.875,29.29945292800039,0.0,3.7031240200003595,33.00258505900001
2026-09-15T06:36:18,KNN-Direct-Manhattan,Parkinson,0.1,37,37,1,0.9473684210526315,21.918062899999313,0.0,2.393172789000346,24.311245400999724
2026-09-15T06:36:54,KNN-IC,Parkinson,0.1,38,38,1,0.9144736842105263,33.43736782999986,1.6716760449999128,0.9890789750006661,36.09813221100012
2026-09-15T06:37:04,Mean-IC,Parkinson,0.1,38,38,4,0.881578947368421,8.573061693000454,0.019503324000652356,1.4940360929995222,10.086611030000313
2026-09-15T06:37:31,KNN-Direct,Parkinson,0.1,38,38,8,0.868421052631579,24.424195308999515,0.0,2.245241386000089,26.669455508000283
2026-09-15T06:38:04,KNN-Direct-Weighted,Parkinson,0.1,38,38,10,0.8618421052631579,29.450460555000063,0.0,4.152004676000615,33.60247389599954
2026-09-15T06:38:29,KNN-Direct-Manhattan,Parkinson,0.1,38,38,4,0.9276315789473685,22.403458585000408,0.0,2.0888541590002205,24.492320645999826
2026-09-15T06:39:05,KNN-IC,Parkinson,0.1,39,39,6,0.881578947368421,32.244848952999746,2.584715829999368,1.3408835130003354,36.17045705200053
2026-09-15T06:39:14,Mean-IC,Parkinson,0.1,39,39,1,0.9210526315789473,8.113898438999968,0.012526167999567406,0.8393525849996877,8.96578461899935
2026-09-15T06:39:42,KNN-Direct,Parkinson,0.1,39,39,1,0.8881578947368421,25.308612533000087,0.0,2.2101111100000708,27.518729790999714
2026-09-15T06:40:14,KNN-Direct-Weighted,Parkinson,0.1,39,39,6,0.8881578947368421,29.418324532999577,0.0,2.6274611079998067,32.04579369299972
2026-09-15T06:40:40,KNN-Direct-Manhattan,Parkinson,0.1,39,39,1,0.9473684210526315,23.902659182000207,0.0,2.0649079180002445,25.967575398000008
2026-09-15T06:41:20,KNN-IC,Parkinson,0.2,0,0,2,0.8881578947368421,37.94606302200009,1.8929036339995946,0.9940032760005124,40.83297911600039
2026-09-15T06:41:31,Mean-IC,Parkinson,0.2,0,0,1,0.8881578947368421,9.254549052000584,0.021645949000230758,1.476096649000283,10.75230223500057
2026-09-15T06:42:02,KNN-Direct,Parkinson,0.2,0,0,3,0.8289473684210527,26.75972063500012,0.0,3.913132745000439,30.67286023899942
2026-09-15T06:42:37,KNN-Direct-Weighted,Parkinson,0.2,0,0,1,0.8552631578947368,31.89131422399987,0.0,2.9065887349997865,34.797911581000335
2026-09-15T06:43:05,KNN-Direct-Manhattan,Parkinson,0.2,0,0,1,0.9473684210526315,26.27912633899996,0.0,2.3742604419994677,28.653403551000338
2026-09-15T06:43:46,KNN-IC,Parkinson,0.2,1,1,1,0.8947368421052632,37.054181932000574,2.875904655999875,0.9904576959997939,40.920552798000244
2026-09-15T06:43:56,Mean-IC,Parkinson,0.2,1,1,1,0.8881578947368421,8.245272222000494,0.016551957999581646,1.315230659000008,9.577064215000064
2026-09-15T06:44:27,KNN-Direct,Parkinson,0.2,1,1,1,0.8618421052631579,27.3917331800003,0.0,3.44843894800033,30.840179709999575
2026-09-15T06:45:03,KNN-Direct-Weighted,Parkinson,0.2,1,1,3,0.875,32.94339720700009,0.0,2.9208331279996855,35.86423980500058
2026-09-15T06:45:31,KNN-Direct-Manhattan,Parkinson,0.2,1,1,1,0.9539473684210527,26.418824774999848,0.0,2.3360095460002412,28.754842547000408
2026-09-15T06:46:12,KNN-IC,Parkinson,0.2,2,2,10,0.8223684210526315,35.897101809999185,2.6241450540001097,1.70588240699999,40.22713971899975
2026-09-15T06:46:21,Mean-IC,Parkinson,0.2,2,2,1,0.9605263157894737,8.64507359199979,0.01977003199954197,0.8218760460003978,9.48672872499992
2026-09-15T06:46:52,KNN-Direct,Parkinson,0.2,2,2,6,0.875,27.93001084200023,0.0,2.5337615090002146,30.463779276999958
2026-09-15T06:47:28,KNN-Direct-Weighted,Parkinson,0.2,2,2,8,0.8289473684210527,33.1168299309993,0.0,3.7307118909993733,36.847550423999564
2026-09-15T06:47:57,KNN-Direct-Manhattan,Parkinson,0.2,2,2,1,0.9407894736842105,25.6298810950002,0.0,3.1578111090002494,28.787701198999457
2026-09-15T06:48:36,KNN-IC,Parkinson,0.2,3,3,4,0.8355263157894737,35.911618823000026,1.8999020420005763,1.4458324619999985,39.257364340000095
2026-09-15T06:48:47,Mean-IC,Parkinson,0.2,3,3,3,0.8421052631578947,9.800677268000072,0.016142752999257937,0.8507106799997928,10.667538849000266
2026-09-15T06:49:17,KNN-Direct,Parkinson,0.2,3,3,7,0.7894736842105263,27.801693093999347,0.0,2.4987981869999203,30.300498249000157
