timestamp,method,dataset,missing_rate,trial,seed,n_neighbors,accuracy,tuning_time_sec,train_time_sec,predict_time_sec,total_time_sec
2026-07-14T17:23:47,KNN-IC,Toxicity,0.1,0,0,13,0.5714285714285714,5.267427540995413,0.33921887501492165,0.035607291996711865,5.642260458000237
2026-07-14T17:23:48,Mean-IC,Toxicity,0.1,0,0,13,0.6,0.21116962502128445,0.003660125017631799,0.021334749995730817,0.2361736659950111
2026-07-14T17:23:48,KNN-Direct,Toxicity,0.1,0,0,5,0.6571428571428571,0.8363382920215372,0.0,0.0880724580201786,0.9244149579899386
2026-07-14T17:23:50,KNN-Direct-Weighted,Toxicity,0.1,0,0,5,0.6571428571428571,0.9391056660097092,0.0,0.09785291599109769,1.0369680830044672
2026-07-14T17:23:50,KNN-Direct-Manhattan,Toxicity,0.1,0,0,3,0.6,0.8207744999963325,0.0,0.086090291995788,0.9068687080289237
2026-07-14T17:23:56,KNN-IC,Toxicity,0.1,1,1,14,0.6285714285714286,4.951771250023739,0.3437714579922613,0.03503025000100024,5.3305792920000385
2026-07-14T17:23:56,Mean-IC,Toxicity,0.1,1,1,11,0.6285714285714286,0.20774662497569807,0.003377707995241508,0.021234292013105005,0.2323644999996759
2026-07-14T17:23:57,KNN-Direct,Toxicity,0.1,1,1,7,0.6571428571428571,0.8292819999915082,0.0,0.08672954101348296,0.9160151669930201
2026-07-14T17:23:58,KNN-Direct-Weighted,Toxicity,0.1,1,1,7,0.6571428571428571,0.9283752090123016,0.0,0.09740416699787602,1.0257839999976568
2026-07-14T17:23:59,KNN-Direct-Manhattan,Toxicity,0.1,1,1,13,0.6571428571428571,0.9249672079749871,0.0,0.10054333301377483,1.0255149999866262
2026-07-14T17:24:05,KNN-IC,Toxicity,0.1,2,2,5,0.7142857142857143,5.2055437919916585,0.33450366600300185,0.035092165984679013,5.575144542002818
2026-07-14T17:24:05,Mean-IC,Toxicity,0.1,2,2,5,0.6857142857142857,0.20769133302383125,0.003411457990296185,0.02145874997950159,0.23256854098872282
2026-07-14T17:24:06,KNN-Direct,Toxicity,0.1,2,2,12,0.6857142857142857,0.828456165996613,0.0,0.08709387498674914,0.9155540420033503
2026-07-14T17:24:07,KNN-Direct-Weighted,Toxicity,0.1,2,2,13,0.6857142857142857,0.9317002919851802,0.0,0.09721512501710095,1.028919540985953
2026-07-14T17:24:08,KNN-Direct-Manhattan,Toxicity,0.1,2,2,15,0.6571428571428571,0.892871791991638,0.0,0.08563866699114442,0.9785138749866746
2026-07-14T17:24:13,KNN-IC,Toxicity,0.1,3,3,11,0.6571428571428571,4.992103500000667,0.3357950830250047,0.0353645000141114,5.363268249988323
2026-07-14T17:24:13,Mean-IC,Toxicity,0.1,3,3,11,0.6571428571428571,0.2072619999817107,0.003314166999189183,0.021124249993590638,0.231704957986949
2026-07-14T17:24:14,KNN-Direct,Toxicity,0.1,3,3,11,0.7142857142857143,1.0687866249936633,0.0,0.10216770900296979,1.170958458998939
2026-07-14T17:24:16,KNN-Direct-Weighted,Toxicity,0.1,3,3,11,0.6857142857142857,1.1052672500081826,0.0,0.11094749998301268,1.2162202080071438
2026-07-14T17:24:17,KNN-Direct-Manhattan,Toxicity,0.1,3,3,11,0.6,0.822099375014659,0.0,0.08649983297800645,0.9086037079978269
2026-07-14T17:24:22,KNN-IC,Toxicity,0.1,4,4,3,0.6,4.920574457995826,0.312077209004201,0.03521108298446052,5.267868042021291
2026-07-14T17:24:22,Mean-IC,Toxicity,0.1,4,4,3,0.6,0.2074641660146881,0.00329895899631083,0.02139395900303498,0.2321617090201471
2026-07-14T17:24:23,KNN-Direct,Toxicity,0.1,4,4,3,0.5714285714285714,0.8244859170226846,0.0,0.08691962499869987,0.9114101250015665
2026-07-14T17:24:24,KNN-Direct-Weighted,Toxicity,0.1,4,4,3,0.5714285714285714,0.9265656249772292,0.0,0.0969913339940831,1.0235622500185855
2026-07-14T17:24:25,KNN-Direct-Manhattan,Toxicity,0.1,4,4,6,0.6,0.8166772499971557,0.0,0.08579074998851866,0.902472875022795
2026-07-14T17:24:31,KNN-IC,Toxicity,0.1,5,5,6,0.4857142857142857,5.344903958000941,0.3305145420017652,0.03516458297963254,5.710588083020411
2026-07-14T17:24:31,Mean-IC,Toxicity,0.1,5,5,6,0.5142857142857142,0.20757095800945535,0.0033176249999087304,0.02107687498209998,0.23196966599789448
2026-07-14T17:24:32,KNN-Direct,Toxicity,0.1,5,5,11,0.6571428571428571,0.8272529169917107,0.0,0.08696729197981767,0.9142247079871595
2026-07-14T17:24:33,KNN-Direct-Weighted,Toxicity,0.1,5,5,7,0.6285714285714286,0.9298807089799084,0.0,0.09718524999334477,1.0270701670087874
2026-07-14T17:24:34,KNN-Direct-Manhattan,Toxicity,0.1,5,5,15,0.6571428571428571,0.8181543340033386,0.0,0.08609908298240043,0.9042594170023222
2026-07-14T17:24:39,KNN-IC,Toxicity,0.1,6,6,5,0.6285714285714286,4.902137166005559,0.3737863339774776,0.035103750007692724,5.311032208002871
2026-07-14T17:24:39,Mean-IC,Toxicity,0.1,6,6,1,0.37142857142857144,0.2074658749916125,0.0035584169963840395,0.021177749993512407,0.23220645799301565
2026-07-14T17:24:40,KNN-Direct,Toxicity,0.1,6,6,5,0.6,0.8277683749911375,0.0,0.08752120801364072,0.9152929590200074
2026-07-14T17:24:41,KNN-Direct-Weighted,Toxicity,0.1,6,6,1,0.37142857142857144,0.927466208988335,0.0,0.09784312499687076,1.02531262501725
2026-07-14T17:24:42,KNN-Direct-Manhattan,Toxicity,0.1,6,6,5,0.5428571428571428,0.8179327079851646,0.0,0.08620683301705867,0.9041445829789154
2026-07-14T17:24:48,KNN-IC,Toxicity,0.1,7,7,2,0.45714285714285713,5.666653874999611,0.3098682079871651,0.03493725002044812,6.0114643330161925
2026-07-14T17:24:48,Mean-IC,Toxicity,0.1,7,7,3,0.5714285714285714,0.20746033298200928,0.003505333006614819,0.02107916699605994,0.23204941698350012
2026-07-14T17:24:49,KNN-Direct,Toxicity,0.1,7,7,1,0.42857142857142855,0.8253879580006469,0.0,0.0868045829993207,0.9121955840091687
2026-07-14T17:24:50,KNN-Direct-Weighted,Toxicity,0.1,7,7,6,0.5142857142857142,0.9258961669984274,0.0,0.09691370802465826,1.0228132499905769
2026-07-14T17:24:51,KNN-Direct-Manhattan,Toxicity,0.1,7,7,12,0.4857142857142857,0.8146434169902932,0.0,0.0858109160035383,0.9004585000220686
2026-07-14T17:24:57,KNN-IC,Toxicity,0.1,8,8,11,0.6857142857142857,4.901703625015216,0.3413208329875488,0.035008625010959804,5.278037959011272
2026-07-14T17:24:57,Mean-IC,Toxicity,0.1,8,8,6,0.6285714285714286,0.2072507920092903,0.0032760410103946924,0.021110458998009562,0.23164162499597296
2026-07-14T17:24:58,KNN-Direct,Toxicity,0.1,8,8,9,0.7142857142857143,0.8293684590025805,0.0,0.08707404200686142,0.9164477919985075
2026-07-14T17:24:59,KNN-Direct-Weighted,Toxicity,0.1,8,8,8,0.6857142857142857,0.9310061249998398,0.0,0.09721633300068788,1.0282261250249576
2026-07-14T17:25:00,KNN-Direct-Manhattan,Toxicity,0.1,8,8,5,0.6857142857142857,1.0302097499952652,0.0,0.08599308400880545,1.116206417005742
2026-07-14T17:25:05,KNN-IC,Toxicity,0.1,9,9,7,0.7142857142857143,4.9442412499920465,0.33176245901267976,0.035177707992261276,5.311186292005004
2026-07-14T17:25:05,Mean-IC,Toxicity,0.1,9,9,5,0.6857142857142857,0.2078553750179708,0.003573250025510788,0.02126645899261348,0.23269887501373887
2026-07-14T17:25:06,KNN-Direct,Toxicity,0.1,9,9,15,0.7428571428571429,0.8255952920007985,0.0,0.08687287499196827,0.9124711659969762
2026-07-14T17:25:07,KNN-Direct-Weighted,Toxicity,0.1,9,9,11,0.7142857142857143,0.9266795839939732,0.0,0.09756095899501815,1.0242442500020843
2026-07-14T17:25:08,KNN-Direct-Manhattan,Toxicity,0.1,9,9,3,0.6,0.8166644999873824,0.0,0.08640787500189617,0.9030762920156121
2026-07-14T17:25:14,KNN-IC,Toxicity,0.1,10,10,15,0.5142857142857142,4.953082124993671,0.3448400839988608,0.03488283298793249,5.332809584011557
2026-07-14T17:25:14,Mean-IC,Toxicity,0.1,10,10,11,0.4857142857142857,0.2349175830022432,0.00930804098607041,0.03935479201027192,0.2835880419879686
2026-07-14T17:25:15,KNN-Direct,Toxicity,0.1,10,10,15,0.5142857142857142,1.1662775420118123,0.0,0.13713791701593436,1.3034205829899292
2026-07-14T17:25:16,KNN-Direct-Weighted,Toxicity,0.1,10,10,15,0.5428571428571428,1.0300891670049168,0.0,0.09754979200079106,1.12764354198589
2026-07-14T17:25:17,KNN-Direct-Manhattan,Toxicity,0.1,10,10,15,0.5142857142857142,0.8185237500001676,0.0,0.08575266698608175,0.9042814580025151
2026-07-14T17:25:23,KNN-IC,Toxicity,0.1,11,11,10,0.6285714285714286,4.964264167007059,0.3396576249797363,0.03506941700470634,5.338996583013795
2026-07-14T17:25:23,Mean-IC,Toxicity,0.1,11,11,14,0.6,0.20720445801271126,0.0034872079850174487,0.021097916003782302,0.2317932909936644
2026-07-14T17:25:24,KNN-Direct,Toxicity,0.1,11,11,14,0.6,0.8232865829777438,0.0,0.08716375002404675,0.910454333992675
2026-07-14T17:25:25,KNN-Direct-Weighted,Toxicity,0.1,11,11,14,0.6,0.9257116669905372,0.0,0.09704179101390764,1.0227576670004055
2026-07-14T17:25:26,KNN-Direct-Manhattan,Toxicity,0.1,11,11,9,0.6,0.8141676250088494,0.0,0.08483570898533799,0.8990081249794457
2026-07-14T17:25:31,KNN-IC,Toxicity,0.1,12,12,7,0.5428571428571428,5.294135459000245,0.3373084999911953,0.03505112501443364,5.666500499995891
2026-07-14T17:25:31,Mean-IC,Toxicity,0.1,12,12,5,0.5714285714285714,0.2081378749862779,0.003339084010804072,0.02117258301586844,0.23265345799154602
2026-07-14T17:25:32,KNN-Direct,Toxicity,0.1,12,12,5,0.6,0.8303834999969695,0.0,0.08653791600954719,0.9169246669916902
2026-07-14T17:25:33,KNN-Direct-Weighted,Toxicity,0.1,12,12,5,0.5714285714285714,0.9309973749914207,0.0,0.09742441601702012,1.0284256249724422
2026-07-14T17:25:34,KNN-Direct-Manhattan,Toxicity,0.1,12,12,4,0.45714285714285713,0.8211014170083217,0.0,0.08560770898475312,0.9067124590219464
2026-07-14T17:25:40,KNN-IC,Toxicity,0.1,13,13,3,0.4857142857142857,4.916002791986102,0.3134802920103539,0.03521299999556504,5.264700708008604
2026-07-14T17:25:40,Mean-IC,Toxicity,0.1,13,13,1,0.42857142857142855,0.20768141699954867,0.0035836670140270144,0.02106845797970891,0.23233754199463874
2026-07-14T17:25:41,KNN-Direct,Toxicity,0.1,13,13,6,0.5428571428571428,0.8296388750022743,0.0,0.08668866698280908,0.9163312910241075
2026-07-14T17:25:42,KNN-Direct-Weighted,Toxicity,0.1,13,13,1,0.4,0.9283862910233438,0.0,0.09687016598763876,1.025261375005357
2026-07-14T17:25:43,KNN-Direct-Manhattan,Toxicity,0.1,13,13,1,0.42857142857142855,0.8190641659894027,0.0,0.08599550000508316,0.9050639999913983
2026-07-14T17:25:49,KNN-IC,Toxicity,0.1,14,14,7,0.6,5.739657459023874,0.33764025001437403,0.03493704099673778,6.112239915993996
2026-07-14T17:25:49,Mean-IC,Toxicity,0.1,14,14,8,0.5714285714285714,0.20762187501532026,0.0034459169837646186,0.021163291996344924,0.23223500000312924
2026-07-14T17:25:50,KNN-Direct,Toxicity,0.1,14,14,3,0.5714285714285714,0.8310263339953963,0.0,0.0869534169905819,0.9179845420003403
2026-07-14T17:25:51,KNN-Direct-Weighted,Toxicity,0.1,14,14,3,0.5428571428571428,0.9327309999789577,0.0,0.0973802080261521,1.0301149589940906
2026-07-14T17:25:52,KNN-Direct-Manhattan,Toxicity,0.1,14,14,1,0.45714285714285713,0.820727958023781,0.0,0.0859755830024369,0.9067092500044964
2026-07-14T17:25:57,KNN-IC,Toxicity,0.1,15,15,5,0.6,4.924626791005721,0.3291772920056246,0.035136999998940155,5.288946292013861
2026-07-14T17:25:57,Mean-IC,Toxicity,0.1,15,15,5,0.6,0.2076759169867728,0.0033277499896939844,0.021175292000407353,0.23218337501748465
2026-07-14T17:25:58,KNN-Direct,Toxicity,0.1,15,15,8,0.6,0.8292614580132067,0.0,0.08688404099666514,0.9161485840159003
2026-07-14T17:26:00,KNN-Direct-Weighted,Toxicity,0.1,15,15,8,0.6,1.149894125002902,0.0,0.10012183399521746,1.250019416998839
2026-07-14T17:26:01,KNN-Direct-Manhattan,Toxicity,0.1,15,15,4,0.5428571428571428,0.8230014590080827,0.0,0.08636987500358373,0.9093751249893103
2026-07-14T17:26:06,KNN-IC,Toxicity,0.1,16,16,3,0.5714285714285714,4.9740803339809645,0.3131497089925688,0.0349764580023475,5.322211666993098
2026-07-14T17:26:06,Mean-IC,Toxicity,0.1,16,16,5,0.5714285714285714,0.20745687498128973,0.0033657909953035414,0.021106708998559043,0.23193370801163837
2026-07-14T17:26:07,KNN-Direct,Toxicity,0.1,16,16,3,0.5714285714285714,0.8276082079974003,0.0,0.08707479201257229,0.9146879999898374
2026-07-14T17:26:08,KNN-Direct-Weighted,Toxicity,0.1,16,16,3,0.5714285714285714,0.9299191670143045,0.0,0.09727395797381178,1.027196749986615
2026-07-14T17:26:09,KNN-Direct-Manhattan,Toxicity,0.1,16,16,9,0.6571428571428571,0.8205015410203487,0.0,0.0849815419933293,0.9054874999856111
2026-07-14T17:26:15,KNN-IC,Toxicity,0.1,17,17,9,0.5714285714285714,4.985124416009057,0.7089075839903671,0.0575808749999851,5.751634332991671
2026-07-14T17:26:15,Mean-IC,Toxicity,0.1,17,17,4,0.5714285714285714,0.3517735000059474,0.006022208021022379,0.03685725000104867,0.39466204098425806
2026-07-14T17:26:16,KNN-Direct,Toxicity,0.1,17,17,15,0.5714285714285714,0.9320391250075772,0.0,0.08711295799002983,1.019157249975251
2026-07-14T17:26:17,KNN-Direct-Weighted,Toxicity,0.1,17,17,11,0.5428571428571428,0.9280522920016665,0.0,0.0981790829973761,1.026236167002935
2026-07-14T17:26:18,KNN-Direct-Manhattan,Toxicity,0.1,17,17,8,0.5142857142857142,0.8167642909975257,0.0,0.08580599998822436,0.9025751250155736
2026-07-14T17:26:23,KNN-IC,Toxicity,0.1,18,18,11,0.6857142857142857,5.0078530839818995,0.3359810420079157,0.035125667025567964,5.378965458017774
2026-07-14T17:26:24,Mean-IC,Toxicity,0.1,18,18,11,0.6571428571428571,0.2077089579834137,0.0033204590145032853,0.0211434590164572,0.23217795800883323
2026-07-14T17:26:25,KNN-Direct,Toxicity,0.1,18,18,13,0.6285714285714286,0.830298250017222,0.0,0.08690287501667626,0.9172048339969479
2026-07-14T17:26:26,KNN-Direct-Weighted,Toxicity,0.1,18,18,11,0.6285714285714286,0.9335437499976251,0.0,0.09749220899539068,1.0310400830057915
2026-07-14T17:26:27,KNN-Direct-Manhattan,Toxicity,0.1,18,18,9,0.6,0.8222739579796325,0.0,0.08600687500438653,0.9082847500103526
2026-07-14T17:26:32,KNN-IC,Toxicity,0.1,19,19,5,0.6285714285714286,5.24771804100601,0.3325592089968268,0.035183125000912696,5.615465000009863
2026-07-14T17:26:32,Mean-IC,Toxicity,0.1,19,19,5,0.6285714285714286,0.20745824999175966,0.003591666027205065,0.02122916598455049,0.2322830420162063
2026-07-14T17:26:33,KNN-Direct,Toxicity,0.1,19,19,7,0.6857142857142857,0.8271160830045119,0.0,0.08716808399185538,0.9142877909762319
2026-07-14T17:26:34,KNN-Direct-Weighted,Toxicity,0.1,19,19,10,0.6,0.9283924170013051,0.0,0.097123334009666,1.025519290997181
2026-07-14T17:26:35,KNN-Direct-Manhattan,Toxicity,0.1,19,19,3,0.6,0.8162047079822514,0.0,0.08575008300249465,0.9019598340091761
2026-07-14T17:26:41,KNN-IC,Toxicity,0.1,20,20,3,0.5428571428571428,4.9497639590117615,0.31242129200836644,0.03503904098761268,5.297230166994268
2026-07-14T17:26:41,Mean-IC,Toxicity,0.1,20,20,14,0.5714285714285714,0.20776183300768025,0.003286459017544985,0.02137804200174287,0.23243204099708237
2026-07-14T17:26:42,KNN-Direct,Toxicity,0.1,20,20,3,0.5142857142857142,0.8243672499957029,0.0,0.08763058300246485,0.9120009579928592
2026-07-14T17:26:43,KNN-Direct-Weighted,Toxicity,0.1,20,20,3,0.5142857142857142,0.928525916999206,0.0,0.09731158299837261,1.0258412919938564
2026-07-14T17:26:44,KNN-Direct-Manhattan,Toxicity,0.1,20,20,15,0.6,0.8177857089904137,0.0,0.08631745900493115,0.9041074170090724
2026-07-14T17:26:50,KNN-IC,Toxicity,0.1,21,21,1,0.5142857142857142,5.715574542002287,0.30217375000938773,0.03526662499643862,6.053019624989247
2026-07-14T17:26:50,Mean-IC,Toxicity,0.1,21,21,5,0.6285714285714286,0.20732183297513984,0.003397292020963505,0.021175040979869664,0.231898583995644
2026-07-14T17:26:51,KNN-Direct,Toxicity,0.1,21,21,6,0.6285714285714286,0.828530500002671,0.0,0.0873589999973774,0.9158934589941055
2026-07-14T17:26:52,KNN-Direct-Weighted,Toxicity,0.1,21,21,6,0.6571428571428571,0.9295078750001267,0.0,0.0974071670207195,1.026918666990241
2026-07-14T17:26:53,KNN-Direct-Manhattan,Toxicity,0.1,21,21,3,0.6,0.819816292001633,0.0,0.08612233301391825,0.9059434999944642
2026-07-14T17:26:58,KNN-IC,Toxicity,0.1,22,22,9,0.5714285714285714,4.915585042006569,0.3385056249971967,0.03497112498735078,5.289067332982086
2026-07-14T17:26:58,Mean-IC,Toxicity,0.1,22,22,7,0.6571428571428571,0.20776037499308586,0.0036258340114727616,0.02125958402757533,0.2326504170196131
2026-07-14T17:26:59,KNN-Direct,Toxicity,0.1,22,22,5,0.5142857142857142,0.9364561249967664,0.0,0.12977279201732017,1.0662329999904614
2026-07-14T17:27:00,KNN-Direct-Weighted,Toxicity,0.1,22,22,5,0.5428571428571428,0.951992334012175,0.0,0.09719833298004232,1.0491944999957923
2026-07-14T17:27:01,KNN-Direct-Manhattan,Toxicity,0.1,22,22,8,0.6,0.8181104589893948,0.0,0.08561725000618026,0.9037317500042263
2026-07-14T17:27:07,KNN-IC,Toxicity,0.1,23,23,7,0.5142857142857142,4.975654750014655,0.33659920800710097,0.03509975000633858,5.34735870800796
2026-07-14T17:27:07,Mean-IC,Toxicity,0.1,23,23,7,0.4857142857142857,0.20815645798575133,0.0032856250181794167,0.021132334019057453,0.23257912500412203
2026-07-14T17:27:08,KNN-Direct,Toxicity,0.1,23,23,7,0.5142857142857142,0.8283558340044692,0.0,0.08688533399254084,0.9152461250196211
2026-07-14T17:27:09,KNN-Direct-Weighted,Toxicity,0.1,23,23,7,0.4857142857142857,0.9372584589873441,0.0,0.09717216598801315,1.0344345000048634
2026-07-14T17:27:10,KNN-Direct-Manhattan,Toxicity,0.1,23,23,7,0.5428571428571428,0.8202874580165371,0.0,0.08651633298723027,0.9068077499978244
2026-07-14T17:27:16,KNN-IC,Toxicity,0.1,24,24,7,0.5714285714285714,5.609207000001334,0.3610280410211999,0.03541420798865147,6.005657749978127
2026-07-14T17:27:16,Mean-IC,Toxicity,0.1,24,24,7,0.6,0.20815070800017565,0.003353209001943469,0.021286958013661206,0.23279462498612702
2026-07-14T17:27:17,KNN-Direct,Toxicity,0.1,24,24,5,0.6,0.831233709002845,0.0,0.08730237500276417,0.9185406250180677
2026-07-14T17:27:18,KNN-Direct-Weighted,Toxicity,0.1,24,24,7,0.5714285714285714,0.9326582089997828,0.0,0.09748900000704452,1.0301508330157958
2026-07-14T17:27:19,KNN-Direct-Manhattan,Toxicity,0.1,24,24,9,0.6285714285714286,0.8228315829765052,0.0,0.08616908302064985,0.9090052919927984
2026-07-14T17:27:24,KNN-IC,Toxicity,0.1,25,25,5,0.5714285714285714,4.992265624983702,0.332779832999222,0.0354700000025332,5.360521166003309
2026-07-14T17:27:24,Mean-IC,Toxicity,0.1,25,25,6,0.5428571428571428,0.20861654198961332,0.0033317499910481274,0.021214875014266,0.23316725000040606
2026-07-14T17:27:25,KNN-Direct,Toxicity,0.1,25,25,5,0.5142857142857142,0.8281919159926474,0.0,0.08669054199708626,0.9148855420062318
2026-07-14T17:27:26,KNN-Direct-Weighted,Toxicity,0.1,25,25,5,0.5142857142857142,0.9286498750152532,0.0,0.09733499999856576,1.0259884169790894
2026-07-14T17:27:27,KNN-Direct-Manhattan,Toxicity,0.1,25,25,5,0.6,0.8191471669997554,0.0,0.08559733399306424,0.9047491249802988
2026-07-14T17:27:33,KNN-IC,Toxicity,0.1,26,26,4,0.5714285714285714,5.282148208003491,0.3319610839826055,0.03492133301915601,5.649035584006924
2026-07-14T17:27:33,Mean-IC,Toxicity,0.1,26,26,14,0.6,0.20712641699356027,0.003297165996627882,0.021240208006929606,0.23166816699085757
2026-07-14T17:27:34,KNN-Direct,Toxicity,0.1,26,26,13,0.6,0.8292609580093995,0.0,0.0879211249994114,0.9171861670038197
2026-07-14T17:27:35,KNN-Direct-Weighted,Toxicity,0.1,26,26,11,0.6285714285714286,0.9334993340016808,0.0,0.09772337501635775,1.0312269580026623
2026-07-14T17:27:36,KNN-Direct-Manhattan,Toxicity,0.1,26,26,12,0.6,0.8208781249995809,0.0,0.08597641601227224,0.9068590419774409
2026-07-14T17:27:41,KNN-IC,Toxicity,0.1,27,27,11,0.6857142857142857,4.955199582997011,0.33875733299646527,0.03495779100921936,5.328919457999291
2026-07-14T17:27:42,Mean-IC,Toxicity,0.1,27,27,11,0.6857142857142857,0.20771887499722652,0.0035721669846680015,0.021074541989946738,0.2323697920073755
2026-07-14T17:27:43,KNN-Direct,Toxicity,0.1,27,27,11,0.6857142857142857,0.8325506670225877,0.0,0.08723962501971982,0.9197942499886267
2026-07-14T17:27:44,KNN-Direct-Weighted,Toxicity,0.1,27,27,9,0.6857142857142857,0.9331184580223635,0.0,0.0970740000193473,1.0301966249826364
2026-07-14T17:27:45,KNN-Direct-Manhattan,Toxicity,0.1,27,27,11,0.6857142857142857,0.9833483750117011,0.0,0.13063583298935555,1.1139889170008246
2026-07-14T17:27:50,KNN-IC,Toxicity,0.1,28,28,4,0.6285714285714286,5.2090633749903645,0.33356787500088103,0.034828333009500057,5.577464208996389
2026-07-14T17:27:50,Mean-IC,Toxicity,0.1,28,28,4,0.6285714285714286,0.2078946670226287,0.0032897080236580223,0.021063749998575076,0.23225295799784362
2026-07-14T17:27:51,KNN-Direct,Toxicity,0.1,28,28,4,0.5714285714285714,0.82804700001725,0.0,0.08692620799411088,0.9149776250123978
2026-07-14T17:27:52,KNN-Direct-Weighted,Toxicity,0.1,28,28,4,0.5714285714285714,0.9279327080002986,0.0,0.09730541697354056,1.025241499999538
2026-07-14T17:27:53,KNN-Direct-Manhattan,Toxicity,0.1,28,28,11,0.5428571428571428,0.8190977500053123,0.0,0.0855680420063436,0.9046708749956451
2026-07-14T17:27:59,KNN-IC,Toxicity,0.1,29,29,7,0.6571428571428571,4.984505041007651,0.33491483301622793,0.03492670800187625,5.354351415997371
2026-07-14T17:27:59,Mean-IC,Toxicity,0.1,29,29,10,0.6285714285714286,0.250235583022004,0.004329499992309138,0.02676124998833984,0.2813331659999676
2026-07-14T17:28:00,KNN-Direct,Toxicity,0.1,29,29,10,0.6285714285714286,0.9938754580216482,0.0,0.08699966600397602,1.0808794579934329
2026-07-14T17:28:01,KNN-Direct-Weighted,Toxicity,0.1,29,29,10,0.6285714285714286,0.9285061669943389,0.0,0.09715766698354855,1.0256685000204016
2026-07-14T17:28:02,KNN-Direct-Manhattan,Toxicity,0.1,29,29,12,0.6285714285714286,0.814892415975919,0.0,0.08563725001295097,0.900535041000694
2026-07-14T17:28:07,KNN-IC,Toxicity,0.1,30,30,6,0.5428571428571428,4.949630916991737,0.33631408400833607,0.03533583300304599,5.321285915997578
2026-07-14T17:28:08,Mean-IC,Toxicity,0.1,30,30,9,0.5428571428571428,0.20797774998936802,0.003379208006663248,0.021328958013327792,0.23269012500531971
2026-07-14T17:28:08,KNN-Direct,Toxicity,0.1,30,30,9,0.5714285714285714,0.8282101670047268,0.0,0.08675654101534747,0.9149700409907382
2026-07-14T17:28:09,KNN-Direct-Weighted,Toxicity,0.1,30,30,9,0.5714285714285714,0.9291985419986304,0.0,0.09746437499416061,1.0266664999944624
2026-07-14T17:28:10,KNN-Direct-Manhattan,Toxicity,0.1,30,30,10,0.5142857142857142,0.8199137920164503,0.0,0.08610375001444481,0.9060212079784833
2026-07-14T17:28:16,KNN-IC,Toxicity,0.1,31,31,3,0.6,5.633336875005625,0.31332733400631696,0.03511399999842979,5.981783082999755
2026-07-14T17:28:17,Mean-IC,Toxicity,0.1,31,31,7,0.6857142857142857,0.20800891701946966,0.0032846670073922724,0.021144083002582192,0.23244233298464678
2026-07-14T17:28:18,KNN-Direct,Toxicity,0.1,31,31,5,0.6285714285714286,0.8275544580246788,0.0,0.08626220797304995,0.913819749985123
2026-07-14T17:28:19,KNN-Direct-Weighted,Toxicity,0.1,31,31,5,0.6285714285714286,0.9291887090075761,0.0,0.09716533299069852,1.0263578750018496
2026-07-14T17:28:19,KNN-Direct-Manhattan,Toxicity,0.1,31,31,5,0.5714285714285714,0.8153579579957295,0.0,0.0858176669862587,0.9011792080127634
2026-07-14T17:28:25,KNN-IC,Toxicity,0.1,32,32,7,0.6571428571428571,4.961641458008671,0.3348050419881474,0.03494408301776275,5.331395457993494
2026-07-14T17:28:25,Mean-IC,Toxicity,0.1,32,32,7,0.6571428571428571,0.20750420799595304,0.0034522080095484853,0.021148166997591034,0.2321087080053985
2026-07-14T17:28:26,KNN-Direct,Toxicity,0.1,32,32,7,0.7428571428571429,0.8268900419934653,0.0,0.08724587497999892,0.9141399160143919
2026-07-14T17:28:27,KNN-Direct-Weighted,Toxicity,0.1,32,32,5,0.6857142857142857,0.9298176250013057,0.0,0.09720658301375806,1.027028042008169
2026-07-14T17:28:28,KNN-Direct-Manhattan,Toxicity,0.1,32,32,7,0.8,0.8198563329933677,0.0,0.08595345800858922,0.9058151250064839
2026-07-14T17:28:34,KNN-IC,Toxicity,0.1,33,33,5,0.6285714285714286,5.372953417012468,0.33099537499947473,0.03519912500632927,5.739152750000358
2026-07-14T17:28:34,Mean-IC,Toxicity,0.1,33,33,5,0.5428571428571428,0.20800333298393525,0.0033045000163838267,0.021165749989449978,0.23247816701768897
2026-07-14T17:28:35,KNN-Direct,Toxicity,0.1,33,33,5,0.6,0.8278047910134774,0.0,0.08701562500209548,0.9148250000143889
2026-07-14T17:28:36,KNN-Direct-Weighted,Toxicity,0.1,33,33,5,0.6285714285714286,0.9300420840154402,0.0,0.09707491702283733,1.0271216669934802
2026-07-14T17:28:37,KNN-Direct-Manhattan,Toxicity,0.1,33,33,5,0.5714285714285714,0.8196986669790931,0.0,0.08630349999293685,0.9060071670101024
2026-07-14T17:28:42,KNN-IC,Toxicity,0.1,34,34,9,0.6,4.9433055839908775,0.33941495799808763,0.03510554099921137,5.317831041000318
2026-07-14T17:28:42,Mean-IC,Toxicity,0.1,34,34,5,0.5428571428571428,0.20806941701448523,0.0032778749882709235,0.02114020800217986,0.23249187498004176
2026-07-14T17:28:43,KNN-Direct,Toxicity,0.1,34,34,7,0.6571428571428571,0.8280099580006208,0.0,0.08762108400696889,0.9156350829871371
2026-07-14T17:28:44,KNN-Direct-Weighted,Toxicity,0.1,34,34,7,0.6571428571428571,1.0611944579868577,0.0,0.1492966669902671,1.2104959579883143
2026-07-14T17:28:46,KNN-Direct-Manhattan,Toxicity,0.1,34,34,7,0.6285714285714286,1.1896192910207901,0.0,0.08615025001927279,1.2757751669851132
2026-07-14T17:28:51,KNN-IC,Toxicity,0.1,35,35,9,0.6,4.948218333011027,0.33950475000892766,0.03510045897564851,5.322828499978641
2026-07-14T17:28:51,Mean-IC,Toxicity,0.1,35,35,11,0.6285714285714286,0.20762570900842547,0.003307250008219853,0.021122458012541756,0.23205941598280333
2026-07-14T17:28:52,KNN-Direct,Toxicity,0.1,35,35,12,0.6,0.8258276669948827,0.0,0.08661754199420102,0.9124496250005905
2026-07-14T17:28:53,KNN-Direct-Weighted,Toxicity,0.1,35,35,9,0.6,0.9283378339896444,0.0,0.09713404200738296,1.0254759999806993
2026-07-14T17:28:54,KNN-Direct-Manhattan,Toxicity,0.1,35,35,10,0.6857142857142857,0.8204069999919739,0.0,0.08574325000518002,0.9061547089950182
2026-07-14T17:29:00,KNN-IC,Toxicity,0.1,36,36,3,0.6857142857142857,5.1209552089858335,0.4805688330088742,0.041379041998879984,5.6429093750193715
2026-07-14T17:29:00,Mean-IC,Toxicity,0.1,36,36,3,0.7428571428571429,0.21402991699869744,0.0033757500059437007,0.021236915985355154,0.2386474590166472
2026-07-14T17:29:01,KNN-Direct,Toxicity,0.1,36,36,3,0.6285714285714286,0.8274136669933796,0.0,0.08736104200943373,0.9147786669782363
2026-07-14T17:29:02,KNN-Direct-Weighted,Toxicity,0.1,36,36,5,0.6857142857142857,0.9294843750249129,0.0,0.09732387500116602,1.0268121249973774
2026-07-14T17:29:03,KNN-Direct-Manhattan,Toxicity,0.1,36,36,5,0.6571428571428571,0.8190022499766201,0.0,0.08660162499290891,0.9056082919996697
2026-07-14T17:29:08,KNN-IC,Toxicity,0.1,37,37,5,0.6857142857142857,4.950716874998761,0.3316782079928089,0.035113624995574355,5.317514000023948
2026-07-14T17:29:08,Mean-IC,Toxicity,0.1,37,37,5,0.6857142857142857,0.20754800000577234,0.003286499995738268,0.02124641599948518,0.23208504100330174
2026-07-14T17:29:09,KNN-Direct,Toxicity,0.1,37,37,15,0.7428571428571429,0.8272039580042474,0.0,0.08643745799781755,0.9136457080021501
2026-07-14T17:29:10,KNN-Direct-Weighted,Toxicity,0.1,37,37,7,0.7142857142857143,0.9623390839842614,0.0,0.0969694170053117,1.0593128750042524
2026-07-14T17:29:11,KNN-Direct-Manhattan,Toxicity,0.1,37,37,6,0.6857142857142857,0.8160315419954713,0.0,0.08579812498646788,0.9018341659975704
2026-07-14T17:29:17,KNN-IC,Toxicity,0.1,38,38,11,0.5714285714285714,5.761647707986413,0.34203612501733005,0.03489737497875467,6.138586957997177
2026-07-14T17:29:18,Mean-IC,Toxicity,0.1,38,38,11,0.5714285714285714,0.2075728329946287,0.0033154580160044134,0.021179750008741394,0.23207170801470056
2026-07-14T17:29:19,KNN-Direct,Toxicity,0.1,38,38,11,0.5714285714285714,0.8304940419911873,0.0,0.08674687499296851,0.9172440840047784
2026-07-14T17:29:20,KNN-Direct-Weighted,Toxicity,0.1,38,38,11,0.5714285714285714,0.9304664590163156,0.0,0.09739754197653383,1.0278677089954726
2026-07-14T17:29:20,KNN-Direct-Manhattan,Toxicity,0.1,38,38,13,0.5714285714285714,0.8204457499959972,0.0,0.08617633298854344,0.9066257079830393
2026-07-14T17:29:26,KNN-IC,Toxicity,0.1,39,39,15,0.6857142857142857,4.940118166996399,0.3394612919946667,0.03550479200202972,5.315089417010313
2026-07-14T17:29:26,Mean-IC,Toxicity,0.1,39,39,15,0.6857142857142857,0.2076674170093611,0.003266958025051281,0.02130550000583753,0.23224404102074914
2026-07-14T17:29:27,KNN-Direct,Toxicity,0.1,39,39,15,0.6571428571428571,0.8272227499983273,0.0,0.08733195799868554,0.9145587090170011
2026-07-14T17:29:28,KNN-Direct-Weighted,Toxicity,0.1,39,39,15,0.6571428571428571,0.9304342079849448,0.0,0.09765529198921286,1.0280933750036638
2026-07-14T17:29:29,KNN-Direct-Manhattan,Toxicity,0.1,39,39,5,0.5428571428571428,0.8192065000184812,0.0,0.08608937499229796,0.9053002499858849
2026-07-14T17:29:35,KNN-IC,Toxicity,0.2,0,0,10,0.6285714285714286,5.524679416004801,0.36585875001037493,0.03523841698188335,5.925782042002538
2026-07-14T17:29:35,Mean-IC,Toxicity,0.2,0,0,1,0.5428571428571428,0.20826395900803618,0.004089833004400134,0.02140004199463874,0.23375791698344983
2026-07-14T17:29:36,KNN-Direct,Toxicity,0.2,0,0,1,0.45714285714285713,1.036864624998998,0.0,0.10870795798837207,1.1455762920086272
2026-07-14T17:29:37,KNN-Direct-Weighted,Toxicity,0.2,0,0,1,0.4857142857142857,1.1358391249959823,0.0,0.11904474999755621,1.2548887500015553
2026-07-14T17:29:39,KNN-Direct-Manhattan,Toxicity,0.2,0,0,9,0.5714285714285714,1.0226780829834752,0.0,0.10762058300315402,1.1303030000126455
2026-07-14T17:29:45,KNN-IC,Toxicity,0.2,1,1,7,0.6857142857142857,5.372915165993618,0.6982725000125356,0.05929862498305738,6.130495582998265
2026-07-14T17:29:45,Mean-IC,Toxicity,0.2,1,1,14,0.5714285714285714,0.3540299999876879,0.0048408330185338855,0.037132541998289526,0.39601283401134424
2026-07-14T17:29:46,KNN-Direct,Toxicity,0.2,1,1,7,0.7142857142857143,1.1758067080227192,0.0,0.10789275000570342,1.2837051670067012
2026-07-14T17:29:48,KNN-Direct-Weighted,Toxicity,0.2,1,1,7,0.6285714285714286,1.1358960419893265,0.0,0.11859283299418166,1.2544927920098417
2026-07-14T17:29:49,KNN-Direct-Manhattan,Toxicity,0.2,1,1,11,0.6571428571428571,1.0251345419965219,0.0,0.10836270899744704,1.1335019170073792
2026-07-14T17:29:55,KNN-IC,Toxicity,0.2,2,2,13,0.7428571428571429,5.354010166978696,0.3783101660083048,0.0351247499929741,5.767450125014875
2026-07-14T17:29:55,Mean-IC,Toxicity,0.2,2,2,5,0.7142857142857143,0.20820470800390467,0.004007667012047023,0.021078166988445446,0.23329450000892393
2026-07-14T17:29:56,KNN-Direct,Toxicity,0.2,2,2,5,0.7142857142857143,1.0346290419984143,0.0,0.1082220830139704,1.1428550419805106
2026-07-14T17:29:57,KNN-Direct-Weighted,Toxicity,0.2,2,2,15,0.7142857142857143,1.13459016699926,0.0,0.11914879200048745,1.2537444159970619
2026-07-14T17:29:58,KNN-Direct-Manhattan,Toxicity,0.2,2,2,5,0.7428571428571429,1.0247506250161678,0.0,0.10718754201661795,1.131942749983864
2026-07-14T17:30:04,KNN-IC,Toxicity,0.2,3,3,11,0.6285714285714286,5.673062832996948,0.3718339999904856,0.0347494579909835,6.079651208012365
2026-07-14T17:30:05,Mean-IC,Toxicity,0.2,3,3,11,0.6571428571428571,0.20837420801399276,0.004031208984088153,0.02119220801978372,0.23360245799995027
2026-07-14T17:30:06,KNN-Direct,Toxicity,0.2,3,3,14,0.6285714285714286,1.0315415000077337,0.0,0.10859366701333784,1.14013949999935
2026-07-14T17:30:07,KNN-Direct-Weighted,Toxicity,0.2,3,3,11,0.6285714285714286,1.1324008330120705,0.0,0.11959425001987256,1.252000540989684
2026-07-14T17:30:08,KNN-Direct-Manhattan,Toxicity,0.2,3,3,11,0.6,1.0216337079764344,0.0,0.10704750000149943,1.1286866659938823
2026-07-14T17:30:14,KNN-IC,Toxicity,0.2,4,4,3,0.6,5.298031374986749,0.32872995900106616,0.035183665982913226,5.661949875007849
2026-07-14T17:30:14,Mean-IC,Toxicity,0.2,4,4,11,0.6571428571428571,0.32717262499500066,0.00563208301900886,0.03847133298404515,0.37128612500964664
2026-07-14T17:30:16,KNN-Direct,Toxicity,0.2,4,4,3,0.6285714285714286,1.4503673749859445,0.0,0.10856437499751337,1.5589376249990892
2026-07-14T17:30:17,KNN-Direct-Weighted,Toxicity,0.2,4,4,3,0.5714285714285714,1.132146499992814,0.0,0.11870200000703335,1.2508540419803467
2026-07-14T17:30:18,KNN-Direct-Manhattan,Toxicity,0.2,4,4,5,0.6,1.0216334169963375,0.0,0.10665508298552595,1.1282940829987638
2026-07-14T17:30:24,KNN-IC,Toxicity,0.2,5,5,11,0.6571428571428571,5.398672584007727,0.3710402080032509,0.03516291599953547,5.804880582989426
2026-07-14T17:30:24,Mean-IC,Toxicity,0.2,5,5,11,0.6571428571428571,0.2082644999900367,0.00392887499765493,0.021526958007598296,0.23372424999251962
2026-07-14T17:30:25,KNN-Direct,Toxicity,0.2,5,5,8,0.6571428571428571,1.0343139999895357,0.0,0.10879920798470266,1.143117583997082
2026-07-14T17:30:27,KNN-Direct-Weighted,Toxicity,0.2,5,5,8,0.6285714285714286,1.1350157500128262,0.0,0.1194206659856718,1.254440832999535
2026-07-14T17:30:28,KNN-Direct-Manhattan,Toxicity,0.2,5,5,12,0.6,1.030456000007689,0.0,0.10739900000044145,1.1378592909895815
2026-07-14T17:30:34,KNN-IC,Toxicity,0.2,6,6,5,0.5428571428571428,5.657245665992377,0.3677217499935068,0.03510499998810701,6.060077458008891
2026-07-14T17:30:34,Mean-IC,Toxicity,0.2,6,6,4,0.4,0.20738245800021105,0.004155541973887011,0.021198500005993992,0.23274308399413712
2026-07-14T17:30:35,KNN-Direct,Toxicity,0.2,6,6,3,0.5142857142857142,1.030102958000498,0.0,0.10853374999715015,1.1386410829727538
2026-07-14T17:30:36,KNN-Direct-Weighted,Toxicity,0.2,6,6,3,0.5428571428571428,1.1309215409855824,0.0,0.11944458301877603,1.2503711250028573
2026-07-14T17:30:38,KNN-Direct-Manhattan,Toxicity,0.2,6,6,6,0.5142857142857142,1.0195487090095412,0.0,0.1075172080018092,1.1270706669893116
2026-07-14T17:30:43,KNN-IC,Toxicity,0.2,7,7,2,0.42857142857142855,5.280891541013261,0.3234004999976605,0.03496070799883455,5.639257250004448
2026-07-14T17:30:43,Mean-IC,Toxicity,0.2,7,7,3,0.4857142857142857,0.20872583400341682,0.004238959023496136,0.021075666008982807,0.23404425001353957
2026-07-14T17:30:45,KNN-Direct,Toxicity,0.2,7,7,13,0.5142857142857142,1.2117038750147913,0.0,0.1652829999802634,1.376990749995457
2026-07-14T17:30:46,KNN-Direct-Weighted,Toxicity,0.2,7,7,9,0.5142857142857142,1.3430953750212211,0.0,0.12011154199717566,1.4632122500042897
2026-07-14T17:30:47,KNN-Direct-Manhattan,Toxicity,0.2,7,7,1,0.45714285714285713,1.0200003329955507,0.0,0.10719679199974053,1.1272009160020389
2026-07-14T17:30:53,KNN-IC,Toxicity,0.2,8,8,3,0.6571428571428571,5.331735249987105,0.330578458000673,0.03499391602235846,5.697312500007683
2026-07-14T17:30:53,Mean-IC,Toxicity,0.2,8,8,7,0.7428571428571429,0.20836595899891108,0.003993291000369936,0.021220708003966138,0.233584041998256
2026-07-14T17:30:55,KNN-Direct,Toxicity,0.2,8,8,11,0.7142857142857143,1.0386514159908984,0.0,0.10844762501074001,1.1471034169953782
2026-07-14T17:30:56,KNN-Direct-Weighted,Toxicity,0.2,8,8,8,0.6857142857142857,1.136392959015211,0.0,0.11866874998668209,1.255065959005151
2026-07-14T17:30:57,KNN-Direct-Manhattan,Toxicity,0.2,8,8,15,0.6285714285714286,1.0256679999874905,0.0,0.10764945799019188,1.1333224160189275
2026-07-14T17:31:03,KNN-IC,Toxicity,0.2,9,9,7,0.7142857142857143,5.620836667018011,0.36892912501934916,0.03493312498903833,6.0247039170062635
2026-07-14T17:31:03,Mean-IC,Toxicity,0.2,9,9,5,0.6571428571428571,0.20843558298656717,0.004033875011373311,0.021299707994330674,0.23377333299140446
2026-07-14T17:31:04,KNN-Direct,Toxicity,0.2,9,9,9,0.7142857142857143,1.0309435419912916,0.0,0.10796595900319517,1.1389134589990135
2026-07-14T17:31:06,KNN-Direct-Weighted,Toxicity,0.2,9,9,11,0.7714285714285715,1.130255958007183,0.0,0.11883583301096223,1.2490974579995964
2026-07-14T17:31:07,KNN-Direct-Manhattan,Toxicity,0.2,9,9,1,0.5428571428571428,1.0177198750025127,0.0,0.10720650001894683,1.1249309589911718
2026-07-14T17:31:13,KNN-IC,Toxicity,0.2,10,10,15,0.4857142857142857,5.386202291992959,0.38492566702188924,0.035254582995548844,5.80638787499629
2026-07-14T17:31:13,Mean-IC,Toxicity,0.2,10,10,4,0.45714285714285713,0.20824533299310133,0.0039789579750504345,0.021420792007120326,0.2336502499820199
2026-07-14T17:31:14,KNN-Direct,Toxicity,0.2,10,10,11,0.5142857142857142,1.0315552910033148,0.0,0.10829979198751971,1.1398597500228789
2026-07-14T17:31:16,KNN-Direct-Weighted,Toxicity,0.2,10,10,11,0.5142857142857142,1.6342504160129465,0.0,0.11964862499735318,1.7539039159892127
2026-07-14T17:31:17,KNN-Direct-Manhattan,Toxicity,0.2,10,10,9,0.6,1.0213401250075549,0.0,0.10712716600392014,1.1284720840048976
2026-07-14T17:31:22,KNN-IC,Toxicity,0.2,11,11,10,0.6285714285714286,5.29295525001362,0.3754092079761904,0.03498925000894815,5.7033595830143895
2026-07-14T17:31:23,Mean-IC,Toxicity,0.2,11,11,13,0.6,0.20944729199982248,0.004187416983768344,0.021212166000623256,0.23485104099381715
2026-07-14T17:31:24,KNN-Direct,Toxicity,0.2,11,11,14,0.6,1.0314381250063889,0.0,0.10843833402032033,1.1398800830065738
2026-07-14T17:31:25,KNN-Direct-Weighted,Toxicity,0.2,11,11,14,0.6,1.1702678749861661,0.0,0.11998279200633988,1.2902554160100408
2026-07-14T17:31:26,KNN-Direct-Manhattan,Toxicity,0.2,11,11,8,0.5428571428571428,1.0212495409941766,0.0,0.10731920800753869,1.128572957997676
2026-07-14T17:31:32,KNN-IC,Toxicity,0.2,12,12,6,0.45714285714285713,5.650539207999827,0.37361395900370553,0.03515650000190362,6.059314416983398
2026-07-14T17:31:33,Mean-IC,Toxicity,0.2,12,12,5,0.6,0.2077831249916926,0.003983917005825788,0.02146262497990392,0.23323483299463987
2026-07-14T17:31:34,KNN-Direct,Toxicity,0.2,12,12,5,0.5428571428571428,1.0271777080197353,0.0,0.10839599999599159,1.1355778749857564
2026-07-14T17:31:35,KNN-Direct-Weighted,Toxicity,0.2,12,12,7,0.5714285714285714,1.1298644169874024,0.0,0.11840758300968446,1.248275999998441
2026-07-14T17:31:36,KNN-Direct-Manhattan,Toxicity,0.2,12,12,5,0.5428571428571428,1.0179241249861661,0.0,0.10702420899178833,1.1249519999837503
2026-07-14T17:31:42,KNN-IC,Toxicity,0.2,13,13,3,0.5142857142857142,5.288661459024297,0.3313707500055898,0.03513812500750646,5.655174957995769
2026-07-14T17:31:42,Mean-IC,Toxicity,0.2,13,13,7,0.4857142857142857,0.2078276249812916,0.004145459010032937,0.021322834014426917,0.2333002089872025
2026-07-14T17:31:43,KNN-Direct,Toxicity,0.2,13,13,3,0.5142857142857142,1.0340988330135588,0.0,0.11088479199679568,1.1449875420075841
2026-07-14T17:31:45,KNN-Direct-Weighted,Toxicity,0.2,13,13,5,0.4857142857142857,1.2555747089791112,0.0,0.17541145801078528,1.4309915420017205
2026-07-14T17:31:46,KNN-Direct-Manhattan,Toxicity,0.2,13,13,14,0.5428571428571428,1.3195748750003986,0.0,0.10729033299139701,1.426871540985303
2026-07-14T17:31:52,KNN-IC,Toxicity,0.2,14,14,6,0.6285714285714286,5.370000582974171,0.37384262497653253,0.03507187499781139,5.77892095799325
2026-07-14T17:31:52,Mean-IC,Toxicity,0.2,14,14,7,0.6,0.2079003749822732,0.003964333998737857,0.021393250004621223,0.2332626249990426
2026-07-14T17:31:53,KNN-Direct,Toxicity,0.2,14,14,6,0.6,1.0363397919863928,0.0,0.10852924999198876,1.1448730829870328
2026-07-14T17:31:54,KNN-Direct-Weighted,Toxicity,0.2,14,14,5,0.5428571428571428,1.138741000002483,0.0,0.11858195799868554,1.257327291998081
2026-07-14T17:31:56,KNN-Direct-Manhattan,Toxicity,0.2,14,14,3,0.4857142857142857,1.0272839590033982,0.0,0.10703400001511909,1.1343232500075828
2026-07-14T17:32:02,KNN-IC,Toxicity,0.2,15,15,5,0.6571428571428571,5.671054540987825,0.36411562497960404,0.03508220799267292,6.0702570830180775
2026-07-14T17:32:02,Mean-IC,Toxicity,0.2,15,15,7,0.6857142857142857,0.20742816702113487,0.00403595800162293,0.02125874999910593,0.23272691600141115
2026-07-14T17:32:03,KNN-Direct,Toxicity,0.2,15,15,7,0.6285714285714286,1.0295490830030758,0.0,0.10822545801056549,1.137778917007381
2026-07-14T17:32:04,KNN-Direct-Weighted,Toxicity,0.2,15,15,7,0.6285714285714286,1.1342913330008741,0.0,0.11863212499883957,1.2529283330077305
2026-07-14T17:32:05,KNN-Direct-Manhattan,Toxicity,0.2,15,15,4,0.5714285714285714,1.0528261250001378,0.0,0.10702279198449105,1.1598535839875694
2026-07-14T17:32:11,KNN-IC,Toxicity,0.2,16,16,13,0.6857142857142857,5.363637375005055,0.37555229099234566,0.03497733300901018,5.774172042001737
2026-07-14T17:32:11,Mean-IC,Toxicity,0.2,16,16,5,0.6,0.2077085830096621,0.004169666994130239,0.021068875008495525,0.2329512090072967
2026-07-14T17:32:13,KNN-Direct,Toxicity,0.2,16,16,12,0.6285714285714286,1.0323642500152346,0.0,0.10843966700485907,1.1408083330024965
2026-07-14T17:32:14,KNN-Direct-Weighted,Toxicity,0.2,16,16,11,0.6857142857142857,1.1330305410083383,0.0,0.11929012500331737,1.2523243330069818
2026-07-14T17:32:15,KNN-Direct-Manhattan,Toxicity,0.2,16,16,10,0.6571428571428571,1.3333189589902759,0.0,0.1618468329834286,1.4951707079890184
2026-07-14T17:32:21,KNN-IC,Toxicity,0.2,17,17,13,0.5714285714285714,5.443171249993611,0.38307562499539927,0.035165749985026196,5.861418250016868
2026-07-14T17:32:21,Mean-IC,Toxicity,0.2,17,17,5,0.5142857142857142,0.2079665000201203,0.003999749984359369,0.02116050000768155,0.23313079099170864
2026-07-14T17:32:23,KNN-Direct,Toxicity,0.2,17,17,15,0.5714285714285714,1.0310426659998484,0.0,0.10821483298786916,1.1392616250086576
2026-07-14T17:32:24,KNN-Direct-Weighted,Toxicity,0.2,17,17,15,0.5714285714285714,1.1338744169916026,0.0,0.11873554199701175,1.2526144169969484
2026-07-14T17:32:25,KNN-Direct-Manhattan,Toxicity,0.2,17,17,7,0.5428571428571428,1.0235299589985516,0.0,0.10695670801214874,1.1304905000142753
2026-07-14T17:32:31,KNN-IC,Toxicity,0.2,18,18,11,0.5428571428571428,5.6455061250017025,0.3718229999940377,0.07167333300458267,6.089008374983678
2026-07-14T17:32:31,Mean-IC,Toxicity,0.2,18,18,11,0.5428571428571428,0.20821158299804665,0.004025374975753948,0.021394875016994774,0.2336362499918323
2026-07-14T17:32:32,KNN-Direct,Toxicity,0.2,18,18,4,0.6,1.030855374992825,0.0,0.10807083299732767,1.1389304170152172
2026-07-14T17:32:34,KNN-Direct-Weighted,Toxicity,0.2,18,18,4,0.5428571428571428,1.1334297089779284,0.0,0.11971354199340567,1.253148207993945
2026-07-14T17:32:35,KNN-Direct-Manhattan,Toxicity,0.2,18,18,3,0.6285714285714286,1.0210557499958668,0.0,0.10704412497580051,1.1281048750097398
2026-07-14T17:32:41,KNN-IC,Toxicity,0.2,19,19,6,0.6285714285714286,5.344258249999257,0.3699981670069974,0.03512441698694602,5.749386292009149
2026-07-14T17:32:41,Mean-IC,Toxicity,0.2,19,19,7,0.7142857142857143,0.20769729200401343,0.003958499990403652,0.021278750005876645,0.2329389170045033
2026-07-14T17:32:42,KNN-Direct,Toxicity,0.2,19,19,3,0.6285714285714286,1.0312045000027865,0.0,0.10896658399724402,1.1401753750105854
2026-07-14T17:32:43,KNN-Direct-Weighted,Toxicity,0.2,19,19,10,0.6,1.1408542080025654,0.0,0.12017137501970865,1.2610303330002353
2026-07-14T17:32:44,KNN-Direct-Manhattan,Toxicity,0.2,19,19,5,0.6571428571428571,1.093013624980813,0.0,0.15317529201274738,1.2461933339945972
2026-07-14T17:32:51,KNN-IC,Toxicity,0.2,20,20,5,0.7142857142857143,5.88640870898962,0.36293379100970924,0.0352034580137115,6.284551750024548
2026-07-14T17:32:51,Mean-IC,Toxicity,0.2,20,20,5,0.5428571428571428,0.20809441598248668,0.003948540979763493,0.021146667015273124,0.23319383300258778
2026-07-14T17:32:52,KNN-Direct,Toxicity,0.2,20,20,4,0.45714285714285713,1.0314279999874998,0.0,0.10812645801343024,1.1395585419959389
2026-07-14T17:32:53,KNN-Direct-Weighted,Toxicity,0.2,20,20,5,0.6571428571428571,1.132599291013321,0.0,0.11878162500215694,1.2513860409962945
2026-07-14T17:32:54,KNN-Direct-Manhattan,Toxicity,0.2,20,20,5,0.6571428571428571,1.0215075000014622,0.0,0.10749354201834649,1.1290054999990389
2026-07-14T17:33:01,KNN-IC,Toxicity,0.2,21,21,1,0.6571428571428571,5.721492417011177,0.31703758297953755,0.03498512500664219,6.073520459001884
2026-07-14T17:33:01,Mean-IC,Toxicity,0.2,21,21,5,0.7714285714285715,0.20885408300091513,0.004027541988762096,0.021484583005076274,0.23437062499579042
2026-07-14T17:33:02,KNN-Direct,Toxicity,0.2,21,21,11,0.6285714285714286,1.0335422499920242,0.0,0.10815537499729544,1.1417017079947982
2026-07-14T17:33:03,KNN-Direct-Weighted,Toxicity,0.2,21,21,8,0.6571428571428571,1.1347754590096883,0.0,0.11985791701590642,1.254639082995709
2026-07-14T17:33:04,KNN-Direct-Manhattan,Toxicity,0.2,21,21,6,0.6571428571428571,1.0232627090008464,0.0,0.10703345798538066,1.1303017919999547
2026-07-14T17:33:10,KNN-IC,Toxicity,0.2,22,22,7,0.6285714285714286,5.3645871249900665,0.3759782080014702,0.035062417009612545,5.775632333010435
2026-07-14T17:33:10,Mean-IC,Toxicity,0.2,22,22,8,0.5428571428571428,0.20863991699297912,0.004011584009276703,0.021070459013571963,0.23372591601219028
2026-07-14T17:33:11,KNN-Direct,Toxicity,0.2,22,22,3,0.5142857142857142,1.0281895000080112,0.0,0.1084845419973135,1.1366795409994666
2026-07-14T17:33:13,KNN-Direct-Weighted,Toxicity,0.2,22,22,5,0.5142857142857142,1.1323865000158548,0.0,0.11989929201081395,1.2522899579780642
2026-07-14T17:33:14,KNN-Direct-Manhattan,Toxicity,0.2,22,22,7,0.6571428571428571,1.0193052499962505,0.0,0.10681587498402223,1.1261260000173934
2026-07-14T17:33:20,KNN-IC,Toxicity,0.2,23,23,7,0.5142857142857142,6.059989500005031,0.3712720409967005,0.03524070800631307,6.466507790988544
2026-07-14T17:33:21,Mean-IC,Toxicity,0.2,23,23,7,0.5714285714285714,0.2079415420012083,0.004234541003825143,0.02122245798818767,0.23340279201511294
2026-07-14T17:33:22,KNN-Direct,Toxicity,0.2,23,23,7,0.6571428571428571,1.033529542008182,0.0,0.10830362502019852,1.1418371670006309
2026-07-14T17:33:23,KNN-Direct-Weighted,Toxicity,0.2,23,23,7,0.6,1.1353605419863015,0.0,0.11892041700775735,1.2542850839963648
2026-07-14T17:33:24,KNN-Direct-Manhattan,Toxicity,0.2,23,23,7,0.6,1.025783916004002,0.0,0.10759266599779949,1.1333819160063285
2026-07-14T17:33:30,KNN-IC,Toxicity,0.2,24,24,7,0.5714285714285714,5.628555833012797,0.4233135829854291,0.03516283302451484,6.087038459023461
2026-07-14T17:33:30,Mean-IC,Toxicity,0.2,24,24,15,0.6,0.2085199580178596,0.003977709013270214,0.021107249980559573,0.23360870900796726
2026-07-14T17:33:32,KNN-Direct,Toxicity,0.2,24,24,12,0.5714285714285714,1.0315249579725787,0.0,0.10842270799912512,1.1399518749967683
2026-07-14T17:33:33,KNN-Direct-Weighted,Toxicity,0.2,24,24,14,0.6,1.1337453750020359,0.0,0.1190399159968365,1.252789458987536
2026-07-14T17:33:34,KNN-Direct-Manhattan,Toxicity,0.2,24,24,8,0.6285714285714286,1.057830291974824,0.0,0.10679083300055936,1.1646254580118693
2026-07-14T17:33:40,KNN-IC,Toxicity,0.2,25,25,5,0.5714285714285714,5.376540291996207,0.3676082080055494,0.03494766599033028,5.779101666994393
2026-07-14T17:33:40,Mean-IC,Toxicity,0.2,25,25,5,0.5142857142857142,0.2088822079822421,0.003998833999503404,0.021186458005104214,0.23407099998439662
2026-07-14T17:33:41,KNN-Direct,Toxicity,0.2,25,25,5,0.5714285714285714,1.0327200419851579,0.0,0.10749366600066423,1.1402176250121556
2026-07-14T17:33:42,KNN-Direct-Weighted,Toxicity,0.2,25,25,5,0.5142857142857142,1.1363312909961678,0.0,0.1193791669793427,1.255715584004065
2026-07-14T17:33:44,KNN-Direct-Manhattan,Toxicity,0.2,25,25,5,0.6,1.0286952079914045,0.0,0.10736233298666775,1.1360629580158275
2026-07-14T17:33:50,KNN-IC,Toxicity,0.2,26,26,4,0.6,6.036034417018527,0.36206479198881425,0.03499283400014974,6.433096916996874
2026-07-14T17:33:50,Mean-IC,Toxicity,0.2,26,26,5,0.6571428571428571,0.20854233301361091,0.004123249993426725,0.021247833996312693,0.23391795801580884
2026-07-14T17:33:51,KNN-Direct,Toxicity,0.2,26,26,5,0.6285714285714286,1.0331895829876885,0.0,0.10810720801237039,1.1413011249969713
2026-07-14T17:33:53,KNN-Direct-Weighted,Toxicity,0.2,26,26,5,0.6571428571428571,1.133624875015812,0.0,0.11899575000279583,1.2526260419981554
2026-07-14T17:33:54,KNN-Direct-Manhattan,Toxicity,0.2,26,26,13,0.6857142857142857,1.0226434170035645,0.0,0.10719820801750757,1.1298475000075996
2026-07-14T17:34:00,KNN-IC,Toxicity,0.2,27,27,12,0.7142857142857143,5.321672124991892,0.6887002919975203,0.0417245420103427,6.052103709022049
2026-07-14T17:34:00,Mean-IC,Toxicity,0.2,27,27,14,0.7142857142857143,0.24467304200516082,0.004693583003245294,0.024825583008350804,0.2741980830032844
2026-07-14T17:34:01,KNN-Direct,Toxicity,0.2,27,27,12,0.6571428571428571,1.036790915997699,0.0,0.1085384170000907,1.1453339169966057
2026-07-14T17:34:03,KNN-Direct-Weighted,Toxicity,0.2,27,27,12,0.6857142857142857,1.1338517499971204,0.0,0.11822750000283122,1.2520844160171691
2026-07-14T17:34:04,KNN-Direct-Manhattan,Toxicity,0.2,27,27,13,0.7142857142857143,1.0221892909903545,0.0,0.10817270801635459,1.1303673749789596
2026-07-14T17:34:09,KNN-IC,Toxicity,0.2,28,28,1,0.5428571428571428,5.39650224999059,0.31564575000084005,0.034890249982709065,5.747043874987867
2026-07-14T17:34:10,Mean-IC,Toxicity,0.2,28,28,5,0.6,0.20737412499147467,0.004148207983234897,0.021024834015406668,0.2325508749927394
2026-07-14T17:34:11,KNN-Direct,Toxicity,0.2,28,28,4,0.6,1.0319633329927456,0.0,0.10823329200502485,1.140200833993731
2026-07-14T17:34:12,KNN-Direct-Weighted,Toxicity,0.2,28,28,4,0.6285714285714286,1.1310229999944568,0.0,0.11901841699727811,1.2500450420193374
2026-07-14T17:34:13,KNN-Direct-Manhattan,Toxicity,0.2,28,28,4,0.6857142857142857,1.021828666998772,0.0,0.10646512499079108,1.128299000003608
2026-07-14T17:34:20,KNN-IC,Toxicity,0.2,29,29,9,0.6857142857142857,6.109493500000099,0.3757756669947412,0.035108249983750284,6.520382375019835
2026-07-14T17:34:20,Mean-IC,Toxicity,0.2,29,29,12,0.6285714285714286,0.20823779102647677,0.004246917000273243,0.021200292016146705,0.2336895829939749
2026-07-14T17:34:21,KNN-Direct,Toxicity,0.2,29,29,10,0.6285714285714286,1.031356459017843,0.0,0.10813387497910298,1.1394941250036936
2026-07-14T17:34:22,KNN-Direct-Weighted,Toxicity,0.2,29,29,10,0.6857142857142857,1.133349832991371,0.0,0.12001399998553097,1.2533687920076773
2026-07-14T17:34:23,KNN-Direct-Manhattan,Toxicity,0.2,29,29,5,0.6857142857142857,1.020517708006082,0.0,0.10711833299137652,1.12764191601309
2026-07-14T17:34:29,KNN-IC,Toxicity,0.2,30,30,9,0.5714285714285714,5.330264832999092,0.3917113750067074,0.04446462498162873,5.766449916001875
2026-07-14T17:34:30,Mean-IC,Toxicity,0.2,30,30,9,0.5142857142857142,0.38639308299752884,0.008512208005413413,0.039886249986011535,0.43480808299500495
2026-07-14T17:34:31,KNN-Direct,Toxicity,0.2,30,30,9,0.5714285714285714,1.1101982909895014,0.0,0.10766645800322294,1.217873082990991
2026-07-14T17:34:32,KNN-Direct-Weighted,Toxicity,0.2,30,30,9,0.5714285714285714,1.1298783329839353,0.0,0.11820816699764691,1.2480903329851571
2026-07-14T17:34:33,KNN-Direct-Manhattan,Toxicity,0.2,30,30,10,0.4857142857142857,1.019975000002887,0.0,0.10672837498714216,1.1267084169958252
2026-07-14T17:34:39,KNN-IC,Toxicity,0.2,31,31,9,0.6571428571428571,5.373905041982653,0.3759655410249252,0.035381499998038635,5.785257000010461
2026-07-14T17:34:39,Mean-IC,Toxicity,0.2,31,31,6,0.7142857142857143,0.20773424999788404,0.004010582983028144,0.021222625015070662,0.23297195800114423
2026-07-14T17:34:40,KNN-Direct,Toxicity,0.2,31,31,7,0.6857142857142857,1.0640504579932895,0.0,0.10822445899248123,1.172279874997912
2026-07-14T17:34:42,KNN-Direct-Weighted,Toxicity,0.2,31,31,7,0.6857142857142857,1.131364000000758,0.0,0.11890675002359785,1.2502779590140563
2026-07-14T17:34:43,KNN-Direct-Manhattan,Toxicity,0.2,31,31,5,0.6857142857142857,1.0144870840013027,0.0,0.10661720900679938,1.1211087919946294
2026-07-14T17:34:49,KNN-IC,Toxicity,0.2,32,32,7,0.6857142857142857,6.083269333990756,0.37044433399569243,0.03528620899305679,6.489004542003386
2026-07-14T17:34:50,Mean-IC,Toxicity,0.2,32,32,7,0.7142857142857143,0.20783712499542162,0.0039974169922061265,0.021104374987771735,0.23294300000998192
2026-07-14T17:34:51,KNN-Direct,Toxicity,0.2,32,32,7,0.7428571428571429,1.0334731659968384,0.0,0.10817720799241215,1.1416554999887012
2026-07-14T17:34:52,KNN-Direct-Weighted,Toxicity,0.2,32,32,6,0.7142857142857143,1.1343476669862866,0.0,0.11933995800791308,1.253691958001582
2026-07-14T17:34:53,KNN-Direct-Manhattan,Toxicity,0.2,32,32,1,0.45714285714285713,1.0246561669919174,0.0,0.10794658400118351,1.1326074579847045
2026-07-14T17:34:59,KNN-IC,Toxicity,0.2,33,33,5,0.6285714285714286,5.372198833007133,0.36571195800206624,0.035079583001788706,5.772995250008535
2026-07-14T17:34:59,Mean-IC,Toxicity,0.2,33,33,5,0.5428571428571428,0.20819245799793862,0.004160290991421789,0.02116887501324527,0.23352574999444187
2026-07-14T17:35:00,KNN-Direct,Toxicity,0.2,33,33,5,0.5714285714285714,1.2493798749928828,0.0,0.10821554099675268,1.3575999579916243
2026-07-14T17:35:02,KNN-Direct-Weighted,Toxicity,0.2,33,33,5,0.5714285714285714,1.1298405000125058,0.0,0.1188520829891786,1.2486990839825012
2026-07-14T17:35:03,KNN-Direct-Manhattan,Toxicity,0.2,33,33,5,0.5428571428571428,1.0189145830227062,0.0,0.10730487498221919,1.1262247909908183
2026-07-14T17:35:09,KNN-IC,Toxicity,0.2,34,34,5,0.5142857142857142,5.342538333003176,0.3680719580152072,0.034888708003563806,5.745504082995467
2026-07-14T17:35:09,Mean-IC,Toxicity,0.2,34,34,9,0.6,0.2080370000039693,0.003978708002250642,0.021291666984325275,0.23331199999665841
2026-07-14T17:35:10,KNN-Direct,Toxicity,0.2,34,34,14,0.6571428571428571,1.032145999983186,0.0,0.10912783400272019,1.1412775829958264
2026-07-14T17:35:11,KNN-Direct-Weighted,Toxicity,0.2,34,34,5,0.5714285714285714,1.1304814999748487,0.0,0.11836541700176895,1.2488507499801926
2026-07-14T17:35:12,KNN-Direct-Manhattan,Toxicity,0.2,34,34,7,0.6,1.0202577080053743,0.0,0.10710770901641808,1.1273706670035608
2026-07-14T17:35:19,KNN-IC,Toxicity,0.2,35,35,10,0.6,6.046385916008148,0.3757421669724863,0.03530704200966284,6.457440124999266
2026-07-14T17:35:19,Mean-IC,Toxicity,0.2,35,35,8,0.6285714285714286,0.20845379200181924,0.004077874997165054,0.021131499990588054,0.23366766702383757
2026-07-14T17:35:20,KNN-Direct,Toxicity,0.2,35,35,11,0.6285714285714286,1.0642008330032695,0.0,0.10856345799402334,1.1727682080236264
2026-07-14T17:35:21,KNN-Direct-Weighted,Toxicity,0.2,35,35,12,0.5714285714285714,1.1318928329856135,0.0,0.11966270799166523,1.2515597919991706
2026-07-14T17:35:23,KNN-Direct-Manhattan,Toxicity,0.2,35,35,12,0.6285714285714286,1.0214502500020899,0.0,0.10712770800455473,1.1285830840060953
2026-07-14T17:35:28,KNN-IC,Toxicity,0.2,36,36,3,0.7142857142857143,5.382603500009282,0.33159112502471544,0.035035292006796226,5.749235208000755
2026-07-14T17:35:29,Mean-IC,Toxicity,0.2,36,36,3,0.6571428571428571,0.20804954200866632,0.003994541009888053,0.021122415986610577,0.23317054199287668
2026-07-14T17:35:30,KNN-Direct,Toxicity,0.2,36,36,3,0.6857142857142857,1.1771952499984764,0.0,0.1175576249952428,1.2947564169880934
2026-07-14T17:35:31,KNN-Direct-Weighted,Toxicity,0.2,36,36,7,0.7428571428571429,1.1356737920141313,0.0,0.12286649999441579,1.2585451659979299
2026-07-14T17:35:32,KNN-Direct-Manhattan,Toxicity,0.2,36,36,5,0.7142857142857143,1.0198539999837521,0.0,0.10714304199791513,1.1270017919887323
2026-07-14T17:35:38,KNN-IC,Toxicity,0.2,37,37,3,0.6285714285714286,5.341586084017763,0.3296895409876015,0.03517233399907127,5.7064525409950875
2026-07-14T17:35:38,Mean-IC,Toxicity,0.2,37,37,5,0.6571428571428571,0.20831954199820757,0.003981832996942103,0.02115983300609514,0.23346545800450258
2026-07-14T17:35:39,KNN-Direct,Toxicity,0.2,37,37,8,0.6857142857142857,1.031458459008718,0.0,0.10849791698274203,1.1399608330102637
2026-07-14T17:35:41,KNN-Direct-Weighted,Toxicity,0.2,37,37,15,0.7714285714285715,1.1352473749720957,0.0,0.1193959160009399,1.2546477089927066
2026-07-14T17:35:42,KNN-Direct-Manhattan,Toxicity,0.2,37,37,7,0.6285714285714286,1.0206019589968491,0.0,0.10746379199554212,1.1280715829925612
2026-07-14T17:35:48,KNN-IC,Toxicity,0.2,38,38,11,0.5714285714285714,6.061028084019199,0.37991725001484156,0.03535416699014604,6.476316582993604
2026-07-14T17:35:48,Mean-IC,Toxicity,0.2,38,38,11,0.5714285714285714,0.20905466700787656,0.004061624989844859,0.02135987501242198,0.23448024998651817
2026-07-14T17:35:50,KNN-Direct,Toxicity,0.2,38,38,12,0.5714285714285714,1.03602954102098,0.0,0.1082742500002496,1.1443085419887211
2026-07-14T17:35:51,KNN-Direct-Weighted,Toxicity,0.2,38,38,13,0.5714285714285714,1.1358282919973135,0.0,0.14738004200626165,1.2832127909932751
2026-07-14T17:35:52,KNN-Direct-Manhattan,Toxicity,0.2,38,38,13,0.6285714285714286,1.0251022910233587,0.0,0.10730841697659343,1.1324144579994027
2026-07-14T17:35:58,KNN-IC,Toxicity,0.2,39,39,11,0.6571428571428571,5.353584417025559,0.37319420801941305,0.03535533297690563,5.762138833990321
2026-07-14T17:35:58,Mean-IC,Toxicity,0.2,39,39,11,0.6857142857142857,0.20824891701340675,0.004066374996909872,0.02133779099676758,0.2336574159853626
2026-07-14T17:35:59,KNN-Direct,Toxicity,0.2,39,39,11,0.6857142857142857,1.0292321250017267,0.0,0.10915987499174662,1.1383957919897512
2026-07-14T17:36:01,KNN-Direct-Weighted,Toxicity,0.2,39,39,15,0.6571428571428571,1.2983441250107717,0.0,0.1187002910010051,1.4170485829818062
2026-07-14T17:36:02,KNN-Direct-Manhattan,Toxicity,0.2,39,39,9,0.6,1.0192274999863002,0.0,0.10729987500235438,1.1265328750014305
2026-07-14T17:36:08,KNN-IC,Toxicity,0.3,0,0,9,0.6,5.496388166007819,0.3905172499944456,0.03501466600573622,5.921924750000471
2026-07-14T17:36:08,Mean-IC,Toxicity,0.3,0,0,10,0.6,0.2081482500070706,0.004526833014097065,0.021224416996119544,0.23390349998953752
2026-07-14T17:36:09,KNN-Direct,Toxicity,0.3,0,0,1,0.45714285714285713,1.1127709169813897,0.0,0.11772383301286027,1.2304985419905279
2026-07-14T17:36:10,KNN-Direct-Weighted,Toxicity,0.3,0,0,5,0.6285714285714286,1.21791012500762,0.0,0.1272120409994386,1.3451280839799438
2026-07-14T17:36:12,KNN-Direct-Manhattan,Toxicity,0.3,0,0,11,0.5428571428571428,1.1002312499913387,0.0,0.11531633298727684,1.2155537500220817
2026-07-14T17:36:18,KNN-IC,Toxicity,0.3,1,1,15,0.6857142857142857,6.2791445839975495,0.41477658398798667,0.03509741701418534,6.729023708001478
2026-07-14T17:36:19,Mean-IC,Toxicity,0.3,1,1,5,0.5142857142857142,0.2089163750060834,0.004508457990596071,0.02135166700463742,0.23478175001218915
2026-07-14T17:36:20,KNN-Direct,Toxicity,0.3,1,1,7,0.6857142857142857,1.113481457985472,0.0,0.11718612498953007,1.2306723330111708
2026-07-14T17:36:21,KNN-Direct-Weighted,Toxicity,0.3,1,1,7,0.6571428571428571,1.2167368329828605,0.0,0.1260785000049509,1.3428205410018563
2026-07-14T17:36:22,KNN-Direct-Manhattan,Toxicity,0.3,1,1,11,0.6571428571428571,1.104278124985285,0.0,0.1161575420119334,1.2204413330182433
2026-07-14T17:36:28,KNN-IC,Toxicity,0.3,2,2,13,0.7142857142857143,5.619118000002345,0.4066434999986086,0.035409500007517636,6.061175875016488
2026-07-14T17:36:29,Mean-IC,Toxicity,0.3,2,2,5,0.7714285714285715,0.2078877919993829,0.004466667014639825,0.021327459020540118,0.23368599999230355
2026-07-14T17:36:30,KNN-Direct,Toxicity,0.3,2,2,13,0.7714285714285715,1.2679538329830393,0.0,0.11799995799083263,1.385957334015984
2026-07-14T17:36:31,KNN-Direct-Weighted,Toxicity,0.3,2,2,12,0.7714285714285715,1.220073542004684,0.0,0.12669479197938927,1.3467721250199247
2026-07-14T17:36:33,KNN-Direct-Manhattan,Toxicity,0.3,2,2,5,0.8,1.1051389169879258,0.0,0.11665120799443685,1.221795707999263
2026-07-14T17:36:39,KNN-IC,Toxicity,0.3,3,3,11,0.6,5.599644582980545,0.39761350001208484,0.035048791993176565,6.032311332994141
2026-07-14T17:36:39,Mean-IC,Toxicity,0.3,3,3,10,0.6285714285714286,0.20855179199134,0.004542540991678834,0.021324208995793015,0.23442270900704898
2026-07-14T17:36:40,KNN-Direct,Toxicity,0.3,3,3,9,0.6285714285714286,1.1083239580038935,0.0,0.1164995830040425,1.224828417005483
2026-07-14T17:36:42,KNN-Direct-Weighted,Toxicity,0.3,3,3,13,0.6285714285714286,1.2143510410096496,0.0,0.12747487498563714,1.3418318339972757
2026-07-14T17:36:43,KNN-Direct-Manhattan,Toxicity,0.3,3,3,9,0.6571428571428571,1.1001378750079311,0.0,0.11540845897980034,1.2155523750116117
2026-07-14T17:36:49,KNN-IC,Toxicity,0.3,4,4,3,0.6285714285714286,6.293899041018449,0.3421052919875365,0.03502424998441711,6.67103374999715
2026-07-14T17:36:50,Mean-IC,Toxicity,0.3,4,4,11,0.6857142857142857,0.2074851669894997,0.004482999996980652,0.021481833013240248,0.23345425000297837
2026-07-14T17:36:51,KNN-Direct,Toxicity,0.3,4,4,11,0.6285714285714286,1.1097557909961324,0.0,0.11616099998354912,1.2259217079845257
2026-07-14T17:36:52,KNN-Direct-Weighted,Toxicity,0.3,4,4,11,0.6857142857142857,1.2142398340220097,0.0,0.12830520799616352,1.342549916007556
2026-07-14T17:36:53,KNN-Direct-Manhattan,Toxicity,0.3,4,4,3,0.6285714285714286,1.098987124976702,0.0,0.11554445800720714,1.2145357500121463
2026-07-14T17:37:00,KNN-IC,Toxicity,0.3,5,5,11,0.6571428571428571,5.568241582979681,0.4653581670136191,0.09291595802642405,6.126526249980088
2026-07-14T17:37:00,Mean-IC,Toxicity,0.3,5,5,14,0.6571428571428571,0.3203042910026852,0.005263625003863126,0.024938832997577265,0.3505174170131795
2026-07-14T17:37:01,KNN-Direct,Toxicity,0.3,5,5,7,0.6285714285714286,1.1417550829937682,0.0,0.11634229202172719,1.258101874991553
2026-07-14T17:37:03,KNN-Direct-Weighted,Toxicity,0.3,5,5,11,0.6571428571428571,1.2158049590070732,0.0,0.12744116701651365,1.3432520419883076
2026-07-14T17:37:04,KNN-Direct-Manhattan,Toxicity,0.3,5,5,11,0.5714285714285714,1.1021621249965392,0.0,0.11559887498151511,1.217765999987023
2026-07-14T17:37:10,KNN-IC,Toxicity,0.3,6,6,5,0.6,5.530049374996452,0.39194495798437856,0.03507670800900087,5.957076375023462
2026-07-14T17:37:10,Mean-IC,Toxicity,0.3,6,6,6,0.5142857142857142,0.20930479202070273,0.004526416014414281,0.02128995899693109,0.23512583298725076
2026-07-14T17:37:11,KNN-Direct,Toxicity,0.3,6,6,1,0.3142857142857143,1.110947709006723,0.0,0.11634433301514946,1.2272954169893637
2026-07-14T17:37:13,KNN-Direct-Weighted,Toxicity,0.3,6,6,3,0.4857142857142857,1.2166685000120196,0.0,0.127716082992265,1.344389957987005
2026-07-14T17:37:14,KNN-Direct-Manhattan,Toxicity,0.3,6,6,3,0.5428571428571428,1.1024822079925798,0.0,0.11532854198594578,1.2178166249941569
2026-07-14T17:37:20,KNN-IC,Toxicity,0.3,7,7,9,0.6,6.078129166009603,0.38795779200154357,0.03473049998865463,6.5008230000094045
2026-07-14T17:37:20,Mean-IC,Toxicity,0.3,7,7,3,0.5428571428571428,0.2082467500003986,0.0044755830022040755,0.021155708003789186,0.2338821250014007
2026-07-14T17:37:22,KNN-Direct,Toxicity,0.3,7,7,9,0.5142857142857142,1.1128231659822632,0.0,0.11729770799865946,1.230125667003449
2026-07-14T17:37:23,KNN-Direct-Weighted,Toxicity,0.3,7,7,6,0.4857142857142857,1.2178555830032565,0.0,0.1279888330027461,1.345849375007674
2026-07-14T17:37:24,KNN-Direct-Manhattan,Toxicity,0.3,7,7,14,0.4857142857142857,1.1055739579896908,0.0,0.11595458301599137,1.2215327919984702
2026-07-14T17:37:31,KNN-IC,Toxicity,0.3,8,8,3,0.7142857142857143,5.837176749977516,0.3447978750045877,0.036562583001796156,6.21854279199033
2026-07-14T17:37:31,Mean-IC,Toxicity,0.3,8,8,4,0.5142857142857142,0.21093341600499116,0.004473708017030731,0.02106025000102818,0.23647174998768605
2026-07-14T17:37:32,KNN-Direct,Toxicity,0.3,8,8,8,0.6571428571428571,1.1355967079871334,0.0,0.11552741599734873,1.2511286660155747
2026-07-14T17:37:33,KNN-Direct-Weighted,Toxicity,0.3,8,8,9,0.6571428571428571,1.2155073329922743,0.0,0.12757237500045449,1.3430847080016974
2026-07-14T17:37:35,KNN-Direct-Manhattan,Toxicity,0.3,8,8,13,0.6285714285714286,1.1027969170245342,0.0,0.11562208301620558,1.2184237499895971
2026-07-14T17:37:41,KNN-IC,Toxicity,0.3,9,9,7,0.7714285714285715,5.544047833012883,0.39145420800196007,0.035228584019932896,5.970735584007343
2026-07-14T17:37:41,Mean-IC,Toxicity,0.3,9,9,9,0.7428571428571429,0.2090241250116378,0.004488292004680261,0.021058500016806647,0.23457479101489298
2026-07-14T17:37:42,KNN-Direct,Toxicity,0.3,9,9,9,0.6857142857142857,1.1096946249890607,0.0,0.11685449999640696,1.2265534580219537
2026-07-14T17:37:43,KNN-Direct-Weighted,Toxicity,0.3,9,9,9,0.6857142857142857,1.2189094999921508,0.0,0.12850275001255795,1.3474162079801317
2026-07-14T17:37:45,KNN-Direct-Manhattan,Toxicity,0.3,9,9,5,0.7142857142857143,1.1321849999949336,0.0,0.1477703749842476,1.2799600829894189
2026-07-14T17:37:51,KNN-IC,Toxicity,0.3,10,10,15,0.5142857142857142,6.071330917009618,0.4130796250246931,0.035375833977013826,6.519791999977315
2026-07-14T17:37:51,Mean-IC,Toxicity,0.3,10,10,12,0.5142857142857142,0.20850379098556004,0.004493959015235305,0.021256291976897046,0.23425854201195762
2026-07-14T17:37:53,KNN-Direct,Toxicity,0.3,10,10,9,0.5714285714285714,1.110519874986494,0.0,0.11674462500377558,1.22726824998972
2026-07-14T17:37:54,KNN-Direct-Weighted,Toxicity,0.3,10,10,9,0.5142857142857142,1.2159610420058016,0.0,0.12771554198116064,1.3436820000060834
2026-07-14T17:37:55,KNN-Direct-Manhattan,Toxicity,0.3,10,10,15,0.5142857142857142,1.1044236660236493,0.0,0.11560308298794553,1.2200322919816244
2026-07-14T17:38:01,KNN-IC,Toxicity,0.3,11,11,10,0.6285714285714286,5.849529999977676,0.4011235840152949,0.03497037498163991,6.2856284999870695
2026-07-14T17:38:02,Mean-IC,Toxicity,0.3,11,11,14,0.5714285714285714,0.20828641700791195,0.004698542004916817,0.021094458003062755,0.23408374999416992
2026-07-14T17:38:03,KNN-Direct,Toxicity,0.3,11,11,12,0.6285714285714286,1.1111088749894407,0.0,0.11632912498316728,1.2274425000068732
2026-07-14T17:38:04,KNN-Direct-Weighted,Toxicity,0.3,11,11,12,0.5714285714285714,1.215750666015083,0.0,0.1282980419928208,1.344053749984596
2026-07-14T17:38:06,KNN-Direct-Manhattan,Toxicity,0.3,11,11,13,0.5714285714285714,1.1031954170030076,0.0,0.11571079099667259,1.2189115829824004
2026-07-14T17:38:12,KNN-IC,Toxicity,0.3,12,12,6,0.5142857142857142,5.600238124985481,0.39499595802044496,0.03481904198997654,6.030058125004871
2026-07-14T17:38:12,Mean-IC,Toxicity,0.3,12,12,9,0.6,0.20886987500125542,0.00464662499143742,0.021276499988744035,0.23479762498755008
2026-07-14T17:38:13,KNN-Direct,Toxicity,0.3,12,12,9,0.5714285714285714,1.1118756249779835,0.0,0.11632749999989755,1.2282085829938296
2026-07-14T17:38:14,KNN-Direct-Weighted,Toxicity,0.3,12,12,9,0.5714285714285714,1.2156858340022154,0.0,0.1609780410071835,1.3766681669803802
2026-07-14T17:38:16,KNN-Direct-Manhattan,Toxicity,0.3,12,12,6,0.4857142857142857,1.553988625004422,0.0,0.11581654200563207,1.6698105409741402
2026-07-14T17:38:22,KNN-IC,Toxicity,0.3,13,13,5,0.45714285714285713,5.493320625013439,0.391892249986995,0.035161125008016825,5.920378709008219
2026-07-14T17:38:22,Mean-IC,Toxicity,0.3,13,13,6,0.5714285714285714,0.20948612497886643,0.004524249990936369,0.02115054102614522,0.23516545799793676
2026-07-14T17:38:23,KNN-Direct,Toxicity,0.3,13,13,3,0.4857142857142857,1.1127905839821324,0.0,0.1172067919978872,1.2300017919915263
2026-07-14T17:38:25,KNN-Direct-Weighted,Toxicity,0.3,13,13,3,0.5142857142857142,1.2179312910011504,0.0,0.1278310000197962,1.3457672499935143
2026-07-14T17:38:26,KNN-Direct-Manhattan,Toxicity,0.3,13,13,3,0.5714285714285714,1.1036805000039749,0.0,0.11572133400477469,1.2194083330105059
2026-07-14T17:38:32,KNN-IC,Toxicity,0.3,14,14,3,0.6,5.870494000002509,0.34103612499893643,0.03483424999285489,6.246369458996924
2026-07-14T17:38:33,Mean-IC,Toxicity,0.3,14,14,6,0.5428571428571428,0.2089808750024531,0.004509417020017281,0.0214096249837894,0.23490450001554564
2026-07-14T17:38:34,KNN-Direct,Toxicity,0.3,14,14,6,0.5142857142857142,1.111792833020445,0.0,0.11783520900644362,1.2296328339725733
2026-07-14T17:38:35,KNN-Direct-Weighted,Toxicity,0.3,14,14,5,0.5428571428571428,1.2327054580091499,0.0,0.12848554202355444,1.3611954170046374
2026-07-14T17:38:36,KNN-Direct-Manhattan,Toxicity,0.3,14,14,6,0.42857142857142855,1.104618416982703,0.0,0.11669287498807535,1.221316042006947
2026-07-14T17:38:42,KNN-IC,Toxicity,0.3,15,15,4,0.5428571428571428,5.5706205000169575,0.3806294169917237,0.03498024999862537,5.986234833981143
2026-07-14T17:38:43,Mean-IC,Toxicity,0.3,15,15,7,0.6285714285714286,0.20912570800282992,0.004540583002381027,0.021226457989541814,0.23489708299166523
2026-07-14T17:38:44,KNN-Direct,Toxicity,0.3,15,15,8,0.6,1.1097363749868236,0.0,0.11641208300716244,1.2261530419928022
2026-07-14T17:38:46,KNN-Direct-Weighted,Toxicity,0.3,15,15,8,0.6285714285714286,1.5301036250020843,0.0,0.2054269160144031,1.7355352079903241
2026-07-14T17:38:47,KNN-Direct-Manhattan,Toxicity,0.3,15,15,3,0.6285714285714286,1.1923451659968123,0.0,0.11513245801324956,1.3074834579892922
2026-07-14T17:38:53,KNN-IC,Toxicity,0.3,16,16,11,0.6285714285714286,5.598258042009547,0.40122970801894553,0.03498637498705648,6.034479374997318
2026-07-14T17:38:53,Mean-IC,Toxicity,0.3,16,16,5,0.5428571428571428,0.20877400002791546,0.004518458998063579,0.021182583004701883,0.23447912497795187
2026-07-14T17:38:54,KNN-Direct,Toxicity,0.3,16,16,12,0.6571428571428571,1.1152803750010207,0.0,0.11679249998996966,1.232076624990441
2026-07-14T17:38:56,KNN-Direct-Weighted,Toxicity,0.3,16,16,11,0.6571428571428571,1.2180392910086084,0.0,0.12765412501175888,1.3456992080027703
2026-07-14T17:38:57,KNN-Direct-Manhattan,Toxicity,0.3,16,16,9,0.6285714285714286,1.1044255000015255,0.0,0.11579420798807405,1.2202268750115763
2026-07-14T17:39:03,KNN-IC,Toxicity,0.3,17,17,5,0.5428571428571428,5.871094665984856,0.39555700001074,0.03491654101526365,6.301573750009993
2026-07-14T17:39:03,Mean-IC,Toxicity,0.3,17,17,9,0.5428571428571428,0.20935312498477288,0.004562916001304984,0.02123150002444163,0.23515095800394192
2026-07-14T17:39:05,KNN-Direct,Toxicity,0.3,17,17,15,0.5714285714285714,1.1119183750124648,0.0,0.1161624169908464,1.2280849170056172
2026-07-14T17:39:06,KNN-Direct-Weighted,Toxicity,0.3,17,17,14,0.5714285714285714,1.2154120830236934,0.0,0.12806570800603367,1.3434825830045156
2026-07-14T17:39:07,KNN-Direct-Manhattan,Toxicity,0.3,17,17,9,0.5428571428571428,1.1021718750125729,0.0,0.1155207080009859,1.2176963750098366
2026-07-14T17:39:13,KNN-IC,Toxicity,0.3,18,18,12,0.6285714285714286,5.569189792004181,0.3999487500113901,0.03518716600956395,6.0043303330021445
2026-07-14T17:39:14,Mean-IC,Toxicity,0.3,18,18,3,0.5714285714285714,0.2083985419885721,0.004518875008216128,0.02107670798432082,0.23399779200553894
2026-07-14T17:39:15,KNN-Direct,Toxicity,0.3,18,18,4,0.5142857142857142,1.2269127910258248,0.0,0.15851862501585856,1.3854354579816572
2026-07-14T17:39:17,KNN-Direct-Weighted,Toxicity,0.3,18,18,4,0.5142857142857142,1.5422130420047324,0.0,0.1289292919973377,1.6711485410050955
2026-07-14T17:39:18,KNN-Direct-Manhattan,Toxicity,0.3,18,18,3,0.5714285714285714,1.1015108750143554,0.0,0.1158617090259213,1.2173778750002384
2026-07-14T17:39:24,KNN-IC,Toxicity,0.3,19,19,6,0.6285714285714286,5.598322875011945,0.39122137500089593,0.03529429199988954,6.024843457998941
2026-07-14T17:39:24,Mean-IC,Toxicity,0.3,19,19,3,0.6,0.20906945900060236,0.00449166601174511,0.02121350000379607,0.23477887499029748
2026-07-14T17:39:25,KNN-Direct,Toxicity,0.3,19,19,10,0.6285714285714286,1.1154344170063268,0.0,0.11724849999882281,1.232686792005552
2026-07-14T17:39:27,KNN-Direct-Weighted,Toxicity,0.3,19,19,3,0.6857142857142857,1.2197233329934534,0.0,0.12782008398789912,1.34754858299857
2026-07-14T17:39:28,KNN-Direct-Manhattan,Toxicity,0.3,19,19,5,0.6857142857142857,1.1042127909895498,0.0,0.11556470801588148,1.2197819169959985
2026-07-14T17:39:34,KNN-IC,Toxicity,0.3,20,20,5,0.6285714285714286,5.917925292014843,0.38124987500486895,0.0351494159840513,6.334329415985849
2026-07-14T17:39:34,Mean-IC,Toxicity,0.3,20,20,3,0.5142857142857142,0.20913891698000953,0.004633291013306007,0.021089957997901365,0.23486583400517702
2026-07-14T17:39:36,KNN-Direct,Toxicity,0.3,20,20,15,0.6285714285714286,1.1151163330068812,0.0,0.11675074999220669,1.231870749994414
2026-07-14T17:39:37,KNN-Direct-Weighted,Toxicity,0.3,20,20,15,0.6285714285714286,1.2159019999962766,0.0,0.127873624995118,1.3437805830035359
2026-07-14T17:39:38,KNN-Direct-Manhattan,Toxicity,0.3,20,20,15,0.6571428571428571,1.100892999995267,0.0,0.11528516700491309,1.2161828340031207
2026-07-14T17:39:44,KNN-IC,Toxicity,0.3,21,21,2,0.6285714285714286,5.589721083000768,0.332378791004885,0.0349568750243634,5.957061875000363
2026-07-14T17:39:44,Mean-IC,Toxicity,0.3,21,21,11,0.5714285714285714,0.2570972499961499,0.004601041000569239,0.029342291003558785,0.291046958998777
2026-07-14T17:39:46,KNN-Direct,Toxicity,0.3,21,21,13,0.6285714285714286,1.5743858340138104,0.0,0.11744270799681544,1.691832999989856
2026-07-14T17:39:48,KNN-Direct-Weighted,Toxicity,0.3,21,21,1,0.6,1.2165626670175698,0.0,0.1278207499999553,1.3443880839913618
2026-07-14T17:39:49,KNN-Direct-Manhattan,Toxicity,0.3,21,21,4,0.5714285714285714,1.1021054169978015,0.0,0.11578749999171123,1.217896624992136
2026-07-14T17:39:55,KNN-IC,Toxicity,0.3,22,22,7,0.6285714285714286,5.582379583996953,0.3994467500015162,0.035245834005763754,6.017077541997423
2026-07-14T17:39:55,Mean-IC,Toxicity,0.3,22,22,15,0.6571428571428571,0.20899225000175647,0.004704417020548135,0.021263415983412415,0.23496425000485033
2026-07-14T17:39:56,KNN-Direct,Toxicity,0.3,22,22,3,0.5142857142857142,1.11089483302203,0.0,0.1170616669987794,1.227959749987349
2026-07-14T17:39:58,KNN-Direct-Weighted,Toxicity,0.3,22,22,5,0.5428571428571428,1.2152468329877593,0.0,0.12813091700081713,1.3433818749908824
2026-07-14T17:39:59,KNN-Direct-Manhattan,Toxicity,0.3,22,22,15,0.6,1.1022670000093058,0.0,0.11573191700153984,1.2180486660217866
2026-07-14T17:40:05,KNN-IC,Toxicity,0.3,23,23,7,0.5428571428571428,5.954401249997318,0.3965874589921441,0.03513241701875813,6.386126249999506
2026-07-14T17:40:05,Mean-IC,Toxicity,0.3,23,23,7,0.5428571428571428,0.2096936250163708,0.004532374994596466,0.021122209000168368,0.23535266699036583
2026-07-14T17:40:07,KNN-Direct,Toxicity,0.3,23,23,7,0.5428571428571428,1.1115235410106834,0.0,0.11683387498487718,1.2283615000196733
2026-07-14T17:40:08,KNN-Direct-Weighted,Toxicity,0.3,23,23,7,0.5428571428571428,1.2167498339840677,0.0,0.12797691600280814,1.3447330839990173
2026-07-14T17:40:09,KNN-Direct-Manhattan,Toxicity,0.3,23,23,7,0.6,1.1014730829920154,0.0,0.11634008298278786,1.2178185410157312
2026-07-14T17:40:16,KNN-IC,Toxicity,0.3,24,24,5,0.5428571428571428,5.830404208012624,0.6916018750052899,0.05805412499466911,6.580067709001014
2026-07-14T17:40:16,Mean-IC,Toxicity,0.3,24,24,9,0.5714285714285714,0.23841537500265986,0.0046420829894486815,0.021141709003131837,0.26420366700040177
2026-07-14T17:40:17,KNN-Direct,Toxicity,0.3,24,24,6,0.6285714285714286,1.1092833330039866,0.0,0.11634604199207388,1.225633124995511
2026-07-14T17:40:19,KNN-Direct-Weighted,Toxicity,0.3,24,24,10,0.6285714285714286,1.214695834001759,0.0,0.12918016701587476,1.3438797919952776
2026-07-14T17:40:20,KNN-Direct-Manhattan,Toxicity,0.3,24,24,9,0.6285714285714286,1.1021040420164354,0.0,0.1158981250191573,1.2180081249971408
2026-07-14T17:40:26,KNN-IC,Toxicity,0.3,25,25,5,0.5428571428571428,5.598404875025153,0.3879538750043139,0.03508241701638326,6.02144587499788
2026-07-14T17:40:26,Mean-IC,Toxicity,0.3,25,25,5,0.4857142857142857,0.20880187500733882,0.004512291983701289,0.021153250010684133,0.23447179200593382
2026-07-14T17:40:27,KNN-Direct,Toxicity,0.3,25,25,5,0.5714285714285714,1.1135387079848442,0.0,0.11683212500065565,1.2303747909900267
2026-07-14T17:40:29,KNN-Direct-Weighted,Toxicity,0.3,25,25,5,0.5428571428571428,1.2231418750016019,0.0,0.1275410839880351,1.3506882499787025
2026-07-14T17:40:30,KNN-Direct-Manhattan,Toxicity,0.3,25,25,7,0.6,1.3099621660076082,0.0,0.12359420899883844,1.4335607500106562
2026-07-14T17:40:36,KNN-IC,Toxicity,0.3,26,26,7,0.6,5.513919999997597,0.38839104198268615,0.03505437501007691,5.937370208004722
2026-07-14T17:40:36,Mean-IC,Toxicity,0.3,26,26,7,0.5142857142857142,0.2082947909948416,0.004532374994596466,0.021181250020163134,0.23401204199763015
2026-07-14T17:40:38,KNN-Direct,Toxicity,0.3,26,26,15,0.6285714285714286,1.1109658339992166,0.0,0.11671787497471087,1.2276880420104135
2026-07-14T17:40:39,KNN-Direct-Weighted,Toxicity,0.3,26,26,1,0.42857142857142855,1.217041166004492,0.0,0.12786687500192784,1.3449139579897746
2026-07-14T17:40:40,KNN-Direct-Manhattan,Toxicity,0.3,26,26,13,0.6,1.1051965829974506,0.0,0.11612250001053326,1.221323959005531
2026-07-14T17:40:47,KNN-IC,Toxicity,0.3,27,27,12,0.7142857142857143,6.224928167008329,0.4024022090015933,0.035123417008435354,6.6624590839783195
2026-07-14T17:40:47,Mean-IC,Toxicity,0.3,27,27,1,0.4857142857142857,0.20868333298130892,0.004554250015644357,0.021009291987866163,0.23425124998902902
2026-07-14T17:40:48,KNN-Direct,Toxicity,0.3,27,27,12,0.6857142857142857,1.1131945840024855,0.0,0.11743691700394265,1.2306346249824855
2026-07-14T17:40:50,KNN-Direct-Weighted,Toxicity,0.3,27,27,11,0.6857142857142857,1.218983250000747,0.0,0.1277482089935802,1.3467353330051992
2026-07-14T17:40:51,KNN-Direct-Manhattan,Toxicity,0.3,27,27,13,0.6857142857142857,1.104836874990724,0.0,0.1150023750087712,1.219843957980629
2026-07-14T17:40:57,KNN-IC,Toxicity,0.3,28,28,2,0.5714285714285714,5.593054958997527,0.33221329099615104,0.035155000019585714,5.960428500024136
2026-07-14T17:40:57,Mean-IC,Toxicity,0.3,28,28,4,0.5714285714285714,0.2083496249979362,0.004560750006930903,0.021161291981115937,0.23407575002056547
2026-07-14T17:40:58,KNN-Direct,Toxicity,0.3,28,28,4,0.6285714285714286,1.112743625009898,0.0,0.11644120799610391,1.229188666009577
2026-07-14T17:41:00,KNN-Direct-Weighted,Toxicity,0.3,28,28,3,0.6571428571428571,1.2403342089965008,0.0,0.16697250001016073,1.4073117499938235
2026-07-14T17:41:01,KNN-Direct-Manhattan,Toxicity,0.3,28,28,5,0.6857142857142857,1.2079510420153383,0.0,0.11578016600105911,1.323737375001656
2026-07-14T17:41:07,KNN-IC,Toxicity,0.3,29,29,11,0.6857142857142857,5.620987958012847,0.4003947919991333,0.03497733300901018,6.05636516600498
2026-07-14T17:41:07,Mean-IC,Toxicity,0.3,29,29,11,0.6285714285714286,0.20953141700010747,0.004516207991400734,0.02123454201500863,0.23528662501485087
2026-07-14T17:41:09,KNN-Direct,Toxicity,0.3,29,29,5,0.6571428571428571,1.1117837500059977,0.0,0.11653054199996404,1.228317834000336
2026-07-14T17:41:10,KNN-Direct-Weighted,Toxicity,0.3,29,29,7,0.7142857142857143,1.213019874994643,0.0,0.12749429201357998,1.3405184999865014
2026-07-14T17:41:11,KNN-Direct-Manhattan,Toxicity,0.3,29,29,12,0.5428571428571428,1.0985967500018887,0.0,0.11438012501457706,1.212981958000455
2026-07-14T17:41:18,KNN-IC,Toxicity,0.3,30,30,13,0.6,6.235579542000778,0.4075064590142574,0.03506141700199805,6.678152833977947
2026-07-14T17:41:18,Mean-IC,Toxicity,0.3,30,30,9,0.5142857142857142,0.2082221249875147,0.004469665989745408,0.0214656250027474,0.23416162497596815
2026-07-14T17:41:19,KNN-Direct,Toxicity,0.3,30,30,7,0.5714285714285714,1.1108094170049299,0.0,0.11650616701808758,1.2273187919927295
2026-07-14T17:41:21,KNN-Direct-Weighted,Toxicity,0.3,30,30,7,0.6,1.2125980000128038,0.0,0.12706533298478462,1.3396673339884728
2026-07-14T17:41:22,KNN-Direct-Manhattan,Toxicity,0.3,30,30,8,0.45714285714285713,1.0992643339850474,0.0,0.11612287498428486,1.2153925829916261
2026-07-14T17:41:28,KNN-IC,Toxicity,0.3,31,31,3,0.6571428571428571,5.610781499999575,0.34328979201382026,0.03507316700415686,5.989149500004714
2026-07-14T17:41:28,Mean-IC,Toxicity,0.3,31,31,5,0.6857142857142857,0.20806358399568126,0.00455395900644362,0.02131704200292006,0.2339383749931585
2026-07-14T17:41:29,KNN-Direct,Toxicity,0.3,31,31,7,0.6,1.1136456670064945,0.0,0.11668337500304915,1.2303331250150222
2026-07-14T17:41:31,KNN-Direct-Weighted,Toxicity,0.3,31,31,7,0.6857142857142857,1.473930209001992,0.0,0.12850554200122133,1.602440791000845
2026-07-14T17:41:32,KNN-Direct-Manhattan,Toxicity,0.3,31,31,3,0.5428571428571428,1.10164416700718,0.0,0.11574337500496767,1.2173928749980405
2026-07-14T17:41:38,KNN-IC,Toxicity,0.3,32,32,7,0.6857142857142857,5.6447137919894885,0.3936098749982193,0.035214707982959226,6.073543292004615
2026-07-14T17:41:38,Mean-IC,Toxicity,0.3,32,32,3,0.6571428571428571,0.20885779199306853,0.004743665980640799,0.02119525001035072,0.23480058400309645
2026-07-14T17:41:40,KNN-Direct,Toxicity,0.3,32,32,7,0.7142857142857143,1.1159365829953458,0.0,0.11696970899356529,1.232910582999466
2026-07-14T17:41:41,KNN-Direct-Weighted,Toxicity,0.3,32,32,5,0.7142857142857143,1.219892458000686,0.0,0.12758433297858573,1.34748216700973
2026-07-14T17:41:42,KNN-Direct-Manhattan,Toxicity,0.3,32,32,1,0.4857142857142857,1.1027200420212466,0.0,0.11579120802343823,1.218516875000205
2026-07-14T17:41:50,KNN-IC,Toxicity,0.3,33,33,15,0.6285714285714286,6.89494941700832,0.39751775001059286,0.03451841601054184,7.326990000001388
2026-07-14T17:41:50,Mean-IC,Toxicity,0.3,33,33,5,0.5428571428571428,0.20300400000996888,0.004387374996440485,0.020754750003106892,0.2281490000023041
2026-07-14T17:41:51,KNN-Direct,Toxicity,0.3,33,33,5,0.6,1.0907422910095192,0.0,0.11442191698006354,1.2051708340004552
2026-07-14T17:41:52,KNN-Direct-Weighted,Toxicity,0.3,33,33,5,0.6,1.1929684579954483,0.0,0.1278895829746034,1.3208633750036824
2026-07-14T17:41:53,KNN-Direct-Manhattan,Toxicity,0.3,33,33,5,0.6,1.086326332995668,0.0,0.1133369579911232,1.1996682500175666
2026-07-14T17:59:19,KNN-IC,Toxicity,0.3,34,34,5,0.6,5.528736749984091,0.5453262919909321,0.03538504199241288,6.109454166988144
2026-07-14T17:59:19,Mean-IC,Toxicity,0.3,34,34,7,0.6285714285714286,0.2525966670073103,0.0046030000085011125,0.021175958012463525,0.278381417010678
2026-07-14T17:59:21,KNN-Direct,Toxicity,0.3,34,34,15,0.6285714285714286,1.0978652920166496,0.0,0.11499708401970565,1.2128664999909233
2026-07-14T17:59:22,KNN-Direct-Weighted,Toxicity,0.3,34,34,5,0.6,1.1944477499928325,0.0,0.12652650001109578,1.3209791670087725
2026-07-14T17:59:23,KNN-Direct-Manhattan,Toxicity,0.3,34,34,5,0.6857142857142857,1.0865264169988222,0.0,0.1146281249821186,1.2011593749921303
2026-07-14T17:59:29,KNN-IC,Toxicity,0.3,35,35,11,0.6857142857142857,5.510933582991129,0.40281841601245105,0.03446479098056443,5.948220916005084
2026-07-14T17:59:29,Mean-IC,Toxicity,0.3,35,35,9,0.5714285714285714,0.20463362499140203,0.004357917001470923,0.020784584019565955,0.22977941599674523
2026-07-14T17:59:31,KNN-Direct,Toxicity,0.3,35,35,11,0.6285714285714286,1.093240624992177,0.0,0.11409737498615868,1.2073409169970546
2026-07-14T17:59:32,KNN-Direct-Weighted,Toxicity,0.3,35,35,10,0.6285714285714286,1.190807874983875,0.0,0.1251097500207834,1.3159212500031572
2026-07-14T17:59:33,KNN-Direct-Manhattan,Toxicity,0.3,35,35,8,0.6571428571428571,1.079861375008477,0.0,0.11475295797572471,1.1946196249919012
2026-07-14T17:59:40,KNN-IC,Toxicity,0.3,36,36,4,0.6571428571428571,6.029611709003802,0.37260229102685116,0.034376957977656275,6.436595083010616
2026-07-14T17:59:40,Mean-IC,Toxicity,0.3,36,36,3,0.7142857142857143,0.205334958009189,0.0043657080095727,0.02099595798063092,0.2306997499836143
2026-07-14T17:59:41,KNN-Direct,Toxicity,0.3,36,36,5,0.7428571428571429,1.0959267090074718,0.0,0.11601341699133627,1.2119443749834318
2026-07-14T17:59:42,KNN-Direct-Weighted,Toxicity,0.3,36,36,5,0.7142857142857143,1.2025080410239752,0.0,0.1261081670236308,1.3286213329993188
2026-07-14T17:59:43,KNN-Direct-Manhattan,Toxicity,0.3,36,36,7,0.7428571428571429,1.0825723329908215,0.0,0.1136021249985788,1.1961794999951962
2026-07-14T17:59:49,KNN-IC,Toxicity,0.3,37,37,3,0.5428571428571428,5.437483874993632,0.4116124590218533,0.05745399999432266,5.906557000009343
2026-07-14T17:59:50,Mean-IC,Toxicity,0.3,37,37,4,0.5428571428571428,0.261735417007003,0.00446454097982496,0.020849249995080754,0.28705404099309817
2026-07-14T17:59:51,KNN-Direct,Toxicity,0.3,37,37,5,0.7142857142857143,1.0925597079913132,0.0,0.11468829200020991,1.2072526249976363
2026-07-14T17:59:52,KNN-Direct-Weighted,Toxicity,0.3,37,37,8,0.6285714285714286,1.1952420420129783,0.0,0.1252200000162702,1.320466667006258
2026-07-14T17:59:53,KNN-Direct-Manhattan,Toxicity,0.3,37,37,14,0.6,1.0828554169856943,0.0,0.11340425000526011,1.1962637919932604
2026-07-14T17:59:59,KNN-IC,Toxicity,0.3,38,38,14,0.6,5.507821959006833,0.40810412500286475,0.03473683400079608,5.9506667089881375
2026-07-14T18:00:00,Mean-IC,Toxicity,0.3,38,38,11,0.5714285714285714,0.20447479200083762,0.004394041985506192,0.02085495801293291,0.22972679199301638
2026-07-14T18:00:01,KNN-Direct,Toxicity,0.3,38,38,9,0.5428571428571428,1.093171207990963,0.0,0.11419279201072641,1.207366666989401
2026-07-14T18:00:02,KNN-Direct-Weighted,Toxicity,0.3,38,38,13,0.6,1.1965990829921793,0.0,0.12584562500705943,1.3224491250002757
2026-07-14T18:00:03,KNN-Direct-Manhattan,Toxicity,0.3,38,38,13,0.6285714285714286,1.0862933330063242,0.0,0.11465329199563712,1.2009515419777017
2026-07-14T18:00:11,KNN-IC,Toxicity,0.3,39,39,11,0.6571428571428571,6.365423291019397,0.3960241250169929,0.0344052079890389,6.795856792014092
2026-07-14T18:00:11,Mean-IC,Toxicity,0.3,39,39,13,0.6571428571428571,0.20341575000202283,0.004336875019362196,0.020849666005233303,0.22860558397951536
2026-07-14T18:00:12,KNN-Direct,Toxicity,0.3,39,39,12,0.6285714285714286,1.0894762500247452,0.0,0.11480545799713582,1.2042849579884205
2026-07-14T18:00:14,KNN-Direct-Weighted,Toxicity,0.3,39,39,9,0.6857142857142857,1.1948537499993108,0.0,0.12631645798683167,1.3211749159963802
2026-07-14T18:00:15,KNN-Direct-Manhattan,Toxicity,0.3,39,39,1,0.5428571428571428,1.0824751670006663,0.0,0.11399574999813922,1.196474833006505
2026-07-14T18:00:21,KNN-IC,Toxicity,0.4,0,0,9,0.5714285714285714,5.696894708002219,0.40016637500957586,0.03448216599645093,6.1315468750253785
2026-07-14T18:00:21,Mean-IC,Toxicity,0.4,0,0,11,0.6571428571428571,0.2034037499979604,0.004836957989027724,0.020847084000706673,0.22909070798777975
2026-07-14T18:00:22,KNN-Direct,Toxicity,0.4,0,0,3,0.5714285714285714,1.0954117920191493,0.0,0.11489404199528508,1.21030837498256
2026-07-14T18:00:24,KNN-Direct-Weighted,Toxicity,0.4,0,0,9,0.6571428571428571,1.1973519999883138,0.0,0.12555475000408478,1.3229102920158766
2026-07-14T18:00:25,KNN-Direct-Manhattan,Toxicity,0.4,0,0,11,0.5428571428571428,1.0862246250035241,0.0,0.11386424998636357,1.2000918749836273
2026-07-14T18:00:31,KNN-IC,Toxicity,0.4,1,1,10,0.4857142857142857,5.637577999994392,0.4186300419969484,0.034539165993919596,6.090751082985662
2026-07-14T18:00:31,Mean-IC,Toxicity,0.4,1,1,7,0.6285714285714286,0.2036665829946287,0.004838583990931511,0.020767750014783815,0.22927604199503548
2026-07-14T18:00:32,KNN-Direct,Toxicity,0.4,1,1,7,0.5428571428571428,1.0941340420104098,0.0,0.11472608300391585,1.208862458996009
2026-07-14T18:00:34,KNN-Direct-Weighted,Toxicity,0.4,1,1,9,0.4857142857142857,1.1972500839910936,0.0,0.12555666698608547,1.3228107500181068
2026-07-14T18:00:35,KNN-Direct-Manhattan,Toxicity,0.4,1,1,15,0.6285714285714286,1.0884152920043562,0.0,0.13480050000362098,1.2232201249862555
2026-07-14T18:00:41,KNN-IC,Toxicity,0.4,2,2,13,0.7714285714285715,5.935271083988482,0.4202801659994293,0.034522583009675145,6.3900785419973545
2026-07-14T18:00:42,Mean-IC,Toxicity,0.4,2,2,13,0.7142857142857143,0.20356783401803114,0.00485558298532851,0.020863958983682096,0.22929016599664465
2026-07-14T18:00:43,KNN-Direct,Toxicity,0.4,2,2,5,0.7714285714285715,1.1066077499999665,0.0,0.11621966699021868,1.2228300000133459
2026-07-14T18:00:44,KNN-Direct-Weighted,Toxicity,0.4,2,2,15,0.7142857142857143,1.194400250009494,0.0,0.12511862500105053,1.3195225000090431
2026-07-14T18:00:45,KNN-Direct-Manhattan,Toxicity,0.4,2,2,9,0.7714285714285715,1.0830907080089673,0.0,0.11375325001426972,1.1968477919872385
2026-07-14T18:00:52,KNN-IC,Toxicity,0.4,3,3,11,0.6,5.796070125012193,0.41627204199903645,0.03465595800662413,6.247002291987883
2026-07-14T18:00:52,Mean-IC,Toxicity,0.4,3,3,9,0.6857142857142857,0.20922458299901336,0.005023625009926036,0.021002958004828542,0.23525458297808655
2026-07-14T18:00:53,KNN-Direct,Toxicity,0.4,3,3,15,0.7142857142857143,1.1145419999957085,0.0,0.11540095799136907,1.229947167012142
2026-07-14T18:01:02,KNN-Direct-Weighted,Toxicity,0.4,3,3,13,0.7428571428571429,1.3246621250000317,0.0,0.12663733400404453,1.4513054580020253
2026-07-14T18:01:03,KNN-Direct-Manhattan,Toxicity,0.4,3,3,15,0.5142857142857142,1.0855683750123717,0.0,0.11382425000192598,1.199398041004315
2026-07-14T18:01:09,KNN-IC,Toxicity,0.4,4,4,11,0.7142857142857143,5.5714414159883745,0.40681670801131986,0.03452704197843559,6.01278883399209
2026-07-14T18:01:09,Mean-IC,Toxicity,0.4,4,4,11,0.7142857142857143,0.20449195802211761,0.004815249994862825,0.020917374989949167,0.2302275410038419
2026-07-14T18:01:10,KNN-Direct,Toxicity,0.4,4,4,11,0.6285714285714286,1.0952122079906985,0.0,0.11507162501220591,1.210287875001086
2026-07-14T18:01:12,KNN-Direct-Weighted,Toxicity,0.4,4,4,11,0.6571428571428571,1.1967700000095647,0.0,0.125672249996569,1.3224460000055842
2026-07-14T18:01:13,KNN-Direct-Manhattan,Toxicity,0.4,4,4,11,0.6,1.3054669580014888,0.0,0.14034037498640828,1.4458113340078853
2026-07-14T18:01:19,KNN-IC,Toxicity,0.4,5,5,12,0.6,5.575869666994549,0.40496012498624623,0.03435720899142325,6.01519079101854
2026-07-14T18:01:19,Mean-IC,Toxicity,0.4,5,5,13,0.6571428571428571,0.2028625410166569,0.004849208984524012,0.02086487499764189,0.22857949999161065
2026-07-14T18:01:20,KNN-Direct,Toxicity,0.4,5,5,6,0.6,1.0971859999990556,0.0,0.11493208399042487,1.2121220840199385
2026-07-14T18:01:22,KNN-Direct-Weighted,Toxicity,0.4,5,5,8,0.5428571428571428,1.1978862079849932,0.0,0.1255199160077609,1.3234102080168668
2026-07-14T18:01:23,KNN-Direct-Manhattan,Toxicity,0.4,5,5,3,0.6,1.087309708003886,0.0,0.11374129200703464,1.2010537500027567
2026-07-14T18:01:29,KNN-IC,Toxicity,0.4,6,6,7,0.6571428571428571,5.665294125006767,0.4089213330007624,0.03469874997972511,6.108917958015809
2026-07-14T18:01:29,Mean-IC,Toxicity,0.4,6,6,1,0.4857142857142857,0.20469316700473428,0.004873041994869709,0.02075691701611504,0.2303261249908246
2026-07-14T18:01:31,KNN-Direct,Toxicity,0.4,6,6,1,0.34285714285714286,1.0951007079856936,0.0,0.11476254201261327,1.2098660419869702
2026-07-14T18:01:32,KNN-Direct-Weighted,Toxicity,0.4,6,6,1,0.34285714285714286,1.1968372919945978,0.0,0.12551908299792558,1.3223607090185396
2026-07-14T18:01:33,KNN-Direct-Manhattan,Toxicity,0.4,6,6,6,0.5428571428571428,1.0870947079965845,0.0,0.11388366698520258,1.2009816660138313
2026-07-14T18:01:39,KNN-IC,Toxicity,0.4,7,7,4,0.5142857142857142,5.505494916986208,0.38980575001914985,0.03449770901352167,5.929802250000648
2026-07-14T18:01:39,Mean-IC,Toxicity,0.4,7,7,8,0.45714285714285713,0.2038246669981163,0.00483150000218302,0.020696292020147666,0.22935558398603462
2026-07-14T18:01:40,KNN-Direct,Toxicity,0.4,7,7,6,0.5428571428571428,1.0942350839904975,0.0,0.11493645800510421,1.2091740829928312
2026-07-14T18:01:42,KNN-Direct-Weighted,Toxicity,0.4,7,7,6,0.5428571428571428,1.1949077080062125,0.0,0.12807691699708812,1.3229881660081446
2026-07-14T18:01:43,KNN-Direct-Manhattan,Toxicity,0.4,7,7,8,0.5428571428571428,1.439296500000637,0.0,0.11429354100255296,1.5535938749962952
2026-07-14T18:06:02,KNN-IC,Toxicity,0.4,8,8,15,0.7714285714285715,5.93535591600812,0.44583991600666195,0.03447070898255333,6.415670957998373
2026-07-14T18:06:02,Mean-IC,Toxicity,0.4,8,8,6,0.6571428571428571,0.20711149999988265,0.0049783750146161765,0.021358917001634836,0.23345345800044015
2026-07-14T18:06:03,KNN-Direct,Toxicity,0.4,8,8,11,0.7428571428571429,1.0998744160169736,0.0,0.11558941699331626,1.215467207977781
2026-07-14T18:06:05,KNN-Direct-Weighted,Toxicity,0.4,8,8,7,0.7428571428571429,1.2005324579949956,0.0,0.12629883299814537,1.3268345829856116
2026-07-14T18:06:06,KNN-Direct-Manhattan,Toxicity,0.4,8,8,15,0.6571428571428571,1.0888274580065627,0.0,0.11402795801404864,1.202858834003564
2026-07-14T18:06:12,KNN-IC,Toxicity,0.4,9,9,9,0.7428571428571429,5.866181207995396,0.40940691699506715,0.03465337501256727,6.310245708998991
2026-07-14T18:06:12,Mean-IC,Toxicity,0.4,9,9,10,0.5714285714285714,0.2032995839836076,0.004879499989328906,0.020765457971720025,0.22894758300390095
2026-07-14T18:06:14,KNN-Direct,Toxicity,0.4,9,9,9,0.6857142857142857,1.0929071659920737,0.0,0.11471079199691303,1.2076205000048503
2026-07-14T18:06:15,KNN-Direct-Weighted,Toxicity,0.4,9,9,11,0.7428571428571429,1.1930337499943562,0.0,0.1255108339828439,1.318548750015907
2026-07-14T18:06:16,KNN-Direct-Manhattan,Toxicity,0.4,9,9,5,0.7142857142857143,1.0846003750048112,0.0,0.11386183300055563,1.1984660000016447
2026-07-14T18:06:22,KNN-IC,Toxicity,0.4,10,10,11,0.4857142857142857,5.61805383398314,0.41800533400964923,0.034204459021566436,6.070267167000566
2026-07-14T18:06:22,Mean-IC,Toxicity,0.4,10,10,13,0.45714285714285713,0.20412720800959505,0.0049067500222008675,0.020767209003679454,0.22980425000423566
2026-07-14T18:06:24,KNN-Direct,Toxicity,0.4,10,10,13,0.4857142857142857,1.0935074579901993,0.0,0.11491504200967029,1.2084261660056654
2026-07-14T18:06:25,KNN-Direct-Weighted,Toxicity,0.4,10,10,11,0.4857142857142857,1.545761624991428,0.0,0.15421933299512602,1.6999850000138395
2026-07-14T18:06:27,KNN-Direct-Manhattan,Toxicity,0.4,10,10,5,0.5142857142857142,1.0870686669950373,0.0,0.1135829169943463,1.200655792024918
2026-07-14T18:06:33,KNN-IC,Toxicity,0.4,11,11,15,0.5428571428571428,5.559380041988334,0.41950691599049605,0.03415762502118014,6.0130486660054885
2026-07-14T18:06:33,Mean-IC,Toxicity,0.4,11,11,14,0.5428571428571428,0.20348370799911208,0.004804833006346598,0.020724041998619214,0.22901570901740342
2026-07-14T18:06:34,KNN-Direct,Toxicity,0.4,11,11,12,0.6,1.094795749988407,0.0,0.11512274999404326,1.2099219160154462
2026-07-14T18:06:35,KNN-Direct-Weighted,Toxicity,0.4,11,11,14,0.6,1.1965792919800151,0.0,0.12543554097646847,1.3220182500081137
2026-07-14T18:06:37,KNN-Direct-Manhattan,Toxicity,0.4,11,11,10,0.5428571428571428,1.0846697080123704,0.0,0.11354166700039059,1.1982151670090389
2026-07-14T18:06:43,KNN-IC,Toxicity,0.4,12,12,7,0.5428571428571428,5.792381542007206,0.4109988330164924,0.03461241698823869,6.237996708019637
2026-07-14T18:06:43,Mean-IC,Toxicity,0.4,12,12,7,0.6285714285714286,0.20566720800707117,0.004945291002513841,0.020924874988850206,0.23154062501271255
2026-07-14T18:06:44,KNN-Direct,Toxicity,0.4,12,12,6,0.5142857142857142,1.0954271249938756,0.0,0.11480358400149271,1.2102337919932324
2026-07-14T18:06:46,KNN-Direct-Weighted,Toxicity,0.4,12,12,7,0.5714285714285714,1.1956696250126697,0.0,0.12542554197716527,1.3210990829975344
2026-07-14T18:06:47,KNN-Direct-Manhattan,Toxicity,0.4,12,12,3,0.5142857142857142,1.085757332999492,0.0,0.1140159580099862,1.1997776250063907
2026-07-14T18:06:53,KNN-IC,Toxicity,0.4,13,13,3,0.5142857142857142,5.508772500004852,0.34242400000221096,0.03448837500764057,5.88568862498505
2026-07-14T18:06:53,Mean-IC,Toxicity,0.4,13,13,7,0.45714285714285713,0.20440483299898915,0.00480662498739548,0.020818374992813915,0.23003283399157226
2026-07-14T18:06:54,KNN-Direct,Toxicity,0.4,13,13,3,0.4857142857142857,1.093764999997802,0.0,0.11503883299883455,1.2088068329903763
2026-07-14T18:06:56,KNN-Direct-Weighted,Toxicity,0.4,13,13,3,0.4857142857142857,1.5600416669913102,0.0,0.1250628329871688,1.6851099170162342
2026-07-14T18:06:57,KNN-Direct-Manhattan,Toxicity,0.4,13,13,6,0.4857142857142857,1.0813504999969155,0.0,0.11345433301175945,1.1948090829828288
2026-07-14T18:07:03,KNN-IC,Toxicity,0.4,14,14,4,0.5428571428571428,5.618876499996986,0.3980357499967795,0.034138624992920086,6.0510547919839155
2026-07-14T18:07:03,Mean-IC,Toxicity,0.4,14,14,9,0.5714285714285714,0.20423854200635105,0.004901167005300522,0.02073145902249962,0.22987416698015295
2026-07-14T18:07:04,KNN-Direct,Toxicity,0.4,14,14,5,0.5714285714285714,1.0918561669823248,0.0,0.11477412498788908,1.2066331669921055
2026-07-14T18:07:06,KNN-Direct-Weighted,Toxicity,0.4,14,14,5,0.5714285714285714,1.1924212500161957,0.0,0.12491229097940959,1.317336999985855
2026-07-14T18:07:07,KNN-Direct-Manhattan,Toxicity,0.4,14,14,3,0.4857142857142857,1.0806742499989923,0.0,0.11343308299547061,1.1941108749888372
2026-07-14T18:07:13,KNN-IC,Toxicity,0.4,15,15,4,0.5142857142857142,5.726673375000246,0.38953891600249335,0.03468608399271034,6.150901959015755
2026-07-14T18:07:13,Mean-IC,Toxicity,0.4,15,15,7,0.6857142857142857,0.20349924999754876,0.0048434580094181,0.02064883298589848,0.2289944590011146
2026-07-14T18:07:15,KNN-Direct,Toxicity,0.4,15,15,7,0.6,1.0918211670068558,0.0,0.11468079200130887,1.2065044580085669
2026-07-14T18:07:16,KNN-Direct-Weighted,Toxicity,0.4,15,15,5,0.6,1.1946033340063877,0.0,0.1252352909941692,1.3198427500028629
2026-07-14T18:07:17,KNN-Direct-Manhattan,Toxicity,0.4,15,15,3,0.5714285714285714,1.0819177079829387,0.0,0.11365420900983736,1.1955753749934956
2026-07-14T18:07:23,KNN-IC,Toxicity,0.4,16,16,9,0.6857142857142857,5.558487417001743,0.40133950000745244,0.03427637502318248,5.99410720798187
2026-07-14T18:07:23,Mean-IC,Toxicity,0.4,16,16,9,0.6571428571428571,0.20371462500770576,0.00485262498841621,0.0206776249979157,0.22924787501688115
2026-07-14T18:07:25,KNN-Direct,Toxicity,0.4,16,16,11,0.6,1.205902249988867,0.0,0.18544199998723343,1.3913481250056066
2026-07-14T18:07:26,KNN-Direct-Weighted,Toxicity,0.4,16,16,13,0.5428571428571428,1.452644999983022,0.0,0.1267745420045685,1.5794260000111535
2026-07-14T18:07:27,KNN-Direct-Manhattan,Toxicity,0.4,16,16,7,0.6857142857142857,1.088332542014541,0.0,0.11368683399632573,1.2020228329929523
2026-07-14T18:07:34,KNN-IC,Toxicity,0.4,17,17,4,0.5428571428571428,5.585547249997035,0.39886074999230914,0.03453670901944861,6.018949082994368
2026-07-14T18:07:34,Mean-IC,Toxicity,0.4,17,17,14,0.6,0.2035875000001397,0.004819499998120591,0.02076216699788347,0.22917216600035317
2026-07-14T18:07:35,KNN-Direct,Toxicity,0.4,17,17,15,0.5714285714285714,1.108317292004358,0.0,0.11656149997725151,1.2248814170015976
2026-07-14T18:07:36,KNN-Direct-Weighted,Toxicity,0.4,17,17,15,0.5428571428571428,1.1987328750255983,0.0,0.12600558399572037,1.324743875011336
2026-07-14T18:07:38,KNN-Direct-Manhattan,Toxicity,0.4,17,17,9,0.5714285714285714,1.0889587079873309,0.0,0.11397737500374205,1.2029415419965517
2026-07-14T18:08:47,KNN-IC,Toxicity,0.4,18,18,10,0.5428571428571428,8.540803750016494,0.4121977080067154,0.0356122920056805,8.988619416981237
2026-07-14T18:08:47,Mean-IC,Toxicity,0.4,18,18,9,0.6,0.21549454098567367,0.005328375002136454,0.021499208989553154,0.2423269999853801
2026-07-14T18:08:49,KNN-Direct,Toxicity,0.4,18,18,4,0.5142857142857142,1.2017582909902558,0.0,0.12014633399667218,1.321907999983523
2026-07-14T18:08:50,KNN-Direct-Weighted,Toxicity,0.4,18,18,4,0.5142857142857142,1.2187718340137508,0.0,0.12667475000489503,1.3454503749962896
2026-07-14T18:08:51,KNN-Direct-Manhattan,Toxicity,0.4,18,18,3,0.5714285714285714,1.0973124589945655,0.0,0.11513808398740366,1.2124557909846772
2026-07-14T18:08:58,KNN-IC,Toxicity,0.4,19,19,6,0.6,6.137438584002666,0.41394516598666087,0.03501600000890903,6.586404708999908
2026-07-14T18:08:58,Mean-IC,Toxicity,0.4,19,19,5,0.7142857142857143,0.20919341701664962,0.004972208000253886,0.021246082993457094,0.23541545800981112
2026-07-14T18:08:59,KNN-Direct,Toxicity,0.4,19,19,10,0.6571428571428571,1.1295833750045858,0.0,0.12171566599863581,1.25130258401623
2026-07-14T18:09:01,KNN-Direct-Weighted,Toxicity,0.4,19,19,10,0.6571428571428571,1.274184833979234,0.0,0.12937850001617335,1.4035669589939062
2026-07-14T18:09:02,KNN-Direct-Manhattan,Toxicity,0.4,19,19,6,0.6285714285714286,1.138183625007514,0.0,0.11805037499289028,1.2562374169938266
2026-07-14T18:09:08,KNN-IC,Toxicity,0.4,20,20,5,0.7142857142857143,5.746394415997202,0.399314415990375,0.03504129100474529,6.180755167006282
2026-07-14T18:09:08,Mean-IC,Toxicity,0.4,20,20,5,0.6285714285714286,0.20886533299926668,0.004961874976288527,0.02132604201324284,0.235157374991104
2026-07-14T18:09:10,KNN-Direct,Toxicity,0.4,20,20,13,0.6285714285714286,1.117339374992298,0.0,0.11826520800241269,1.235609082999872
2026-07-14T18:09:11,KNN-Direct-Weighted,Toxicity,0.4,20,20,13,0.6,1.433581541001331,0.0,0.1282371669949498,1.561823625001125
2026-07-14T18:09:12,KNN-Direct-Manhattan,Toxicity,0.4,20,20,13,0.7142857142857143,1.1071466669964138,0.0,0.11602033299277537,1.223171709018061
2026-07-14T18:09:19,KNN-IC,Toxicity,0.4,21,21,1,0.6,5.76351966598304,0.3235768750018906,0.03516233401023783,6.122264083009213
2026-07-14T18:09:19,Mean-IC,Toxicity,0.4,21,21,3,0.6857142857142857,0.20880241700797342,0.005228708003414795,0.021056665980722755,0.23509154198109172
2026-07-14T18:09:20,KNN-Direct,Toxicity,0.4,21,21,1,0.6571428571428571,1.1160702090128325,0.0,0.11697908301721327,1.2330540419789031
2026-07-14T18:09:21,KNN-Direct-Weighted,Toxicity,0.4,21,21,1,0.6,1.2207238749833778,0.0,0.12951529200654477,1.350244583998574
2026-07-14T18:09:23,KNN-Direct-Manhattan,Toxicity,0.4,21,21,3,0.5714285714285714,1.1074771249841433,0.0,0.11647825001273304,1.2239607090014033
2026-07-14T18:09:29,KNN-IC,Toxicity,0.4,22,22,7,0.5714285714285714,6.377550292003434,0.4156933329941239,0.03496299998369068,6.828211291023763
2026-07-14T18:09:30,Mean-IC,Toxicity,0.4,22,22,11,0.6,0.20884091599145904,0.0052480830054264516,0.021138249983778223,0.2352314169984311
2026-07-14T18:09:31,KNN-Direct,Toxicity,0.4,22,22,5,0.6,1.1162981670058798,0.0,0.11722766599268652,1.2335302919964306
2026-07-14T18:09:32,KNN-Direct-Weighted,Toxicity,0.4,22,22,6,0.6,1.2209116660233121,0.0,0.12821912500658073,1.3491369159892201
2026-07-14T18:09:33,KNN-Direct-Manhattan,Toxicity,0.4,22,22,9,0.6857142857142857,1.104069166991394,0.0,0.11655958398478106,1.2206352080102079
2026-07-14T18:09:40,KNN-IC,Toxicity,0.4,23,23,5,0.4857142857142857,5.756930542003829,0.4074219999893103,0.035158707993105054,6.199515999993309
2026-07-14T18:09:40,Mean-IC,Toxicity,0.4,23,23,5,0.4857142857142857,0.2760844170115888,0.007067124999593943,0.03968858299776912,0.3228486249863636
2026-07-14T18:09:41,KNN-Direct,Toxicity,0.4,23,23,7,0.5714285714285714,1.2887339160079136,0.0,0.13466333301039413,1.4234015839756466
2026-07-14T18:09:43,KNN-Direct-Weighted,Toxicity,0.4,23,23,9,0.6285714285714286,1.6468601670057978,0.0,0.18428708301507868,1.831160292000277
2026-07-14T18:09:50,KNN-Direct-Manhattan,Toxicity,0.4,23,23,7,0.6,6.071548375010025,0.0,0.3295222089800518,6.401076499983901
2026-07-14T18:09:57,KNN-IC,Toxicity,0.4,24,24,7,0.6285714285714286,7.092746124981204,0.41313845801050775,0.03562191699165851,7.541513999982271
2026-07-14T18:09:57,Mean-IC,Toxicity,0.4,24,24,5,0.5714285714285714,0.21379650000017136,0.005258667020825669,0.021068333997391164,0.24012812500586733
2026-07-14T18:09:59,KNN-Direct,Toxicity,0.4,24,24,12,0.5428571428571428,1.124564666999504,0.0,0.11767541599692777,1.242243624990806
2026-07-14T18:10:00,KNN-Direct-Weighted,Toxicity,0.4,24,24,10,0.6,1.2242084169993177,0.0,0.12928587500937283,1.3534997910028324
2026-07-14T18:10:01,KNN-Direct-Manhattan,Toxicity,0.4,24,24,9,0.5428571428571428,1.11130933300592,0.0,0.11703749999287538,1.2283522079815157
2026-07-14T18:10:08,KNN-IC,Toxicity,0.4,25,25,5,0.6,5.7673772079870105,0.4043012500042096,0.035355250001885,6.207038958003977
2026-07-14T18:10:08,Mean-IC,Toxicity,0.4,25,25,5,0.5142857142857142,0.20892999999341555,0.005002916004741564,0.021411041991086677,0.23534816701430827
2026-07-14T18:10:09,KNN-Direct,Toxicity,0.4,25,25,3,0.5428571428571428,1.1193252920056693,0.0,0.11709745801636018,1.236427416006336
2026-07-14T18:10:11,KNN-Direct-Weighted,Toxicity,0.4,25,25,5,0.6,1.387778458010871,0.0,0.14673933398444206,1.5345226670033298
2026-07-14T18:10:12,KNN-Direct-Manhattan,Toxicity,0.4,25,25,7,0.6285714285714286,1.1096795000194106,0.0,0.1163537910033483,1.226038624998182
2026-07-14T18:10:18,KNN-IC,Toxicity,0.4,26,26,13,0.6,5.664614541019546,0.41957616599393077,0.03517187500256114,6.119367500010412
2026-07-14T18:10:18,Mean-IC,Toxicity,0.4,26,26,5,0.5142857142857142,0.20903637498850003,0.004978374985512346,0.021303582994733006,0.23532300000078976
2026-07-14T18:10:19,KNN-Direct,Toxicity,0.4,26,26,15,0.6,1.11945904197637,0.0,0.11714433299493976,1.2366086250112858
2026-07-14T18:10:21,KNN-Direct-Weighted,Toxicity,0.4,26,26,15,0.6285714285714286,1.2239157499861903,0.0,0.1274721670197323,1.3513923330174293
2026-07-14T18:10:22,KNN-Direct-Manhattan,Toxicity,0.4,26,26,11,0.6285714285714286,1.104592000017874,0.0,0.1191893329960294,1.2237865419883747
2026-07-14T18:10:29,KNN-IC,Toxicity,0.4,27,27,1,0.6285714285714286,6.507238874997711,0.3229189589910675,0.034862041007727385,6.865025084000081
2026-07-14T18:10:29,Mean-IC,Toxicity,0.4,27,27,1,0.6285714285714286,0.20832166701438837,0.0053008749964646995,0.02127358299912885,0.23490024998318404
2026-07-14T18:10:30,KNN-Direct,Toxicity,0.4,27,27,12,0.5714285714285714,1.118383166991407,0.0,0.11771575000602752,1.2361033750057686
2026-07-14T18:10:32,KNN-Direct-Weighted,Toxicity,0.4,27,27,12,0.6,1.2221679169742856,0.0,0.1280748340068385,1.3502477080037352
2026-07-14T18:10:33,KNN-Direct-Manhattan,Toxicity,0.4,27,27,15,0.6571428571428571,1.1074760420015082,0.0,0.11646787499194033,1.2239493749802932
2026-07-14T18:10:39,KNN-IC,Toxicity,0.4,28,28,6,0.6,5.762860624992754,0.406727250025142,0.03463066599215381,6.20422291700379
2026-07-14T18:10:39,Mean-IC,Toxicity,0.4,28,28,3,0.5428571428571428,0.20866512501379475,0.004981415986549109,0.02124575001653284,0.23489650001283735
2026-07-14T18:10:41,KNN-Direct,Toxicity,0.4,28,28,5,0.7142857142857143,1.2773585839895532,0.0,0.11763600000995211,1.3949978340242524
2026-07-14T18:10:42,KNN-Direct-Weighted,Toxicity,0.4,28,28,4,0.6571428571428571,1.2247983750130516,0.0,0.1281444579944946,1.3529483329912182
2026-07-14T18:10:43,KNN-Direct-Manhattan,Toxicity,0.4,28,28,6,0.6571428571428571,1.1076345420151483,0.0,0.11899654101580381,1.2266372079902794
2026-07-14T18:10:49,KNN-IC,Toxicity,0.4,29,29,9,0.6285714285714286,5.741059291991405,0.41255012500914745,0.03509516597841866,6.188709917012602
2026-07-14T18:10:50,Mean-IC,Toxicity,0.4,29,29,10,0.6571428571428571,0.21006604199646972,0.0049736250075511634,0.02117891699890606,0.2362224169773981
2026-07-14T18:10:51,KNN-Direct,Toxicity,0.4,29,29,14,0.7142857142857143,1.11634716601111,0.0,0.11702958401292562,1.2333809999981895
2026-07-14T18:10:52,KNN-Direct-Weighted,Toxicity,0.4,29,29,14,0.7142857142857143,1.2218468339997344,0.0,0.12871916699805297,1.3505719999957364
2026-07-14T18:10:54,KNN-Direct-Manhattan,Toxicity,0.4,29,29,11,0.7428571428571429,1.107374917017296,0.0,0.11661920801270753,1.2239995839772746
2026-07-14T18:11:00,KNN-IC,Toxicity,0.4,30,30,7,0.4857142857142857,6.319541834003758,0.410393166996073,0.03492095900583081,6.764861250005197
2026-07-14T18:11:01,Mean-IC,Toxicity,0.4,30,30,8,0.5142857142857142,0.20926400000462309,0.004930291004711762,0.021063916996354237,0.23526191597920842
2026-07-14T18:11:02,KNN-Direct,Toxicity,0.4,30,30,9,0.6,1.120827749982709,0.0,0.11793908299296163,1.2387710830080323
2026-07-14T18:11:03,KNN-Direct-Weighted,Toxicity,0.4,30,30,9,0.5714285714285714,1.227644708007574,0.0,0.12814904199331068,1.3557997079915367
2026-07-14T18:11:04,KNN-Direct-Manhattan,Toxicity,0.4,30,30,7,0.45714285714285713,1.1098319169832394,0.0,0.11655716699897312,1.2263954580121208
2026-07-14T18:11:11,KNN-IC,Toxicity,0.4,31,31,13,0.5428571428571428,6.006969582987949,0.5403745420044288,0.03554295899812132,6.58289341602358
2026-07-14T18:11:11,Mean-IC,Toxicity,0.4,31,31,5,0.6285714285714286,0.20962987499660812,0.004976333002559841,0.021337625017622486,0.23594895799760707
2026-07-14T18:11:12,KNN-Direct,Toxicity,0.4,31,31,3,0.6,1.1194107919873204,0.0,0.11739699999452569,1.236812541988911
2026-07-14T18:11:14,KNN-Direct-Weighted,Toxicity,0.4,31,31,5,0.5714285714285714,1.258496708003804,0.0,0.12795529200229794,1.3864568750141189
2026-07-14T18:11:15,KNN-Direct-Manhattan,Toxicity,0.4,31,31,7,0.6857142857142857,1.1097040839958936,0.0,0.11695595798664726,1.2266654590202961
2026-07-14T18:11:21,KNN-IC,Toxicity,0.4,32,32,7,0.6571428571428571,5.776522125001065,0.40557054098462686,0.03477554101846181,6.216872874996625
2026-07-14T18:11:22,Mean-IC,Toxicity,0.4,32,32,3,0.5142857142857142,0.20923199999378994,0.004931208997732028,0.021345249988371506,0.23551262501860037
2026-07-14T18:11:23,KNN-Direct,Toxicity,0.4,32,32,12,0.7142857142857143,1.1173577079898678,0.0,0.11839395799324848,1.23575466699549
2026-07-14T18:11:24,KNN-Direct-Weighted,Toxicity,0.4,32,32,9,0.7142857142857143,1.2232211669906974,0.0,0.1295047499879729,1.3527322500012815
2026-07-14T18:11:25,KNN-Direct-Manhattan,Toxicity,0.4,32,32,5,0.7428571428571429,1.1986570000008214,0.0,0.17222112498711795,1.3708838750026189
2026-07-14T18:11:32,KNN-IC,Toxicity,0.4,33,33,5,0.5428571428571428,6.152373582997825,0.4038518749875948,0.03509275001124479,6.591323999979068
2026-07-14T18:11:32,Mean-IC,Toxicity,0.4,33,33,7,0.6,0.2091594169905875,0.00498329201946035,0.021346124995034188,0.23549316701246426
2026-07-14T18:11:34,KNN-Direct,Toxicity,0.4,33,33,5,0.5142857142857142,1.118948666000506,0.0,0.11772975002531894,1.2366834589920472
2026-07-14T18:11:35,KNN-Direct-Weighted,Toxicity,0.4,33,33,5,0.5428571428571428,1.2248872500204016,0.0,0.12818191599217243,1.3530733750085346
2026-07-14T18:11:36,KNN-Direct-Manhattan,Toxicity,0.4,33,33,5,0.6285714285714286,1.1067751249938738,0.0,0.11609991700970568,1.2228794589755125
2026-07-14T18:11:43,KNN-IC,Toxicity,0.4,34,34,5,0.6285714285714286,6.158212457987247,0.40806729200994596,0.035132708988385275,6.601417625002796
2026-07-14T18:11:43,Mean-IC,Toxicity,0.4,34,34,15,0.6285714285714286,0.21000054202158935,0.004934541997499764,0.021294375008437783,0.23623383298399858
2026-07-14T18:11:44,KNN-Direct,Toxicity,0.4,34,34,13,0.6857142857142857,1.1194714999874122,0.0,0.11797924997517839,1.237455875001615
2026-07-14T18:11:46,KNN-Direct-Weighted,Toxicity,0.4,34,34,14,0.6285714285714286,1.226182707992848,0.0,0.12922116700792685,1.3554093340062536
2026-07-14T18:11:47,KNN-Direct-Manhattan,Toxicity,0.4,34,34,15,0.6285714285714286,1.1083282080071513,0.0,0.11705729199456982,1.2253909999853931
2026-07-14T18:11:53,KNN-IC,Toxicity,0.4,35,35,11,0.6285714285714286,5.752400415978627,0.42642970802262425,0.03528304200153798,6.214120749995345
2026-07-14T18:11:53,Mean-IC,Toxicity,0.4,35,35,11,0.6857142857142857,0.20925229199929163,0.005122957983985543,0.021197875001234934,0.2355771660222672
2026-07-14T18:11:54,KNN-Direct,Toxicity,0.4,35,35,7,0.6571428571428571,1.1156641249835957,0.0,0.11713204099214636,1.232800458004931
2026-07-14T18:11:56,KNN-Direct-Weighted,Toxicity,0.4,35,35,12,0.6285714285714286,1.556430749973515,0.0,0.19769383399398066,1.7541292500100099
2026-07-14T18:11:58,KNN-Direct-Manhattan,Toxicity,0.4,35,35,15,0.6285714285714286,1.1798989170056302,0.0,0.11584849999053404,1.2957541669893544
2026-07-14T18:12:04,KNN-IC,Toxicity,0.4,36,36,4,0.6571428571428571,5.771643959014909,0.39630816600401886,0.03504516702378169,6.203002583002672
2026-07-14T18:12:04,Mean-IC,Toxicity,0.4,36,36,5,0.6857142857142857,0.20881354200537317,0.00518554198788479,0.021170209016418085,0.23517358300159685
2026-07-14T18:12:05,KNN-Direct,Toxicity,0.4,36,36,7,0.8,1.1220719999982975,0.0,0.11771962500642985,1.2397968329896685
2026-07-14T18:12:07,KNN-Direct-Weighted,Toxicity,0.4,36,36,7,0.8,1.2248600840102881,0.0,0.13082199997734278,1.3556872910121456
2026-07-14T18:12:08,KNN-Direct-Manhattan,Toxicity,0.4,36,36,7,0.7142857142857143,1.110075875010807,0.0,0.11673920799512416,1.2268219589896034
2026-07-14T18:12:14,KNN-IC,Toxicity,0.4,37,37,3,0.5714285714285714,5.994406333978986,0.3480652080033906,0.03507866701693274,6.377555042010499
2026-07-14T18:12:14,Mean-IC,Toxicity,0.4,37,37,4,0.5714285714285714,0.20850308300578035,0.005004125006962568,0.02120287501020357,0.2347146249958314
2026-07-14T18:12:16,KNN-Direct,Toxicity,0.4,37,37,9,0.6571428571428571,1.1191727079858538,0.0,0.11702804200467654,1.2362052079988644
2026-07-14T18:12:17,KNN-Direct-Weighted,Toxicity,0.4,37,37,9,0.6857142857142857,1.2198301659955177,0.0,0.12861291598528624,1.348447791999206
2026-07-14T18:12:18,KNN-Direct-Manhattan,Toxicity,0.4,37,37,4,0.6571428571428571,1.1133030420169234,0.0,0.1157978749834001,1.2291073750238866
2026-07-14T18:12:24,KNN-IC,Toxicity,0.4,38,38,2,0.42857142857142855,5.758901375025744,0.3387901249807328,0.035180167004000396,6.13287654099986
2026-07-14T18:12:25,Mean-IC,Toxicity,0.4,38,38,9,0.5714285714285714,0.21007129200734198,0.004992000001948327,0.02133637497900054,0.23640416597481817
2026-07-14T18:12:26,KNN-Direct,Toxicity,0.4,38,38,13,0.6285714285714286,1.426644416002091,0.0,0.19045479100896046,1.6171031670237426
2026-07-14T18:12:28,KNN-Direct-Weighted,Toxicity,0.4,38,38,9,0.6,1.3020904579898342,0.0,0.12859979100176133,1.4306954170169774
2026-07-14T18:12:29,KNN-Direct-Manhattan,Toxicity,0.4,38,38,13,0.6285714285714286,1.114660666004056,0.0,0.11674395800218917,1.231409791012993
2026-07-14T18:12:35,KNN-IC,Toxicity,0.4,39,39,13,0.6285714285714286,5.745792583998991,0.4232461249921471,0.0351013749896083,6.204145125026116
2026-07-14T18:12:35,Mean-IC,Toxicity,0.4,39,39,15,0.6571428571428571,0.20953591697616503,0.004952874995069578,0.021338375023333356,0.23583066699211486
2026-07-14T18:12:37,KNN-Direct,Toxicity,0.4,39,39,5,0.6571428571428571,1.120512791996589,0.0,0.1175986249872949,1.238115917018149
2026-07-14T18:12:38,KNN-Direct-Weighted,Toxicity,0.4,39,39,15,0.6857142857142857,1.2225260420236737,0.0,0.16476045901072212,1.3872909999918193
2026-07-14T18:12:39,KNN-Direct-Manhattan,Toxicity,0.4,39,39,3,0.6571428571428571,1.1121309580048546,0.0,0.11643679099506699,1.2285723329987377
2026-07-14T18:12:46,KNN-IC,Toxicity,0.5,0,0,13,0.5142857142857142,6.148935459001223,0.4343773330037948,0.035011917003430426,6.618329791992437
2026-07-14T18:12:46,Mean-IC,Toxicity,0.5,0,0,9,0.6,0.21021458398899995,0.005384290998335928,0.021297166007570922,0.2369004590145778
2026-07-14T18:12:47,KNN-Direct,Toxicity,0.5,0,0,3,0.5428571428571428,1.069472750008572,0.0,0.11236262501915917,1.181839958007913
2026-07-14T18:12:49,KNN-Direct-Weighted,Toxicity,0.5,0,0,3,0.5714285714285714,1.1699274579877965,0.0,0.1230563749850262,1.2929896670102607
2026-07-14T18:12:50,KNN-Direct-Manhattan,Toxicity,0.5,0,0,9,0.5428571428571428,1.0641624580021016,0.0,0.11158808402251452,1.1757560000114609
2026-07-14T18:12:57,KNN-IC,Toxicity,0.5,1,1,15,0.6285714285714286,6.592287917010253,0.5212626249995083,0.03550208400702104,7.149059374991339
2026-07-14T18:12:57,Mean-IC,Toxicity,0.5,1,1,5,0.5714285714285714,0.21585654199589044,0.005984124989481643,0.022038625000277534,0.24388433300191537
2026-07-14T18:12:58,KNN-Direct,Toxicity,0.5,1,1,14,0.5714285714285714,1.075499625003431,0.0,0.11177095799939707,1.1872749579779338
2026-07-14T18:13:00,KNN-Direct-Weighted,Toxicity,0.5,1,1,14,0.6,1.1694287090213038,0.0,0.12315016699722037,1.2925835000060033
2026-07-14T18:13:01,KNN-Direct-Manhattan,Toxicity,0.5,1,1,15,0.6285714285714286,1.0590402079978958,0.0,0.11074683399056084,1.1697917919955216
2026-07-14T18:13:07,KNN-IC,Toxicity,0.5,2,2,11,0.7142857142857143,5.860813583014533,0.4343446249840781,0.03511095800786279,6.330273958999896
2026-07-14T18:13:07,Mean-IC,Toxicity,0.5,2,2,13,0.6571428571428571,0.20883520797360688,0.0053993340115994215,0.02140004199463874,0.23563866698532365
2026-07-14T18:13:09,KNN-Direct,Toxicity,0.5,2,2,15,0.7428571428571429,1.0726245419937186,0.0,0.11285150001640432,1.185480624990305
2026-07-14T18:13:10,KNN-Direct-Weighted,Toxicity,0.5,2,2,3,0.7428571428571429,1.1677104590053204,0.0,0.12279529200168326,1.2905104579986073
2026-07-14T18:13:11,KNN-Direct-Manhattan,Toxicity,0.5,2,2,5,0.8,1.2470002500049304,0.0,0.11180383298778906,1.3588091249985155
2026-07-14T18:13:18,KNN-IC,Toxicity,0.5,3,3,11,0.6571428571428571,5.861582291981904,0.4299758330162149,0.03490604198304936,6.326469083986012
2026-07-14T18:13:18,Mean-IC,Toxicity,0.5,3,3,14,0.7142857142857143,0.20908416601014324,0.005328792001819238,0.021185166988288984,0.23560241601080634
2026-07-14T18:13:19,KNN-Direct,Toxicity,0.5,3,3,5,0.6,1.0661692080029752,0.0,0.11204283297411166,1.178215749998344
2026-07-14T18:13:20,KNN-Direct-Weighted,Toxicity,0.5,3,3,5,0.5714285714285714,1.1667452080000658,0.0,0.12334420799743384,1.2900940830004402
2026-07-14T18:13:21,KNN-Direct-Manhattan,Toxicity,0.5,3,3,9,0.5714285714285714,1.0570203330134973,0.0,0.11121075000846758,1.1682352909992915
2026-07-14T18:13:28,KNN-IC,Toxicity,0.5,4,4,11,0.6571428571428571,6.497647665994009,0.4234252090100199,0.03526104099000804,6.956338666001102
2026-07-14T18:13:29,Mean-IC,Toxicity,0.5,4,4,9,0.6571428571428571,0.20945537500665523,0.0054170829826034606,0.021276333020068705,0.23615345801226795
2026-07-14T18:13:30,KNN-Direct,Toxicity,0.5,4,4,15,0.7142857142857143,1.0695537500141654,0.0,0.11261458299122751,1.1821725000045262
2026-07-14T18:13:31,KNN-Direct-Weighted,Toxicity,0.5,4,4,3,0.4857142857142857,1.1674367919913493,0.0,0.12277191699831747,1.2902134169999044
2026-07-14T18:13:32,KNN-Direct-Manhattan,Toxicity,0.5,4,4,6,0.6,1.0622393329977058,0.0,0.11113741601002403,1.173382417007815
2026-07-14T18:13:39,KNN-IC,Toxicity,0.5,5,5,9,0.6,5.869272624986479,0.4199985419982113,0.03513658299925737,6.324413250025827
2026-07-14T18:13:39,Mean-IC,Toxicity,0.5,5,5,14,0.6285714285714286,0.2087938330078032,0.005397542001446709,0.02138141597970389,0.23557712501497008
2026-07-14T18:13:40,KNN-Direct,Toxicity,0.5,5,5,6,0.5714285714285714,1.0696475419972558,0.0,0.11598066601436585,1.1856327919813339
2026-07-14T18:13:41,KNN-Direct-Weighted,Toxicity,0.5,5,5,6,0.5142857142857142,1.355099207983585,0.0,0.12261849999777041,1.4777232079941314
2026-07-14T18:13:43,KNN-Direct-Manhattan,Toxicity,0.5,5,5,6,0.6,1.0628342499840073,0.0,0.11125437499140389,1.1740937499853317
2026-07-14T18:13:49,KNN-IC,Toxicity,0.5,6,6,3,0.4857142857142857,5.7763007920002565,0.3562239590100944,0.03504508300102316,6.167574999999488
2026-07-14T18:13:49,Mean-IC,Toxicity,0.5,6,6,1,0.4,0.20978379098232836,0.005393792001996189,0.021079583995742723,0.2362614159937948
2026-07-14T18:13:50,KNN-Direct,Toxicity,0.5,6,6,4,0.42857142857142855,1.0669464590027928,0.0,0.11218674998963252,1.1791384170064703
2026-07-14T18:13:52,KNN-Direct-Weighted,Toxicity,0.5,6,6,1,0.37142857142857144,1.1655126249825116,0.0,0.1277752089954447,1.2932935409771744
2026-07-14T18:13:53,KNN-Direct-Manhattan,Toxicity,0.5,6,6,6,0.4857142857142857,1.0544222919852473,0.0,0.11164625000674278,1.1660730419971514
2026-07-14T18:14:00,KNN-IC,Toxicity,0.5,7,7,12,0.45714285714285713,6.505085917015094,0.4325046250014566,0.035166417015716434,6.972762125020381
2026-07-14T18:14:00,Mean-IC,Toxicity,0.5,7,7,9,0.42857142857142855,0.20983512498787604,0.005429582990473136,0.021317124977940693,0.23658583301585168
2026-07-14T18:14:01,KNN-Direct,Toxicity,0.5,7,7,9,0.5714285714285714,1.0687209159950726,0.0,0.11159124999539927,1.1803169999911916
2026-07-14T18:14:02,KNN-Direct-Weighted,Toxicity,0.5,7,7,3,0.4857142857142857,1.1680784159980249,0.0,0.12346425000578165,1.2915481250092853
2026-07-14T18:14:04,KNN-Direct-Manhattan,Toxicity,0.5,7,7,1,0.45714285714285713,1.0565687910129782,0.0,0.11250720798852853,1.1690810829750262
2026-07-14T18:14:10,KNN-IC,Toxicity,0.5,8,8,13,0.6857142857142857,5.843657084013103,0.445466083008796,0.03503291599918157,6.324161249998724
2026-07-14T18:14:10,Mean-IC,Toxicity,0.5,8,8,11,0.6285714285714286,0.27961825000238605,0.008264749980298802,0.03833616600604728,0.3262401670217514
2026-07-14T18:14:12,KNN-Direct,Toxicity,0.5,8,8,8,0.6571428571428571,1.2807674999930896,0.0,0.1124536249844823,1.3932265420153271
2026-07-14T18:14:13,KNN-Direct-Weighted,Toxicity,0.5,8,8,15,0.7142857142857143,1.170798958017258,0.0,0.12210908302222379,1.2929121670022141
2026-07-14T18:14:14,KNN-Direct-Manhattan,Toxicity,0.5,8,8,11,0.6571428571428571,1.060187583003426,0.0,0.11122637501102872,1.1714188329933677
2026-07-14T18:14:20,KNN-IC,Toxicity,0.5,9,9,7,0.7142857142857143,5.812003792001633,0.4218896670208778,0.03504074999364093,6.268939333007438
2026-07-14T18:14:21,Mean-IC,Toxicity,0.5,9,9,14,0.6571428571428571,0.20886591699672863,0.005386459000874311,0.021158000017749146,0.23541454199585132
2026-07-14T18:14:22,KNN-Direct,Toxicity,0.5,9,9,11,0.7714285714285715,1.0637009579804726,0.0,0.11241404199972749,1.176119749987265
2026-07-14T18:14:23,KNN-Direct-Weighted,Toxicity,0.5,9,9,11,0.7142857142857143,1.1658183340041433,0.0,0.12229229201329872,1.288115083007142
2026-07-14T18:14:24,KNN-Direct-Manhattan,Toxicity,0.5,9,9,6,0.7714285714285715,1.0547732909908518,0.0,0.11100312499911524,1.1657812080229633
2026-07-14T18:14:31,KNN-IC,Toxicity,0.5,10,10,13,0.4857142857142857,6.6563125000102445,0.44176091699046083,0.03501704099471681,7.133095665980363
2026-07-14T18:14:32,Mean-IC,Toxicity,0.5,10,10,10,0.5428571428571428,0.20860416602226906,0.005526207998627797,0.021289958007400855,0.23542433299007826
2026-07-14T18:14:33,KNN-Direct,Toxicity,0.5,10,10,12,0.42857142857142855,1.066028124972945,0.0,0.11210758300148882,1.1781408749811817
2026-07-14T18:14:34,KNN-Direct-Weighted,Toxicity,0.5,10,10,12,0.42857142857142855,1.16720012499718,0.0,0.12750208302168176,1.294706665998092
2026-07-14T18:14:35,KNN-Direct-Manhattan,Toxicity,0.5,10,10,10,0.45714285714285713,1.0546041670022532,0.0,0.11107412501587532,1.1656827919941861
2026-07-14T18:14:42,KNN-IC,Toxicity,0.5,11,11,15,0.5428571428571428,6.127067749999696,0.44516791601199657,0.03521645799628459,6.6074569170014
2026-07-14T18:14:42,Mean-IC,Toxicity,0.5,11,11,14,0.6,0.20850670800427906,0.0054445419809781015,0.02133354201214388,0.23528854100732133
2026-07-14T18:14:43,KNN-Direct,Toxicity,0.5,11,11,13,0.5714285714285714,1.0685163750022184,0.0,0.11309416600852273,1.1816145839984529
2026-07-14T18:14:45,KNN-Direct-Weighted,Toxicity,0.5,11,11,15,0.6,1.171076541999355,0.0,0.12258083300548606,1.2936617500090506
2026-07-14T18:14:46,KNN-Direct-Manhattan,Toxicity,0.5,11,11,3,0.4857142857142857,1.0902697079873178,0.0,0.1107754590047989,1.201052249991335
2026-07-14T18:14:52,KNN-IC,Toxicity,0.5,12,12,3,0.4857142857142857,5.849351666984148,0.35598408299847506,0.035272875014925376,6.240616791008506
2026-07-14T18:14:52,Mean-IC,Toxicity,0.5,12,12,8,0.6,0.20915820801747032,0.005393957981141284,0.02109262501471676,0.235649124981137
2026-07-14T18:14:53,KNN-Direct,Toxicity,0.5,12,12,3,0.5428571428571428,1.0658539579890203,0.0,0.11052804201608524,1.1763862500083633
2026-07-14T18:14:55,KNN-Direct-Weighted,Toxicity,0.5,12,12,7,0.6857142857142857,1.1635147920169402,0.0,0.12226104200817645,1.285781082988251
2026-07-14T18:14:56,KNN-Direct-Manhattan,Toxicity,0.5,12,12,7,0.5428571428571428,1.3548886659846175,0.0,0.1727087500039488,1.5276030420209281
2026-07-14T18:15:03,KNN-IC,Toxicity,0.5,13,13,5,0.5142857142857142,5.9008995829790365,0.41887108399532735,0.035089542012428865,6.354865792003693
2026-07-14T18:15:03,Mean-IC,Toxicity,0.5,13,13,3,0.4857142857142857,0.2088021670060698,0.005345207988284528,0.02116962498985231,0.23532120801974088
2026-07-14T18:15:04,KNN-Direct,Toxicity,0.5,13,13,3,0.4857142857142857,1.068763624993153,0.0,0.11273029100266285,1.1814990419952665
2026-07-14T18:15:05,KNN-Direct-Weighted,Toxicity,0.5,13,13,3,0.5142857142857142,1.1678625000058673,0.0,0.12335541599895805,1.291222875006497
2026-07-14T18:15:07,KNN-Direct-Manhattan,Toxicity,0.5,13,13,6,0.4857142857142857,1.054493666975759,0.0,0.11106733398628421,1.1655665410216898
2026-07-14T18:15:13,KNN-IC,Toxicity,0.5,14,14,3,0.5142857142857142,6.175089584023226,0.35037087500677444,0.0344250829948578,6.559889791999012
2026-07-14T18:15:13,Mean-IC,Toxicity,0.5,14,14,8,0.5142857142857142,0.20422570800292306,0.005237417004536837,0.020703332993434742,0.2301695829955861
2026-07-14T18:15:14,KNN-Direct,Toxicity,0.5,14,14,3,0.4857142857142857,1.046718666999368,0.0,0.11078270801226608,1.1575050829851534
2026-07-14T18:15:16,KNN-Direct-Weighted,Toxicity,0.5,14,14,5,0.5428571428571428,1.1508362090098672,0.0,0.1274297090130858,1.278270083013922
2026-07-14T18:15:17,KNN-Direct-Manhattan,Toxicity,0.5,14,14,6,0.5428571428571428,1.0645312090055086,0.0,0.10915374997421168,1.1736907500016969
2026-07-14T18:24:06,KNN-IC,Toxicity,0.5,15,15,4,0.6,6.038883750006789,0.7990707920107525,0.035841082979459316,6.873802791989874
2026-07-14T18:24:07,Mean-IC,Toxicity,0.5,15,15,10,0.5714285714285714,0.3314408340083901,0.0068018749880138785,0.0222940829989966,0.36054162500659004
2026-07-14T18:24:08,KNN-Direct,Toxicity,0.5,15,15,7,0.6,1.2056596249749418,0.0,0.13183891601511277,1.3375046669971198
2026-07-14T18:24:09,KNN-Direct-Weighted,Toxicity,0.5,15,15,7,0.6285714285714286,1.2036111670022365,0.0,0.12249354098457843,1.3261122080148198
2026-07-14T18:24:10,KNN-Direct-Manhattan,Toxicity,0.5,15,15,6,0.6571428571428571,1.0578718339966144,0.0,0.11314029200002551,1.1710162090021186
2026-07-14T18:24:17,KNN-IC,Toxicity,0.5,16,16,7,0.6,5.8286163749871776,0.4514060840010643,0.036178666981868446,6.3162071669939905
2026-07-14T18:24:17,Mean-IC,Toxicity,0.5,16,16,15,0.6,0.20882912501110695,0.00560666699311696,0.021128666994627565,0.2355690829863306
2026-07-14T18:24:18,KNN-Direct,Toxicity,0.5,16,16,7,0.6285714285714286,1.1023950829985552,0.0,0.11464574999990873,1.2170439999899827
2026-07-14T18:24:19,KNN-Direct-Weighted,Toxicity,0.5,16,16,7,0.5714285714285714,1.1695194170169998,0.0,0.12192916701314971,1.2914527089742478
2026-07-14T18:24:21,KNN-Direct-Manhattan,Toxicity,0.5,16,16,12,0.6,1.0500621250248514,0.0,0.1095387090172153,1.1596056249982212
2026-07-14T18:24:27,KNN-IC,Toxicity,0.5,17,17,4,0.5714285714285714,6.0378311250242405,0.4186502910160925,0.03519008299917914,6.491676959005417
2026-07-14T18:24:27,Mean-IC,Toxicity,0.5,17,17,4,0.5714285714285714,0.2104127909988165,0.005423458991572261,0.021197124995524064,0.2370387499977369
2026-07-14T18:24:29,KNN-Direct,Toxicity,0.5,17,17,15,0.5428571428571428,1.0703932920005172,0.0,0.11344466599985026,1.1838427500042599
2026-07-14T18:24:30,KNN-Direct-Weighted,Toxicity,0.5,17,17,14,0.5428571428571428,1.1703748329891823,0.0,0.12327729200478643,1.2936569999728817
2026-07-14T18:24:31,KNN-Direct-Manhattan,Toxicity,0.5,17,17,11,0.5428571428571428,1.0601047910167836,0.0,0.11074674999690615,1.1708558330137748
2026-07-14T18:24:37,KNN-IC,Toxicity,0.5,18,18,9,0.5428571428571428,5.877998250012752,0.4213694170175586,0.03508941701147705,6.334462541999528
2026-07-14T18:24:38,Mean-IC,Toxicity,0.5,18,18,9,0.6571428571428571,0.2436092920252122,0.006025250011589378,0.02665483398595825,0.2762971250049304
2026-07-14T18:24:39,KNN-Direct,Toxicity,0.5,18,18,4,0.5428571428571428,1.2923190839937888,0.0,0.11206649997620843,1.4043909999891184
2026-07-14T18:24:40,KNN-Direct-Weighted,Toxicity,0.5,18,18,4,0.5714285714285714,1.1691845830064267,0.0,0.12273929099319503,1.2919289170240518
2026-07-14T18:24:42,KNN-Direct-Manhattan,Toxicity,0.5,18,18,3,0.42857142857142855,1.055975249997573,0.0,0.1116018750180956,1.1675813339825254
2026-07-14T18:24:48,KNN-IC,Toxicity,0.5,19,19,5,0.6571428571428571,5.838996957987547,0.4164210839953739,0.03525587500189431,6.290678749996005
2026-07-14T18:24:48,Mean-IC,Toxicity,0.5,19,19,3,0.6285714285714286,0.20918220799649134,0.005487375019583851,0.02125937500386499,0.2359330410254188
2026-07-14T18:24:49,KNN-Direct,Toxicity,0.5,19,19,5,0.6285714285714286,1.0722979590063915,0.0,0.11363570802495815,1.1859376670036
2026-07-14T18:24:51,KNN-Direct-Weighted,Toxicity,0.5,19,19,5,0.6571428571428571,1.168624666024698,0.0,0.1233191670035012,1.291948083002353
2026-07-14T18:24:52,KNN-Direct-Manhattan,Toxicity,0.5,19,19,3,0.4857142857142857,1.0556032919848803,0.0,0.11078162500052713,1.1663897919934243
2026-07-14T18:24:58,KNN-IC,Toxicity,0.5,20,20,3,0.5142857142857142,6.206140374997631,0.35524283300037496,0.035066125012235716,6.596456749975914
2026-07-14T18:24:59,Mean-IC,Toxicity,0.5,20,20,5,0.6857142857142857,0.20883637500810437,0.005601832992397249,0.02110804198309779,0.23555099999066442
2026-07-14T18:25:00,KNN-Direct,Toxicity,0.5,20,20,3,0.6,1.0728358330088668,0.0,0.11238995799794793,1.1852302909828722
2026-07-14T18:25:01,KNN-Direct-Weighted,Toxicity,0.5,20,20,5,0.5714285714285714,1.1709552500105929,0.0,0.12371891699149273,1.2946796669857576
2026-07-14T18:25:02,KNN-Direct-Manhattan,Toxicity,0.5,20,20,5,0.6285714285714286,1.0594514590047766,0.0,0.11105887498706579,1.1705169170163572
2026-07-14T18:25:09,KNN-IC,Toxicity,0.5,21,21,1,0.5142857142857142,6.098591167014092,0.4122455420147162,0.0348875829949975,6.545733665989246
2026-07-14T18:25:09,Mean-IC,Toxicity,0.5,21,21,3,0.6571428571428571,0.20952595898415893,0.005418665998149663,0.021296624996466562,0.2362461250158958
2026-07-14T18:25:10,KNN-Direct,Toxicity,0.5,21,21,3,0.5714285714285714,1.0695693749876227,0.0,0.11266204100684263,1.1822352909948677
2026-07-14T18:25:11,KNN-Direct-Weighted,Toxicity,0.5,21,21,1,0.4857142857142857,1.1716777920082677,0.0,0.12338033301057294,1.295062000019243
2026-07-14T18:25:13,KNN-Direct-Manhattan,Toxicity,0.5,21,21,3,0.6,1.0558320419804659,0.0,0.11093245900701731,1.166768499999307
2026-07-14T18:25:19,KNN-IC,Toxicity,0.5,22,22,9,0.6,5.818698250019224,0.4327867500251159,0.035172666975995526,6.286662459024228
2026-07-14T18:25:19,Mean-IC,Toxicity,0.5,22,22,13,0.6571428571428571,0.20910420900327154,0.005377041990868747,0.021268042008159682,0.23575362499104813
2026-07-14T18:25:20,KNN-Direct,Toxicity,0.5,22,22,3,0.5714285714285714,1.0674791659985203,0.0,0.11199733300600201,1.1794804999954067
2026-07-14T18:25:22,KNN-Direct-Weighted,Toxicity,0.5,22,22,3,0.5142857142857142,1.172499209002126,0.0,0.12358454099739902,1.296089125011349
2026-07-14T18:25:23,KNN-Direct-Manhattan,Toxicity,0.5,22,22,9,0.6,1.0833527920185588,0.0,0.14581870901747607,1.229176249995362
2026-07-14T18:25:29,KNN-IC,Toxicity,0.5,23,23,7,0.5714285714285714,5.985791874991264,0.4251947499869857,0.03513054101495072,6.446123125002487
2026-07-14T18:25:30,Mean-IC,Toxicity,0.5,23,23,5,0.4857142857142857,0.20937804199638776,0.005422124988399446,0.02150012500351295,0.23630437499377877
2026-07-14T18:25:31,KNN-Direct,Toxicity,0.5,23,23,7,0.6571428571428571,1.0672523750108667,0.0,0.11180445799254812,1.1790615420031827
2026-07-14T18:25:32,KNN-Direct-Weighted,Toxicity,0.5,23,23,11,0.5714285714285714,1.1725783750007395,0.0,0.12282541699823923,1.2954089999839198
2026-07-14T18:25:33,KNN-Direct-Manhattan,Toxicity,0.5,23,23,3,0.6285714285714286,1.0575003749981988,0.0,0.11097720899851993,1.1684841670212336
2026-07-14T18:25:40,KNN-IC,Toxicity,0.5,24,24,5,0.5428571428571428,6.512297915993258,0.417048250004882,0.03504008299205452,6.964390708017163
2026-07-14T18:25:40,Mean-IC,Toxicity,0.5,24,24,5,0.6571428571428571,0.20910266699502245,0.005534209019970149,0.021174833993427455,0.23581524999463
2026-07-14T18:25:42,KNN-Direct,Toxicity,0.5,24,24,7,0.6285714285714286,1.0700339169998188,0.0,0.11307379201753065,1.183112250000704
2026-07-14T18:25:43,KNN-Direct-Weighted,Toxicity,0.5,24,24,9,0.6285714285714286,1.1720884999958798,0.0,0.12269316700985655,1.2947864579909947
2026-07-14T18:25:44,KNN-Direct-Manhattan,Toxicity,0.5,24,24,8,0.6285714285714286,1.0583036659809295,0.0,0.11090616701403633,1.1692152500036173
2026-07-14T18:25:50,KNN-IC,Toxicity,0.5,25,25,5,0.4857142857142857,5.88367162499344,0.41592766699614003,0.035102374997222796,6.3347068750008475
2026-07-14T18:25:51,Mean-IC,Toxicity,0.5,25,25,4,0.5142857142857142,0.20916550001129508,0.005420833011157811,0.02138395799556747,0.23597458397853188
2026-07-14T18:25:52,KNN-Direct,Toxicity,0.5,25,25,7,0.5428571428571428,1.0681192920019384,0.0,0.11292420901008882,1.1810481249995064
2026-07-14T18:25:53,KNN-Direct-Weighted,Toxicity,0.5,25,25,7,0.5428571428571428,1.4077151250094175,0.0,0.14164687498123385,1.5493662090157159
2026-07-14T18:25:55,KNN-Direct-Manhattan,Toxicity,0.5,25,25,5,0.5714285714285714,1.0589400829921942,0.0,0.11140554200392216,1.1703508749778848
2026-07-14T18:26:01,KNN-IC,Toxicity,0.5,26,26,7,0.6285714285714286,5.783623958006501,0.41692195800715126,0.03531024997937493,6.235860874992795
2026-07-14T18:26:01,Mean-IC,Toxicity,0.5,26,26,5,0.5142857142857142,0.20871599999372847,0.005543665989534929,0.021198000002186745,0.23546212498331442
2026-07-14T18:26:02,KNN-Direct,Toxicity,0.5,26,26,5,0.6285714285714286,1.0708226249844301,0.0,0.11221950000617653,1.1830461249919608
2026-07-14T18:26:04,KNN-Direct-Weighted,Toxicity,0.5,26,26,4,0.5142857142857142,1.1733101249847095,0.0,0.1232894159911666,1.2966042500047479
2026-07-14T18:26:05,KNN-Direct-Manhattan,Toxicity,0.5,26,26,11,0.6,1.0640012090152595,0.0,0.11108062500716187,1.1750864159839693
2026-07-14T18:26:12,KNN-IC,Toxicity,0.5,27,27,2,0.6,6.665999999997439,0.34146058399346657,0.035191208007745445,7.0426565000088885
2026-07-14T18:26:12,Mean-IC,Toxicity,0.5,27,27,1,0.6571428571428571,0.20878149999771267,0.005364249984268099,0.02112545899581164,0.23527779101277702
2026-07-14T18:26:13,KNN-Direct,Toxicity,0.5,27,27,10,0.6571428571428571,1.0633088749891613,0.0,0.11232099999324419,1.1756349589850288
2026-07-14T18:26:14,KNN-Direct-Weighted,Toxicity,0.5,27,27,10,0.6,1.1688601670030039,0.0,0.12263587501365691,1.2915018330095336
2026-07-14T18:26:16,KNN-Direct-Manhattan,Toxicity,0.5,27,27,1,0.6857142857142857,1.0539007920015138,0.0,0.11083895800402388,1.1647457079961896
2026-07-14T18:26:22,KNN-IC,Toxicity,0.5,28,28,1,0.45714285714285713,5.870027833007043,0.32410041699768044,0.03506604098947719,6.229198999993969
2026-07-14T18:26:22,Mean-IC,Toxicity,0.5,28,28,3,0.5142857142857142,0.2090737080143299,0.005517332989256829,0.02116116601973772,0.23575658298796043
2026-07-14T18:26:23,KNN-Direct,Toxicity,0.5,28,28,1,0.5428571428571428,1.2188488750252873,0.0,0.1125131250009872,1.3313652919896413
2026-07-14T18:26:25,KNN-Direct-Weighted,Toxicity,0.5,28,28,5,0.6571428571428571,1.1692734170064796,0.0,0.12442995799938217,1.293708000011975
2026-07-14T18:26:26,KNN-Direct-Manhattan,Toxicity,0.5,28,28,6,0.6857142857142857,1.059146041981876,0.0,0.11155495900311507,1.1707061670022085
2026-07-14T18:26:32,KNN-IC,Toxicity,0.5,29,29,4,0.6857142857142857,5.866585708979983,0.41286504099844024,0.03521820800960995,6.314673624990974
2026-07-14T18:26:32,Mean-IC,Toxicity,0.5,29,29,6,0.6857142857142857,0.21015737499692477,0.0053699999989476055,0.020986917021218687,0.23651849999441765
2026-07-14T18:26:34,KNN-Direct,Toxicity,0.5,29,29,12,0.6285714285714286,1.070459791983012,0.0,0.11203675001161173,1.1825001249962952
2026-07-14T18:26:35,KNN-Direct-Weighted,Toxicity,0.5,29,29,12,0.6,1.1736058329988737,0.0,0.1227548329916317,1.2963658749940805
2026-07-14T18:26:36,KNN-Direct-Manhattan,Toxicity,0.5,29,29,10,0.6285714285714286,1.0632714170205873,0.0,0.11176683299709111,1.175043416005792
2026-07-14T18:26:43,KNN-IC,Toxicity,0.5,30,30,9,0.5714285714285714,6.5755402079958,0.43069400000968017,0.03510054197977297,7.041339874995174
2026-07-14T18:26:43,Mean-IC,Toxicity,0.5,30,30,10,0.5142857142857142,0.20898758299881592,0.005552624992560595,0.021190958010265604,0.2357346249918919
2026-07-14T18:26:45,KNN-Direct,Toxicity,0.5,30,30,9,0.6,1.067280125018442,0.0,0.112521333998302,1.1798061250010505
2026-07-14T18:26:46,KNN-Direct-Weighted,Toxicity,0.5,30,30,9,0.6571428571428571,1.1673486250219867,0.0,0.12278233299730346,1.2901355419890024
2026-07-14T18:26:47,KNN-Direct-Manhattan,Toxicity,0.5,30,30,11,0.5714285714285714,1.0597640000050887,0.0,0.1118145420041401,1.1715828749875072
2026-07-14T18:26:54,KNN-IC,Toxicity,0.5,31,31,4,0.6571428571428571,6.139757000026293,0.4704651250212919,0.03532608400564641,6.645553041977109
2026-07-14T18:26:54,Mean-IC,Toxicity,0.5,31,31,9,0.6,0.210097915987717,0.005345666984794661,0.021405540988780558,0.23685462499270216
2026-07-14T18:26:55,KNN-Direct,Toxicity,0.5,31,31,3,0.5142857142857142,1.0718912919983268,0.0,0.11218537497916259,1.1840804160165135
2026-07-14T18:26:56,KNN-Direct-Weighted,Toxicity,0.5,31,31,10,0.5428571428571428,1.1703484579920769,0.0,0.12363500002538785,1.2939878340112045
2026-07-14T18:26:58,KNN-Direct-Manhattan,Toxicity,0.5,31,31,3,0.5142857142857142,1.0601836249988992,0.0,0.11168962498777546,1.1718779999937396
2026-07-14T18:27:04,KNN-IC,Toxicity,0.5,32,32,8,0.7142857142857143,5.87072595799691,0.4216149999992922,0.03539566701510921,6.32774141599657
2026-07-14T18:27:04,Mean-IC,Toxicity,0.5,32,32,10,0.6,0.20907287500449456,0.005403499992098659,0.021404875005828217,0.23588516699965112
2026-07-14T18:27:05,KNN-Direct,Toxicity,0.5,32,32,7,0.7142857142857143,1.0705273339990526,0.0,0.11287675000494346,1.183409124991158
2026-07-14T18:27:07,KNN-Direct-Weighted,Toxicity,0.5,32,32,8,0.8,1.1677101249806583,0.0,0.12379675000556745,1.29151179199107
2026-07-14T18:27:08,KNN-Direct-Manhattan,Toxicity,0.5,32,32,5,0.6857142857142857,1.0810967499855906,0.0,0.13745162499253638,1.2185529580165166
2026-07-14T18:27:15,KNN-IC,Toxicity,0.5,33,33,5,0.5142857142857142,6.557481707975967,0.4128312920220196,0.03499920901958831,7.005317625007592
2026-07-14T18:27:15,Mean-IC,Toxicity,0.5,33,33,11,0.5714285714285714,0.20897729200078174,0.005393875006120652,0.021296750026522204,0.23567245801677927
2026-07-14T18:27:16,KNN-Direct,Toxicity,0.5,33,33,3,0.5714285714285714,1.0675382499757688,0.0,0.11222800001269206,1.1797708329977468
2026-07-14T18:27:18,KNN-Direct-Weighted,Toxicity,0.5,33,33,3,0.6,1.1667290829936974,0.0,0.12317500001518056,1.2899084579839837
2026-07-14T18:27:19,KNN-Direct-Manhattan,Toxicity,0.5,33,33,7,0.6,1.0588904579926748,0.0,0.11118995898868889,1.1700852920184843
2026-07-14T18:27:25,KNN-IC,Toxicity,0.5,34,34,11,0.6571428571428571,6.178463250020286,0.43637400001171045,0.0352523339970503,6.650094665994402
2026-07-14T18:27:26,Mean-IC,Toxicity,0.5,34,34,7,0.6571428571428571,0.20826262497575954,0.00556125000002794,0.021231833001365885,0.23505962500348687
2026-07-14T18:27:27,KNN-Direct,Toxicity,0.5,34,34,10,0.6571428571428571,1.0705758339900058,0.0,0.11247683299006894,1.183057334012119
2026-07-14T18:27:28,KNN-Direct-Weighted,Toxicity,0.5,34,34,9,0.7142857142857143,1.1707245830039028,0.0,0.12234854200505652,1.2930774170090444
2026-07-14T18:27:29,KNN-Direct-Manhattan,Toxicity,0.5,34,34,11,0.6,1.0625003749737516,0.0,0.11094412501552142,1.173450000002049
2026-07-14T18:27:36,KNN-IC,Toxicity,0.5,35,35,10,0.6857142857142857,5.86229237500811,0.43653037498006597,0.03543175000231713,6.334259249997558
2026-07-14T18:27:36,Mean-IC,Toxicity,0.5,35,35,11,0.6571428571428571,0.20904599997447804,0.005489375005709007,0.021254499995848164,0.235794000007445
2026-07-14T18:27:37,KNN-Direct,Toxicity,0.5,35,35,3,0.7142857142857143,1.0671118749887682,0.0,0.11278654099442065,1.179902583011426
2026-07-14T18:27:39,KNN-Direct-Weighted,Toxicity,0.5,35,35,12,0.7142857142857143,1.423828750004759,0.0,0.1767929999914486,1.6006259999994654
2026-07-14T18:27:40,KNN-Direct-Manhattan,Toxicity,0.5,35,35,7,0.6857142857142857,1.2364524579897989,0.0,0.11120949999894947,1.347667709022062
2026-07-14T18:27:46,KNN-IC,Toxicity,0.5,36,36,4,0.6,5.87406129197916,0.4058550840127282,0.034996625006897375,6.314917707990389
2026-07-14T18:27:47,Mean-IC,Toxicity,0.5,36,36,3,0.7142857142857143,0.20917250000638887,0.005416041007265449,0.021157915994990617,0.23575095800333656
2026-07-14T18:27:48,KNN-Direct,Toxicity,0.5,36,36,7,0.6571428571428571,1.0665775410016067,0.0,0.11186312499921769,1.1784452499996405
2026-07-14T18:27:49,KNN-Direct-Weighted,Toxicity,0.5,36,36,3,0.6,1.1676887919893488,0.0,0.12261045799823478,1.2903033750189934
2026-07-14T18:27:50,KNN-Direct-Manhattan,Toxicity,0.5,36,36,7,0.7142857142857143,1.0585202499933075,0.0,0.11290949999238364,1.1714345420186874
2026-07-14T18:27:57,KNN-IC,Toxicity,0.5,37,37,3,0.6285714285714286,6.149151624995284,0.3544047499890439,0.03486362501280382,6.538424792001024
2026-07-14T18:27:57,Mean-IC,Toxicity,0.5,37,37,3,0.5714285714285714,0.20887229099753313,0.005569000000832602,0.02113562499289401,0.23558162502013147
2026-07-14T18:27:58,KNN-Direct,Toxicity,0.5,37,37,11,0.6,1.0654489159933291,0.0,0.11301345797255635,1.178467083023861
2026-07-14T18:27:59,KNN-Direct-Weighted,Toxicity,0.5,37,37,10,0.5428571428571428,1.166892832989106,0.0,0.12315425000269897,1.2900522079726215
2026-07-14T18:28:01,KNN-Direct-Manhattan,Toxicity,0.5,37,37,13,0.6571428571428571,1.0907531249977183,0.0,0.11102174999541603,1.2017789999954402
2026-07-14T18:28:07,KNN-IC,Toxicity,0.5,38,38,15,0.6,5.869852540985448,0.4500136660062708,0.0351923750131391,6.355063666997012
2026-07-14T18:28:07,Mean-IC,Toxicity,0.5,38,38,13,0.6285714285714286,0.2099216670030728,0.0054195419943425804,0.021208291000220925,0.2365540000027977
2026-07-14T18:28:09,KNN-Direct,Toxicity,0.5,38,38,13,0.6285714285714286,1.2419882920221426,0.0,0.13651691700215451,1.378509457979817
2026-07-14T18:28:10,KNN-Direct-Weighted,Toxicity,0.5,38,38,13,0.6285714285714286,1.3716639170015696,0.0,0.12223591699148528,1.4939052910194732
2026-07-14T18:28:11,KNN-Direct-Manhattan,Toxicity,0.5,38,38,15,0.6,1.0576376669923775,0.0,0.11270087500452064,1.170343750010943
2026-07-14T18:28:18,KNN-IC,Toxicity,0.5,39,39,7,0.5714285714285714,5.8586251249944326,0.42028275001212023,0.03493824999895878,6.313851458980935
2026-07-14T18:28:18,Mean-IC,Toxicity,0.5,39,39,15,0.7142857142857143,0.2089642090140842,0.0053982079843990505,0.021280916989780962,0.235647291992791
2026-07-14T18:28:19,KNN-Direct,Toxicity,0.5,39,39,14,0.6285714285714286,1.0678084999963176,0.0,0.11281079199397936,1.1806234579999
2026-07-14T18:28:20,KNN-Direct-Weighted,Toxicity,0.5,39,39,14,0.6,1.170722625014605,0.0,0.12241754098795354,1.2931442499975674
2026-07-14T18:28:22,KNN-Direct-Manhattan,Toxicity,0.5,39,39,12,0.6,1.0569175840064418,0.0,0.11094325000885874,1.1678678329917602
